datetime,VN1002_acc_d_m/s/s
2015-03-26T16:00:00.000000,9.757448274862789
2015-03-26T16:00:00.100000,9.73817037499831
2015-03-26T16:00:00.200000,9.775018675949616
2015-03-26T16:00:00.300000,9.761574125811665
2015-03-26T16:00:00.400000,9.733395667966002
2015-03-26T16:00:00.500000,9.738883598265437
2015-03-26T16:00:00.600000,9.75301781484028
2015-03-26T16:00:00.700000,9.746767126733662
2015-03-26T16:00:00.800000,9.737111229473737
2015-03-26T16:00:00.900000,9.736802746767111
2015-03-26T16:00:01.000000,9.739000344337088
2015-03-26T16:00:01.100000,9.74939828479174
2015-03-26T16:00:01.200000,9.750579056049869
2015-03-26T16:00:01.300000,9.75442886375188
2015-03-26T16:00:01.400000,9.744673317458687
2015-03-26T16:00:01.500000,9.725152239959106
2015-03-26T16:00:01.600000,9.734986977962906
2015-03-26T16:00:01.700000,9.737435164921042
2015-03-26T16:00:01.800000,9.738342675850564
2015-03-26T16:00:01.900000,9.735351433994555
2015-03-26T16:00:02.000000,9.714992942496783
2015-03-26T16:00:02.100000,9.739557444413684
2015-03-26T16:00:02.200000,9.733283770682828
2015-03-26T16:00:02.300000,9.739197682402882
2015-03-26T16:00:02.400000,9.74182607632603
2015-03-26T16:00:02.500000,9.74059179075041
2015-03-26T16:00:02.600000,9.732282622529803
2015-03-26T16:00:02.700000,9.737039144180182
2015-03-26T16:00:02.800000,9.735670667524564
2015-03-26T16:00:02.900000,9.752715991375108
2015-03-26T16:00:03.000000,9.73818633674101
2015-03-26T16:00:03.100000,9.743619831859975
2015-03-26T16:00:03.200000,9.753717539607743
2015-03-26T16:00:03.300000,9.731843604116074
2015-03-26T16:00:03.400000,9.756720164050687
2015-03-26T16:00:03.500000,9.744949331213736
2015-03-26T16:00:03.600000,9.731451574816647
2015-03-26T16:00:03.700000,9.735653740079943
2015-03-26T16:00:03.800000,9.73034381439114
2015-03-26T16:00:03.900000,9.750068633265997
2015-03-26T16:00:04.000000,9.760733481664566
2015-03-26T16:00:04.100000,9.757151380109594
2015-03-26T16:00:04.200000,9.728446942055584
2015-03-26T16:00:04.300000,9.730655852839028
2015-03-26T16:00:04.400000,9.7351015222884
2015-03-26T16:00:04.500000,9.749935286341437
2015-03-26T16:00:04.600000,9.747082482066292
2015-03-26T16:00:04.700000,9.73142774566437
2015-03-26T16:00:04.800000,9.734771769064723
2015-03-26T16:00:04.900000,9.727766729418914
2015-03-26T16:00:05.000000,9.730107637789258
2015-03-26T16:00:05.100000,9.738624384549489
2015-03-26T16:00:05.200000,9.759759815264797
2015-03-26T16:00:05.300000,9.747675365055343
2015-03-26T16:00:05.400000,9.756419029500853
2015-03-26T16:00:05.500000,9.761294990646835
2015-03-26T16:00:05.600000,9.750399987744302
2015-03-26T16:00:05.700000,9.760865197125336
2015-03-26T16:00:05.800000,9.761560217574695
2015-03-26T16:00:05.900000,9.755885935502684
2015-03-26T16:00:06.000000,9.758206466926628
2015-03-26T16:00:06.100000,9.747718690272478
2015-03-26T16:00:06.200000,9.745505912037393
2015-03-26T16:00:06.300000,9.732321105869238
2015-03-26T16:00:06.400000,9.72765757595714
2015-03-26T16:00:06.500000,9.747774212226684
2015-03-26T16:00:06.600000,9.762150694666712
2015-03-26T16:00:06.700000,9.755521175811046
2015-03-26T16:00:06.800000,9.739058821883
2015-03-26T16:00:06.900000,9.762068687220156
2015-03-26T16:00:07.000000,9.74125615529699
2015-03-26T16:00:07.100000,9.756197745259124
2015-03-26T16:00:07.200000,9.761933123776828
2015-03-26T16:00:07.300000,9.756573493269768
2015-03-26T16:00:07.400000,9.751053730594624
2015-03-26T16:00:07.500000,9.75459712641657
2015-03-26T16:00:07.600000,9.7517047106841
2015-03-26T16:00:07.700000,9.748088899733355
2015-03-26T16:00:07.800000,9.740636417823454
2015-03-26T16:00:07.900000,9.73782862321236
2015-03-26T16:00:08.000000,9.743730749750387
2015-03-26T16:00:08.100000,9.75892457147055
2015-03-26T16:00:08.200000,9.771842424809186
2015-03-26T16:00:08.300000,9.763411865409772
2015-03-26T16:00:08.400000,9.739290608139957
2015-03-26T16:00:08.500000,9.75036999767418
2015-03-26T16:00:08.600000,9.744484987172116
2015-03-26T16:00:08.700000,9.730678833143
2015-03-26T16:00:08.800000,9.739063620938024
2015-03-26T16:00:08.900000,9.755235677800172
2015-03-26T16:00:09.000000,9.723071740606864
2015-03-26T16:00:09.100000,9.72708550486674
2015-03-26T16:00:09.200000,9.741965967102209
2015-03-26T16:00:09.300000,9.717361997940507
2015-03-26T16:00:09.400000,9.724304161615622
2015-03-26T16:00:09.500000,9.720141022739856
2015-03-26T16:00:09.600000,9.706550639170256
2015-03-26T16:00:09.700000,9.713513109340196
2015-03-26T16:00:09.800000,9.73248107036488
2015-03-26T16:00:09.900000,9.7473349592204
2015-03-26T16:00:10.000000,9.736303499350663
2015-03-26T16:00:10.100000,9.699093029327305
2015-03-26T16:00:10.200000,9.714116245590652
2015-03-26T16:00:10.300000,9.730737038094436
2015-03-26T16:00:10.400000,9.73735282575844
2015-03-26T16:00:10.500000,9.727221918826569
2015-03-26T16:00:10.600000,9.720187685288945
2015-03-26T16:00:10.700000,9.736097896604432
2015-03-26T16:00:10.800000,9.760409147424529
2015-03-26T16:00:10.900000,9.742214756990371
2015-03-26T16:00:11.000000,9.724725352140036
2015-03-26T16:00:11.100000,9.737787064030863
2015-03-26T16:00:11.200000,9.7722016757033
2015-03-26T16:00:11.300000,9.769040453051428
2015-03-26T16:00:11.400000,9.743537239253106
2015-03-26T16:00:11.500000,9.754056185264742
2015-03-26T16:00:11.600000,9.75862016920657
2015-03-26T16:00:11.700000,9.743386202349074
2015-03-26T16:00:11.800000,9.727306558575275
2015-03-26T16:00:11.900000,9.731223860225748
2015-03-26T16:00:12.000000,9.738171824898258
2015-03-26T16:00:12.100000,9.73269742709677
2015-03-26T16:00:12.200000,9.739429082405312
2015-03-26T16:00:12.300000,9.740353049118674
2015-03-26T16:00:12.400000,9.738191648781818
2015-03-26T16:00:12.500000,9.755322708183815
2015-03-26T16:00:12.600000,9.759566497916351
2015-03-26T16:00:12.700000,9.763555541877473
2015-03-26T16:00:12.800000,9.758688587922036
2015-03-26T16:00:12.900000,9.737124184885785
2015-03-26T16:00:13.000000,9.733746570917877
2015-03-26T16:00:13.100000,9.748543877402644
2015-03-26T16:00:13.200000,9.743272294859969
2015-03-26T16:00:13.300000,9.740173200063472
2015-03-26T16:00:13.400000,9.756674034622725
2015-03-26T16:00:13.500000,9.76176829510869
2015-03-26T16:00:13.600000,9.7390014142944
2015-03-26T16:00:13.700000,9.736164640436868
2015-03-26T16:00:13.800000,9.749851776655586
2015-03-26T16:00:13.900000,9.76548858146188
2015-03-26T16:00:14.000000,9.766781863282503
2015-03-26T16:00:14.100000,9.75958764215433
2015-03-26T16:00:14.200000,9.745299420956128
2015-03-26T16:00:14.300000,9.720715620082672
2015-03-26T16:00:14.400000,9.732379598199412
2015-03-26T16:00:14.500000,9.739269214612737
2015-03-26T16:00:14.600000,9.74665154499314
2015-03-26T16:00:14.700000,9.733764957192228
2015-03-26T16:00:14.800000,9.732540243828744
2015-03-26T16:00:14.900000,9.752544816046989
2015-03-26T16:00:15.000000,9.735438055671738
2015-03-26T16:00:15.100000,9.758008530102172
2015-03-26T16:00:15.200000,9.745628520702812
2015-03-26T16:00:15.300000,9.743518712113806
2015-03-26T16:00:15.400000,9.721953962042852
2015-03-26T16:00:15.500000,9.720410337243504
2015-03-26T16:00:15.600000,9.72544341725848
2015-03-26T16:00:15.700000,9.73212814160218
2015-03-26T16:00:15.800000,9.73094867259119
2015-03-26T16:00:15.900000,9.732561643506134
2015-03-26T16:00:16.000000,9.73867199618776
2015-03-26T16:00:16.100000,9.754320992227534
2015-03-26T16:00:16.200000,9.733801369702862
2015-03-26T16:00:16.300000,9.720863589581969
2015-03-26T16:00:16.400000,9.741597064845111
2015-03-26T16:00:16.500000,9.736037842114545
2015-03-26T16:00:16.600000,9.750711457084767
2015-03-26T16:00:16.700000,9.758716608780812
2015-03-26T16:00:16.800000,9.76708468989514
2015-03-26T16:00:16.900000,9.774874027877177
2015-03-26T16:00:17.000000,9.766300732222428
2015-03-26T16:00:17.100000,9.751757207746092
2015-03-26T16:00:17.200000,9.742438274832075
2015-03-26T16:00:17.300000,9.735501752496974
2015-03-26T16:00:17.400000,9.754140573092917
2015-03-26T16:00:17.500000,9.75856056483299
2015-03-26T16:00:17.600000,9.752125783652918
2015-03-26T16:00:17.700000,9.739839417493895
2015-03-26T16:00:17.800000,9.74643108506906
2015-03-26T16:00:17.900000,9.744597038160787
2015-03-26T16:00:18.000000,9.76336031535932
2015-03-26T16:00:18.100000,9.742694748072676
2015-03-26T16:00:18.200000,9.758591032970829
2015-03-26T16:00:18.300000,9.755924405700808
2015-03-26T16:00:18.400000,9.73817248835359
2015-03-26T16:00:18.500000,9.738248739611803
2015-03-26T16:00:18.600000,9.734859844021283
2015-03-26T16:00:18.700000,9.753965698691063
2015-03-26T16:00:18.800000,9.74762468867082
2015-03-26T16:00:18.900000,9.752578493058015
2015-03-26T16:00:19.000000,9.770193038918352
2015-03-26T16:00:19.100000,9.741900577347918
2015-03-26T16:00:19.200000,9.731997031942877
2015-03-26T16:00:19.300000,9.764366938157975
2015-03-26T16:00:19.400000,9.74779518256083
2015-03-26T16:00:19.500000,9.729098669675478
2015-03-26T16:00:19.600000,9.732604131023978
2015-03-26T16:00:19.700000,9.737038515675884
2015-03-26T16:00:19.800000,9.729789847569906
2015-03-26T16:00:19.900000,9.726012971471004
2015-03-26T16:00:20.000000,9.740274414657057
2015-03-26T16:00:20.100000,9.73003068116492
2015-03-26T16:00:20.200000,9.727040472742416
2015-03-26T16:00:20.300000,9.707425007426728
2015-03-26T16:00:20.400000,9.68939331349023
2015-03-26T16:00:20.500000,9.701890924052726
2015-03-26T16:00:20.600000,9.703930876523732
2015-03-26T16:00:20.700000,9.722425745012066
2015-03-26T16:00:20.800000,9.725119319416834
2015-03-26T16:00:20.900000,9.712593192328338
2015-03-26T16:00:21.000000,9.74662215577373
2015-03-26T16:00:21.100000,9.74025304408274
2015-03-26T16:00:21.200000,9.750875701807946
2015-03-26T16:00:21.300000,9.73107062401396
2015-03-26T16:00:21.400000,9.72886922873978
2015-03-26T16:00:21.500000,9.746357240092044
2015-03-26T16:00:21.600000,9.74960655272996
2015-03-26T16:00:21.700000,9.780738292463427
2015-03-26T16:00:21.800000,9.770105300100232
2015-03-26T16:00:21.900000,9.759097251790967
2015-03-26T16:00:22.000000,9.770478002913626
2015-03-26T16:00:22.100000,9.77425090262098
2015-03-26T16:00:22.200000,9.777587778212563
2015-03-26T16:00:22.300000,9.761259062242148
2015-03-26T16:00:22.400000,9.73581626639632
2015-03-26T16:00:22.500000,9.75460508544631
2015-03-26T16:00:22.600000,9.767843902723287
2015-03-26T16:00:22.700000,9.752677685627688
2015-03-26T16:00:22.800000,9.749126095906233
2015-03-26T16:00:22.900000,9.746957394174569
2015-03-26T16:00:23.000000,9.739637209105096
2015-03-26T16:00:23.100000,9.732283776863744
2015-03-26T16:00:23.200000,9.763065812631712
2015-03-26T16:00:23.300000,9.770550154093929
2015-03-26T16:00:23.400000,9.776059446623623
2015-03-26T16:00:23.500000,9.76049424727431
2015-03-26T16:00:23.600000,9.753939854951096
2015-03-26T16:00:23.700000,9.750262411364794
2015-03-26T16:00:23.800000,9.739572858071623
2015-03-26T16:00:23.900000,9.71138633865363
2015-03-26T16:00:24.000000,9.730228309609336
2015-03-26T16:00:24.100000,9.743971115391954
2015-03-26T16:00:24.200000,9.747151829539671
2015-03-26T16:00:24.300000,9.746640224113408
2015-03-26T16:00:24.400000,9.759141810310735
2015-03-26T16:00:24.500000,9.753398729373664
2015-03-26T16:00:24.600000,9.72900966505498
2015-03-26T16:00:24.700000,9.73030777250401
2015-03-26T16:00:24.800000,9.738927034609368
2015-03-26T16:00:24.900000,9.755893427164496
2015-03-26T16:00:25.000000,9.740840191095163
2015-03-26T16:00:25.100000,9.735928467766522
2015-03-26T16:00:25.200000,9.730211099687752
2015-03-26T16:00:25.300000,9.716689550471392
2015-03-26T16:00:25.400000,9.71652354466072
2015-03-26T16:00:25.500000,9.73456646700197
2015-03-26T16:00:25.600000,9.715357953866844
2015-03-26T16:00:25.700000,9.704715261120578
2015-03-26T16:00:25.800000,9.719332299386553
2015-03-26T16:00:25.900000,9.708198362112649
2015-03-26T16:00:26.000000,9.71044944559887
2015-03-26T16:00:26.100000,9.71302887318627
2015-03-26T16:00:26.200000,9.709927291418571
2015-03-26T16:00:26.300000,9.725150665643
2015-03-26T16:00:26.400000,9.70385990050452
2015-03-26T16:00:26.500000,9.722006998400598
2015-03-26T16:00:26.600000,9.741558704391254
2015-03-26T16:00:26.700000,9.737307271616876
2015-03-26T16:00:26.800000,9.736550308008445
2015-03-26T16:00:26.900000,9.74946044444375
2015-03-26T16:00:27.000000,9.76103771385692
2015-03-26T16:00:27.100000,9.768005970061209
2015-03-26T16:00:27.200000,9.76599867199831
2015-03-26T16:00:27.300000,9.74690666702729
2015-03-26T16:00:27.400000,9.748102321942673
2015-03-26T16:00:27.500000,9.74931325996148
2015-03-26T16:00:27.600000,9.762573577448196
2015-03-26T16:00:27.700000,9.765494860655515
2015-03-26T16:00:27.800000,9.775214276437037
2015-03-26T16:00:27.900000,9.756132785175176
2015-03-26T16:00:28.000000,9.774821048540256
2015-03-26T16:00:28.100000,9.767577996795607
2015-03-26T16:00:28.200000,9.770806589152784
2015-03-26T16:00:28.300000,9.745515812780134
2015-03-26T16:00:28.400000,9.744017347476367
2015-03-26T16:00:28.500000,9.745881910796005
2015-03-26T16:00:28.600000,9.762319932258569
2015-03-26T16:00:28.700000,9.76712710248233
2015-03-26T16:00:28.800000,9.74891076973964
2015-03-26T16:00:28.900000,9.75503551370111
2015-03-26T16:00:29.000000,9.76410827967906
2015-03-26T16:00:29.100000,9.770143784622588
2015-03-26T16:00:29.200000,9.78007527416523
2015-03-26T16:00:29.300000,9.764746943664807
2015-03-26T16:00:29.400000,9.752759968995193
2015-03-26T16:00:29.500000,9.747451010525545
2015-03-26T16:00:29.600000,9.741747668829396
2015-03-26T16:00:29.700000,9.756791745446154
2015-03-26T16:00:29.800000,9.752511337051434
2015-03-26T16:00:29.900000,9.739038343522369
2015-03-26T16:00:30.000000,9.73567834984586
2015-03-26T16:00:30.100000,9.74607028425001
2015-03-26T16:00:30.200000,9.75941358452652
2015-03-26T16:00:30.300000,9.735423184197264
2015-03-26T16:00:30.400000,9.731205582278683
2015-03-26T16:00:30.500000,9.721764924297927
2015-03-26T16:00:30.600000,9.73361880097741
2015-03-26T16:00:30.700000,9.745970694128506
2015-03-26T16:00:30.800000,9.716766555009224
2015-03-26T16:00:30.900000,9.736851974252502
2015-03-26T16:00:31.000000,9.7363481508385
2015-03-26T16:00:31.100000,9.722636116586395
2015-03-26T16:00:31.200000,9.703913366967395
2015-03-26T16:00:31.300000,9.713890556358145
2015-03-26T16:00:31.400000,9.724535804251037
2015-03-26T16:00:31.500000,9.706591809175531
2015-03-26T16:00:31.600000,9.709877032525876
2015-03-26T16:00:31.700000,9.717321887807255
2015-03-26T16:00:31.800000,9.725354758918323
2015-03-26T16:00:31.900000,9.73132492342342
2015-03-26T16:00:32.000000,9.73034726783903
2015-03-26T16:00:32.100000,9.73533459061656
2015-03-26T16:00:32.200000,9.746897819977432
2015-03-26T16:00:32.300000,9.735891467478927
2015-03-26T16:00:32.400000,9.74172895255116
2015-03-26T16:00:32.500000,9.725215808743265
2015-03-26T16:00:32.600000,9.719897540459696
2015-03-26T16:00:32.700000,9.732373067014388
2015-03-26T16:00:32.800000,9.748869820705098
2015-03-26T16:00:32.900000,9.764946700468364
2015-03-26T16:00:33.000000,9.748367554055612
2015-03-26T16:00:33.100000,9.744022354569037
2015-03-26T16:00:33.200000,9.755394405853956
2015-03-26T16:00:33.300000,9.76693583011816
2015-03-26T16:00:33.400000,9.766420245407888
2015-03-26T16:00:33.500000,9.732859837589867
2015-03-26T16:00:33.600000,9.73123821819085
2015-03-26T16:00:33.700000,9.738383843701252
2015-03-26T16:00:33.800000,9.775227941037183
2015-03-26T16:00:33.900000,9.791435088128782
2015-03-26T16:00:34.000000,9.76647942612135
2015-03-26T16:00:34.100000,9.781145873989246
2015-03-26T16:00:34.200000,9.776693365882664
2015-03-26T16:00:34.300000,9.762380259501002
2015-03-26T16:00:34.400000,9.7659710758089
2015-03-26T16:00:34.500000,9.766422604632467
2015-03-26T16:00:34.600000,9.737235724177884
2015-03-26T16:00:34.700000,9.751076743967491
2015-03-26T16:00:34.800000,9.750251615179888
2015-03-26T16:00:34.900000,9.73262249194147
2015-03-26T16:00:35.000000,9.735448721927105
2015-03-26T16:00:35.100000,9.726855936272496
2015-03-26T16:00:35.200000,9.71666361536089
2015-03-26T16:00:35.300000,9.74716757061231
2015-03-26T16:00:35.400000,9.744859983218474
2015-03-26T16:00:35.500000,9.743824410378595
2015-03-26T16:00:35.600000,9.72867894659256
2015-03-26T16:00:35.700000,9.720676055057998
2015-03-26T16:00:35.800000,9.72576980390146
2015-03-26T16:00:35.900000,9.743505648331716
2015-03-26T16:00:36.000000,9.767857640084175
2015-03-26T16:00:36.100000,9.743388541155982
2015-03-26T16:00:36.200000,9.705195733134374
2015-03-26T16:00:36.300000,9.71796988516132
2015-03-26T16:00:36.400000,9.717410613096142
2015-03-26T16:00:36.500000,9.71334493938037
2015-03-26T16:00:36.600000,9.721551242376204
2015-03-26T16:00:36.700000,9.742922926332078
2015-03-26T16:00:36.800000,9.735117284977283
2015-03-26T16:00:36.900000,9.729443379954024
2015-03-26T16:00:37.000000,9.730754164923315
2015-03-26T16:00:37.100000,9.717463480761737
2015-03-26T16:00:37.200000,9.713696057721496
2015-03-26T16:00:37.300000,9.722463695522606
2015-03-26T16:00:37.400000,9.734622169175358
2015-03-26T16:00:37.500000,9.75110019641895
2015-03-26T16:00:37.600000,9.743844604883334
2015-03-26T16:00:37.700000,9.72083027796295
2015-03-26T16:00:37.800000,9.736176597113008
2015-03-26T16:00:37.900000,9.738617007640109
2015-03-26T16:00:38.000000,9.735973015464635
2015-03-26T16:00:38.100000,9.743671096205183
2015-03-26T16:00:38.200000,9.74471390111216
2015-03-26T16:00:38.300000,9.759588881545412
2015-03-26T16:00:38.400000,9.759096308999125
2015-03-26T16:00:38.500000,9.75394691965903
2015-03-26T16:00:38.600000,9.766192324230996
2015-03-26T16:00:38.700000,9.771833190747657
2015-03-26T16:00:38.800000,9.7621291967458
2015-03-26T16:00:38.900000,9.745850381510332
2015-03-26T16:00:39.000000,9.756537961957118
2015-03-26T16:00:39.100000,9.749368197964502
2015-03-26T16:00:39.200000,9.762474769967142
2015-03-26T16:00:39.300000,9.763059155510676
2015-03-26T16:00:39.400000,9.766545187470976
2015-03-26T16:00:39.500000,9.760811397906018
2015-03-26T16:00:39.600000,9.759431514691938
2015-03-26T16:00:39.700000,9.754865255402104
2015-03-26T16:00:39.800000,9.760673544198182
2015-03-26T16:00:39.900000,9.758985103192384
2015-03-26T16:00:40.000000,9.76907774567253
2015-03-26T16:00:40.100000,9.7811106831134
2015-03-26T16:00:40.200000,9.755991081649269
2015-03-26T16:00:40.300000,9.736307583394996
2015-03-26T16:00:40.400000,9.745613213052463
2015-03-26T16:00:40.500000,9.747645564021154
2015-03-26T16:00:40.600000,9.751202538419806
2015-03-26T16:00:40.700000,9.747623310055246
2015-03-26T16:00:40.800000,9.74167786546538
2015-03-26T16:00:40.900000,9.76849196672865
2015-03-26T16:00:41.000000,9.74573764479889
2015-03-26T16:00:41.100000,9.724786130132864
2015-03-26T16:00:41.200000,9.728673966330817
2015-03-26T16:00:41.300000,9.738372243459157
2015-03-26T16:00:41.400000,9.76060036466204
2015-03-26T16:00:41.500000,9.746411070514672
2015-03-26T16:00:41.600000,9.731793809400058
2015-03-26T16:00:41.700000,9.741576587505914
2015-03-26T16:00:41.800000,9.736040873684042
2015-03-26T16:00:41.900000,9.739047071067978
2015-03-26T16:00:42.000000,9.714998329747678
2015-03-26T16:00:42.100000,9.732619679845536
2015-03-26T16:00:42.200000,9.739090169588074
2015-03-26T16:00:42.300000,9.728770116184355
2015-03-26T16:00:42.400000,9.73402464578367
2015-03-26T16:00:42.500000,9.734522836737376
2015-03-26T16:00:42.600000,9.730921681686889
2015-03-26T16:00:42.700000,9.732468434873898
2015-03-26T16:00:42.800000,9.731040877288375
2015-03-26T16:00:42.900000,9.75154260784194
2015-03-26T16:00:43.000000,9.767257940022391
2015-03-26T16:00:43.100000,9.739585234483531
2015-03-26T16:00:43.200000,9.718573764529122
2015-03-26T16:00:43.300000,9.72661756380749
2015-03-26T16:00:43.400000,9.72450307023744
2015-03-26T16:00:43.500000,9.738200734539426
2015-03-26T16:00:43.600000,9.753752368192226
2015-03-26T16:00:43.700000,9.746595276579376
2015-03-26T16:00:43.800000,9.72562968935595
2015-03-26T16:00:43.900000,9.726654777367196
2015-03-26T16:00:44.000000,9.70754621283066
2015-03-26T16:00:44.100000,9.699943264833918
2015-03-26T16:00:44.200000,9.727068217722916
2015-03-26T16:00:44.300000,9.735343876345306
2015-03-26T16:00:44.400000,9.721045270766416
2015-03-26T16:00:44.500000,9.719354044133192
2015-03-26T16:00:44.600000,9.714263008805805
2015-03-26T16:00:44.700000,9.749441454638768
2015-03-26T16:00:44.800000,9.749132449610762
2015-03-26T16:00:44.900000,9.731272072774267
2015-03-26T16:00:45.000000,9.74081274383268
2015-03-26T16:00:45.100000,9.754487542840089
2015-03-26T16:00:45.200000,9.743671872120984
2015-03-26T16:00:45.300000,9.727812331404788
2015-03-26T16:00:45.400000,9.737646770910828
2015-03-26T16:00:45.500000,9.712142654879932
2015-03-26T16:00:45.600000,9.732359672587236
2015-03-26T16:00:45.700000,9.746155549607645
2015-03-26T16:00:45.800000,9.75739891635638
2015-03-26T16:00:45.900000,9.75270308649968
2015-03-26T16:00:46.000000,9.774073934682328
2015-03-26T16:00:46.100000,9.73761431680674
2015-03-26T16:00:46.200000,9.72588779077318
2015-03-26T16:00:46.300000,9.749031448237494
2015-03-26T16:00:46.400000,9.72736925807198
2015-03-26T16:00:46.500000,9.742289483125289
2015-03-26T16:00:46.600000,9.761846918395335
2015-03-26T16:00:46.700000,9.739619341440552
2015-03-26T16:00:46.800000,9.725778471361489
2015-03-26T16:00:46.900000,9.743962552965206
2015-03-26T16:00:47.000000,9.757923631841438
2015-03-26T16:00:47.100000,9.734416814283865
2015-03-26T16:00:47.200000,9.726027173272175
2015-03-26T16:00:47.300000,9.748541755220586
2015-03-26T16:00:47.400000,9.77678875651502
2015-03-26T16:00:47.500000,9.76061728559804
2015-03-26T16:00:47.600000,9.74774497399878
2015-03-26T16:00:47.700000,9.740303879260034
2015-03-26T16:00:47.800000,9.751572522386253
2015-03-26T16:00:47.900000,9.737534675922737
2015-03-26T16:00:48.000000,9.733818485396943
2015-03-26T16:00:48.100000,9.748150240063822
2015-03-26T16:00:48.200000,9.762566877300433
2015-03-26T16:00:48.300000,9.767963456650891
2015-03-26T16:00:48.400000,9.764853053325975
2015-03-26T16:00:48.500000,9.761997104703044
2015-03-26T16:00:48.600000,9.756358242800514
2015-03-26T16:00:48.700000,9.742620359209807
2015-03-26T16:00:48.800000,9.729906328273747
2015-03-26T16:00:48.900000,9.719819901845035
2015-03-26T16:00:49.000000,9.73452634982175
2015-03-26T16:00:49.100000,9.734400216341752
2015-03-26T16:00:49.200000,9.738314527660526
2015-03-26T16:00:49.300000,9.739728926728231
2015-03-26T16:00:49.400000,9.732435711999065
2015-03-26T16:00:49.500000,9.741200343144822
2015-03-26T16:00:49.600000,9.71907030875129
2015-03-26T16:00:49.700000,9.743475102339834
2015-03-26T16:00:49.800000,9.749312171479122
2015-03-26T16:00:49.900000,9.72473005437704
2015-03-26T16:00:50.000000,9.707355856574498
2015-03-26T16:00:50.100000,9.719096382617382
2015-03-26T16:00:50.200000,9.724654747368731
2015-03-26T16:00:50.300000,9.732827103564414
2015-03-26T16:00:50.400000,9.744179674534047
2015-03-26T16:00:50.500000,9.740964851273556
2015-03-26T16:00:50.600000,9.720155139847762
2015-03-26T16:00:50.700000,9.70954768129285
2015-03-26T16:00:50.800000,9.701493261596276
2015-03-26T16:00:50.900000,9.707997673541904
2015-03-26T16:00:51.000000,9.732994144207243
2015-03-26T16:00:51.100000,9.748222253494848
2015-03-26T16:00:51.200000,9.742383450366402
2015-03-26T16:00:51.300000,9.72682500943862
2015-03-26T16:00:51.400000,9.714347426363451
2015-03-26T16:00:51.500000,9.75236869894025
2015-03-26T16:00:51.600000,9.76026295174584
2015-03-26T16:00:51.700000,9.748508770562688
2015-03-26T16:00:51.800000,9.73155845986997
2015-03-26T16:00:51.900000,9.776489778546102
2015-03-26T16:00:52.000000,9.784802745420915
2015-03-26T16:00:52.100000,9.76372467994861
2015-03-26T16:00:52.200000,9.757516326432556
2015-03-26T16:00:52.300000,9.804854137674909
2015-03-26T16:00:52.400000,9.791180412371537
2015-03-26T16:00:52.500000,9.757631127923148
2015-03-26T16:00:52.600000,9.756740971671316
2015-03-26T16:00:52.700000,9.749197519309613
2015-03-26T16:00:52.800000,9.755683225524493
2015-03-26T16:00:52.900000,9.776612436111398
2015-03-26T16:00:53.000000,9.733584114549693
2015-03-26T16:00:53.100000,9.741292797285045
2015-03-26T16:00:53.200000,9.753885630709616
2015-03-26T16:00:53.300000,9.765072746722636
2015-03-26T16:00:53.400000,9.747760618292748
2015-03-26T16:00:53.500000,9.72541534418027
2015-03-26T16:00:53.600000,9.75109406102104
2015-03-26T16:00:53.700000,9.764718221373062
2015-03-26T16:00:53.800000,9.765026386322823
2015-03-26T16:00:53.900000,9.7398634465396
2015-03-26T16:00:54.000000,9.73185955664738
2015-03-26T16:00:54.100000,9.722038206645976
2015-03-26T16:00:54.200000,9.723230831276345
2015-03-26T16:00:54.300000,9.739076005564112
2015-03-26T16:00:54.400000,9.75170074892854
2015-03-26T16:00:54.500000,9.74540405650922
2015-03-26T16:00:54.600000,9.743583105492986
2015-03-26T16:00:54.700000,9.752406303699091
2015-03-26T16:00:54.800000,9.75141636441253
2015-03-26T16:00:54.900000,9.729896707550283
2015-03-26T16:00:55.000000,9.738080317679604
2015-03-26T16:00:55.100000,9.759803972573083
2015-03-26T16:00:55.200000,9.760059200185006
2015-03-26T16:00:55.300000,9.749234499988445
2015-03-26T16:00:55.400000,9.724844418718575
2015-03-26T16:00:55.500000,9.74675152685761
2015-03-26T16:00:55.600000,9.72598187493212
2015-03-26T16:00:55.700000,9.742457259723109
2015-03-26T16:00:55.800000,9.74158262631133
2015-03-26T16:00:55.900000,9.723893203320037
2015-03-26T16:00:56.000000,9.73176391704988
2015-03-26T16:00:56.100000,9.73539604448303
2015-03-26T16:00:56.200000,9.736973022400496
2015-03-26T16:00:56.300000,9.730944658176536
2015-03-26T16:00:56.400000,9.727743387348646
2015-03-26T16:00:56.500000,9.735715371034429
2015-03-26T16:00:56.600000,9.743459666798524
2015-03-26T16:00:56.700000,9.745533526868815
2015-03-26T16:00:56.800000,9.74016564208572
2015-03-26T16:00:56.900000,9.748093526724029
2015-03-26T16:00:57.000000,9.746703247300504
2015-03-26T16:00:57.100000,9.739183859063928
2015-03-26T16:00:57.200000,9.746664360115965
2015-03-26T16:00:57.300000,9.740436026634017
2015-03-26T16:00:57.400000,9.735229786840224
2015-03-26T16:00:57.500000,9.718090451562924
2015-03-26T16:00:57.600000,9.721531834413572
2015-03-26T16:00:57.700000,9.726201805419176
2015-03-26T16:00:57.800000,9.72987270560464
2015-03-26T16:00:57.900000,9.742905700488832
2015-03-26T16:00:58.000000,9.736675111822224
2015-03-26T16:00:58.100000,9.724729719262262
2015-03-26T16:00:58.200000,9.69929438711788
2015-03-26T16:00:58.300000,9.7347668885738
2015-03-26T16:00:58.400000,9.744474083722896
2015-03-26T16:00:58.500000,9.739269436649511
2015-03-26T16:00:58.600000,9.759636808156364
2015-03-26T16:00:58.700000,9.75650932030634
2015-03-26T16:00:58.800000,9.75816349795936
2015-03-26T16:00:58.900000,9.757507083483237
2015-03-26T16:00:59.000000,9.75071151688218
2015-03-26T16:00:59.100000,9.759764602066276
2015-03-26T16:00:59.200000,9.76031454846376
2015-03-26T16:00:59.300000,9.74721976262676
2015-03-26T16:00:59.400000,9.752711162044834
2015-03-26T16:00:59.500000,9.760672259087618
2015-03-26T16:00:59.600000,9.743922295552505
2015-03-26T16:00:59.700000,9.7395323395913
2015-03-26T16:00:59.800000,9.770382020010466
2015-03-26T16:00:59.900000,9.754413612485289
2015-03-26T16:01:00.000000,9.75262142213053
2015-03-26T16:01:00.100000,9.762097219137884
2015-03-26T16:01:00.200000,9.745384243206985
2015-03-26T16:01:00.300000,9.74333750134874
2015-03-26T16:01:00.400000,9.745842779376568
2015-03-26T16:01:00.500000,9.75763398293256
2015-03-26T16:01:00.600000,9.745706444040255
2015-03-26T16:01:00.700000,9.75092644845949
2015-03-26T16:01:00.800000,9.755273077004368
2015-03-26T16:01:00.900000,9.761714913872352
2015-03-26T16:01:01.000000,9.769615815031552
2015-03-26T16:01:01.100000,9.751297971123645
2015-03-26T16:01:01.200000,9.738378916833256
2015-03-26T16:01:01.300000,9.744760192959523
2015-03-26T16:01:01.400000,9.74121928275221
2015-03-26T16:01:01.500000,9.74265919666106
2015-03-26T16:01:01.600000,9.745751367723198
2015-03-26T16:01:01.700000,9.748168455696517
2015-03-26T16:01:01.800000,9.723883586432937
2015-03-26T16:01:01.900000,9.70598088014222
2015-03-26T16:01:02.000000,9.739431398304427
2015-03-26T16:01:02.100000,9.749499980265742
2015-03-26T16:01:02.200000,9.752787142372092
2015-03-26T16:01:02.300000,9.723895507389887
2015-03-26T16:01:02.400000,9.73074563471693
2015-03-26T16:01:02.500000,9.732663407948326
2015-03-26T16:01:02.600000,9.725056200283554
2015-03-26T16:01:02.700000,9.725480267154971
2015-03-26T16:01:02.800000,9.724173461962089
2015-03-26T16:01:02.900000,9.71409374075949
2015-03-26T16:01:03.000000,9.70415471173254
2015-03-26T16:01:03.100000,9.696830445092113
2015-03-26T16:01:03.200000,9.707691499921378
2015-03-26T16:01:03.300000,9.720440490712445
2015-03-26T16:01:03.400000,9.692803338593096
2015-03-26T16:01:03.500000,9.688671871475178
2015-03-26T16:01:03.600000,9.715533027635043
2015-03-26T16:01:03.700000,9.729753920466772
2015-03-26T16:01:03.800000,9.748251395798864
2015-03-26T16:01:03.900000,9.751288131298026
2015-03-26T16:01:04.000000,9.733372721519176
2015-03-26T16:01:04.100000,9.723912010155368
2015-03-26T16:01:04.200000,9.723454046613128
2015-03-26T16:01:04.300000,9.732028242815131
2015-03-26T16:01:04.400000,9.745927316017614
2015-03-26T16:01:04.500000,9.73300339082039
2015-03-26T16:01:04.600000,9.719689900677905
2015-03-26T16:01:04.700000,9.727855138587106
2015-03-26T16:01:04.800000,9.752931689026642
2015-03-26T16:01:04.900000,9.752807702087246
2015-03-26T16:01:05.000000,9.742351734117287
2015-03-26T16:01:05.100000,9.730393555325213
2015-03-26T16:01:05.200000,9.747953412040811
2015-03-26T16:01:05.300000,9.764212719542112
2015-03-26T16:01:05.400000,9.744387956423372
2015-03-26T16:01:05.500000,9.76367078428884
2015-03-26T16:01:05.600000,9.748636730700618
2015-03-26T16:01:05.700000,9.73527751006791
2015-03-26T16:01:05.800000,9.75486704330218
2015-03-26T16:01:05.900000,9.74717181197079
2015-03-26T16:01:06.000000,9.732657911343937
2015-03-26T16:01:06.100000,9.730741175583873
2015-03-26T16:01:06.200000,9.750679126803435
2015-03-26T16:01:06.300000,9.756017772653449
2015-03-26T16:01:06.400000,9.77189318915316
2015-03-26T16:01:06.500000,9.766055858779431
2015-03-26T16:01:06.600000,9.7353491352169
2015-03-26T16:01:06.700000,9.75772563017252
2015-03-26T16:01:06.800000,9.746642488292908
2015-03-26T16:01:06.900000,9.75256882586825
2015-03-26T16:01:07.000000,9.774073595969847
2015-03-26T16:01:07.100000,9.747350367166392
2015-03-26T16:01:07.200000,9.743037573939969
2015-03-26T16:01:07.300000,9.741182352407854
2015-03-26T16:01:07.400000,9.762912518406742
2015-03-26T16:01:07.500000,9.74998188097559
2015-03-26T16:01:07.600000,9.750354181433565
2015-03-26T16:01:07.700000,9.76136744881129
2015-03-26T16:01:07.800000,9.768918632782013
2015-03-26T16:01:07.900000,9.7640337831027
2015-03-26T16:01:08.000000,9.740813634926395
2015-03-26T16:01:08.100000,9.730298721473162
2015-03-26T16:01:08.200000,9.733684845450624
2015-03-26T16:01:08.300000,9.739664613545582
2015-03-26T16:01:08.400000,9.711943481421304
2015-03-26T16:01:08.500000,9.703613087366866
2015-03-26T16:01:08.600000,9.711697960627236
2015-03-26T16:01:08.700000,9.737072452645029
2015-03-26T16:01:08.800000,9.720164264312409
2015-03-26T16:01:08.900000,9.695450811809629
2015-03-26T16:01:09.000000,9.713842546531025
2015-03-26T16:01:09.100000,9.714471943275049
2015-03-26T16:01:09.200000,9.727681560755196
2015-03-26T16:01:09.300000,9.716142124000704
2015-03-26T16:01:09.400000,9.71635358038936
2015-03-26T16:01:09.500000,9.71867718592122
2015-03-26T16:01:09.600000,9.73533975523913
2015-03-26T16:01:09.700000,9.760996253420632
2015-03-26T16:01:09.800000,9.754074623129792
2015-03-26T16:01:09.900000,9.749648835231843
2015-03-26T16:01:10.000000,9.722923803351504
2015-03-26T16:01:10.100000,9.7328769871078
2015-03-26T16:01:10.200000,9.744611846311836
2015-03-26T16:01:10.300000,9.737304594516893
2015-03-26T16:01:10.400000,9.743769303408612
2015-03-26T16:01:10.500000,9.7628180082696
2015-03-26T16:01:10.600000,9.766362348222003
2015-03-26T16:01:10.700000,9.75939815926932
2015-03-26T16:01:10.800000,9.75376561649776
2015-03-26T16:01:10.900000,9.777318525810845
2015-03-26T16:01:11.000000,9.766769616393946
2015-03-26T16:01:11.100000,9.753847620653792
2015-03-26T16:01:11.200000,9.756474604820768
2015-03-26T16:01:11.300000,9.77746937054128
2015-03-26T16:01:11.400000,9.791485006554918
2015-03-26T16:01:11.500000,9.763495759472551
2015-03-26T16:01:11.600000,9.746195803454066
2015-03-26T16:01:11.700000,9.772121059545531
2015-03-26T16:01:11.800000,9.783328920723145
2015-03-26T16:01:11.900000,9.75930151942582
2015-03-26T16:01:12.000000,9.759123764307716
2015-03-26T16:01:12.100000,9.75312443102649
2015-03-26T16:01:12.200000,9.744883855568723
2015-03-26T16:01:12.300000,9.76030620533907
2015-03-26T16:01:12.400000,9.772776777272204
2015-03-26T16:01:12.500000,9.745248909063143
2015-03-26T16:01:12.600000,9.771937466221017
2015-03-26T16:01:12.700000,9.738676815048429
2015-03-26T16:01:12.800000,9.73138257776582
2015-03-26T16:01:12.900000,9.736871596176666
2015-03-26T16:01:13.000000,9.772704837504158
2015-03-26T16:01:13.100000,9.754907966017234
2015-03-26T16:01:13.200000,9.73527387611454
2015-03-26T16:01:13.300000,9.728940610772192
2015-03-26T16:01:13.400000,9.740159112881244
2015-03-26T16:01:13.500000,9.732754468770242
2015-03-26T16:01:13.600000,9.732617626162812
2015-03-26T16:01:13.700000,9.746901475624156
2015-03-26T16:01:13.800000,9.72075681946989
2015-03-26T16:01:13.900000,9.718875061367434
2015-03-26T16:01:14.000000,9.716072033774587
2015-03-26T16:01:14.100000,9.718765583975465
2015-03-26T16:01:14.200000,9.7292190257571
2015-03-26T16:01:14.300000,9.730153734076742
2015-03-26T16:01:14.400000,9.71768809832764
2015-03-26T16:01:14.500000,9.726579855871163
2015-03-26T16:01:14.600000,9.713256407839909
2015-03-26T16:01:14.700000,9.701203063118443
2015-03-26T16:01:14.800000,9.704130406257365
2015-03-26T16:01:14.900000,9.72070116783956
2015-03-26T16:01:15.000000,9.732645164952476
2015-03-26T16:01:15.100000,9.737539993081004
2015-03-26T16:01:15.200000,9.723579519286307
2015-03-26T16:01:15.300000,9.730709989274416
2015-03-26T16:01:15.400000,9.723734089342097
2015-03-26T16:01:15.500000,9.735547405157847
2015-03-26T16:01:15.600000,9.730766309621195
2015-03-26T16:01:15.700000,9.717264866063706
2015-03-26T16:01:15.800000,9.717708207043072
2015-03-26T16:01:15.900000,9.71332022070875
2015-03-26T16:01:16.000000,9.744865001479484
2015-03-26T16:01:16.100000,9.747165466885576
2015-03-26T16:01:16.200000,9.74794177676456
2015-03-26T16:01:16.300000,9.726870327893566
2015-03-26T16:01:16.400000,9.73271498489924
2015-03-26T16:01:16.500000,9.76465525356912
2015-03-26T16:01:16.600000,9.771213517782664
2015-03-26T16:01:16.700000,9.767267855424889
2015-03-26T16:01:16.800000,9.766815742510666
2015-03-26T16:01:16.900000,9.776151877831335
2015-03-26T16:01:17.000000,9.741195722086411
2015-03-26T16:01:17.100000,9.757616491762429
2015-03-26T16:01:17.200000,9.770079359030886
2015-03-26T16:01:17.300000,9.764571640429654
2015-03-26T16:01:17.400000,9.754016309390195
2015-03-26T16:01:17.500000,9.743201628827322
2015-03-26T16:01:17.600000,9.751257354734737
2015-03-26T16:01:17.700000,9.74970547608917
2015-03-26T16:01:17.800000,9.748923611180269
2015-03-26T16:01:17.900000,9.73903825639463
2015-03-26T16:01:18.000000,9.73296776519476
2015-03-26T16:01:18.100000,9.750059784681524
2015-03-26T16:01:18.200000,9.765667299663235
2015-03-26T16:01:18.300000,9.742520761466665
2015-03-26T16:01:18.400000,9.740744059832736
2015-03-26T16:01:18.500000,9.751869852959356
2015-03-26T16:01:18.600000,9.753979152771011
2015-03-26T16:01:18.700000,9.74592299863261
2015-03-26T16:01:18.800000,9.74409170194773
2015-03-26T16:01:18.900000,9.725742927010549
2015-03-26T16:01:19.000000,9.71577131186883
2015-03-26T16:01:19.100000,9.72679887329466
2015-03-26T16:01:19.200000,9.742353214043584
2015-03-26T16:01:19.300000,9.72697917163235
2015-03-26T16:01:19.400000,9.720212300762515
2015-03-26T16:01:19.500000,9.726222121778898
2015-03-26T16:01:19.600000,9.724423252938294
2015-03-26T16:01:19.700000,9.72650748768963
2015-03-26T16:01:19.800000,9.736661071639356
2015-03-26T16:01:19.900000,9.738180196368983
2015-03-26T16:01:20.000000,9.741949793839964
2015-03-26T16:01:20.100000,9.758870442304014
2015-03-26T16:01:20.200000,9.76666659800891
2015-03-26T16:01:20.300000,9.748820849202028
2015-03-26T16:01:20.400000,9.74227726527994
2015-03-26T16:01:20.500000,9.760859340006649
2015-03-26T16:01:20.600000,9.753556752609375
2015-03-26T16:01:20.700000,9.747861374550707
2015-03-26T16:01:20.800000,9.76761636664022
2015-03-26T16:01:20.900000,9.746931223280756
2015-03-26T16:01:21.000000,9.719654595621485
2015-03-26T16:01:21.100000,9.72651488015768
2015-03-26T16:01:21.200000,9.743938810169428
2015-03-26T16:01:21.300000,9.76155505808557
2015-03-26T16:01:21.400000,9.75140293958685
2015-03-26T16:01:21.500000,9.728647823013828
2015-03-26T16:01:21.600000,9.757167970655232
2015-03-26T16:01:21.700000,9.753309762658136
2015-03-26T16:01:21.800000,9.745731692614502
2015-03-26T16:01:21.900000,9.753390503019023
2015-03-26T16:01:22.000000,9.746236276804456
2015-03-26T16:01:22.100000,9.751873049943274
2015-03-26T16:01:22.200000,9.750669799206042
2015-03-26T16:01:22.300000,9.762917610663878
2015-03-26T16:01:22.400000,9.781191739399285
2015-03-26T16:01:22.500000,9.742313227526546
2015-03-26T16:01:22.600000,9.739819989881324
2015-03-26T16:01:22.700000,9.735887965120616
2015-03-26T16:01:22.800000,9.7471177796385
2015-03-26T16:01:22.900000,9.741973454859815
2015-03-26T16:01:23.000000,9.73073479252218
2015-03-26T16:01:23.100000,9.734269257482564
2015-03-26T16:01:23.200000,9.7336807563636
2015-03-26T16:01:23.300000,9.729825627119457
2015-03-26T16:01:23.400000,9.74019097638164
2015-03-26T16:01:23.500000,9.763937636726942
2015-03-26T16:01:23.600000,9.755861583513042
2015-03-26T16:01:23.700000,9.73297418813886
2015-03-26T16:01:23.800000,9.735629178618463
2015-03-26T16:01:23.900000,9.737262106513672
2015-03-26T16:01:24.000000,9.744647732548714
2015-03-26T16:01:24.100000,9.750633867366975
2015-03-26T16:01:24.200000,9.746861782718844
2015-03-26T16:01:24.300000,9.748522921827504
2015-03-26T16:01:24.400000,9.739947798744934
2015-03-26T16:01:24.500000,9.703002588573964
2015-03-26T16:01:24.600000,9.727240628781193
2015-03-26T16:01:24.700000,9.739275017536643
2015-03-26T16:01:24.800000,9.734049642103749
2015-03-26T16:01:24.900000,9.72344549280844
2015-03-26T16:01:25.000000,9.71771705190913
2015-03-26T16:01:25.100000,9.712513501328829
2015-03-26T16:01:25.200000,9.7193016964542
2015-03-26T16:01:25.300000,9.725693356608648
2015-03-26T16:01:25.400000,9.712908328144945
2015-03-26T16:01:25.500000,9.724630370496378
2015-03-26T16:01:25.600000,9.757285372944445
2015-03-26T16:01:25.700000,9.738133277560925
2015-03-26T16:01:25.800000,9.737762802576386
2015-03-26T16:01:25.900000,9.739570943188204
2015-03-26T16:01:26.000000,9.7435176728646
2015-03-26T16:01:26.100000,9.746960025859115
2015-03-26T16:01:26.200000,9.752292519590808
2015-03-26T16:01:26.300000,9.742877756827614
2015-03-26T16:01:26.400000,9.753857804685074
2015-03-26T16:01:26.500000,9.731600948343656
2015-03-26T16:01:26.600000,9.76371509733433
2015-03-26T16:01:26.700000,9.76236736361955
2015-03-26T16:01:26.800000,9.76251902551679
2015-03-26T16:01:26.900000,9.735526381288274
2015-03-26T16:01:27.000000,9.732686085321722
2015-03-26T16:01:27.100000,9.72892500666132
2015-03-26T16:01:27.200000,9.73377556439109
2015-03-26T16:01:27.300000,9.757097096813334
2015-03-26T16:01:27.400000,9.753317656324134
2015-03-26T16:01:27.500000,9.746910127044554
2015-03-26T16:01:27.600000,9.759792798461069
2015-03-26T16:01:27.700000,9.74564274740941
2015-03-26T16:01:27.800000,9.742569472404286
2015-03-26T16:01:27.900000,9.743370311552816
2015-03-26T16:01:28.000000,9.750484613255296
2015-03-26T16:01:28.100000,9.766354228074103
2015-03-26T16:01:28.200000,9.7457533000827
2015-03-26T16:01:28.300000,9.750841171207878
2015-03-26T16:01:28.400000,9.754940507693
2015-03-26T16:01:28.500000,9.780873300438614
2015-03-26T16:01:28.600000,9.77036313082934
2015-03-26T16:01:28.700000,9.76866516260082
2015-03-26T16:01:28.800000,9.733113613057885
2015-03-26T16:01:28.900000,9.738662423292071
2015-03-26T16:01:29.000000,9.742888940163697
2015-03-26T16:01:29.100000,9.748826049339376
2015-03-26T16:01:29.200000,9.7525163264986
2015-03-26T16:01:29.300000,9.728884156157308
2015-03-26T16:01:29.400000,9.732179223400344
2015-03-26T16:01:29.500000,9.741387315892805
2015-03-26T16:01:29.600000,9.745600934383488
2015-03-26T16:01:29.700000,9.724409293011623
2015-03-26T16:01:29.800000,9.7163702657444
2015-03-26T16:01:29.900000,9.716930799046738
2015-03-26T16:01:30.000000,9.723107518333313
2015-03-26T16:01:30.100000,9.734562554585846
2015-03-26T16:01:30.200000,9.739640252545058
2015-03-26T16:01:30.300000,9.707672974062818
2015-03-26T16:01:30.400000,9.71661586529904
2015-03-26T16:01:30.500000,9.723160595496225
2015-03-26T16:01:30.600000,9.730872146064865
2015-03-26T16:01:30.700000,9.736726966356091
2015-03-26T16:01:30.800000,9.716923151875012
2015-03-26T16:01:30.900000,9.717728657630484
2015-03-26T16:01:31.000000,9.72603317648459
2015-03-26T16:01:31.100000,9.727621958415574
2015-03-26T16:01:31.200000,9.743351893130214
2015-03-26T16:01:31.300000,9.730748328367891
2015-03-26T16:01:31.400000,9.712787726584766
2015-03-26T16:01:31.500000,9.713849830295985
2015-03-26T16:01:31.600000,9.739190829354753
2015-03-26T16:01:31.700000,9.747920820148073
2015-03-26T16:01:31.800000,9.728104240802338
2015-03-26T16:01:31.900000,9.743825678704583
2015-03-26T16:01:32.000000,9.755365273833652
2015-03-26T16:01:32.100000,9.750730318285743
2015-03-26T16:01:32.200000,9.726277489758363
2015-03-26T16:01:32.300000,9.734508439789408
2015-03-26T16:01:32.400000,9.741271574712009
2015-03-26T16:01:32.500000,9.734364265433626
2015-03-26T16:01:32.600000,9.752021488222155
2015-03-26T16:01:32.700000,9.754067077642375
2015-03-26T16:01:32.800000,9.755712156757028
2015-03-26T16:01:32.900000,9.759836754233987
2015-03-26T16:01:33.000000,9.770465180055742
2015-03-26T16:01:33.100000,9.766368246250048
2015-03-26T16:01:33.200000,9.760625911596373
2015-03-26T16:01:33.300000,9.760632358368513
2015-03-26T16:01:33.400000,9.76225825392499
2015-03-26T16:01:33.500000,9.780796965264429
2015-03-26T16:01:33.600000,9.749033833134762
2015-03-26T16:01:33.700000,9.743691744623934
2015-03-26T16:01:33.800000,9.76136431208208
2015-03-26T16:01:33.900000,9.76814099368788
2015-03-26T16:01:34.000000,9.770984338766622
2015-03-26T16:01:34.100000,9.763214477383352
2015-03-26T16:01:34.200000,9.77310515971116
2015-03-26T16:01:34.300000,9.764972047180386
2015-03-26T16:01:34.400000,9.752523396737896
2015-03-26T16:01:34.500000,9.73633616922406
2015-03-26T16:01:34.600000,9.734827940175094
2015-03-26T16:01:34.700000,9.754366574633162
2015-03-26T16:01:34.800000,9.751373598644513
2015-03-26T16:01:34.900000,9.749241345336142
2015-03-26T16:01:35.000000,9.751772438184286
2015-03-26T16:01:35.100000,9.752214553914888
2015-03-26T16:01:35.200000,9.765061641507586
2015-03-26T16:01:35.300000,9.751793816105456
2015-03-26T16:01:35.400000,9.748987302434807
2015-03-26T16:01:35.500000,9.74978091607566
2015-03-26T16:01:35.600000,9.762081132029438
2015-03-26T16:01:35.700000,9.75857328029524
2015-03-26T16:01:35.800000,9.754465627577265
2015-03-26T16:01:35.900000,9.764618457453846
2015-03-26T16:01:36.000000,9.749545803269257
2015-03-26T16:01:36.100000,9.748064244133843
2015-03-26T16:01:36.200000,9.736323598714977
2015-03-26T16:01:36.300000,9.736423787322304
2015-03-26T16:01:36.400000,9.73244577542062
2015-03-26T16:01:36.500000,9.738386362520872
2015-03-26T16:01:36.600000,9.731880220297509
2015-03-26T16:01:36.700000,9.72985673358419
2015-03-26T16:01:36.800000,9.714186659046234
2015-03-26T16:01:36.900000,9.71144673131388
2015-03-26T16:01:37.000000,9.703326960824768
2015-03-26T16:01:37.100000,9.727315590526832
2015-03-26T16:01:37.200000,9.728243675269333
2015-03-26T16:01:37.300000,9.737648030665184
2015-03-26T16:01:37.400000,9.731742441053246
2015-03-26T16:01:37.500000,9.711989375957604
2015-03-26T16:01:37.600000,9.716491635438931
2015-03-26T16:01:37.700000,9.716626073444004
2015-03-26T16:01:37.800000,9.71197131193478
2015-03-26T16:01:37.900000,9.71860481436754
2015-03-26T16:01:38.000000,9.722823533817856
2015-03-26T16:01:38.100000,9.709172104223402
2015-03-26T16:01:38.200000,9.708374421220238
2015-03-26T16:01:38.300000,9.732895178644178
2015-03-26T16:01:38.400000,9.723368286939843
2015-03-26T16:01:38.500000,9.72734294699191
2015-03-26T16:01:38.600000,9.760800283409896
2015-03-26T16:01:38.700000,9.747053476875571
2015-03-26T16:01:38.800000,9.725593642264554
2015-03-26T16:01:38.900000,9.733823240308672
2015-03-26T16:01:39.000000,9.764269783044735
2015-03-26T16:01:39.100000,9.755494242963206
2015-03-26T16:01:39.200000,9.757368327458629
2015-03-26T16:01:39.300000,9.782916194294728
2015-03-26T16:01:39.400000,9.793802042705408
2015-03-26T16:01:39.500000,9.7787519805454
2015-03-26T16:01:39.600000,9.75914612928261
2015-03-26T16:01:39.700000,9.763816280334185
2015-03-26T16:01:39.800000,9.763108672755012
2015-03-26T16:01:39.900000,9.726420795050588
2015-03-26T16:01:40.000000,9.744241192663551
2015-03-26T16:01:40.100000,9.733063582196296
2015-03-26T16:01:40.200000,9.724952814153015
2015-03-26T16:01:40.300000,9.73868325696172
2015-03-26T16:01:40.400000,9.742836569858955
2015-03-26T16:01:40.500000,9.748712783639084
2015-03-26T16:01:40.600000,9.767529504982626
2015-03-26T16:01:40.700000,9.745685569040583
2015-03-26T16:01:40.800000,9.746409299326894
2015-03-26T16:01:40.900000,9.765840080919627
2015-03-26T16:01:41.000000,9.767735728064354
2015-03-26T16:01:41.100000,9.75062961981459
2015-03-26T16:01:41.200000,9.769959097951112
2015-03-26T16:01:41.300000,9.77553628347224
2015-03-26T16:01:41.400000,9.775179455118058
2015-03-26T16:01:41.500000,9.746814903788346
2015-03-26T16:01:41.600000,9.754333666833128
2015-03-26T16:01:41.700000,9.77700415139214
2015-03-26T16:01:41.800000,9.756822457458236
2015-03-26T16:01:41.900000,9.730990349412988
2015-03-26T16:01:42.000000,9.74856145791026
2015-03-26T16:01:42.100000,9.75175503668114
2015-03-26T16:01:42.200000,9.733929282418629
2015-03-26T16:01:42.300000,9.72680605277187
2015-03-26T16:01:42.400000,9.71824857740854
2015-03-26T16:01:42.500000,9.715666578303264
2015-03-26T16:01:42.600000,9.718306339837486
2015-03-26T16:01:42.700000,9.704619404523054
2015-03-26T16:01:42.800000,9.670805860490976
2015-03-26T16:01:42.900000,9.69640848433524
2015-03-26T16:01:43.000000,9.694443840742586
2015-03-26T16:01:43.100000,9.712989601398212
2015-03-26T16:01:43.200000,9.724357181814298
2015-03-26T16:01:43.300000,9.705784098409806
2015-03-26T16:01:43.400000,9.71095184535536
2015-03-26T16:01:43.500000,9.732376841434329
2015-03-26T16:01:43.600000,9.730525163437337
2015-03-26T16:01:43.700000,9.728961971119473
2015-03-26T16:01:43.800000,9.71030677531532
2015-03-26T16:01:43.900000,9.717095758483207
2015-03-26T16:01:44.000000,9.72658629187822
2015-03-26T16:01:44.100000,9.71909098257102
2015-03-26T16:01:44.200000,9.720288614572844
2015-03-26T16:01:44.300000,9.7331077408615
2015-03-26T16:01:44.400000,9.740153497328643
2015-03-26T16:01:44.500000,9.734482208046206
2015-03-26T16:01:44.600000,9.742432572498949
2015-03-26T16:01:44.700000,9.752349687733808
2015-03-26T16:01:44.800000,9.758097829789394
2015-03-26T16:01:44.900000,9.760338036965011
2015-03-26T16:01:45.000000,9.767694240415969
2015-03-26T16:01:45.100000,9.79624238429628
2015-03-26T16:01:45.200000,9.783085136351234
2015-03-26T16:01:45.300000,9.77001193705621
2015-03-26T16:01:45.400000,9.789440037559183
2015-03-26T16:01:45.500000,9.764991298692651
2015-03-26T16:01:45.600000,9.766103281235909
2015-03-26T16:01:45.700000,9.756381146623267
2015-03-26T16:01:45.800000,9.768272092433076
2015-03-26T16:01:45.900000,9.79051531821224
2015-03-26T16:01:46.000000,9.75989766934146
2015-03-26T16:01:46.100000,9.767720334534216
2015-03-26T16:01:46.200000,9.75447483805062
2015-03-26T16:01:46.300000,9.742283420589947
2015-03-26T16:01:46.400000,9.741454263667588
2015-03-26T16:01:46.500000,9.742339097143136
2015-03-26T16:01:46.600000,9.754952576924667
2015-03-26T16:01:46.700000,9.770860966054537
2015-03-26T16:01:46.800000,9.768257360911608
2015-03-26T16:01:46.900000,9.753373243638434
2015-03-26T16:01:47.000000,9.73553746734102
2015-03-26T16:01:47.100000,9.750460775364976
2015-03-26T16:01:47.200000,9.749327283487323
2015-03-26T16:01:47.300000,9.734709994616455
2015-03-26T16:01:47.400000,9.732651800308371
2015-03-26T16:01:47.500000,9.738295623145666
2015-03-26T16:01:47.600000,9.749774114587687
2015-03-26T16:01:47.700000,9.752897657360126
2015-03-26T16:01:47.800000,9.75042757660914
2015-03-26T16:01:47.900000,9.740441398307976
2015-03-26T16:01:48.000000,9.727519115983943
2015-03-26T16:01:48.100000,9.729974891175925
2015-03-26T16:01:48.200000,9.731939679029685
2015-03-26T16:01:48.300000,9.732655608259442
2015-03-26T16:01:48.400000,9.721210125281909
2015-03-26T16:01:48.500000,9.71732506031233
2015-03-26T16:01:48.600000,9.724910187977711
2015-03-26T16:01:48.700000,9.712452099755192
2015-03-26T16:01:48.800000,9.699798673549411
2015-03-26T16:01:48.900000,9.710498822294856
2015-03-26T16:01:49.000000,9.724244529675776
2015-03-26T16:01:49.100000,9.715707654036663
2015-03-26T16:01:49.200000,9.71902596521966
2015-03-26T16:01:49.300000,9.699581290349292
2015-03-26T16:01:49.400000,9.697828189303412
2015-03-26T16:01:49.500000,9.692418149892983
2015-03-26T16:01:49.600000,9.707145371897978
2015-03-26T16:01:49.700000,9.71594669112256
2015-03-26T16:01:49.800000,9.729116851275592
2015-03-26T16:01:49.900000,9.72341180232482
2015-03-26T16:01:50.000000,9.731290868919
2015-03-26T16:01:50.100000,9.736819209159052
2015-03-26T16:01:50.200000,9.741981155636395
2015-03-26T16:01:50.300000,9.761348191971924
2015-03-26T16:01:50.400000,9.733127448022524
2015-03-26T16:01:50.500000,9.749601638440524
2015-03-26T16:01:50.600000,9.7477012435602
2015-03-26T16:01:50.700000,9.72653420455462
2015-03-26T16:01:50.800000,9.747311447082955
2015-03-26T16:01:50.900000,9.78930656648856
2015-03-26T16:01:51.000000,9.784104318853185
2015-03-26T16:01:51.100000,9.76544852889115
2015-03-26T16:01:51.200000,9.756121827911809
2015-03-26T16:01:51.300000,9.738048628901808
2015-03-26T16:01:51.400000,9.749966091752414
2015-03-26T16:01:51.500000,9.755834681723274
2015-03-26T16:01:51.600000,9.7569120757886
2015-03-26T16:01:51.700000,9.770089241220177
2015-03-26T16:01:51.800000,9.767899622730374
2015-03-26T16:01:51.900000,9.767143947218806
2015-03-26T16:01:52.000000,9.752300928500786
2015-03-26T16:01:52.100000,9.766986548737076
2015-03-26T16:01:52.200000,9.762369006623214
2015-03-26T16:01:52.300000,9.76722607004798
2015-03-26T16:01:52.400000,9.762708162929842
2015-03-26T16:01:52.500000,9.769660303768
2015-03-26T16:01:52.600000,9.771685651086434
2015-03-26T16:01:52.700000,9.746780857406916
2015-03-26T16:01:52.800000,9.738726562126905
2015-03-26T16:01:52.900000,9.747022289728877
2015-03-26T16:01:53.000000,9.73993552051362
2015-03-26T16:01:53.100000,9.75493671645409
2015-03-26T16:01:53.200000,9.764415294959614
2015-03-26T16:01:53.300000,9.756049450372135
2015-03-26T16:01:53.400000,9.75954582416649
2015-03-26T16:01:53.500000,9.7498191425239
2015-03-26T16:01:53.600000,9.748823916290355
2015-03-26T16:01:53.700000,9.754826895407168
2015-03-26T16:01:53.800000,9.741153136506878
2015-03-26T16:01:53.900000,9.736118228479071
2015-03-26T16:01:54.000000,9.735948184167691
2015-03-26T16:01:54.100000,9.732234413308444
2015-03-26T16:01:54.200000,9.744011008801651
2015-03-26T16:01:54.300000,9.741572714377128
2015-03-26T16:01:54.400000,9.726820963469034
2015-03-26T16:01:54.500000,9.728602399434694
2015-03-26T16:01:54.600000,9.720510915746674
2015-03-26T16:01:54.700000,9.721107333393524
2015-03-26T16:01:54.800000,9.728820669953066
2015-03-26T16:01:54.900000,9.72103831878087
2015-03-26T16:01:55.000000,9.732988284800626
2015-03-26T16:01:55.100000,9.736784040330711
2015-03-26T16:01:55.200000,9.75351107139844
2015-03-26T16:01:55.300000,9.724877134752536
2015-03-26T16:01:55.400000,9.742257226502996
2015-03-26T16:01:55.500000,9.721698177061048
2015-03-26T16:01:55.600000,9.696463845214268
2015-03-26T16:01:55.700000,9.718199677833583
2015-03-26T16:01:55.800000,9.73009723240592
2015-03-26T16:01:55.900000,9.729302953668643
2015-03-26T16:01:56.000000,9.742045906905608
2015-03-26T16:01:56.100000,9.71776457688558
2015-03-26T16:01:56.200000,9.73000289084442
2015-03-26T16:01:56.300000,9.758416013554337
2015-03-26T16:01:56.400000,9.740956762883084
2015-03-26T16:01:56.500000,9.732387759674312
2015-03-26T16:01:56.600000,9.743481515090206
2015-03-26T16:01:56.700000,9.741888803094083
2015-03-26T16:01:56.800000,9.758639402488877
2015-03-26T16:01:56.900000,9.754286782100028
2015-03-26T16:01:57.000000,9.755357644416287
2015-03-26T16:01:57.100000,9.742250390391984
2015-03-26T16:01:57.200000,9.736048726290711
2015-03-26T16:01:57.300000,9.733225721811756
2015-03-26T16:01:57.400000,9.739327333674447
2015-03-26T16:01:57.500000,9.769447498689216
2015-03-26T16:01:57.600000,9.722251540294756
2015-03-26T16:01:57.700000,9.741120159804971
2015-03-26T16:01:57.800000,9.766458382667707
2015-03-26T16:01:57.900000,9.750517102247096
2015-03-26T16:01:58.000000,9.74679675017573
2015-03-26T16:01:58.100000,9.75673172073824
2015-03-26T16:01:58.200000,9.757228779875035
2015-03-26T16:01:58.300000,9.74713642279005
2015-03-26T16:01:58.400000,9.760457674495775
2015-03-26T16:01:58.500000,9.782175368892696
2015-03-26T16:01:58.600000,9.7385545199684
2015-03-26T16:01:58.700000,9.734680346345346
2015-03-26T16:01:58.800000,9.73811341276838
2015-03-26T16:01:58.900000,9.734657379827777
2015-03-26T16:01:59.000000,9.74022471259221
2015-03-26T16:01:59.100000,9.732974657824707
2015-03-26T16:01:59.200000,9.7133531110656
2015-03-26T16:01:59.300000,9.713585717382252
2015-03-26T16:01:59.400000,9.737587875160068
2015-03-26T16:01:59.500000,9.735572119386472
2015-03-26T16:01:59.600000,9.747106783364696
2015-03-26T16:01:59.700000,9.7270621875509
2015-03-26T16:01:59.800000,9.712472403883304
2015-03-26T16:01:59.900000,9.7158121922007
2015-03-26T16:02:00.000000,9.738114254237198
2015-03-26T16:02:00.100000,9.729460678531066
2015-03-26T16:02:00.200000,9.717350355382168
2015-03-26T16:02:00.300000,9.733142646902346
2015-03-26T16:02:00.400000,9.712769816438934
2015-03-26T16:02:00.500000,9.729137393435538
2015-03-26T16:02:00.600000,9.7460074089417
2015-03-26T16:02:00.700000,9.749712472180327
2015-03-26T16:02:00.800000,9.75879405062879
2015-03-26T16:02:00.900000,9.758708455357375
2015-03-26T16:02:01.000000,9.756940704846029
2015-03-26T16:02:01.100000,9.73296159506624
2015-03-26T16:02:01.200000,9.72918965100902
2015-03-26T16:02:01.300000,9.730284976896163
2015-03-26T16:02:01.400000,9.716597968759771
2015-03-26T16:02:01.500000,9.73738707916806
2015-03-26T16:02:01.600000,9.752306404790112
2015-03-26T16:02:01.700000,9.74099916239144
2015-03-26T16:02:01.800000,9.742237879005566
2015-03-26T16:02:01.900000,9.74848841928982
2015-03-26T16:02:02.000000,9.741569007183724
2015-03-26T16:02:02.100000,9.748350703902704
2015-03-26T16:02:02.200000,9.739915759666284
2015-03-26T16:02:02.300000,9.72441750875939
2015-03-26T16:02:02.400000,9.756740577550758
2015-03-26T16:02:02.500000,9.761239175899693
2015-03-26T16:02:02.600000,9.74316464934161
2015-03-26T16:02:02.700000,9.719487400767523
2015-03-26T16:02:02.800000,9.740997399500952
2015-03-26T16:02:02.900000,9.755604008668875
2015-03-26T16:02:03.000000,9.735976934616184
2015-03-26T16:02:03.100000,9.734955473372327
2015-03-26T16:02:03.200000,9.743459132541334
2015-03-26T16:02:03.300000,9.752707368431702
2015-03-26T16:02:03.400000,9.745051033845447
2015-03-26T16:02:03.500000,9.723883063322637
2015-03-26T16:02:03.600000,9.743698394310526
2015-03-26T16:02:03.700000,9.746514216977811
2015-03-26T16:02:03.800000,9.728688427312088
2015-03-26T16:02:03.900000,9.751811496780292
2015-03-26T16:02:04.000000,9.758074273109422
2015-03-26T16:02:04.100000,9.738441839748695
2015-03-26T16:02:04.200000,9.715379865618994
2015-03-26T16:02:04.300000,9.725813720634386
2015-03-26T16:02:04.400000,9.731241650394832
2015-03-26T16:02:04.500000,9.719630825952626
2015-03-26T16:02:04.600000,9.707804495402364
2015-03-26T16:02:04.700000,9.725977761858218
2015-03-26T16:02:04.800000,9.757370937749563
2015-03-26T16:02:04.900000,9.731345437439543
2015-03-26T16:02:05.000000,9.724462109490933
2015-03-26T16:02:05.100000,9.746862761889316
2015-03-26T16:02:05.200000,9.735683973997372
2015-03-26T16:02:05.300000,9.715498679601348
2015-03-26T16:02:05.400000,9.689578239723469
2015-03-26T16:02:05.500000,9.73223987907095
2015-03-26T16:02:05.600000,9.739742288713382
2015-03-26T16:02:05.700000,9.730963928572594
2015-03-26T16:02:05.800000,9.735140636352394
2015-03-26T16:02:05.900000,9.731152035299356
2015-03-26T16:02:06.000000,9.74141754081736
2015-03-26T16:02:06.100000,9.730945992238915
2015-03-26T16:02:06.200000,9.748156595310371
2015-03-26T16:02:06.300000,9.762322505701617
2015-03-26T16:02:06.400000,9.748410448246846
2015-03-26T16:02:06.500000,9.73950495345396
2015-03-26T16:02:06.600000,9.750074781028491
2015-03-26T16:02:06.700000,9.777438167246984
2015-03-26T16:02:06.800000,9.761435825264227
2015-03-26T16:02:06.900000,9.75655584524374
2015-03-26T16:02:07.000000,9.770119353322444
2015-03-26T16:02:07.100000,9.776387800319
2015-03-26T16:02:07.200000,9.737530969597394
2015-03-26T16:02:07.300000,9.73916337557484
2015-03-26T16:02:07.400000,9.74820663448994
2015-03-26T16:02:07.500000,9.750371424853984
2015-03-26T16:02:07.600000,9.748855207998464
2015-03-26T16:02:07.700000,9.75285074608993
2015-03-26T16:02:07.800000,9.791067117323175
2015-03-26T16:02:07.900000,9.771858486454326
2015-03-26T16:02:08.000000,9.766872150861332
2015-03-26T16:02:08.100000,9.767764903126848
2015-03-26T16:02:08.200000,9.751450958494155
2015-03-26T16:02:08.300000,9.767652580515309
2015-03-26T16:02:08.400000,9.767622202337217
2015-03-26T16:02:08.500000,9.771422271260615
2015-03-26T16:02:08.600000,9.763330179253694
2015-03-26T16:02:08.700000,9.74971026276125
2015-03-26T16:02:08.800000,9.755601457647137
2015-03-26T16:02:08.900000,9.74266273631568
2015-03-26T16:02:09.000000,9.748086504288056
2015-03-26T16:02:09.100000,9.771056217068336
2015-03-26T16:02:09.200000,9.762458773293538
2015-03-26T16:02:09.300000,9.761421196360486
2015-03-26T16:02:09.400000,9.767503319667414
2015-03-26T16:02:09.500000,9.763936735831145
2015-03-26T16:02:09.600000,9.751601639893863
2015-03-26T16:02:09.700000,9.737863744211747
2015-03-26T16:02:09.800000,9.74340803800671
2015-03-26T16:02:09.900000,9.728235644832395
2015-03-26T16:02:10.000000,9.726656411964813
2015-03-26T16:02:10.100000,9.711483860057331
2015-03-26T16:02:10.200000,9.70288119438852
2015-03-26T16:02:10.300000,9.740914758471614
2015-03-26T16:02:10.400000,9.742716663356058
2015-03-26T16:02:10.500000,9.714774182077411
2015-03-26T16:02:10.600000,9.708331150880667
2015-03-26T16:02:10.700000,9.707117846015946
2015-03-26T16:02:10.800000,9.709789312153934
2015-03-26T16:02:10.900000,9.695557215120605
2015-03-26T16:02:11.000000,9.70633759235182
2015-03-26T16:02:11.100000,9.700766553393402
2015-03-26T16:02:11.200000,9.688044618855509
2015-03-26T16:02:11.300000,9.707468705140563
2015-03-26T16:02:11.400000,9.714870599486185
2015-03-26T16:02:11.500000,9.702631476210753
2015-03-26T16:02:11.600000,9.697137637050105
2015-03-26T16:02:11.700000,9.688366351594432
2015-03-26T16:02:11.800000,9.719785959175558
2015-03-26T16:02:11.900000,9.727692227232488
2015-03-26T16:02:12.000000,9.71129999037955
2015-03-26T16:02:12.100000,9.71543664910687
2015-03-26T16:02:12.200000,9.73749234887713
2015-03-26T16:02:12.300000,9.735038307760243
2015-03-26T16:02:12.400000,9.73012473407124
2015-03-26T16:02:12.500000,9.75258389263287
2015-03-26T16:02:12.600000,9.780785867719104
2015-03-26T16:02:12.700000,9.783528890859616
2015-03-26T16:02:12.800000,9.788849364885476
2015-03-26T16:02:12.900000,9.780789681970171
2015-03-26T16:02:13.000000,9.776549112124837
2015-03-26T16:02:13.100000,9.77943215873539
2015-03-26T16:02:13.200000,9.781637938222657
2015-03-26T16:02:13.300000,9.76695703633317
2015-03-26T16:02:13.400000,9.775568947696703
2015-03-26T16:02:13.500000,9.796228065076562
2015-03-26T16:02:13.600000,9.781714673151043
2015-03-26T16:02:13.700000,9.77138634914376
2015-03-26T16:02:13.800000,9.765278907076672
2015-03-26T16:02:13.900000,9.755995696794438
2015-03-26T16:02:14.000000,9.754605893272522
2015-03-26T16:02:14.100000,9.750758756071445
2015-03-26T16:02:14.200000,9.761291754528637
2015-03-26T16:02:14.300000,9.78281122754611
2015-03-26T16:02:14.400000,9.802807881340016
2015-03-26T16:02:14.500000,9.773140888412982
2015-03-26T16:02:14.600000,9.764073105477165
2015-03-26T16:02:14.700000,9.780350464267208
2015-03-26T16:02:14.800000,9.780186496486234
2015-03-26T16:02:14.900000,9.746828390168222
2015-03-26T16:02:15.000000,9.758543836423858
2015-03-26T16:02:15.100000,9.77076138504772
2015-03-26T16:02:15.200000,9.75752203299832
2015-03-26T16:02:15.300000,9.73400061137624
2015-03-26T16:02:15.400000,9.739886967183669
2015-03-26T16:02:15.500000,9.753255335091485
2015-03-26T16:02:15.600000,9.753258465430402
2015-03-26T16:02:15.700000,9.748944602251765
2015-03-26T16:02:15.800000,9.727793157436274
2015-03-26T16:02:15.900000,9.721385203945896
2015-03-26T16:02:16.000000,9.72247498272547
2015-03-26T16:02:16.100000,9.72569313291966
2015-03-26T16:02:16.200000,9.714854443189576
2015-03-26T16:02:16.300000,9.721080180208132
2015-03-26T16:02:16.400000,9.711281569535023
2015-03-26T16:02:16.500000,9.70016455864268
2015-03-26T16:02:16.600000,9.717772898909544
2015-03-26T16:02:16.700000,9.69921466496676
2015-03-26T16:02:16.800000,9.701901649883208
2015-03-26T16:02:16.900000,9.704053446396635
2015-03-26T16:02:17.000000,9.712670316171735
2015-03-26T16:02:17.100000,9.702584800923852
2015-03-26T16:02:17.200000,9.680315497926232
2015-03-26T16:02:17.300000,9.704380167217952
2015-03-26T16:02:17.400000,9.706496304737628
2015-03-26T16:02:17.500000,9.696303634058614
2015-03-26T16:02:17.600000,9.69907748422922
2015-03-26T16:02:17.700000,9.692717598541623
2015-03-26T16:02:17.800000,9.69445444578884
2015-03-26T16:02:17.900000,9.725435958559077
2015-03-26T16:02:18.000000,9.73869068741332
2015-03-26T16:02:18.100000,9.744509528921146
2015-03-26T16:02:18.200000,9.734523536460784
2015-03-26T16:02:18.300000,9.710458027525732
2015-03-26T16:02:18.400000,9.71915078372554
2015-03-26T16:02:18.500000,9.755311417096737
2015-03-26T16:02:18.600000,9.76191154239442
2015-03-26T16:02:18.700000,9.784788318762002
2015-03-26T16:02:18.800000,9.779570911198304
2015-03-26T16:02:18.900000,9.77441134286877
2015-03-26T16:02:19.000000,9.795426113670825
2015-03-26T16:02:19.100000,9.7950844242142
2015-03-26T16:02:19.200000,9.789539069228187
2015-03-26T16:02:19.300000,9.776591072526417
2015-03-26T16:02:19.400000,9.75307647944729
2015-03-26T16:02:19.500000,9.75690805109388
2015-03-26T16:02:19.600000,9.751649169879377
2015-03-26T16:02:19.700000,9.777810141981266
2015-03-26T16:02:19.800000,9.774432290430363
2015-03-26T16:02:19.900000,9.754266156547848
2015-03-26T16:02:20.000000,9.749764558245548
2015-03-26T16:02:20.100000,9.74278191598134
2015-03-26T16:02:20.200000,9.76608896767787
2015-03-26T16:02:20.300000,9.745256835833697
2015-03-26T16:02:20.400000,9.738359929791477
2015-03-26T16:02:20.500000,9.755823628499252
2015-03-26T16:02:20.600000,9.75778241342288
2015-03-26T16:02:20.700000,9.741940970795635
2015-03-26T16:02:20.800000,9.72670321091379
2015-03-26T16:02:20.900000,9.731941116875106
2015-03-26T16:02:21.000000,9.750753040395562
2015-03-26T16:02:21.100000,9.744535531531682
2015-03-26T16:02:21.200000,9.745135138683963
2015-03-26T16:02:21.300000,9.74632629317614
2015-03-26T16:02:21.400000,9.747946989195595
2015-03-26T16:02:21.500000,9.703003522920964
2015-03-26T16:02:21.600000,9.719200252302873
2015-03-26T16:02:21.700000,9.728930114827502
2015-03-26T16:02:21.800000,9.723699530413686
2015-03-26T16:02:21.900000,9.717944459492932
2015-03-26T16:02:22.000000,9.72071966935704
2015-03-26T16:02:22.100000,9.721136061454333
2015-03-26T16:02:22.200000,9.70277436480397
2015-03-26T16:02:22.300000,9.726022364897132
2015-03-26T16:02:22.400000,9.730187555775611
2015-03-26T16:02:22.500000,9.730408391262314
2015-03-26T16:02:22.600000,9.734044022526938
2015-03-26T16:02:22.700000,9.733554559385809
2015-03-26T16:02:22.800000,9.747881242069113
2015-03-26T16:02:22.900000,9.73751182337058
2015-03-26T16:02:23.000000,9.734926354313115
2015-03-26T16:02:23.100000,9.734776393488753
2015-03-26T16:02:23.200000,9.717403698977252
2015-03-26T16:02:23.300000,9.731202136642
2015-03-26T16:02:23.400000,9.749920151077722
2015-03-26T16:02:23.500000,9.72769423554185
2015-03-26T16:02:23.600000,9.74158295248607
2015-03-26T16:02:23.700000,9.756065666129604
2015-03-26T16:02:23.800000,9.75502874339032
2015-03-26T16:02:23.900000,9.734369281149188
2015-03-26T16:02:24.000000,9.741925117678491
2015-03-26T16:02:24.100000,9.743288246392664
2015-03-26T16:02:24.200000,9.750903577926936
2015-03-26T16:02:24.300000,9.777119761819405
2015-03-26T16:02:24.400000,9.762051712324975
2015-03-26T16:02:24.500000,9.782081657475969
2015-03-26T16:02:24.600000,9.763699675787858
2015-03-26T16:02:24.700000,9.734402050651136
2015-03-26T16:02:24.800000,9.755193881200665
2015-03-26T16:02:24.900000,9.755985252468436
2015-03-26T16:02:25.000000,9.73640671416496
2015-03-26T16:02:25.100000,9.753328934265662
2015-03-26T16:02:25.200000,9.76677096473632
2015-03-26T16:02:25.300000,9.759542892145038
2015-03-26T16:02:25.400000,9.7330699030759
2015-03-26T16:02:25.500000,9.733619037754153
2015-03-26T16:02:25.600000,9.76220646337696
2015-03-26T16:02:25.700000,9.729323786796838
2015-03-26T16:02:25.800000,9.74373840326719
2015-03-26T16:02:25.900000,9.7475547705556
2015-03-26T16:02:26.000000,9.746180801724163
2015-03-26T16:02:26.100000,9.731762327493184
2015-03-26T16:02:26.200000,9.736054422923056
2015-03-26T16:02:26.300000,9.744623128100686
2015-03-26T16:02:26.400000,9.745981724628262
2015-03-26T16:02:26.500000,9.739190192712062
2015-03-26T16:02:26.600000,9.740358376311988
2015-03-26T16:02:26.700000,9.723918419510827
2015-03-26T16:02:26.800000,9.743954529472203
2015-03-26T16:02:26.900000,9.738301317209626
2015-03-26T16:02:27.000000,9.723945088498304
2015-03-26T16:02:27.100000,9.728501217053134
2015-03-26T16:02:27.200000,9.720449490877412
2015-03-26T16:02:27.300000,9.731823809463178
2015-03-26T16:02:27.400000,9.732961825373224
2015-03-26T16:02:27.500000,9.733236477967829
2015-03-26T16:02:27.600000,9.733244479948828
2015-03-26T16:02:27.700000,9.75630535473837
2015-03-26T16:02:27.800000,9.758320382115002
2015-03-26T16:02:27.900000,9.742637290300964
2015-03-26T16:02:28.000000,9.745104385597708
2015-03-26T16:02:28.100000,9.760300256270453
2015-03-26T16:02:28.200000,9.762180048350023
2015-03-26T16:02:28.300000,9.76303683241458
2015-03-26T16:02:28.400000,9.753200633297826
2015-03-26T16:02:28.500000,9.758453803986018
2015-03-26T16:02:28.600000,9.772096456552664
2015-03-26T16:02:28.700000,9.772247791494518
2015-03-26T16:02:28.800000,9.747087206492104
2015-03-26T16:02:28.900000,9.749758076496784
2015-03-26T16:02:29.000000,9.73673449209312
2015-03-26T16:02:29.100000,9.735841606335589
2015-03-26T16:02:29.200000,9.748920799362397
2015-03-26T16:02:29.300000,9.743052871085506
2015-03-26T16:02:29.400000,9.74439017232596
2015-03-26T16:02:29.500000,9.7295828204366
2015-03-26T16:02:29.600000,9.744258051118754
2015-03-26T16:02:29.700000,9.75515030254445
2015-03-26T16:02:29.800000,9.774617145750296
2015-03-26T16:02:29.900000,9.7622703459791
2015-03-26T16:02:30.000000,9.742997779684892
2015-03-26T16:02:30.100000,9.747455168202023
2015-03-26T16:02:30.200000,9.744271346345949
2015-03-26T16:02:30.300000,9.735089592504956
2015-03-26T16:02:30.400000,9.716080053710405
2015-03-26T16:02:30.500000,9.720257447165084
2015-03-26T16:02:30.600000,9.744235503123988
2015-03-26T16:02:30.700000,9.73438875049736
2015-03-26T16:02:30.800000,9.73680358626754
2015-03-26T16:02:30.900000,9.727510561537608
2015-03-26T16:02:31.000000,9.71609957804386
2015-03-26T16:02:31.100000,9.724887135054374
2015-03-26T16:02:31.200000,9.716885669446691
2015-03-26T16:02:31.300000,9.724270415482597
2015-03-26T16:02:31.400000,9.711565355254873
2015-03-26T16:02:31.500000,9.717031075427336
2015-03-26T16:02:31.600000,9.69159462909292
2015-03-26T16:02:31.700000,9.698845883109565
2015-03-26T16:02:31.800000,9.714864926355576
2015-03-26T16:02:31.900000,9.725289558624896
2015-03-26T16:02:32.000000,9.713108716209172
2015-03-26T16:02:32.100000,9.715254310112345
2015-03-26T16:02:32.200000,9.707414464017535
2015-03-26T16:02:32.300000,9.719543934273968
2015-03-26T16:02:32.400000,9.738620894390706
2015-03-26T16:02:32.500000,9.72984292430179
2015-03-26T16:02:32.600000,9.746985698703902
2015-03-26T16:02:32.700000,9.744011290235122
2015-03-26T16:02:32.800000,9.75023764861603
2015-03-26T16:02:32.900000,9.738781147932468
2015-03-26T16:02:33.000000,9.736016854796098
2015-03-26T16:02:33.100000,9.748557651281814
2015-03-26T16:02:33.200000,9.744404934584669
2015-03-26T16:02:33.300000,9.75321576473662
2015-03-26T16:02:33.400000,9.78948453000258
2015-03-26T16:02:33.500000,9.785345336381017
2015-03-26T16:02:33.600000,9.778993519846894
2015-03-26T16:02:33.700000,9.763572209598054
2015-03-26T16:02:33.800000,9.795628607126034
2015-03-26T16:02:33.900000,9.812155177728735
2015-03-26T16:02:34.000000,9.789286680865107
2015-03-26T16:02:34.100000,9.755563629049206
2015-03-26T16:02:34.200000,9.749413669513682
2015-03-26T16:02:34.300000,9.758953970764932
2015-03-26T16:02:34.400000,9.766204013540738
2015-03-26T16:02:34.500000,9.777738881020484
2015-03-26T16:02:34.600000,9.76593811090338
2015-03-26T16:02:34.700000,9.760915770791138
2015-03-26T16:02:34.800000,9.756323213549942
2015-03-26T16:02:34.900000,9.768317333151328
2015-03-26T16:02:35.000000,9.771086333990752
2015-03-26T16:02:35.100000,9.746026362496035
2015-03-26T16:02:35.200000,9.747252722929025
2015-03-26T16:02:35.300000,9.775824375780005
2015-03-26T16:02:35.400000,9.747701919332416
2015-03-26T16:02:35.500000,9.754558154235704
2015-03-26T16:02:35.600000,9.764080462194524
2015-03-26T16:02:35.700000,9.742231604202995
2015-03-26T16:02:35.800000,9.74091181296734
2015-03-26T16:02:35.900000,9.757048609664135
2015-03-26T16:02:36.000000,9.730758772504402
2015-03-26T16:02:36.100000,9.72249538902582
2015-03-26T16:02:36.200000,9.73402291666232
2015-03-26T16:02:36.300000,9.730240514223416
2015-03-26T16:02:36.400000,9.742298232114068
2015-03-26T16:02:36.500000,9.729827441156775
2015-03-26T16:02:36.600000,9.713929556696325
2015-03-26T16:02:36.700000,9.712269797819758
2015-03-26T16:02:36.800000,9.704722036498996
2015-03-26T16:02:36.900000,9.70488969433181
2015-03-26T16:02:37.000000,9.721632599510002
2015-03-26T16:02:37.100000,9.732642176215691
2015-03-26T16:02:37.200000,9.713157998314577
2015-03-26T16:02:37.300000,9.711209781788414
2015-03-26T16:02:37.400000,9.711515895689816
2015-03-26T16:02:37.500000,9.728912880463897
2015-03-26T16:02:37.600000,9.723194472588853
2015-03-26T16:02:37.700000,9.726103404281364
2015-03-26T16:02:37.800000,9.718746737558606
2015-03-26T16:02:37.900000,9.718120491232018
2015-03-26T16:02:38.000000,9.68788760156646
2015-03-26T16:02:38.100000,9.697077944537488
2015-03-26T16:02:38.200000,9.711353549339004
2015-03-26T16:02:38.300000,9.733766708606163
2015-03-26T16:02:38.400000,9.745399022920443
2015-03-26T16:02:38.500000,9.742469626199394
2015-03-26T16:02:38.600000,9.764538707184895
2015-03-26T16:02:38.700000,9.76289185451409
2015-03-26T16:02:38.800000,9.757771055257724
2015-03-26T16:02:38.900000,9.760899495053556
2015-03-26T16:02:39.000000,9.745917464473283
2015-03-26T16:02:39.100000,9.751049242210891
2015-03-26T16:02:39.200000,9.771893801651563
2015-03-26T16:02:39.300000,9.762701602937492
2015-03-26T16:02:39.400000,9.7734019799977
2015-03-26T16:02:39.500000,9.807841171739971
2015-03-26T16:02:39.600000,9.771124674878616
2015-03-26T16:02:39.700000,9.751116662502987
2015-03-26T16:02:39.800000,9.772097930846034
2015-03-26T16:02:39.900000,9.76528165377306
2015-03-26T16:02:40.000000,9.764002770895814
2015-03-26T16:02:40.100000,9.763237088894202
2015-03-26T16:02:40.200000,9.746483281562162
2015-03-26T16:02:40.300000,9.757112165574831
2015-03-26T16:02:40.400000,9.769191194941154
2015-03-26T16:02:40.500000,9.755710285007636
2015-03-26T16:02:40.600000,9.77343314398861
2015-03-26T16:02:40.700000,9.764130407286697
2015-03-26T16:02:40.800000,9.756484277539943
2015-03-26T16:02:40.900000,9.756280158412943
2015-03-26T16:02:41.000000,9.762177290017611
2015-03-26T16:02:41.100000,9.758119696683323
2015-03-26T16:02:41.200000,9.756570611826588
2015-03-26T16:02:41.300000,9.749372711248554
2015-03-26T16:02:41.400000,9.758678854745895
2015-03-26T16:02:41.500000,9.753147274962808
2015-03-26T16:02:41.600000,9.722941453505156
2015-03-26T16:02:41.700000,9.756835451498366
2015-03-26T16:02:41.800000,9.761247053961547
2015-03-26T16:02:41.900000,9.751739746821348
2015-03-26T16:02:42.000000,9.741715283259676
2015-03-26T16:02:42.100000,9.739108306250712
2015-03-26T16:02:42.200000,9.742496293680007
2015-03-26T16:02:42.300000,9.754883170728448
2015-03-26T16:02:42.400000,9.751919967525067
2015-03-26T16:02:42.500000,9.733798181142507
2015-03-26T16:02:42.600000,9.716626880836069
2015-03-26T16:02:42.700000,9.724314943771557
2015-03-26T16:02:42.800000,9.714440969457211
2015-03-26T16:02:42.900000,9.718412114750304
2015-03-26T16:02:43.000000,9.724540981599006
2015-03-26T16:02:43.100000,9.70111404529014
2015-03-26T16:02:43.200000,9.703093298156595
2015-03-26T16:02:43.300000,9.712546147389752
2015-03-26T16:02:43.400000,9.715786012726422
2015-03-26T16:02:43.500000,9.71512163974888
2015-03-26T16:02:43.600000,9.718407735012551
2015-03-26T16:02:43.700000,9.722461306184488
2015-03-26T16:02:43.800000,9.716691047131354
2015-03-26T16:02:43.900000,9.704888766100526
2015-03-26T16:02:44.000000,9.730058085837532
2015-03-26T16:02:44.100000,9.731311416652208
2015-03-26T16:02:44.200000,9.743827342556528
2015-03-26T16:02:44.300000,9.727407496832242
2015-03-26T16:02:44.400000,9.723659651025631
2015-03-26T16:02:44.500000,9.735585854580409
2015-03-26T16:02:44.600000,9.72832763576326
2015-03-26T16:02:44.700000,9.731490910384531
2015-03-26T16:02:44.800000,9.729434299561266
2015-03-26T16:02:44.900000,9.738377925766304
2015-03-26T16:02:45.000000,9.738594095132688
2015-03-26T16:02:45.100000,9.743140659287404
2015-03-26T16:02:45.200000,9.75964397631469
2015-03-26T16:02:45.300000,9.76707615097015
2015-03-26T16:02:45.400000,9.767270054069431
2015-03-26T16:02:45.500000,9.770116493408905
2015-03-26T16:02:45.600000,9.774782044094206
2015-03-26T16:02:45.700000,9.77879449475201
2015-03-26T16:02:45.800000,9.77482165847158
2015-03-26T16:02:45.900000,9.755393871477182
2015-03-26T16:02:46.000000,9.756259718490291
2015-03-26T16:02:46.100000,9.764662464941576
2015-03-26T16:02:46.200000,9.790417002450331
2015-03-26T16:02:46.300000,9.776391224991048
2015-03-26T16:02:46.400000,9.743375335379008
2015-03-26T16:02:46.500000,9.765820308685637
2015-03-26T16:02:46.600000,9.770078471360351
2015-03-26T16:02:46.700000,9.754497420841885
2015-03-26T16:02:46.800000,9.773207130469864
2015-03-26T16:02:46.900000,9.771652923117102
2015-03-26T16:02:47.000000,9.77281258913234
2015-03-26T16:02:47.100000,9.758106584541222
2015-03-26T16:02:47.200000,9.755131230381416
2015-03-26T16:02:47.300000,9.733394401339758
2015-03-26T16:02:47.400000,9.748591377209609
2015-03-26T16:02:47.500000,9.75131075100752
2015-03-26T16:02:47.600000,9.75550245758999
2015-03-26T16:02:47.700000,9.75632977556324
2015-03-26T16:02:47.800000,9.747292358464184
2015-03-26T16:02:47.900000,9.772641111042724
2015-03-26T16:02:48.000000,9.730211137491777
2015-03-26T16:02:48.100000,9.723146156673094
2015-03-26T16:02:48.200000,9.746102038161752
2015-03-26T16:02:48.300000,9.74848882624477
2015-03-26T16:02:48.400000,9.747570739400883
2015-03-26T16:02:48.500000,9.737751108725504
2015-03-26T16:02:48.600000,9.714692259603412
2015-03-26T16:02:48.700000,9.714390697546506
2015-03-26T16:02:48.800000,9.707210500101572
2015-03-26T16:02:48.900000,9.708116401625448
2015-03-26T16:02:49.000000,9.695658353182091
2015-03-26T16:02:49.100000,9.707968736446098
2015-03-26T16:02:49.200000,9.736229547225506
2015-03-26T16:02:49.300000,9.725984751153865
2015-03-26T16:02:49.400000,9.707425492999048
2015-03-26T16:02:49.500000,9.713520711081465
2015-03-26T16:02:49.600000,9.729362397192046
2015-03-26T16:02:49.700000,9.73435445384143
2015-03-26T16:02:49.800000,9.730578317939989
2015-03-26T16:02:49.900000,9.731649074877517
2015-03-26T16:02:50.000000,9.721133043949612
2015-03-26T16:02:50.100000,9.740975537183564
2015-03-26T16:02:50.200000,9.739088975663597
2015-03-26T16:02:50.300000,9.740658569203816
2015-03-26T16:02:50.400000,9.732414680504348
2015-03-26T16:02:50.500000,9.735308408596891
2015-03-26T16:02:50.600000,9.733250857450416
2015-03-26T16:02:50.700000,9.729523091318931
2015-03-26T16:02:50.800000,9.743543712702367
2015-03-26T16:02:50.900000,9.73678467947556
2015-03-26T16:02:51.000000,9.753113008945869
2015-03-26T16:02:51.100000,9.723277785388715
2015-03-26T16:02:51.200000,9.72922212518517
2015-03-26T16:02:51.300000,9.752551055585377
2015-03-26T16:02:51.400000,9.764802283430807
2015-03-26T16:02:51.500000,9.7477912683644
2015-03-26T16:02:51.600000,9.74932192296243
2015-03-26T16:02:51.700000,9.736959428917324
2015-03-26T16:02:51.800000,9.746911498298964
2015-03-26T16:02:51.900000,9.747931599003374
2015-03-26T16:02:52.000000,9.749368421959389
2015-03-26T16:02:52.100000,9.7469315375374
2015-03-26T16:02:52.200000,9.75791344103767
2015-03-26T16:02:52.300000,9.759519603972922
2015-03-26T16:02:52.400000,9.75577717086801
2015-03-26T16:02:52.500000,9.74647003120268
2015-03-26T16:02:52.600000,9.732593085571196
2015-03-26T16:02:52.700000,9.730898944285986
2015-03-26T16:02:52.800000,9.747749266994148
2015-03-26T16:02:52.900000,9.73632802192199
2015-03-26T16:02:53.000000,9.737722972787994
2015-03-26T16:02:53.100000,9.7469123894511
2015-03-26T16:02:53.200000,9.732906102344492
2015-03-26T16:02:53.300000,9.714681366915425
2015-03-26T16:02:53.400000,9.733658591966275
2015-03-26T16:02:53.500000,9.724937425148738
2015-03-26T16:02:53.600000,9.73868763149368
2015-03-26T16:02:53.700000,9.755111497539191
2015-03-26T16:02:53.800000,9.763415099165137
2015-03-26T16:02:53.900000,9.748059940686604
2015-03-26T16:02:54.000000,9.74091751702431
2015-03-26T16:02:54.100000,9.74231497720568
2015-03-26T16:02:54.200000,9.739129763074994
2015-03-26T16:02:54.300000,9.73523879310972
2015-03-26T16:02:54.400000,9.746499632140369
2015-03-26T16:02:54.500000,9.74068316870856
2015-03-26T16:02:54.600000,9.72577538953538
2015-03-26T16:02:54.700000,9.72574461973324
2015-03-26T16:02:54.800000,9.729534285190327
2015-03-26T16:02:54.900000,9.723065835418153
2015-03-26T16:02:55.000000,9.717548941820631
2015-03-26T16:02:55.100000,9.737894596321889
2015-03-26T16:02:55.200000,9.736167252285494
2015-03-26T16:02:55.300000,9.73119230612034
2015-03-26T16:02:55.400000,9.735353963727595
2015-03-26T16:02:55.500000,9.742083073014651
2015-03-26T16:02:55.600000,9.74386870743586
2015-03-26T16:02:55.700000,9.737214200469532
2015-03-26T16:02:55.800000,9.72967131193663
2015-03-26T16:02:55.900000,9.743565810811605
2015-03-26T16:02:56.000000,9.738680071923053
2015-03-26T16:02:56.100000,9.761769119494137
2015-03-26T16:02:56.200000,9.75963859323402
2015-03-26T16:02:56.300000,9.75845053866256
2015-03-26T16:02:56.400000,9.746953417442638
2015-03-26T16:02:56.500000,9.739205240917176
2015-03-26T16:02:56.600000,9.766587095940896
2015-03-26T16:02:56.700000,9.761569367860917
2015-03-26T16:02:56.800000,9.753419512347612
2015-03-26T16:02:56.900000,9.7491197603071
2015-03-26T16:02:57.000000,9.747548611320218
2015-03-26T16:02:57.100000,9.738036633802556
2015-03-26T16:02:57.200000,9.746528393946994
2015-03-26T16:02:57.300000,9.749387551902812
2015-03-26T16:02:57.400000,9.782214513195807
2015-03-26T16:02:57.500000,9.757234698951663
2015-03-26T16:02:57.600000,9.732441044308528
2015-03-26T16:02:57.700000,9.741887157021528
2015-03-26T16:02:57.800000,9.7480356104272
2015-03-26T16:02:57.900000,9.739229604561007
2015-03-26T16:02:58.000000,9.753357975071795
2015-03-26T16:02:58.100000,9.754070277527266
2015-03-26T16:02:58.200000,9.753847920498258
2015-03-26T16:02:58.300000,9.733552538038838
2015-03-26T16:02:58.400000,9.735968119772494
2015-03-26T16:02:58.500000,9.752104568426471
2015-03-26T16:02:58.600000,9.742591744979606
2015-03-26T16:02:58.700000,9.742373927351762
2015-03-26T16:02:58.800000,9.72521734385733
2015-03-26T16:02:58.900000,9.72698992338503
2015-03-26T16:02:59.000000,9.725208616491871
2015-03-26T16:02:59.100000,9.735474085509663
2015-03-26T16:02:59.200000,9.712206845241482
2015-03-26T16:02:59.300000,9.695017787028032
2015-03-26T16:02:59.400000,9.727249979623704
2015-03-26T16:02:59.500000,9.718796947419566
2015-03-26T16:02:59.600000,9.724937574119489
2015-03-26T16:02:59.700000,9.758842858006084
2015-03-26T16:02:59.800000,9.740689845151564
2015-03-26T16:02:59.900000,9.730983809200628
2015-03-26T16:03:00.000000,9.716389902349086
2015-03-26T16:03:00.100000,9.737174159038686
2015-03-26T16:03:00.200000,9.740167610145996
2015-03-26T16:03:00.300000,9.72298885193566
2015-03-26T16:03:00.400000,9.723685452037373
2015-03-26T16:03:00.500000,9.721090752126749
2015-03-26T16:03:00.600000,9.732208695220796
2015-03-26T16:03:00.700000,9.752794542534147
2015-03-26T16:03:00.800000,9.74860293033788
2015-03-26T16:03:00.900000,9.746575113002748
2015-03-26T16:03:01.000000,9.745282723087849
2015-03-26T16:03:01.100000,9.753042288412765
2015-03-26T16:03:01.200000,9.722601507642093
2015-03-26T16:03:01.300000,9.739766788866172
2015-03-26T16:03:01.400000,9.746524489534776
2015-03-26T16:03:01.500000,9.73884015669933
2015-03-26T16:03:01.600000,9.758676669611813
2015-03-26T16:03:01.700000,9.763867647656198
2015-03-26T16:03:01.800000,9.751506993924878
2015-03-26T16:03:01.900000,9.749828405630476
2015-03-26T16:03:02.000000,9.770959209339424
2015-03-26T16:03:02.100000,9.743259846885469
2015-03-26T16:03:02.200000,9.73039552795396
2015-03-26T16:03:02.300000,9.725705765016755
2015-03-26T16:03:02.400000,9.76147703624578
2015-03-26T16:03:02.500000,9.752224831750034
2015-03-26T16:03:02.600000,9.741201714777022
2015-03-26T16:03:02.700000,9.748128618786616
2015-03-26T16:03:02.800000,9.7282142390937
2015-03-26T16:03:02.900000,9.742568206537245
2015-03-26T16:03:03.000000,9.724046107728276
2015-03-26T16:03:03.100000,9.737947956690602
2015-03-26T16:03:03.200000,9.74042486032744
2015-03-26T16:03:03.300000,9.75962499969236
2015-03-26T16:03:03.400000,9.754451871335222
2015-03-26T16:03:03.500000,9.758355608634302
2015-03-26T16:03:03.600000,9.768917043619847
2015-03-26T16:03:03.700000,9.74786778767803
2015-03-26T16:03:03.800000,9.732348350647053
2015-03-26T16:03:03.900000,9.747105777981734
2015-03-26T16:03:04.000000,9.73748378840043
2015-03-26T16:03:04.100000,9.710287867461728
2015-03-26T16:03:04.200000,9.72044068545098
2015-03-26T16:03:04.300000,9.713914139598051
2015-03-26T16:03:04.400000,9.707474854906389
2015-03-26T16:03:04.500000,9.71586252940446
2015-03-26T16:03:04.600000,9.731233462782416
2015-03-26T16:03:04.700000,9.708101284378616
2015-03-26T16:03:04.800000,9.697195210124514
2015-03-26T16:03:04.900000,9.72635009678778
2015-03-26T16:03:05.000000,9.722280768996296
2015-03-26T16:03:05.100000,9.702526994676212
2015-03-26T16:03:05.200000,9.699076580280131
2015-03-26T16:03:05.300000,9.716459580549497
2015-03-26T16:03:05.400000,9.724251209215158
2015-03-26T16:03:05.500000,9.714278973872169
2015-03-26T16:03:05.600000,9.726285009744824
2015-03-26T16:03:05.700000,9.711117803607884
2015-03-26T16:03:05.800000,9.732229599389791
2015-03-26T16:03:05.900000,9.718751393667926
2015-03-26T16:03:06.000000,9.714831586739452
2015-03-26T16:03:06.100000,9.71253521854418
2015-03-26T16:03:06.200000,9.718635524824249
2015-03-26T16:03:06.300000,9.747936593778466
2015-03-26T16:03:06.400000,9.777739691724088
2015-03-26T16:03:06.500000,9.747539985744623
2015-03-26T16:03:06.600000,9.732027781469622
2015-03-26T16:03:06.700000,9.746794635407484
2015-03-26T16:03:06.800000,9.734674106803926
2015-03-26T16:03:06.900000,9.756926601201238
2015-03-26T16:03:07.000000,9.7700444107999
2015-03-26T16:03:07.100000,9.758153055220252
2015-03-26T16:03:07.200000,9.773604437331963
2015-03-26T16:03:07.300000,9.78426319986703
2015-03-26T16:03:07.400000,9.759724809398875
2015-03-26T16:03:07.500000,9.767630467354223
2015-03-26T16:03:07.600000,9.7797079324751
2015-03-26T16:03:07.700000,9.776884035744905
2015-03-26T16:03:07.800000,9.75952992122667
2015-03-26T16:03:07.900000,9.755138384391827
2015-03-26T16:03:08.000000,9.76988782654838
2015-03-26T16:03:08.100000,9.784887841727985
2015-03-26T16:03:08.200000,9.786982653580784
2015-03-26T16:03:08.300000,9.749432062316972
2015-03-26T16:03:08.400000,9.7485601957509
2015-03-26T16:03:08.500000,9.76015467153486
2015-03-26T16:03:08.600000,9.748927049335022
2015-03-26T16:03:08.700000,9.74873239728126
2015-03-26T16:03:08.800000,9.748997351888756
2015-03-26T16:03:08.900000,9.73608996202499
2015-03-26T16:03:09.000000,9.752198945040004
2015-03-26T16:03:09.100000,9.745811636303108
2015-03-26T16:03:09.200000,9.717927861127464
2015-03-26T16:03:09.300000,9.727479382929786
2015-03-26T16:03:09.400000,9.737645474496125
2015-03-26T16:03:09.500000,9.731950195970825
2015-03-26T16:03:09.600000,9.759710355336669
2015-03-26T16:03:09.700000,9.747223794960302
2015-03-26T16:03:09.800000,9.745814420108047
2015-03-26T16:03:09.900000,9.732510273054164
2015-03-26T16:03:10.000000,9.708615814349914
2015-03-26T16:03:10.100000,9.724397338113778
2015-03-26T16:03:10.200000,9.737092845477294
2015-03-26T16:03:10.300000,9.715920719808004
2015-03-26T16:03:10.400000,9.705388095638051
2015-03-26T16:03:10.500000,9.697306220656642
2015-03-26T16:03:10.600000,9.698251535001477
2015-03-26T16:03:10.700000,9.711252829247412
2015-03-26T16:03:10.800000,9.69742913175229
2015-03-26T16:03:10.900000,9.706776994272158
2015-03-26T16:03:11.000000,9.72387890975439
2015-03-26T16:03:11.100000,9.720727573511727
2015-03-26T16:03:11.200000,9.71547614460141
2015-03-26T16:03:11.300000,9.711925403923711
2015-03-26T16:03:11.400000,9.70932888443033
2015-03-26T16:03:11.500000,9.728190229063864
2015-03-26T16:03:11.600000,9.733904743602697
2015-03-26T16:03:11.700000,9.718124984584795
2015-03-26T16:03:11.800000,9.731047422056296
2015-03-26T16:03:11.900000,9.752228353845808
2015-03-26T16:03:12.000000,9.742594453279263
2015-03-26T16:03:12.100000,9.730262979652508
2015-03-26T16:03:12.200000,9.733181758459065
2015-03-26T16:03:12.300000,9.740015837443517
2015-03-26T16:03:12.400000,9.766057537807772
2015-03-26T16:03:12.500000,9.771289740304356
2015-03-26T16:03:12.600000,9.751625025545255
2015-03-26T16:03:12.700000,9.77390784572677
2015-03-26T16:03:12.800000,9.762190924448204
2015-03-26T16:03:12.900000,9.755718237288557
2015-03-26T16:03:13.000000,9.74423274681957
2015-03-26T16:03:13.100000,9.732098666374425
2015-03-26T16:03:13.200000,9.741518717219604
2015-03-26T16:03:13.300000,9.760424308635049
2015-03-26T16:03:13.400000,9.757773147492022
2015-03-26T16:03:13.500000,9.768692613907316
2015-03-26T16:03:13.600000,9.75855630577748
2015-03-26T16:03:13.700000,9.746076837561326
2015-03-26T16:03:13.800000,9.760274389823284
2015-03-26T16:03:13.900000,9.739874777195968
2015-03-26T16:03:14.000000,9.727255389110596
2015-03-26T16:03:14.100000,9.742448320399058
2015-03-26T16:03:14.200000,9.728291535484075
2015-03-26T16:03:14.300000,9.760454218688157
2015-03-26T16:03:14.400000,9.773195507521123
2015-03-26T16:03:14.500000,9.768226482784714
2015-03-26T16:03:14.600000,9.759668000062817
2015-03-26T16:03:14.700000,9.75279433906956
2015-03-26T16:03:14.800000,9.753334462148125
2015-03-26T16:03:14.900000,9.749146997548223
2015-03-26T16:03:15.000000,9.724598940143798
2015-03-26T16:03:15.100000,9.738783433239714
2015-03-26T16:03:15.200000,9.741982708562269
2015-03-26T16:03:15.300000,9.75030177436386
2015-03-26T16:03:15.400000,9.740083908666495
2015-03-26T16:03:15.500000,9.722944961548382
2015-03-26T16:03:15.600000,9.746814667598498
2015-03-26T16:03:15.700000,9.731540421410976
2015-03-26T16:03:15.800000,9.732442269931669
2015-03-26T16:03:15.900000,9.73158682771239
2015-03-26T16:03:16.000000,9.716992778578607
2015-03-26T16:03:16.100000,9.71195264098336
2015-03-26T16:03:16.200000,9.728130160238424
2015-03-26T16:03:16.300000,9.75368693138813
2015-03-26T16:03:16.400000,9.730690183702286
2015-03-26T16:03:16.500000,9.723221817814496
2015-03-26T16:03:16.600000,9.69723998559736
2015-03-26T16:03:16.700000,9.704226356923517
2015-03-26T16:03:16.800000,9.723559960120053
2015-03-26T16:03:16.900000,9.723270217351471
2015-03-26T16:03:17.000000,9.719894900519847
2015-03-26T16:03:17.100000,9.726358474659618
2015-03-26T16:03:17.200000,9.72495042015319
2015-03-26T16:03:17.300000,9.74371151708618
2015-03-26T16:03:17.400000,9.7320132529476
2015-03-26T16:03:17.500000,9.71272721496345
2015-03-26T16:03:17.600000,9.72721633072594
2015-03-26T16:03:17.700000,9.753325967541878
2015-03-26T16:03:17.800000,9.743241634896066
2015-03-26T16:03:17.900000,9.726911594033997
2015-03-26T16:03:18.000000,9.763051652155054
2015-03-26T16:03:18.100000,9.751163062200682
2015-03-26T16:03:18.200000,9.740266538615897
2015-03-26T16:03:18.300000,9.750716741894433
2015-03-26T16:03:18.400000,9.751871401594292
2015-03-26T16:03:18.500000,9.751580115196838
2015-03-26T16:03:18.600000,9.744348722294466
2015-03-26T16:03:18.700000,9.749701156606536
2015-03-26T16:03:18.800000,9.759144729891554
2015-03-26T16:03:18.900000,9.761566619882936
2015-03-26T16:03:19.000000,9.762711317324188
2015-03-26T16:03:19.100000,9.753918791168436
2015-03-26T16:03:19.200000,9.73825080085639
2015-03-26T16:03:19.300000,9.753064923646896
2015-03-26T16:03:19.400000,9.770747570876845
2015-03-26T16:03:19.500000,9.752781470462802
2015-03-26T16:03:19.600000,9.73224541198318
2015-03-26T16:03:19.700000,9.736630243616034
2015-03-26T16:03:19.800000,9.765590578129755
2015-03-26T16:03:19.900000,9.761460675110062
2015-03-26T16:03:20.000000,9.757932571933509
2015-03-26T16:03:20.100000,9.742098228048905
2015-03-26T16:03:20.200000,9.74381903684701
2015-03-26T16:03:20.300000,9.753223179094457
2015-03-26T16:03:20.400000,9.736430181313114
2015-03-26T16:03:20.500000,9.74931848600967
2015-03-26T16:03:20.600000,9.73621416919124
2015-03-26T16:03:20.700000,9.730434517567389
2015-03-26T16:03:20.800000,9.732183901142834
2015-03-26T16:03:20.900000,9.722549923295649
2015-03-26T16:03:21.000000,9.73240825520469
2015-03-26T16:03:21.100000,9.727380798397112
2015-03-26T16:03:21.200000,9.717633401657784
2015-03-26T16:03:21.300000,9.74345517350854
2015-03-26T16:03:21.400000,9.726351683043802
2015-03-26T16:03:21.500000,9.722181058627571
2015-03-26T16:03:21.600000,9.706532869412312
2015-03-26T16:03:21.700000,9.70830094228848
2015-03-26T16:03:21.800000,9.711185323751415
2015-03-26T16:03:21.900000,9.706570117969289
2015-03-26T16:03:22.000000,9.724803873623625
2015-03-26T16:03:22.100000,9.740408045252344
2015-03-26T16:03:22.200000,9.731663230984452
2015-03-26T16:03:22.300000,9.69249731076031
2015-03-26T16:03:22.400000,9.717547699702662
2015-03-26T16:03:22.500000,9.72315771479399
2015-03-26T16:03:22.600000,9.725525685341
2015-03-26T16:03:22.700000,9.73372781469308
2015-03-26T16:03:22.800000,9.72582183157654
2015-03-26T16:03:22.900000,9.72661097515564
2015-03-26T16:03:23.000000,9.745439468223577
2015-03-26T16:03:23.100000,9.721687753465613
2015-03-26T16:03:23.200000,9.730866813457997
2015-03-26T16:03:23.300000,9.748394171255123
2015-03-26T16:03:23.400000,9.736671903692834
2015-03-26T16:03:23.500000,9.758281539602384
2015-03-26T16:03:23.600000,9.768640225189712
2015-03-26T16:03:23.700000,9.76172797055415
2015-03-26T16:03:23.800000,9.74315607754742
2015-03-26T16:03:23.900000,9.74732364684375
2015-03-26T16:03:24.000000,9.74618584779081
2015-03-26T16:03:24.100000,9.767349546931628
2015-03-26T16:03:24.200000,9.77403135207767
2015-03-26T16:03:24.300000,9.743936790801724
2015-03-26T16:03:24.400000,9.756613544172753
2015-03-26T16:03:24.500000,9.770448326886909
2015-03-26T16:03:24.600000,9.76198826164273
2015-03-26T16:03:24.700000,9.75033406728303
2015-03-26T16:03:24.800000,9.759038707374582
2015-03-26T16:03:24.900000,9.767452293533456
2015-03-26T16:03:25.000000,9.766129246713364
2015-03-26T16:03:25.100000,9.787433285885456
2015-03-26T16:03:25.200000,9.764389694324882
2015-03-26T16:03:25.300000,9.737705720716887
2015-03-26T16:03:25.400000,9.748279310095167
2015-03-26T16:03:25.500000,9.764596454829684
2015-03-26T16:03:25.600000,9.771619685292174
2015-03-26T16:03:25.700000,9.758269646949907
2015-03-26T16:03:25.800000,9.751554423047969
2015-03-26T16:03:25.900000,9.760347497347851
2015-03-26T16:03:26.000000,9.748007920666804
2015-03-26T16:03:26.100000,9.730383473854054
2015-03-26T16:03:26.200000,9.726856124598587
2015-03-26T16:03:26.300000,9.750903006941316
2015-03-26T16:03:26.400000,9.724365172747673
2015-03-26T16:03:26.500000,9.735233281190636
2015-03-26T16:03:26.600000,9.748878399709843
2015-03-26T16:03:26.700000,9.727460516437588
2015-03-26T16:03:26.800000,9.73061410468113
2015-03-26T16:03:26.900000,9.75075961302849
2015-03-26T16:03:27.000000,9.734251601305669
2015-03-26T16:03:27.100000,9.721544985667162
2015-03-26T16:03:27.200000,9.709046574857686
2015-03-26T16:03:27.300000,9.711504179589706
2015-03-26T16:03:27.400000,9.719206633361324
2015-03-26T16:03:27.500000,9.707461033250375
2015-03-26T16:03:27.600000,9.711985889028275
2015-03-26T16:03:27.700000,9.711891618258983
2015-03-26T16:03:27.800000,9.737510057544036
2015-03-26T16:03:27.900000,9.745670754321532
2015-03-26T16:03:28.000000,9.72111329483664
2015-03-26T16:03:28.100000,9.724639611334874
2015-03-26T16:03:28.200000,9.723771156886505
2015-03-26T16:03:28.300000,9.7274616323872
2015-03-26T16:03:28.400000,9.722077652510896
2015-03-26T16:03:28.500000,9.721244637053232
2015-03-26T16:03:28.600000,9.726070532980213
2015-03-26T16:03:28.700000,9.718299954877324
2015-03-26T16:03:28.800000,9.743810263591351
2015-03-26T16:03:28.900000,9.745740037396072
2015-03-26T16:03:29.000000,9.722629598920244
2015-03-26T16:03:29.100000,9.7352352227988
2015-03-26T16:03:29.200000,9.736943628803187
2015-03-26T16:03:29.300000,9.739524567624784
2015-03-26T16:03:29.400000,9.75414488602681
2015-03-26T16:03:29.500000,9.745352731386935
2015-03-26T16:03:29.600000,9.754233253978384
2015-03-26T16:03:29.700000,9.755379932452376
2015-03-26T16:03:29.800000,9.750319956025796
2015-03-26T16:03:29.900000,9.740899765056737
2015-03-26T16:03:30.000000,9.75841334609724
2015-03-26T16:03:30.100000,9.760635095381817
2015-03-26T16:03:30.200000,9.75916519808523
2015-03-26T16:03:30.300000,9.768426598053711
2015-03-26T16:03:30.400000,9.761767189087104
2015-03-26T16:03:30.500000,9.744360160886526
2015-03-26T16:03:30.600000,9.734778261115194
2015-03-26T16:03:30.700000,9.75901102295954
2015-03-26T16:03:30.800000,9.738986124793744
2015-03-26T16:03:30.900000,9.749038309062922
2015-03-26T16:03:31.000000,9.737967731818696
2015-03-26T16:03:31.100000,9.73331252830523
2015-03-26T16:03:31.200000,9.72996554428105
2015-03-26T16:03:31.300000,9.721169296288132
2015-03-26T16:03:31.400000,9.72925834546588
2015-03-26T16:03:31.500000,9.742273812652812
2015-03-26T16:03:31.600000,9.743020367829322
2015-03-26T16:03:31.700000,9.754235206171852
2015-03-26T16:03:31.800000,9.739604214462702
2015-03-26T16:03:31.900000,9.722232174694868
2015-03-26T16:03:32.000000,9.72982877702062
2015-03-26T16:03:32.100000,9.72756281522718
2015-03-26T16:03:32.200000,9.756646453285516
2015-03-26T16:03:32.300000,9.763821313665598
2015-03-26T16:03:32.400000,9.750917558560294
2015-03-26T16:03:32.500000,9.747365741884032
2015-03-26T16:03:32.600000,9.750738741865844
2015-03-26T16:03:32.700000,9.755518712060292
2015-03-26T16:03:32.800000,9.726345152205065
2015-03-26T16:03:32.900000,9.73472209227365
2015-03-26T16:03:33.000000,9.763397202266658
2015-03-26T16:03:33.100000,9.767498856270391
2015-03-26T16:03:33.200000,9.742090382759969
2015-03-26T16:03:33.300000,9.734836204732256
2015-03-26T16:03:33.400000,9.736684907087774
2015-03-26T16:03:33.500000,9.706884052927494
2015-03-26T16:03:33.600000,9.716303679715727
2015-03-26T16:03:33.700000,9.721251677778552
2015-03-26T16:03:33.800000,9.728410728434003
2015-03-26T16:03:33.900000,9.714411486322325
2015-03-26T16:03:34.000000,9.73486427341639
2015-03-26T16:03:34.100000,9.747975748779108
2015-03-26T16:03:34.200000,9.723579712509922
2015-03-26T16:03:34.300000,9.74559797081538
2015-03-26T16:03:34.400000,9.746014857244598
2015-03-26T16:03:34.500000,9.725875429974243
2015-03-26T16:03:34.600000,9.741900689161325
2015-03-26T16:03:34.700000,9.725409422461544
2015-03-26T16:03:34.800000,9.729218797465222
2015-03-26T16:03:34.900000,9.75380456024752
2015-03-26T16:03:35.000000,9.75729954105798
2015-03-26T16:03:35.100000,9.735980525055204
2015-03-26T16:03:35.200000,9.74537874100046
2015-03-26T16:03:35.300000,9.743960958447854
2015-03-26T16:03:35.400000,9.723852523694156
2015-03-26T16:03:35.500000,9.744938226875172
2015-03-26T16:03:35.600000,9.759392035369432
2015-03-26T16:03:35.700000,9.754385427496052
2015-03-26T16:03:35.800000,9.743949535698322
2015-03-26T16:03:35.900000,9.756276354515826
2015-03-26T16:03:36.000000,9.758077418379472
2015-03-26T16:03:36.100000,9.748780683161614
2015-03-26T16:03:36.200000,9.744480250924644
2015-03-26T16:03:36.300000,9.747805343089736
2015-03-26T16:03:36.400000,9.761275004183672
2015-03-26T16:03:36.500000,9.754597741242268
2015-03-26T16:03:36.600000,9.747268941238966
2015-03-26T16:03:36.700000,9.754019315795375
2015-03-26T16:03:36.800000,9.732846677676305
2015-03-26T16:03:36.900000,9.734406831913253
2015-03-26T16:03:37.000000,9.737105286669422
2015-03-26T16:03:37.100000,9.752741107672817
2015-03-26T16:03:37.200000,9.752333179533712
2015-03-26T16:03:37.300000,9.740424786989363
2015-03-26T16:03:37.400000,9.737955707737337
2015-03-26T16:03:37.500000,9.743676595032406
2015-03-26T16:03:37.600000,9.75798792704279
2015-03-26T16:03:37.700000,9.761025800572556
2015-03-26T16:03:37.800000,9.761309474908638
2015-03-26T16:03:37.900000,9.733403794951132
2015-03-26T16:03:38.000000,9.743177055329031
2015-03-26T16:03:38.100000,9.749910323850791
2015-03-26T16:03:38.200000,9.743933900084595
2015-03-26T16:03:38.300000,9.740466957654172
2015-03-26T16:03:38.400000,9.73431093148818
2015-03-26T16:03:38.500000,9.7453312620695
2015-03-26T16:03:38.600000,9.746301708515608
2015-03-26T16:03:38.700000,9.73635117237218
2015-03-26T16:03:38.800000,9.733218621076348
2015-03-26T16:03:38.900000,9.72231810815899
2015-03-26T16:03:39.000000,9.735538800940205
2015-03-26T16:03:39.100000,9.726903494925196
2015-03-26T16:03:39.200000,9.732009895513915
2015-03-26T16:03:39.300000,9.74775685219312
2015-03-26T16:03:39.400000,9.750003692967018
2015-03-26T16:03:39.500000,9.744778980235484
2015-03-26T16:03:39.600000,9.716434310476387
2015-03-26T16:03:39.700000,9.726098995005552
2015-03-26T16:03:39.800000,9.74420292961374
2015-03-26T16:03:39.900000,9.757581732541178
2015-03-26T16:03:40.000000,9.731809800050394
2015-03-26T16:03:40.100000,9.723027648621994
2015-03-26T16:03:40.200000,9.740686996889302
2015-03-26T16:03:40.300000,9.745792035848709
2015-03-26T16:03:40.400000,9.740794250673426
2015-03-26T16:03:40.500000,9.76386037603068
2015-03-26T16:03:40.600000,9.759682084834406
2015-03-26T16:03:40.700000,9.742013565648469
2015-03-26T16:03:40.800000,9.740349413891012
2015-03-26T16:03:40.900000,9.744703750160792
2015-03-26T16:03:41.000000,9.755650359364669
2015-03-26T16:03:41.100000,9.747925703789118
2015-03-26T16:03:41.200000,9.752638826610164
2015-03-26T16:03:41.300000,9.76127245387672
2015-03-26T16:03:41.400000,9.754194474653442
2015-03-26T16:03:41.500000,9.749287700648674
2015-03-26T16:03:41.600000,9.757744360058991
2015-03-26T16:03:41.700000,9.767386499736812
2015-03-26T16:03:41.800000,9.743567800649997
2015-03-26T16:03:41.900000,9.735913698123904
2015-03-26T16:03:42.000000,9.749936595858507
2015-03-26T16:03:42.100000,9.738340291739291
2015-03-26T16:03:42.200000,9.7394965990093
2015-03-26T16:03:42.300000,9.762032845728989
2015-03-26T16:03:42.400000,9.73794974145668
2015-03-26T16:03:42.500000,9.731628448889865
2015-03-26T16:03:42.600000,9.745938076648796
2015-03-26T16:03:42.700000,9.764779133771954
2015-03-26T16:03:42.800000,9.730437863573414
2015-03-26T16:03:42.900000,9.72429187024423
2015-03-26T16:03:43.000000,9.72689780181313
2015-03-26T16:03:43.100000,9.726578955635864
2015-03-26T16:03:43.200000,9.74445411473758
2015-03-26T16:03:43.300000,9.73950479101704
2015-03-26T16:03:43.400000,9.726870733344567
2015-03-26T16:03:43.500000,9.734868088620903
2015-03-26T16:03:43.600000,9.73696818593719
2015-03-26T16:03:43.700000,9.759152255858524
2015-03-26T16:03:43.800000,9.755593708581635
2015-03-26T16:03:43.900000,9.718603829693263
2015-03-26T16:03:44.000000,9.725974153275208
2015-03-26T16:03:44.100000,9.735270516481652
2015-03-26T16:03:44.200000,9.728503044393124
2015-03-26T16:03:44.300000,9.752112652314889
2015-03-26T16:03:44.400000,9.749632449184766
2015-03-26T16:03:44.500000,9.725294562370044
2015-03-26T16:03:44.600000,9.729144458096524
2015-03-26T16:03:44.700000,9.73477654162595
2015-03-26T16:03:44.800000,9.741974305822152
2015-03-26T16:03:44.900000,9.759338637638564
2015-03-26T16:03:45.000000,9.755451451859717
2015-03-26T16:03:45.100000,9.732249897759669
2015-03-26T16:03:45.200000,9.726614660280688
2015-03-26T16:03:45.300000,9.74470983176544
2015-03-26T16:03:45.400000,9.769258943105331
2015-03-26T16:03:45.500000,9.760883493139078
2015-03-26T16:03:45.600000,9.743380523020008
2015-03-26T16:03:45.700000,9.725073283756709
2015-03-26T16:03:45.800000,9.740294213660569
2015-03-26T16:03:45.900000,9.749440432984576
2015-03-26T16:03:46.000000,9.740798494610653
2015-03-26T16:03:46.100000,9.7264428138501
2015-03-26T16:03:46.200000,9.732590956052189
2015-03-26T16:03:46.300000,9.746801726334231
2015-03-26T16:03:46.400000,9.73402784628973
2015-03-26T16:03:46.500000,9.719954671552069
2015-03-26T16:03:46.600000,9.717109999742034
2015-03-26T16:03:46.700000,9.732050276474308
2015-03-26T16:03:46.800000,9.76140212180202
2015-03-26T16:03:46.900000,9.751577368218165
2015-03-26T16:03:47.000000,9.736607672242966
2015-03-26T16:03:47.100000,9.728385245687136
2015-03-26T16:03:47.200000,9.740577935654352
2015-03-26T16:03:47.300000,9.75670128218828
2015-03-26T16:03:47.400000,9.7571511100216
2015-03-26T16:03:47.500000,9.734333801695032
2015-03-26T16:03:47.600000,9.724672809916472
2015-03-26T16:03:47.700000,9.734351394081989
2015-03-26T16:03:47.800000,9.741411893008332
2015-03-26T16:03:47.900000,9.75808251532635
2015-03-26T16:03:48.000000,9.744336602000306
2015-03-26T16:03:48.100000,9.739559215973593
2015-03-26T16:03:48.200000,9.74655124649128
2015-03-26T16:03:48.300000,9.73912666037225
2015-03-26T16:03:48.400000,9.735892082474184
2015-03-26T16:03:48.500000,9.745701130288625
2015-03-26T16:03:48.600000,9.744679087568922
2015-03-26T16:03:48.700000,9.747170728851028
2015-03-26T16:03:48.800000,9.751550801389058
2015-03-26T16:03:48.900000,9.74712306379126
2015-03-26T16:03:49.000000,9.770071811676129
2015-03-26T16:03:49.100000,9.75962720970495
2015-03-26T16:03:49.200000,9.742176547404142
2015-03-26T16:03:49.300000,9.73199120711545
2015-03-26T16:03:49.400000,9.745822030257502
2015-03-26T16:03:49.500000,9.752571673009673
2015-03-26T16:03:49.600000,9.764917140490956
2015-03-26T16:03:49.700000,9.73977385616752
2015-03-26T16:03:49.800000,9.74567099979513
2015-03-26T16:03:49.900000,9.746188091019262
2015-03-26T16:03:50.000000,9.745649405665782
2015-03-26T16:03:50.100000,9.754846850785102
2015-03-26T16:03:50.200000,9.7577904440758
2015-03-26T16:03:50.300000,9.76367209127834
2015-03-26T16:03:50.400000,9.770259020782872
2015-03-26T16:03:50.500000,9.767336569401506
2015-03-26T16:03:50.600000,9.73785014817829
2015-03-26T16:03:50.700000,9.74429721254106
2015-03-26T16:03:50.800000,9.754416644293206
2015-03-26T16:03:50.900000,9.73977413333149
2015-03-26T16:03:51.000000,9.728143351092822
2015-03-26T16:03:51.100000,9.735228935155869
2015-03-26T16:03:51.200000,9.727768037113336
2015-03-26T16:03:51.300000,9.753811065143216
2015-03-26T16:03:51.400000,9.727106205034035
2015-03-26T16:03:51.500000,9.719636841065514
2015-03-26T16:03:51.600000,9.738904303564134
2015-03-26T16:03:51.700000,9.729629140688662
2015-03-26T16:03:51.800000,9.725010377994757
2015-03-26T16:03:51.900000,9.728140091107186
2015-03-26T16:03:52.000000,9.729453301882604
2015-03-26T16:03:52.100000,9.713226713642015
2015-03-26T16:03:52.200000,9.703073920534752
2015-03-26T16:03:52.300000,9.709506961912082
2015-03-26T16:03:52.400000,9.705263037901831
2015-03-26T16:03:52.500000,9.717021250954565
2015-03-26T16:03:52.600000,9.725750191552107
2015-03-26T16:03:52.700000,9.736427454280824
2015-03-26T16:03:52.800000,9.726180866331774
2015-03-26T16:03:52.900000,9.743177590189193
2015-03-26T16:03:53.000000,9.73917750786504
2015-03-26T16:03:53.100000,9.72664680230556
2015-03-26T16:03:53.200000,9.711841113235318
2015-03-26T16:03:53.300000,9.7316261456968
2015-03-26T16:03:53.400000,9.7571853285009
2015-03-26T16:03:53.500000,9.741555036331274
2015-03-26T16:03:53.600000,9.749314074933109
2015-03-26T16:03:53.700000,9.76684733482568
2015-03-26T16:03:53.800000,9.749263750453336
2015-03-26T16:03:53.900000,9.736906557481085
2015-03-26T16:03:54.000000,9.76923353043118
2015-03-26T16:03:54.100000,9.761573662992976
2015-03-26T16:03:54.200000,9.753692029093475
2015-03-26T16:03:54.300000,9.745165017444796
2015-03-26T16:03:54.400000,9.760661089496052
2015-03-26T16:03:54.500000,9.781678339581989
2015-03-26T16:03:54.600000,9.752842149151554
2015-03-26T16:03:54.700000,9.747305387376771
2015-03-26T16:03:54.800000,9.749276824832307
2015-03-26T16:03:54.900000,9.737744302615011
2015-03-26T16:03:55.000000,9.75683020808666
2015-03-26T16:03:55.100000,9.76402987720428
2015-03-26T16:03:55.200000,9.754978910789369
2015-03-26T16:03:55.300000,9.762789478739734
2015-03-26T16:03:55.400000,9.774467200580975
2015-03-26T16:03:55.500000,9.743667412341262
2015-03-26T16:03:55.600000,9.73713655911919
2015-03-26T16:03:55.700000,9.76833365626939
2015-03-26T16:03:55.800000,9.78022032906526
2015-03-26T16:03:55.900000,9.780991897433148
2015-03-26T16:03:56.000000,9.77335456209394
2015-03-26T16:03:56.100000,9.761322029931094
2015-03-26T16:03:56.200000,9.757847388772715
2015-03-26T16:03:56.300000,9.744895378870025
2015-03-26T16:03:56.400000,9.727762724996907
2015-03-26T16:03:56.500000,9.746234509223893
2015-03-26T16:03:56.600000,9.76198110858225
2015-03-26T16:03:56.700000,9.778381988083352
2015-03-26T16:03:56.800000,9.77009210832245
2015-03-26T16:03:56.900000,9.754943042154958
2015-03-26T16:03:57.000000,9.749646635303126
2015-03-26T16:03:57.100000,9.718651543746924
2015-03-26T16:03:57.200000,9.740354415974783
2015-03-26T16:03:57.300000,9.726455591515984
2015-03-26T16:03:57.400000,9.738015264502724
2015-03-26T16:03:57.500000,9.73450824750208
2015-03-26T16:03:57.600000,9.700188841394263
2015-03-26T16:03:57.700000,9.720854165894895
2015-03-26T16:03:57.800000,9.727362492892558
2015-03-26T16:03:57.900000,9.715444651652048
2015-03-26T16:03:58.000000,9.721353968210062
2015-03-26T16:03:58.100000,9.727342213739998
2015-03-26T16:03:58.200000,9.708705249610007
2015-03-26T16:03:58.300000,9.72756930218708
2015-03-26T16:03:58.400000,9.72577508107171
2015-03-26T16:03:58.500000,9.712370340633042
2015-03-26T16:03:58.600000,9.726192514816388
2015-03-26T16:03:58.700000,9.73586227394062
2015-03-26T16:03:58.800000,9.708447867756073
2015-03-26T16:03:58.900000,9.714670242783868
2015-03-26T16:03:59.000000,9.759002709217446
2015-03-26T16:03:59.100000,9.768328357371812
2015-03-26T16:03:59.200000,9.763788640987602
2015-03-26T16:03:59.300000,9.762375622033296
2015-03-26T16:03:59.400000,9.768021267521837
2015-03-26T16:03:59.500000,9.7870106889226
2015-03-26T16:03:59.600000,9.77518316902392
2015-03-26T16:03:59.700000,9.773720063898896
2015-03-26T16:03:59.800000,9.773844899640292
2015-03-26T16:03:59.900000,9.7662221470885
2015-03-26T16:04:00.000000,9.765008959450096
2015-03-26T16:04:00.100000,9.76237613978762
2015-03-26T16:04:00.200000,9.7620534459339
2015-03-26T16:04:00.300000,9.755318080925289
2015-03-26T16:04:00.400000,9.742423050202936
2015-03-26T16:04:00.500000,9.752171517875228
2015-03-26T16:04:00.600000,9.74710039323826
2015-03-26T16:04:00.700000,9.7421532696409
2015-03-26T16:04:00.800000,9.747956986811513
2015-03-26T16:04:00.900000,9.74715344079639
2015-03-26T16:04:01.000000,9.753278445280076
2015-03-26T16:04:01.100000,9.759542877348087
2015-03-26T16:04:01.200000,9.758028461912916
2015-03-26T16:04:01.300000,9.759597428937807
2015-03-26T16:04:01.400000,9.75986235393395
2015-03-26T16:04:01.500000,9.743470280955044
2015-03-26T16:04:01.600000,9.717413215093831
2015-03-26T16:04:01.700000,9.751326058294907
2015-03-26T16:04:01.800000,9.756672959291508
2015-03-26T16:04:01.900000,9.7528026478728
2015-03-26T16:04:02.000000,9.747487923088586
2015-03-26T16:04:02.100000,9.76851291269744
2015-03-26T16:04:02.200000,9.760671071413237
2015-03-26T16:04:02.300000,9.75491238217424
2015-03-26T16:04:02.400000,9.73709669055188
2015-03-26T16:04:02.500000,9.73655307764794
2015-03-26T16:04:02.600000,9.72586287823009
2015-03-26T16:04:02.700000,9.744358101268034
2015-03-26T16:04:02.800000,9.735708998466489
2015-03-26T16:04:02.900000,9.74334456197397
2015-03-26T16:04:03.000000,9.731825577438803
2015-03-26T16:04:03.100000,9.723890364499534
2015-03-26T16:04:03.200000,9.744942526408986
2015-03-26T16:04:03.300000,9.72746989033698
2015-03-26T16:04:03.400000,9.717450791049393
2015-03-26T16:04:03.500000,9.724508370932856
2015-03-26T16:04:03.600000,9.720422554249144
2015-03-26T16:04:03.700000,9.718977866437967
2015-03-26T16:04:03.800000,9.71651539453942
2015-03-26T16:04:03.900000,9.727661075634265
2015-03-26T16:04:04.000000,9.731406398155505
2015-03-26T16:04:04.100000,9.71921887314383
2015-03-26T16:04:04.200000,9.717372391482938
2015-03-26T16:04:04.300000,9.725738928163125
2015-03-26T16:04:04.400000,9.706306947450884
2015-03-26T16:04:04.500000,9.712944368031758
2015-03-26T16:04:04.600000,9.727807486098463
2015-03-26T16:04:04.700000,9.734549477718314
2015-03-26T16:04:04.800000,9.731273416727202
2015-03-26T16:04:04.900000,9.72821289096685
2015-03-26T16:04:05.000000,9.727085501966796
2015-03-26T16:04:05.100000,9.722396633062605
2015-03-26T16:04:05.200000,9.722025900996307
2015-03-26T16:04:05.300000,9.747658879910595
2015-03-26T16:04:05.400000,9.737075482225812
2015-03-26T16:04:05.500000,9.731175848773526
2015-03-26T16:04:05.600000,9.725462556787578
2015-03-26T16:04:05.700000,9.718231861880495
2015-03-26T16:04:05.800000,9.74957942463242
2015-03-26T16:04:05.900000,9.775685620683976
2015-03-26T16:04:06.000000,9.75549970031903
2015-03-26T16:04:06.100000,9.751805957040249
2015-03-26T16:04:06.200000,9.772692834827094
2015-03-26T16:04:06.300000,9.750718532294131
2015-03-26T16:04:06.400000,9.758698803014646
2015-03-26T16:04:06.500000,9.765128227688944
2015-03-26T16:04:06.600000,9.75252308168264
2015-03-26T16:04:06.700000,9.75153792013772
2015-03-26T16:04:06.800000,9.769074451766937
2015-03-26T16:04:06.900000,9.769673734120651
2015-03-26T16:04:07.000000,9.769895646720862
2015-03-26T16:04:07.100000,9.752988365988232
2015-03-26T16:04:07.200000,9.767982036823224
2015-03-26T16:04:07.300000,9.778059437894584
2015-03-26T16:04:07.400000,9.766294395434109
2015-03-26T16:04:07.500000,9.768663583600157
2015-03-26T16:04:07.600000,9.745719193868348
2015-03-26T16:04:07.700000,9.769761760836172
2015-03-26T16:04:07.800000,9.772427231875236
2015-03-26T16:04:07.900000,9.770454148769277
2015-03-26T16:04:08.000000,9.770538784374049
2015-03-26T16:04:08.100000,9.767184268760458
2015-03-26T16:04:08.200000,9.74163563738204
2015-03-26T16:04:08.300000,9.743563897458904
2015-03-26T16:04:08.400000,9.755890767570872
2015-03-26T16:04:08.500000,9.753465051617358
2015-03-26T16:04:08.600000,9.761501842756386
2015-03-26T16:04:08.700000,9.742356268241808
2015-03-26T16:04:08.800000,9.764323522071152
2015-03-26T16:04:08.900000,9.768580574341392
2015-03-26T16:04:09.000000,9.756207270737509
2015-03-26T16:04:09.100000,9.754211384436212
2015-03-26T16:04:09.200000,9.742119139052145
2015-03-26T16:04:09.300000,9.733276008701315
2015-03-26T16:04:09.400000,9.73398041207323
2015-03-26T16:04:09.500000,9.732928078707824
2015-03-26T16:04:09.600000,9.741104727926608
2015-03-26T16:04:09.700000,9.731979440720936
2015-03-26T16:04:09.800000,9.706192328308909
2015-03-26T16:04:09.900000,9.718435019093656
2015-03-26T16:04:10.000000,9.729622475260962
2015-03-26T16:04:10.100000,9.72309323821282
2015-03-26T16:04:10.200000,9.723028109549157
2015-03-26T16:04:10.300000,9.71571233684679
2015-03-26T16:04:10.400000,9.70518403454578
2015-03-26T16:04:10.500000,9.69255587176542
2015-03-26T16:04:10.600000,9.676071881736693
2015-03-26T16:04:10.700000,9.689833570896209
2015-03-26T16:04:10.800000,9.71952690055866
2015-03-26T16:04:10.900000,9.715271817973196
2015-03-26T16:04:11.000000,9.713662482080734
2015-03-26T16:04:11.100000,9.736152447535202
2015-03-26T16:04:11.200000,9.709030426070036
2015-03-26T16:04:11.300000,9.704984986828087
2015-03-26T16:04:11.400000,9.715926078218772
2015-03-26T16:04:11.500000,9.716169159557165
2015-03-26T16:04:11.600000,9.711263084791224
2015-03-26T16:04:11.700000,9.7098546935535
2015-03-26T16:04:11.800000,9.729194880845732
2015-03-26T16:04:11.900000,9.74405561925118
2015-03-26T16:04:12.000000,9.75804157747984
2015-03-26T16:04:12.100000,9.762084361306284
2015-03-26T16:04:12.200000,9.746285139667282
2015-03-26T16:04:12.300000,9.741246275021105
2015-03-26T16:04:12.400000,9.739784012709748
2015-03-26T16:04:12.500000,9.766162129759614
2015-03-26T16:04:12.600000,9.76225141268337
2015-03-26T16:04:12.700000,9.750489945110171
2015-03-26T16:04:12.800000,9.77038335193346
2015-03-26T16:04:12.900000,9.764368340683088
2015-03-26T16:04:13.000000,9.782497666485456
2015-03-26T16:04:13.100000,9.76971263509675
2015-03-26T16:04:13.200000,9.765520932807632
2015-03-26T16:04:13.300000,9.767145125695466
2015-03-26T16:04:13.400000,9.767216181847756
2015-03-26T16:04:13.500000,9.765325470543772
2015-03-26T16:04:13.600000,9.750814097364714
2015-03-26T16:04:13.700000,9.7608037139317
2015-03-26T16:04:13.800000,9.740424569355955
2015-03-26T16:04:13.900000,9.730195722524876
2015-03-26T16:04:14.000000,9.754058799294912
2015-03-26T16:04:14.100000,9.751771562040547
2015-03-26T16:04:14.200000,9.747390975005294
2015-03-26T16:04:14.300000,9.76322194458019
2015-03-26T16:04:14.400000,9.76906712137106
2015-03-26T16:04:14.500000,9.76001440569221
2015-03-26T16:04:14.600000,9.761778024470656
2015-03-26T16:04:14.700000,9.744760622461255
2015-03-26T16:04:14.800000,9.738447606482952
2015-03-26T16:04:14.900000,9.75339124133336
2015-03-26T16:04:15.000000,9.744698601370208
2015-03-26T16:04:15.100000,9.739928611878398
2015-03-26T16:04:15.200000,9.73949104221114
2015-03-26T16:04:15.300000,9.74448992990608
2015-03-26T16:04:15.400000,9.733648666365216
2015-03-26T16:04:15.500000,9.726552814389644
2015-03-26T16:04:15.600000,9.728903640845038
2015-03-26T16:04:15.700000,9.737808829102557
2015-03-26T16:04:15.800000,9.73579365116587
2015-03-26T16:04:15.900000,9.72522661744066
2015-03-26T16:04:16.000000,9.736002309447796
2015-03-26T16:04:16.100000,9.747189255336984
2015-03-26T16:04:16.200000,9.72629535442722
2015-03-26T16:04:16.300000,9.736696916232969
2015-03-26T16:04:16.400000,9.738689151650709
2015-03-26T16:04:16.500000,9.73290721322992
2015-03-26T16:04:16.600000,9.71672585230004
2015-03-26T16:04:16.700000,9.714144899832082
2015-03-26T16:04:16.800000,9.714232168941578
2015-03-26T16:04:16.900000,9.740930697533924
2015-03-26T16:04:17.000000,9.726914533197125
2015-03-26T16:04:17.100000,9.718554452855862
2015-03-26T16:04:17.200000,9.735661439505462
2015-03-26T16:04:17.300000,9.723813651900269
2015-03-26T16:04:17.400000,9.732905317345407
2015-03-26T16:04:17.500000,9.736810821975178
2015-03-26T16:04:17.600000,9.736651114651158
2015-03-26T16:04:17.700000,9.738747167984473
2015-03-26T16:04:17.800000,9.74579615635939
2015-03-26T16:04:17.900000,9.735304797886336
2015-03-26T16:04:18.000000,9.733423623005804
2015-03-26T16:04:18.100000,9.735543805916553
2015-03-26T16:04:18.200000,9.727700343688351
2015-03-26T16:04:18.300000,9.722357447739157
2015-03-26T16:04:18.400000,9.724110039118807
2015-03-26T16:04:18.500000,9.74925534966069
2015-03-26T16:04:18.600000,9.750600244988933
2015-03-26T16:04:18.700000,9.741732852776185
2015-03-26T16:04:18.800000,9.759094910456742
2015-03-26T16:04:18.900000,9.761342983451469
2015-03-26T16:04:19.000000,9.743172041678966
2015-03-26T16:04:19.100000,9.74240614635283
2015-03-26T16:04:19.200000,9.74553337017902
2015-03-26T16:04:19.300000,9.752510575603
2015-03-26T16:04:19.400000,9.753398628587275
2015-03-26T16:04:19.500000,9.77399750338021
2015-03-26T16:04:19.600000,9.74918377233253
2015-03-26T16:04:19.700000,9.719754564661422
2015-03-26T16:04:19.800000,9.726697562257913
2015-03-26T16:04:19.900000,9.766244494565406
2015-03-26T16:04:20.000000,9.747601220456636
2015-03-26T16:04:20.100000,9.75306695461834
2015-03-26T16:04:20.200000,9.77615651450359
2015-03-26T16:04:20.300000,9.754968239854785
2015-03-26T16:04:20.400000,9.7480207515359
2015-03-26T16:04:20.500000,9.75545471533453
2015-03-26T16:04:20.600000,9.750901448578848
2015-03-26T16:04:20.700000,9.74103268155958
2015-03-26T16:04:20.800000,9.745663767510528
2015-03-26T16:04:20.900000,9.736934393954671
2015-03-26T16:04:21.000000,9.74580301831732
2015-03-26T16:04:21.100000,9.759476432672331
2015-03-26T16:04:21.200000,9.746403789438537
2015-03-26T16:04:21.300000,9.74339139610758
2015-03-26T16:04:21.400000,9.749066360551687
2015-03-26T16:04:21.500000,9.75610122494678
2015-03-26T16:04:21.600000,9.76646546820219
2015-03-26T16:04:21.700000,9.74434996868907
2015-03-26T16:04:21.800000,9.732290002906252
2015-03-26T16:04:21.900000,9.747123559399451
2015-03-26T16:04:22.000000,9.753541065306996
2015-03-26T16:04:22.100000,9.762513027873045
2015-03-26T16:04:22.200000,9.783445379406462
2015-03-26T16:04:22.300000,9.780889176796466
2015-03-26T16:04:22.400000,9.741016909549913
2015-03-26T16:04:22.500000,9.737403806329043
2015-03-26T16:04:22.600000,9.747213349617285
2015-03-26T16:04:22.700000,9.739430746308894
2015-03-26T16:04:22.800000,9.737194281693132
2015-03-26T16:04:22.900000,9.733092011998822
2015-03-26T16:04:23.000000,9.744102085821432
2015-03-26T16:04:23.100000,9.727608038864124
2015-03-26T16:04:23.200000,9.74203315794527
2015-03-26T16:04:23.300000,9.740113592617512
2015-03-26T16:04:23.400000,9.752524301014391
2015-03-26T16:04:23.500000,9.762686520379605
2015-03-26T16:04:23.600000,9.756154647664417
2015-03-26T16:04:23.700000,9.742043883666843
2015-03-26T16:04:23.800000,9.720231513583444
2015-03-26T16:04:23.900000,9.725841965865705
2015-03-26T16:04:24.000000,9.721639977552128
2015-03-26T16:04:24.100000,9.729420793772697
2015-03-26T16:04:24.200000,9.711896470126012
2015-03-26T16:04:24.300000,9.704041976421534
2015-03-26T16:04:24.400000,9.713089154894996
2015-03-26T16:04:24.500000,9.71964834623804
2015-03-26T16:04:24.600000,9.713208116028728
2015-03-26T16:04:24.700000,9.719285765866534
2015-03-26T16:04:24.800000,9.72682374644731
2015-03-26T16:04:24.900000,9.73137156642258
2015-03-26T16:04:25.000000,9.729864634273198
2015-03-26T16:04:25.100000,9.730250946521275
2015-03-26T16:04:25.200000,9.735681100713224
2015-03-26T16:04:25.300000,9.736781237343788
2015-03-26T16:04:25.400000,9.719772744952785
2015-03-26T16:04:25.500000,9.733351514780852
2015-03-26T16:04:25.600000,9.764378299165758
2015-03-26T16:04:25.700000,9.755163726303309
2015-03-26T16:04:25.800000,9.744658530619745
2015-03-26T16:04:25.900000,9.755754187567089
2015-03-26T16:04:26.000000,9.763385310453508
2015-03-26T16:04:26.100000,9.75549419570039
2015-03-26T16:04:26.200000,9.77495963507245
2015-03-26T16:04:26.300000,9.78541876941427
2015-03-26T16:04:26.400000,9.77589179231948
2015-03-26T16:04:26.500000,9.762031655022229
2015-03-26T16:04:26.600000,9.761095016872604
2015-03-26T16:04:26.700000,9.7542377865222
2015-03-26T16:04:26.800000,9.756150645181018
2015-03-26T16:04:26.900000,9.77193310230895
2015-03-26T16:04:27.000000,9.753387366295746
2015-03-26T16:04:27.100000,9.76651862286738
2015-03-26T16:04:27.200000,9.76741429119342
2015-03-26T16:04:27.300000,9.769935815009571
2015-03-26T16:04:27.400000,9.77582382773221
2015-03-26T16:04:27.500000,9.764945585763954
2015-03-26T16:04:27.600000,9.789162542521913
2015-03-26T16:04:27.700000,9.779215097553816
2015-03-26T16:04:27.800000,9.767228561803702
2015-03-26T16:04:27.900000,9.775037132082796
2015-03-26T16:04:28.000000,9.769387961271196
2015-03-26T16:04:28.100000,9.759994788238195
2015-03-26T16:04:28.200000,9.761286381024751
2015-03-26T16:04:28.300000,9.766256357004716
2015-03-26T16:04:28.400000,9.754698589153286
2015-03-26T16:04:28.500000,9.762673460408978
2015-03-26T16:04:28.600000,9.748272412631556
2015-03-26T16:04:28.700000,9.761643054584754
2015-03-26T16:04:28.800000,9.770701772953384
2015-03-26T16:04:28.900000,9.746588188117636
2015-03-26T16:04:29.000000,9.741975577027906
2015-03-26T16:04:29.100000,9.72813988649697
2015-03-26T16:04:29.200000,9.724053421772467
2015-03-26T16:04:29.300000,9.716594287439186
2015-03-26T16:04:29.400000,9.700087791763677
2015-03-26T16:04:29.500000,9.711856633134309
2015-03-26T16:04:29.600000,9.72425170374464
2015-03-26T16:04:29.700000,9.741716795227772
2015-03-26T16:04:29.800000,9.722657008311051
2015-03-26T16:04:29.900000,9.720252392267966
2015-03-26T16:04:30.000000,9.71557621749073
2015-03-26T16:04:30.100000,9.708374409794017
2015-03-26T16:04:30.200000,9.710789736519343
2015-03-26T16:04:30.300000,9.689737019151773
2015-03-26T16:04:30.400000,9.693299972432555
2015-03-26T16:04:30.500000,9.70929434749633
2015-03-26T16:04:30.600000,9.705841571653345
2015-03-26T16:04:30.700000,9.72095922839246
2015-03-26T16:04:30.800000,9.72736214398306
2015-03-26T16:04:30.900000,9.725744082782407
2015-03-26T16:04:31.000000,9.717888411521203
2015-03-26T16:04:31.100000,9.707880283155934
2015-03-26T16:04:31.200000,9.712792527857044
2015-03-26T16:04:31.300000,9.728589520463387
2015-03-26T16:04:31.400000,9.729642137153132
2015-03-26T16:04:31.500000,9.72823860266432
2015-03-26T16:04:31.600000,9.763834764097927
2015-03-26T16:04:31.700000,9.749933191008612
2015-03-26T16:04:31.800000,9.748738509675407
2015-03-26T16:04:31.900000,9.76607883317423
2015-03-26T16:04:32.000000,9.763005843081922
2015-03-26T16:04:32.100000,9.759404402373212
2015-03-26T16:04:32.200000,9.74658393467456
2015-03-26T16:04:32.300000,9.766259002223478
2015-03-26T16:04:32.400000,9.768142242580783
2015-03-26T16:04:32.500000,9.766181135726448
2015-03-26T16:04:32.600000,9.766365556205876
2015-03-26T16:04:32.700000,9.778993093338748
2015-03-26T16:04:32.800000,9.774245982371507
2015-03-26T16:04:32.900000,9.771992825846755
2015-03-26T16:04:33.000000,9.748407140722144
2015-03-26T16:04:33.100000,9.766312944695333
2015-03-26T16:04:33.200000,9.749022678129483
2015-03-26T16:04:33.300000,9.742429642777344
2015-03-26T16:04:33.400000,9.756484483375736
2015-03-26T16:04:33.500000,9.760513785195965
2015-03-26T16:04:33.600000,9.773244132777904
2015-03-26T16:04:33.700000,9.777185640881475
2015-03-26T16:04:33.800000,9.76063774830952
2015-03-26T16:04:33.900000,9.76075816025599
2015-03-26T16:04:34.000000,9.767713297148552
2015-03-26T16:04:34.100000,9.7606119430311
2015-03-26T16:04:34.200000,9.755196729415614
2015-03-26T16:04:34.300000,9.75584772976022
2015-03-26T16:04:34.400000,9.760885324577725
2015-03-26T16:04:34.500000,9.734152945484944
2015-03-26T16:04:34.600000,9.729605374731396
2015-03-26T16:04:34.700000,9.734525907264514
2015-03-26T16:04:34.800000,9.741510920405716
2015-03-26T16:04:34.900000,9.751215886634574
2015-03-26T16:04:35.000000,9.752771769898752
2015-03-26T16:04:35.100000,9.744901857915668
2015-03-26T16:04:35.200000,9.729163778188251
2015-03-26T16:04:35.300000,9.74202374078775
2015-03-26T16:04:35.400000,9.74759443871505
2015-03-26T16:04:35.500000,9.720828093572765
2015-03-26T16:04:35.600000,9.71330004263148
2015-03-26T16:04:35.700000,9.717290100133008
2015-03-26T16:04:35.800000,9.713460759432762
2015-03-26T16:04:35.900000,9.69165887255611
2015-03-26T16:04:36.000000,9.690415473923029
2015-03-26T16:04:36.100000,9.695339703401627
2015-03-26T16:04:36.200000,9.703490538411852
2015-03-26T16:04:36.300000,9.725066050078276
2015-03-26T16:04:36.400000,9.731704123052864
2015-03-26T16:04:36.500000,9.722765088047572
2015-03-26T16:04:36.600000,9.736001597969398
2015-03-26T16:04:36.700000,9.719629260986531
2015-03-26T16:04:36.800000,9.70869678337792
2015-03-26T16:04:36.900000,9.703753522648414
2015-03-26T16:04:37.000000,9.70040672273061
2015-03-26T16:04:37.100000,9.742691263994107
2015-03-26T16:04:37.200000,9.72510476267734
2015-03-26T16:04:37.300000,9.717837644457225
2015-03-26T16:04:37.400000,9.733161644632242
2015-03-26T16:04:37.500000,9.736708851756394
2015-03-26T16:04:37.600000,9.735888654602
2015-03-26T16:04:37.700000,9.748016966036287
2015-03-26T16:04:37.800000,9.761519099088677
2015-03-26T16:04:37.900000,9.755348080417509
2015-03-26T16:04:38.000000,9.74206301263604
2015-03-26T16:04:38.100000,9.758203750036278
2015-03-26T16:04:38.200000,9.763240250584298
2015-03-26T16:04:38.300000,9.752789392843631
2015-03-26T16:04:38.400000,9.756900139676093
2015-03-26T16:04:38.500000,9.775384789789658
2015-03-26T16:04:38.600000,9.77222421187366
2015-03-26T16:04:38.700000,9.757022826694442
2015-03-26T16:04:38.800000,9.744115904571286
2015-03-26T16:04:38.900000,9.74495433977392
2015-03-26T16:04:39.000000,9.757042653443946
2015-03-26T16:04:39.100000,9.75771059204783
2015-03-26T16:04:39.200000,9.763605756943084
2015-03-26T16:04:39.300000,9.763379693218312
2015-03-26T16:04:39.400000,9.76720494809741
2015-03-26T16:04:39.500000,9.755983920298348
2015-03-26T16:04:39.600000,9.733382839798894
2015-03-26T16:04:39.700000,9.742207228400355
2015-03-26T16:04:39.800000,9.770210944682908
2015-03-26T16:04:39.900000,9.75013749603791
2015-03-26T16:04:40.000000,9.75618645697852
2015-03-26T16:04:40.100000,9.752872084649308
2015-03-26T16:04:40.200000,9.734745616879009
2015-03-26T16:04:40.300000,9.720339309293427
2015-03-26T16:04:40.400000,9.736893671898123
2015-03-26T16:04:40.500000,9.756572934404977
2015-03-26T16:04:40.600000,9.73646804418536
2015-03-26T16:04:40.700000,9.738876271521818
2015-03-26T16:04:40.800000,9.731306808558893
2015-03-26T16:04:40.900000,9.739119925606854
2015-03-26T16:04:41.000000,9.750314615825369
2015-03-26T16:04:41.100000,9.756741220432968
2015-03-26T16:04:41.200000,9.72654468066074
2015-03-26T16:04:41.300000,9.707501632637936
2015-03-26T16:04:41.400000,9.722501819418856
2015-03-26T16:04:41.500000,9.735055240411253
2015-03-26T16:04:41.600000,9.727290308224305
2015-03-26T16:04:41.700000,9.715482268485705
2015-03-26T16:04:41.800000,9.730443159522284
2015-03-26T16:04:41.900000,9.741766401693503
2015-03-26T16:04:42.000000,9.729690365380067
2015-03-26T16:04:42.100000,9.734393622063331
2015-03-26T16:04:42.200000,9.739219083840151
2015-03-26T16:04:42.300000,9.759901898885916
2015-03-26T16:04:42.400000,9.722646428603252
2015-03-26T16:04:42.500000,9.70548789514696
2015-03-26T16:04:42.600000,9.728314184226363
2015-03-26T16:04:42.700000,9.74574972675286
2015-03-26T16:04:42.800000,9.733912167402028
2015-03-26T16:04:42.900000,9.73405829050012
2015-03-26T16:04:43.000000,9.742608354889605
2015-03-26T16:04:43.100000,9.725646968439
2015-03-26T16:04:43.200000,9.71868081111494
2015-03-26T16:04:43.300000,9.747049827136594
2015-03-26T16:04:43.400000,9.73256088055584
2015-03-26T16:04:43.500000,9.741239469095843
2015-03-26T16:04:43.600000,9.76465900781361
2015-03-26T16:04:43.700000,9.758218647669738
2015-03-26T16:04:43.800000,9.753732093425612
2015-03-26T16:04:43.900000,9.737324716226771
2015-03-26T16:04:44.000000,9.74418165091233
2015-03-26T16:04:44.100000,9.745188457893988
2015-03-26T16:04:44.200000,9.740044819671954
2015-03-26T16:04:44.300000,9.750195934014872
2015-03-26T16:04:44.400000,9.742369447691418
2015-03-26T16:04:44.500000,9.75388676470794
2015-03-26T16:04:44.600000,9.754463349018572
2015-03-26T16:04:44.700000,9.744586720019493
2015-03-26T16:04:44.800000,9.734260294154677
2015-03-26T16:04:44.900000,9.721196176330729
2015-03-26T16:04:45.000000,9.71325810357321
2015-03-26T16:04:45.100000,9.722227520378052
2015-03-26T16:04:45.200000,9.719555726489965
2015-03-26T16:04:45.300000,9.744803263754818
2015-03-26T16:04:45.400000,9.74059980234054
2015-03-26T16:04:45.500000,9.740878290981309
2015-03-26T16:04:45.600000,9.723815830445156
2015-03-26T16:04:45.700000,9.726788247519137
2015-03-26T16:04:45.800000,9.735907047370649
2015-03-26T16:04:45.900000,9.743301128528053
2015-03-26T16:04:46.000000,9.73662019128012
2015-03-26T16:04:46.100000,9.747055719750438
2015-03-26T16:04:46.200000,9.750316678015402
2015-03-26T16:04:46.300000,9.728238831408929
2015-03-26T16:04:46.400000,9.72901620079783
2015-03-26T16:04:46.500000,9.720909496004127
2015-03-26T16:04:46.600000,9.727024235944528
2015-03-26T16:04:46.700000,9.735295506150178
2015-03-26T16:04:46.800000,9.720500213108044
2015-03-26T16:04:46.900000,9.731573715882565
2015-03-26T16:04:47.000000,9.730061874762182
2015-03-26T16:04:47.100000,9.73662670053342
2015-03-26T16:04:47.200000,9.762400340059926
2015-03-26T16:04:47.300000,9.760553511995942
2015-03-26T16:04:47.400000,9.74608928460024
2015-03-26T16:04:47.500000,9.737215236821337
2015-03-26T16:04:47.600000,9.722981355890292
2015-03-26T16:04:47.700000,9.723494233990296
2015-03-26T16:04:47.800000,9.749882314005898
2015-03-26T16:04:47.900000,9.759029207332356
2015-03-26T16:04:48.000000,9.751809550361644
2015-03-26T16:04:48.100000,9.744101876387598
2015-03-26T16:04:48.200000,9.751366789103752
2015-03-26T16:04:48.300000,9.762247848201955
2015-03-26T16:04:48.400000,9.74277906288809
2015-03-26T16:04:48.500000,9.757226873847506
2015-03-26T16:04:48.600000,9.756956661945289
2015-03-26T16:04:48.700000,9.75378615205494
2015-03-26T16:04:48.800000,9.748734107176238
2015-03-26T16:04:48.900000,9.751365297392596
2015-03-26T16:04:49.000000,9.751891924322168
2015-03-26T16:04:49.100000,9.739287976281188
2015-03-26T16:04:49.200000,9.73875921952566
2015-03-26T16:04:49.300000,9.733944139172635
2015-03-26T16:04:49.400000,9.73773958062309
2015-03-26T16:04:49.500000,9.74870879098408
2015-03-26T16:04:49.600000,9.743840481966217
2015-03-26T16:04:49.700000,9.75117578959486
2015-03-26T16:04:49.800000,9.745297319492217
2015-03-26T16:04:49.900000,9.749863912460809
2015-03-26T16:04:50.000000,9.751803101485924
2015-03-26T16:04:50.100000,9.747837198426886
2015-03-26T16:04:50.200000,9.745391072446862
2015-03-26T16:04:50.300000,9.738196832000172
2015-03-26T16:04:50.400000,9.7468649991231
2015-03-26T16:04:50.500000,9.732223770625428
2015-03-26T16:04:50.600000,9.76424278503601
2015-03-26T16:04:50.700000,9.763347497939897
2015-03-26T16:04:50.800000,9.7434402049792
2015-03-26T16:04:50.900000,9.740694130642012
2015-03-26T16:04:51.000000,9.741493363001393
2015-03-26T16:04:51.100000,9.7513287755896
2015-03-26T16:04:51.200000,9.741331126477023
2015-03-26T16:04:51.300000,9.758430471069728
2015-03-26T16:04:51.400000,9.753185702572754
2015-03-26T16:04:51.500000,9.741951113437729
2015-03-26T16:04:51.600000,9.737130976416168
2015-03-26T16:04:51.700000,9.750275858356344
2015-03-26T16:04:51.800000,9.753214118824706
2015-03-26T16:04:51.900000,9.744429014796474
2015-03-26T16:04:52.000000,9.745508207406743
2015-03-26T16:04:52.100000,9.761423566968933
2015-03-26T16:04:52.200000,9.759798322014918
2015-03-26T16:04:52.300000,9.75389014305588
2015-03-26T16:04:52.400000,9.756190787810146
2015-03-26T16:04:52.500000,9.758581901654386
2015-03-26T16:04:52.600000,9.76478485837685
2015-03-26T16:04:52.700000,9.73561330754928
2015-03-26T16:04:52.800000,9.712198616747514
2015-03-26T16:04:52.900000,9.71797307844326
2015-03-26T16:04:53.000000,9.739477997572392
2015-03-26T16:04:53.100000,9.72689185512658
2015-03-26T16:04:53.200000,9.73250286673426
2015-03-26T16:04:53.300000,9.754271916243386
2015-03-26T16:04:53.400000,9.74345099261838
2015-03-26T16:04:53.500000,9.750043526415034
2015-03-26T16:04:53.600000,9.732512290512249
2015-03-26T16:04:53.700000,9.730920931972417
2015-03-26T16:04:53.800000,9.7432194407543
2015-03-26T16:04:53.900000,9.731168878867573
2015-03-26T16:04:54.000000,9.74605978713586
2015-03-26T16:04:54.100000,9.741211781656403
2015-03-26T16:04:54.200000,9.726827284902434
2015-03-26T16:04:54.300000,9.729510554992704
2015-03-26T16:04:54.400000,9.752253603450656
2015-03-26T16:04:54.500000,9.742610868025654
2015-03-26T16:04:54.600000,9.732175760657848
2015-03-26T16:04:54.700000,9.74013432348864
2015-03-26T16:04:54.800000,9.744011638942473
2015-03-26T16:04:54.900000,9.749051593732773
2015-03-26T16:04:55.000000,9.742948019315996
2015-03-26T16:04:55.100000,9.727086575962884
2015-03-26T16:04:55.200000,9.73021836786295
2015-03-26T16:04:55.300000,9.73780843567617
2015-03-26T16:04:55.400000,9.72919886408157
2015-03-26T16:04:55.500000,9.7378606690929
2015-03-26T16:04:55.600000,9.73007538092879
2015-03-26T16:04:55.700000,9.733845875257774
2015-03-26T16:04:55.800000,9.73329262918019
2015-03-26T16:04:55.900000,9.715882857289538
2015-03-26T16:04:56.000000,9.729049555370432
2015-03-26T16:04:56.100000,9.742978096943885
2015-03-26T16:04:56.200000,9.738376223022756
2015-03-26T16:04:56.300000,9.730476058492975
2015-03-26T16:04:56.400000,9.739591298373696
2015-03-26T16:04:56.500000,9.76040317285935
2015-03-26T16:04:56.600000,9.7524929228815
2015-03-26T16:04:56.700000,9.72790721018627
2015-03-26T16:04:56.800000,9.729664459986603
2015-03-26T16:04:56.900000,9.749550842659264
2015-03-26T16:04:57.000000,9.74132237127135
2015-03-26T16:04:57.100000,9.743379138077374
2015-03-26T16:04:57.200000,9.767152357929223
2015-03-26T16:04:57.300000,9.754153077561222
2015-03-26T16:04:57.400000,9.755996311906095
2015-03-26T16:04:57.500000,9.765991806089
2015-03-26T16:04:57.600000,9.766859548658914
2015-03-26T16:04:57.700000,9.751637782846547
2015-03-26T16:04:57.800000,9.766206206806292
2015-03-26T16:04:57.900000,9.754935079641324
2015-03-26T16:04:58.000000,9.748913111299876
2015-03-26T16:04:58.100000,9.74829916119096
2015-03-26T16:04:58.200000,9.749227824521803
2015-03-26T16:04:58.300000,9.741961665822748
2015-03-26T16:04:58.400000,9.746124798080098
2015-03-26T16:04:58.500000,9.760717885492488
2015-03-26T16:04:58.600000,9.74357764265886
2015-03-26T16:04:58.700000,9.743770152585167
2015-03-26T16:04:58.800000,9.753180870667624
2015-03-26T16:04:58.900000,9.738233374201892
2015-03-26T16:04:59.000000,9.743674022026774
2015-03-26T16:04:59.100000,9.744663416223538
2015-03-26T16:04:59.200000,9.746582169568766
2015-03-26T16:04:59.300000,9.751674469089837
2015-03-26T16:04:59.400000,9.760760674871372
2015-03-26T16:04:59.500000,9.743141320513452
2015-03-26T16:04:59.600000,9.733934524098371
2015-03-26T16:04:59.700000,9.726174578710353
2015-03-26T16:04:59.800000,9.734031161289494
2015-03-26T16:04:59.900000,9.7324368001019
2015-03-26T16:05:00.000000,9.736753202533311
2015-03-26T16:05:00.100000,9.749189104711544
2015-03-26T16:05:00.200000,9.752996427400378
2015-03-26T16:05:00.300000,9.725557344334572
2015-03-26T16:05:00.400000,9.722304835518434
2015-03-26T16:05:00.500000,9.738709776088116
2015-03-26T16:05:00.600000,9.753428981365438
2015-03-26T16:05:00.700000,9.737965032687743
2015-03-26T16:05:00.800000,9.7518274267153
2015-03-26T16:05:00.900000,9.751678023080302
2015-03-26T16:05:01.000000,9.728490607010857
2015-03-26T16:05:01.100000,9.723338436437803
2015-03-26T16:05:01.200000,9.73952745186511
2015-03-26T16:05:01.300000,9.744307068276582
2015-03-26T16:05:01.400000,9.726911532460736
2015-03-26T16:05:01.500000,9.726700598082106
2015-03-26T16:05:01.600000,9.74201195841112
2015-03-26T16:05:01.700000,9.762639708801917
2015-03-26T16:05:01.800000,9.7430921551095
2015-03-26T16:05:01.900000,9.73544520493049
2015-03-26T16:05:02.000000,9.75726960337565
2015-03-26T16:05:02.100000,9.738176313810024
2015-03-26T16:05:02.200000,9.762867205453029
2015-03-26T16:05:02.300000,9.760562337517811
2015-03-26T16:05:02.400000,9.739442947012332
2015-03-26T16:05:02.500000,9.750584392139876
2015-03-26T16:05:02.600000,9.749286728173084
2015-03-26T16:05:02.700000,9.739380186147402
2015-03-26T16:05:02.800000,9.745735292672498
2015-03-26T16:05:02.900000,9.75374689378155
2015-03-26T16:05:03.000000,9.744706985669575
2015-03-26T16:05:03.100000,9.753282781009798
2015-03-26T16:05:03.200000,9.753844625873146
2015-03-26T16:05:03.300000,9.738941792151552
2015-03-26T16:05:03.400000,9.735092096743427
2015-03-26T16:05:03.500000,9.714862726085654
2015-03-26T16:05:03.600000,9.728395885324854
2015-03-26T16:05:03.700000,9.734768869471576
2015-03-26T16:05:03.800000,9.754796775806906
2015-03-26T16:05:03.900000,9.756983299236234
2015-03-26T16:05:04.000000,9.747266283572667
2015-03-26T16:05:04.100000,9.766848934159777
2015-03-26T16:05:04.200000,9.761594067523449
2015-03-26T16:05:04.300000,9.76800557159048
2015-03-26T16:05:04.400000,9.763408920032242
2015-03-26T16:05:04.500000,9.74334855013906
2015-03-26T16:05:04.600000,9.733051051622516
2015-03-26T16:05:04.700000,9.74605469195528
2015-03-26T16:05:04.800000,9.724569632735816
2015-03-26T16:05:04.900000,9.725122158239524
2015-03-26T16:05:05.000000,9.739874099928214
2015-03-26T16:05:05.100000,9.736648540219102
2015-03-26T16:05:05.200000,9.718618890873088
2015-03-26T16:05:05.300000,9.706265387419572
2015-03-26T16:05:05.400000,9.7200562460414
2015-03-26T16:05:05.500000,9.731842168581046
2015-03-26T16:05:05.600000,9.737257480724352
2015-03-26T16:05:05.700000,9.729270983498983
2015-03-26T16:05:05.800000,9.70333894400534
2015-03-26T16:05:05.900000,9.711505719983755
2015-03-26T16:05:06.000000,9.72134368406271
2015-03-26T16:05:06.100000,9.717855844382118
2015-03-26T16:05:06.200000,9.720764766973328
2015-03-26T16:05:06.300000,9.706438258464056
2015-03-26T16:05:06.400000,9.701723028907727
2015-03-26T16:05:06.500000,9.708360779215914
2015-03-26T16:05:06.600000,9.726407244097548
2015-03-26T16:05:06.700000,9.737199957359843
2015-03-26T16:05:06.800000,9.738871170461094
2015-03-26T16:05:06.900000,9.748210403482055
2015-03-26T16:05:07.000000,9.747850427675168
2015-03-26T16:05:07.100000,9.722718651769656
2015-03-26T16:05:07.200000,9.742233374502955
2015-03-26T16:05:07.300000,9.752907169964466
2015-03-26T16:05:07.400000,9.764434625981943
2015-03-26T16:05:07.500000,9.761769112373514
2015-03-26T16:05:07.600000,9.77306683496724
2015-03-26T16:05:07.700000,9.783282581631022
2015-03-26T16:05:07.800000,9.764797062847808
2015-03-26T16:05:07.900000,9.762636648625032
2015-03-26T16:05:08.000000,9.767557775809593
2015-03-26T16:05:08.100000,9.766871501906468
2015-03-26T16:05:08.200000,9.766984146276789
2015-03-26T16:05:08.300000,9.763010836037129
2015-03-26T16:05:08.400000,9.776279739167355
2015-03-26T16:05:08.500000,9.77150436410314
2015-03-26T16:05:08.600000,9.75477523232738
2015-03-26T16:05:08.700000,9.757798498172871
2015-03-26T16:05:08.800000,9.759278770155396
2015-03-26T16:05:08.900000,9.765971947697306
2015-03-26T16:05:09.000000,9.778096236334086
2015-03-26T16:05:09.100000,9.767016737347554
2015-03-26T16:05:09.200000,9.753796011851051
2015-03-26T16:05:09.300000,9.744468048753175
2015-03-26T16:05:09.400000,9.770659976220042
2015-03-26T16:05:09.500000,9.762339561139374
2015-03-26T16:05:09.600000,9.741521267903964
2015-03-26T16:05:09.700000,9.73691745450833
2015-03-26T16:05:09.800000,9.753947432988282
2015-03-26T16:05:09.900000,9.76249716275135
2015-03-26T16:05:10.000000,9.747358366520608
2015-03-26T16:05:10.100000,9.74725748757489
2015-03-26T16:05:10.200000,9.737116959099229
2015-03-26T16:05:10.300000,9.75112492830966
2015-03-26T16:05:10.400000,9.76518505804006
2015-03-26T16:05:10.500000,9.75801736443458
2015-03-26T16:05:10.600000,9.741765121401912
2015-03-26T16:05:10.700000,9.730498135602138
2015-03-26T16:05:10.800000,9.731856793936055
2015-03-26T16:05:10.900000,9.73220668756498
2015-03-26T16:05:11.000000,9.715001936896432
2015-03-26T16:05:11.100000,9.702427180193272
2015-03-26T16:05:11.200000,9.707886269419143
2015-03-26T16:05:11.300000,9.71466193449216
2015-03-26T16:05:11.400000,9.71288609329317
2015-03-26T16:05:11.500000,9.71789739716399
2015-03-26T16:05:11.600000,9.718510058790908
2015-03-26T16:05:11.700000,9.711651326936106
2015-03-26T16:05:11.800000,9.687506168900116
2015-03-26T16:05:11.900000,9.696423524778094
2015-03-26T16:05:12.000000,9.70759476562412
2015-03-26T16:05:12.100000,9.706112992225991
2015-03-26T16:05:12.200000,9.72449336259144
2015-03-26T16:05:12.300000,9.733925685548176
2015-03-26T16:05:12.400000,9.725450377641495
2015-03-26T16:05:12.500000,9.720469232426876
2015-03-26T16:05:12.600000,9.7230318981177
2015-03-26T16:05:12.700000,9.739257288566474
2015-03-26T16:05:12.800000,9.741466432799095
2015-03-26T16:05:12.900000,9.750623936422286
2015-03-26T16:05:13.000000,9.770886959100864
2015-03-26T16:05:13.100000,9.75408890514414
2015-03-26T16:05:13.200000,9.748471952733317
2015-03-26T16:05:13.300000,9.760384143248045
2015-03-26T16:05:13.400000,9.761825672505934
2015-03-26T16:05:13.500000,9.780974475639942
2015-03-26T16:05:13.600000,9.759687528610565
2015-03-26T16:05:13.700000,9.746365220435736
2015-03-26T16:05:13.800000,9.76261139487904
2015-03-26T16:05:13.900000,9.780686880985415
2015-03-26T16:05:14.000000,9.77345359127061
2015-03-26T16:05:14.100000,9.77171306849512
2015-03-26T16:05:14.200000,9.772960249563274
2015-03-26T16:05:14.300000,9.761534415743183
2015-03-26T16:05:14.400000,9.766200990040383
2015-03-26T16:05:14.500000,9.761123645143735
2015-03-26T16:05:14.600000,9.76110988280573
2015-03-26T16:05:14.700000,9.75153231863646
2015-03-26T16:05:14.800000,9.737729382438074
2015-03-26T16:05:14.900000,9.749311916940146
2015-03-26T16:05:15.000000,9.73080212008276
2015-03-26T16:05:15.100000,9.752543832779986
2015-03-26T16:05:15.200000,9.771258476533372
2015-03-26T16:05:15.300000,9.750765932422134
2015-03-26T16:05:15.400000,9.739546063171836
2015-03-26T16:05:15.500000,9.732084096546531
2015-03-26T16:05:15.600000,9.725926672880297
2015-03-26T16:05:15.700000,9.743504231754596
2015-03-26T16:05:15.800000,9.735944716861033
2015-03-26T16:05:15.900000,9.718032399894458
2015-03-26T16:05:16.000000,9.738336378507755
2015-03-26T16:05:16.100000,9.738039686507513
2015-03-26T16:05:16.200000,9.726377448783795
2015-03-26T16:05:16.300000,9.728948261223444
2015-03-26T16:05:16.400000,9.752744273631755
2015-03-26T16:05:16.500000,9.741691989450942
2015-03-26T16:05:16.600000,9.739210272456727
2015-03-26T16:05:16.700000,9.762385375899704
2015-03-26T16:05:16.800000,9.74773241382828
2015-03-26T16:05:16.900000,9.704147024093755
2015-03-26T16:05:17.000000,9.714317010675924
2015-03-26T16:05:17.100000,9.72580169530302
2015-03-26T16:05:17.200000,9.74883144935418
2015-03-26T16:05:17.300000,9.727133268002005
2015-03-26T16:05:17.400000,9.72361919225374
2015-03-26T16:05:17.500000,9.74284258008064
2015-03-26T16:05:17.600000,9.752189127780522
2015-03-26T16:05:17.700000,9.735860755511023
2015-03-26T16:05:17.800000,9.726289905517104
2015-03-26T16:05:17.900000,9.742535816237632
2015-03-26T16:05:18.000000,9.757006593942148
2015-03-26T16:05:18.100000,9.739202961102547
2015-03-26T16:05:18.200000,9.729933185206605
2015-03-26T16:05:18.300000,9.742132640650608
2015-03-26T16:05:18.400000,9.75780238673009
2015-03-26T16:05:18.500000,9.742159114382254
2015-03-26T16:05:18.600000,9.758210912672109
2015-03-26T16:05:18.700000,9.778302126784231
2015-03-26T16:05:18.800000,9.766175136829172
2015-03-26T16:05:18.900000,9.76130080433536
2015-03-26T16:05:19.000000,9.743348048041504
2015-03-26T16:05:19.100000,9.750384564472345
2015-03-26T16:05:19.200000,9.73855356457255
2015-03-26T16:05:19.300000,9.738430017823063
2015-03-26T16:05:19.400000,9.747041751791803
2015-03-26T16:05:19.500000,9.75793722283877
2015-03-26T16:05:19.600000,9.749432040741755
2015-03-26T16:05:19.700000,9.77069737744592
2015-03-26T16:05:19.800000,9.762811464550904
2015-03-26T16:05:19.900000,9.75954005488615
2015-03-26T16:05:20.000000,9.770170757477407
2015-03-26T16:05:20.100000,9.759559436845173
2015-03-26T16:05:20.200000,9.742973888397474
2015-03-26T16:05:20.300000,9.754295723557298
2015-03-26T16:05:20.400000,9.748626954021711
2015-03-26T16:05:20.500000,9.729511760592588
2015-03-26T16:05:20.600000,9.717440524666664
2015-03-26T16:05:20.700000,9.732112214423198
2015-03-26T16:05:20.800000,9.72056269453123
2015-03-26T16:05:20.900000,9.727610997431023
2015-03-26T16:05:21.000000,9.751504335091813
2015-03-26T16:05:21.100000,9.763752993447028
2015-03-26T16:05:21.200000,9.753408856396067
2015-03-26T16:05:21.300000,9.755261701734392
2015-03-26T16:05:21.400000,9.770590398325696
2015-03-26T16:05:21.500000,9.745967863386944
2015-03-26T16:05:21.600000,9.735345717290564
2015-03-26T16:05:21.700000,9.752040299504731
2015-03-26T16:05:21.800000,9.73801285037365
2015-03-26T16:05:21.900000,9.720125418812115
2015-03-26T16:05:22.000000,9.722360569392722
2015-03-26T16:05:22.100000,9.719227300342144
2015-03-26T16:05:22.200000,9.711337911998678
2015-03-26T16:05:22.300000,9.719307806744572
2015-03-26T16:05:22.400000,9.727061904599072
2015-03-26T16:05:22.500000,9.715964010032575
2015-03-26T16:05:22.600000,9.729160111854444
2015-03-26T16:05:22.700000,9.73231062616064
2015-03-26T16:05:22.800000,9.72060050168177
2015-03-26T16:05:22.900000,9.743837261127773
2015-03-26T16:05:23.000000,9.74176844941462
2015-03-26T16:05:23.100000,9.734827704013185
2015-03-26T16:05:23.200000,9.73534738942513
2015-03-26T16:05:23.300000,9.737000047638256
2015-03-26T16:05:23.400000,9.75701900712474
2015-03-26T16:05:23.500000,9.743982973277207
2015-03-26T16:05:23.600000,9.725687580901967
2015-03-26T16:05:23.700000,9.7477387535165
2015-03-26T16:05:23.800000,9.752837440914297
2015-03-26T16:05:23.900000,9.721973134187252
2015-03-26T16:05:24.000000,9.714477496726827
2015-03-26T16:05:24.100000,9.719300783401756
2015-03-26T16:05:24.200000,9.735691278857493
2015-03-26T16:05:24.300000,9.749056678879285
2015-03-26T16:05:24.400000,9.757847192782442
2015-03-26T16:05:24.500000,9.736225057325852
2015-03-26T16:05:24.600000,9.72779638448094
2015-03-26T16:05:24.700000,9.723555933927098
2015-03-26T16:05:24.800000,9.73077670582298
2015-03-26T16:05:24.900000,9.73504872565436
2015-03-26T16:05:25.000000,9.741646398577023
2015-03-26T16:05:25.100000,9.743252359897884
2015-03-26T16:05:25.200000,9.745806046700409
2015-03-26T16:05:25.300000,9.772511217445611
2015-03-26T16:05:25.400000,9.751567604171234
2015-03-26T16:05:25.500000,9.739622842678896
2015-03-26T16:05:25.600000,9.747884323620054
2015-03-26T16:05:25.700000,9.760849422803126
2015-03-26T16:05:25.800000,9.749927013524964
2015-03-26T16:05:25.900000,9.767819233786064
2015-03-26T16:05:26.000000,9.760443236137476
2015-03-26T16:05:26.100000,9.763932194911376
2015-03-26T16:05:26.200000,9.774380506516689
2015-03-26T16:05:26.300000,9.759861408730552
2015-03-26T16:05:26.400000,9.756842365725198
2015-03-26T16:05:26.500000,9.77622468603976
2015-03-26T16:05:26.600000,9.76549692062888
2015-03-26T16:05:26.700000,9.744355837836244
2015-03-26T16:05:26.800000,9.73004062901453
2015-03-26T16:05:26.900000,9.735760913970095
2015-03-26T16:05:27.000000,9.748402351665636
2015-03-26T16:05:27.100000,9.776385409479472
2015-03-26T16:05:27.200000,9.752495072786957
2015-03-26T16:05:27.300000,9.73582429226614
2015-03-26T16:05:27.400000,9.751313347914628
2015-03-26T16:05:27.500000,9.759031905968405
2015-03-26T16:05:27.600000,9.7500076556104
2015-03-26T16:05:27.700000,9.74661602006141
2015-03-26T16:05:27.800000,9.767511934747422
2015-03-26T16:05:27.900000,9.780444104698452
2015-03-26T16:05:28.000000,9.7406025252097
2015-03-26T16:05:28.100000,9.745992604720817
2015-03-26T16:05:28.200000,9.748745593196976
2015-03-26T16:05:28.300000,9.728313794771443
2015-03-26T16:05:28.400000,9.73734251171028
2015-03-26T16:05:28.500000,9.752582201182555
2015-03-26T16:05:28.600000,9.743725834739498
2015-03-26T16:05:28.700000,9.730887651508532
2015-03-26T16:05:28.800000,9.737771760794596
2015-03-26T16:05:28.900000,9.75143196993442
2015-03-26T16:05:29.000000,9.734720919109805
2015-03-26T16:05:29.100000,9.725424023028404
2015-03-26T16:05:29.200000,9.715582956205916
2015-03-26T16:05:29.300000,9.721624633023694
2015-03-26T16:05:29.400000,9.730495168479257
2015-03-26T16:05:29.500000,9.715690738831649
2015-03-26T16:05:29.600000,9.724645227567072
2015-03-26T16:05:29.700000,9.73839648968766
2015-03-26T16:05:29.800000,9.753538804705348
2015-03-26T16:05:29.900000,9.734362055230308
2015-03-26T16:05:30.000000,9.731481350495814
2015-03-26T16:05:30.100000,9.740890752755046
2015-03-26T16:05:30.200000,9.742665587828109
2015-03-26T16:05:30.300000,9.754671687142997
2015-03-26T16:05:30.400000,9.73359489801199
2015-03-26T16:05:30.500000,9.704191780381333
2015-03-26T16:05:30.600000,9.70367292262733
2015-03-26T16:05:30.700000,9.72964665307336
2015-03-26T16:05:30.800000,9.727809436707668
2015-03-26T16:05:30.900000,9.73716342290702
2015-03-26T16:05:31.000000,9.719995815917684
2015-03-26T16:05:31.100000,9.728052958203492
2015-03-26T16:05:31.200000,9.725674979187414
2015-03-26T16:05:31.300000,9.717635309006871
2015-03-26T16:05:31.400000,9.730945498207896
2015-03-26T16:05:31.500000,9.735854970861553
2015-03-26T16:05:31.600000,9.736174435132815
2015-03-26T16:05:31.700000,9.743100913220651
2015-03-26T16:05:31.800000,9.764876365368831
2015-03-26T16:05:31.900000,9.745246656291222
2015-03-26T16:05:32.000000,9.738254091061556
2015-03-26T16:05:32.100000,9.738390182029155
2015-03-26T16:05:32.200000,9.738629416372769
2015-03-26T16:05:32.300000,9.730109312972315
2015-03-26T16:05:32.400000,9.73209665911439
2015-03-26T16:05:32.500000,9.725767181808711
2015-03-26T16:05:32.600000,9.725125036238278
2015-03-26T16:05:32.700000,9.737793977430991
2015-03-26T16:05:32.800000,9.738330888615677
2015-03-26T16:05:32.900000,9.741954588480583
2015-03-26T16:05:33.000000,9.735059509812094
2015-03-26T16:05:33.100000,9.758362884580478
2015-03-26T16:05:33.200000,9.748889149584942
2015-03-26T16:05:33.300000,9.733962928941535
2015-03-26T16:05:33.400000,9.736289848644706
2015-03-26T16:05:33.500000,9.744405161324734
2015-03-26T16:05:33.600000,9.745413103065747
2015-03-26T16:05:33.700000,9.75957864147447
2015-03-26T16:05:33.800000,9.769616924608766
2015-03-26T16:05:33.900000,9.7663799160939
2015-03-26T16:05:34.000000,9.735567906435776
2015-03-26T16:05:34.100000,9.75831824928058
2015-03-26T16:05:34.200000,9.759202365947914
2015-03-26T16:05:34.300000,9.747247485877448
2015-03-26T16:05:34.400000,9.78256641207021
2015-03-26T16:05:34.500000,9.760238059049287
2015-03-26T16:05:34.600000,9.751815883501568
2015-03-26T16:05:34.700000,9.76455862385482
2015-03-26T16:05:34.800000,9.769183544757023
2015-03-26T16:05:34.900000,9.756929367616534
2015-03-26T16:05:35.000000,9.750288881841918
2015-03-26T16:05:35.100000,9.766240420098036
2015-03-26T16:05:35.200000,9.759435187902096
2015-03-26T16:05:35.300000,9.754001531456613
2015-03-26T16:05:35.400000,9.747597629281172
2015-03-26T16:05:35.500000,9.72938642465949
2015-03-26T16:05:35.600000,9.741534527110252
2015-03-26T16:05:35.700000,9.744218378855146
2015-03-26T16:05:35.800000,9.740407903828208
2015-03-26T16:05:35.900000,9.733942051979348
2015-03-26T16:05:36.000000,9.731699769576723
2015-03-26T16:05:36.100000,9.73795286488692
2015-03-26T16:05:36.200000,9.732467029425862
2015-03-26T16:05:36.300000,9.755551499951029
2015-03-26T16:05:36.400000,9.754762393947274
2015-03-26T16:05:36.500000,9.752859471499567
2015-03-26T16:05:36.600000,9.749311666241306
2015-03-26T16:05:36.700000,9.746152441154468
2015-03-26T16:05:36.800000,9.727820549537826
2015-03-26T16:05:36.900000,9.731623220785686
2015-03-26T16:05:37.000000,9.757933554325234
2015-03-26T16:05:37.100000,9.741173516232356
2015-03-26T16:05:37.200000,9.732314338150864
2015-03-26T16:05:37.300000,9.73991096934316
2015-03-26T16:05:37.400000,9.738550954462978
2015-03-26T16:05:37.500000,9.742609989697645
2015-03-26T16:05:37.600000,9.745088645611713
2015-03-26T16:05:37.700000,9.73963870016845
2015-03-26T16:05:37.800000,9.725403460851997
2015-03-26T16:05:37.900000,9.725881586838742
2015-03-26T16:05:38.000000,9.738018316036785
2015-03-26T16:05:38.100000,9.75157625928438
2015-03-26T16:05:38.200000,9.737280229302693
2015-03-26T16:05:38.300000,9.748967378272171
2015-03-26T16:05:38.400000,9.751746143794287
2015-03-26T16:05:38.500000,9.747983466348522
2015-03-26T16:05:38.600000,9.73661707758334
2015-03-26T16:05:38.700000,9.734650098665872
2015-03-26T16:05:38.800000,9.741975816372628
2015-03-26T16:05:38.900000,9.74419455583746
2015-03-26T16:05:39.000000,9.735094896067858
2015-03-26T16:05:39.100000,9.734004883487334
2015-03-26T16:05:39.200000,9.733602570991716
2015-03-26T16:05:39.300000,9.73215620013184
2015-03-26T16:05:39.400000,9.71604802138001
2015-03-26T16:05:39.500000,9.717085293632104
2015-03-26T16:05:39.600000,9.721653426638676
2015-03-26T16:05:39.700000,9.73439167493746
2015-03-26T16:05:39.800000,9.74591481406324
2015-03-26T16:05:39.900000,9.731765062024085
2015-03-26T16:05:40.000000,9.736758840935885
2015-03-26T16:05:40.100000,9.748708970632167
2015-03-26T16:05:40.200000,9.736464682772798
2015-03-26T16:05:40.300000,9.723917207176504
2015-03-26T16:05:40.400000,9.730984078933975
2015-03-26T16:05:40.500000,9.750247498218783
2015-03-26T16:05:40.600000,9.752962856967718
2015-03-26T16:05:40.700000,9.742376827881252
2015-03-26T16:05:40.800000,9.745339370794763
2015-03-26T16:05:40.900000,9.751124883361395
2015-03-26T16:05:41.000000,9.761802245224043
2015-03-26T16:05:41.100000,9.749286391947512
2015-03-26T16:05:41.200000,9.752105052816583
2015-03-26T16:05:41.300000,9.771249434452317
2015-03-26T16:05:41.400000,9.735734156899678
2015-03-26T16:05:41.500000,9.727480674335592
2015-03-26T16:05:41.600000,9.749893886031751
2015-03-26T16:05:41.700000,9.740391317664171
2015-03-26T16:05:41.800000,9.742984168216262
2015-03-26T16:05:41.900000,9.746203039087831
2015-03-26T16:05:42.000000,9.7451609369028
2015-03-26T16:05:42.100000,9.753128421177204
2015-03-26T16:05:42.200000,9.749318829221007
2015-03-26T16:05:42.300000,9.746589367791518
2015-03-26T16:05:42.400000,9.73052480311168
2015-03-26T16:05:42.500000,9.738742158233352
2015-03-26T16:05:42.600000,9.739110972213329
2015-03-26T16:05:42.700000,9.746971538340834
2015-03-26T16:05:42.800000,9.749481161505104
2015-03-26T16:05:42.900000,9.74855134673293
2015-03-26T16:05:43.000000,9.754854923866157
2015-03-26T16:05:43.100000,9.755309409769913
2015-03-26T16:05:43.200000,9.740866851879645
2015-03-26T16:05:43.300000,9.735144364101004
2015-03-26T16:05:43.400000,9.745668594190017
2015-03-26T16:05:43.500000,9.745304433337276
2015-03-26T16:05:43.600000,9.726299004272803
2015-03-26T16:05:43.700000,9.743177286318089
2015-03-26T16:05:43.800000,9.749041619960265
2015-03-26T16:05:43.900000,9.713046299462656
2015-03-26T16:05:44.000000,9.730651750048036
2015-03-26T16:05:44.100000,9.755022750422942
2015-03-26T16:05:44.200000,9.742165325538526
2015-03-26T16:05:44.300000,9.737320124132172
2015-03-26T16:05:44.400000,9.706214008966183
2015-03-26T16:05:44.500000,9.691507690343643
2015-03-26T16:05:44.600000,9.696036813866716
2015-03-26T16:05:44.700000,9.696772609816318
2015-03-26T16:05:44.800000,9.70336419186145
2015-03-26T16:05:44.900000,9.71301627644212
2015-03-26T16:05:45.000000,9.713235774603197
2015-03-26T16:05:45.100000,9.702850344984446
2015-03-26T16:05:45.200000,9.714925510946758
2015-03-26T16:05:45.300000,9.711990183034017
2015-03-26T16:05:45.400000,9.70586008692502
2015-03-26T16:05:45.500000,9.706109442357272
2015-03-26T16:05:45.600000,9.718038201751128
2015-03-26T16:05:45.700000,9.730251263766837
2015-03-26T16:05:45.800000,9.717758958257198
2015-03-26T16:05:45.900000,9.723445014090329
2015-03-26T16:05:46.000000,9.733643324966046
2015-03-26T16:05:46.100000,9.739735673079124
2015-03-26T16:05:46.200000,9.753093443224074
2015-03-26T16:05:46.300000,9.753312748610668
2015-03-26T16:05:46.400000,9.74876485609767
2015-03-26T16:05:46.500000,9.735638472228374
2015-03-26T16:05:46.600000,9.729470727550613
2015-03-26T16:05:46.700000,9.72457442287182
2015-03-26T16:05:46.800000,9.744068313625805
2015-03-26T16:05:46.900000,9.75478822906218
2015-03-26T16:05:47.000000,9.749533970524087
2015-03-26T16:05:47.100000,9.74657985225949
2015-03-26T16:05:47.200000,9.75682763477208
2015-03-26T16:05:47.300000,9.742840115869594
2015-03-26T16:05:47.400000,9.754657938881763
2015-03-26T16:05:47.500000,9.744807889618864
2015-03-26T16:05:47.600000,9.753349735780414
2015-03-26T16:05:47.700000,9.754198581734288
2015-03-26T16:05:47.800000,9.7437541955013
2015-03-26T16:05:47.900000,9.74701350973396
2015-03-26T16:05:48.000000,9.74347477005069
2015-03-26T16:05:48.100000,9.762085632533685
2015-03-26T16:05:48.200000,9.774345682177875
2015-03-26T16:05:48.300000,9.738660269422294
2015-03-26T16:05:48.400000,9.743398426515771
2015-03-26T16:05:48.500000,9.768811695456163
2015-03-26T16:05:48.600000,9.764089590526876
2015-03-26T16:05:48.700000,9.755316782491622
2015-03-26T16:05:48.800000,9.74966611899999
2015-03-26T16:05:48.900000,9.750797850108436
2015-03-26T16:05:49.000000,9.745346158762752
2015-03-26T16:05:49.100000,9.71304326266192
2015-03-26T16:05:49.200000,9.735601546356936
2015-03-26T16:05:49.300000,9.744489668428768
2015-03-26T16:05:49.400000,9.74754356101716
2015-03-26T16:05:49.500000,9.73584338042771
2015-03-26T16:05:49.600000,9.728518302647885
2015-03-26T16:05:49.700000,9.7473750245376
2015-03-26T16:05:49.800000,9.735955166166672
2015-03-26T16:05:49.900000,9.712907052605672
2015-03-26T16:05:50.000000,9.728382653575029
2015-03-26T16:05:50.100000,9.723869794236933
2015-03-26T16:05:50.200000,9.703483978459948
2015-03-26T16:05:50.300000,9.702216990325985
2015-03-26T16:05:50.400000,9.729599578089696
2015-03-26T16:05:50.500000,9.713607984121758
2015-03-26T16:05:50.600000,9.693688684258534
2015-03-26T16:05:50.700000,9.708109947858894
2015-03-26T16:05:50.800000,9.70936226398718
2015-03-26T16:05:50.900000,9.70927905341738
2015-03-26T16:05:51.000000,9.71357239188354
2015-03-26T16:05:51.100000,9.73257542705062
2015-03-26T16:05:51.200000,9.730492216592731
2015-03-26T16:05:51.300000,9.726670839300263
2015-03-26T16:05:51.400000,9.739201063007998
2015-03-26T16:05:51.500000,9.743813872295588
2015-03-26T16:05:51.600000,9.748873884373316
2015-03-26T16:05:51.700000,9.749840184313944
2015-03-26T16:05:51.800000,9.737490622449084
2015-03-26T16:05:51.900000,9.74084849565291
2015-03-26T16:05:52.000000,9.776430384902046
2015-03-26T16:05:52.100000,9.771034737393824
2015-03-26T16:05:52.200000,9.77009168208731
2015-03-26T16:05:52.300000,9.782994205401756
2015-03-26T16:05:52.400000,9.767984626515087
2015-03-26T16:05:52.500000,9.758438597531123
2015-03-26T16:05:52.600000,9.747129242621227
2015-03-26T16:05:52.700000,9.748669619504852
2015-03-26T16:05:52.800000,9.776378590989658
2015-03-26T16:05:52.900000,9.769762087503477
2015-03-26T16:05:53.000000,9.751378140439495
2015-03-26T16:05:53.100000,9.769370396235088
2015-03-26T16:05:53.200000,9.772042787532046
2015-03-26T16:05:53.300000,9.771579865437062
2015-03-26T16:05:53.400000,9.790276820926351
2015-03-26T16:05:53.500000,9.782805048003071
2015-03-26T16:05:53.600000,9.765679705795367
2015-03-26T16:05:53.700000,9.76221919823012
2015-03-26T16:05:53.800000,9.747625597667303
2015-03-26T16:05:53.900000,9.74204785013505
2015-03-26T16:05:54.000000,9.744698216580282
2015-03-26T16:05:54.100000,9.761939712269086
2015-03-26T16:05:54.200000,9.73727323602808
2015-03-26T16:05:54.300000,9.739343042202885
2015-03-26T16:05:54.400000,9.748237051520007
2015-03-26T16:05:54.500000,9.75331140231773
2015-03-26T16:05:54.600000,9.752204015138512
2015-03-26T16:05:54.700000,9.731677272061996
2015-03-26T16:05:54.800000,9.740670849116814
2015-03-26T16:05:54.900000,9.730999419194296
2015-03-26T16:05:55.000000,9.72163548267476
2015-03-26T16:05:55.100000,9.732626070282809
2015-03-26T16:05:55.200000,9.70665759021697
2015-03-26T16:05:55.300000,9.705166365612197
2015-03-26T16:05:55.400000,9.723025312265358
2015-03-26T16:05:55.500000,9.708433635878324
2015-03-26T16:05:55.600000,9.697236613524367
2015-03-26T16:05:55.700000,9.707473665997256
2015-03-26T16:05:55.800000,9.718207793549752
2015-03-26T16:05:55.900000,9.711159970230945
2015-03-26T16:05:56.000000,9.708605341250758
2015-03-26T16:05:56.100000,9.697844436932009
2015-03-26T16:05:56.200000,9.698827180561704
2015-03-26T16:05:56.300000,9.720148662157069
2015-03-26T16:05:56.400000,9.715627512006586
2015-03-26T16:05:56.500000,9.717165012864116
2015-03-26T16:05:56.600000,9.73439894583422
2015-03-26T16:05:56.700000,9.739731853598313
2015-03-26T16:05:56.800000,9.715288825759874
2015-03-26T16:05:56.900000,9.710184229497866
2015-03-26T16:05:57.000000,9.711305159014566
2015-03-26T16:05:57.100000,9.714619479166448
2015-03-26T16:05:57.200000,9.733769762678827
2015-03-26T16:05:57.300000,9.752409869554832
2015-03-26T16:05:57.400000,9.756788405072552
2015-03-26T16:05:57.500000,9.758266966560484
2015-03-26T16:05:57.600000,9.772246626248595
2015-03-26T16:05:57.700000,9.761791435266131
2015-03-26T16:05:57.800000,9.751460068472486
2015-03-26T16:05:57.900000,9.745561321207086
2015-03-26T16:05:58.000000,9.744308160825042
2015-03-26T16:05:58.100000,9.758553317983184
2015-03-26T16:05:58.200000,9.758531958334666
2015-03-26T16:05:58.300000,9.746088319808104
2015-03-26T16:05:58.400000,9.74725433240046
2015-03-26T16:05:58.500000,9.73849107016755
2015-03-26T16:05:58.600000,9.748496544040336
2015-03-26T16:05:58.700000,9.773075232228836
2015-03-26T16:05:58.800000,9.7748561091235
2015-03-26T16:05:58.900000,9.785604591580585
2015-03-26T16:05:59.000000,9.765567478778268
2015-03-26T16:05:59.100000,9.751721427025991
2015-03-26T16:05:59.200000,9.771540310304662
2015-03-26T16:05:59.300000,9.757639926849802
2015-03-26T16:05:59.400000,9.74591587157886
2015-03-26T16:05:59.500000,9.750918018539195
2015-03-26T16:05:59.600000,9.748432908193706
2015-03-26T16:05:59.700000,9.751871219749756
2015-03-26T16:05:59.800000,9.775700338080089
2015-03-26T16:05:59.900000,9.753399126712978
2015-03-26T16:06:00.000000,9.733163201545503
2015-03-26T16:06:00.100000,9.732032334811151
2015-03-26T16:06:00.200000,9.733831758376148
2015-03-26T16:06:00.300000,9.726380600269804
2015-03-26T16:06:00.400000,9.754239613300625
2015-03-26T16:06:00.500000,9.72269357049463
2015-03-26T16:06:00.600000,9.694571108303649
2015-03-26T16:06:00.700000,9.708957030303132
2015-03-26T16:06:00.800000,9.694277968343563
2015-03-26T16:06:00.900000,9.688206391790024
2015-03-26T16:06:01.000000,9.727606325081776
2015-03-26T16:06:01.100000,9.721681148074271
2015-03-26T16:06:01.200000,9.722056933350588
2015-03-26T16:06:01.300000,9.711457274367216
2015-03-26T16:06:01.400000,9.702737016914837
2015-03-26T16:06:01.500000,9.708964021457255
2015-03-26T16:06:01.600000,9.742124797433556
2015-03-26T16:06:01.700000,9.731819539106318
2015-03-26T16:06:01.800000,9.7201984275817
2015-03-26T16:06:01.900000,9.698259769223345
2015-03-26T16:06:02.000000,9.673559795330435
2015-03-26T16:06:02.100000,9.69851341900094
2015-03-26T16:06:02.200000,9.698834172419367
2015-03-26T16:06:02.300000,9.709061609210728
2015-03-26T16:06:02.400000,9.722868369435409
2015-03-26T16:06:02.500000,9.734822683190938
2015-03-26T16:06:02.600000,9.721845553759312
2015-03-26T16:06:02.700000,9.729736245856005
2015-03-26T16:06:02.800000,9.7293044862812
2015-03-26T16:06:02.900000,9.739016284659868
2015-03-26T16:06:03.000000,9.732303172866596
2015-03-26T16:06:03.100000,9.738090662252525
2015-03-26T16:06:03.200000,9.754554641698316
2015-03-26T16:06:03.300000,9.751807919326216
2015-03-26T16:06:03.400000,9.745021269126372
2015-03-26T16:06:03.500000,9.753175171979018
2015-03-26T16:06:03.600000,9.791634465344664
2015-03-26T16:06:03.700000,9.800177611366715
2015-03-26T16:06:03.800000,9.786396071276704
2015-03-26T16:06:03.900000,9.764351548045344
2015-03-26T16:06:04.000000,9.75975184152953
2015-03-26T16:06:04.100000,9.784322438572287
2015-03-26T16:06:04.200000,9.792953660514687
2015-03-26T16:06:04.300000,9.764806804219184
2015-03-26T16:06:04.400000,9.788434564996708
2015-03-26T16:06:04.500000,9.799622817033535
2015-03-26T16:06:04.600000,9.778817317951
2015-03-26T16:06:04.700000,9.768854367688489
2015-03-26T16:06:04.800000,9.766559941896077
2015-03-26T16:06:04.900000,9.772698856416794
2015-03-26T16:06:05.000000,9.76259522111475
2015-03-26T16:06:05.100000,9.761063278058623
2015-03-26T16:06:05.200000,9.753375972716608
2015-03-26T16:06:05.300000,9.76219503621666
2015-03-26T16:06:05.400000,9.754636336530908
2015-03-26T16:06:05.500000,9.753146105238766
2015-03-26T16:06:05.600000,9.753930481912668
2015-03-26T16:06:05.700000,9.740489364974984
2015-03-26T16:06:05.800000,9.733748666569795
2015-03-26T16:06:05.900000,9.747502066562
2015-03-26T16:06:06.000000,9.758913008335844
2015-03-26T16:06:06.100000,9.731161429084882
2015-03-26T16:06:06.200000,9.721560324399258
2015-03-26T16:06:06.300000,9.726213981617764
2015-03-26T16:06:06.400000,9.740127768381178
2015-03-26T16:06:06.500000,9.730376599131468
2015-03-26T16:06:06.600000,9.73620946835113
2015-03-26T16:06:06.700000,9.750834997084931
2015-03-26T16:06:06.800000,9.75125999018215
2015-03-26T16:06:06.900000,9.750965219460234
2015-03-26T16:06:07.000000,9.721607321261152
2015-03-26T16:06:07.100000,9.715910642581267
2015-03-26T16:06:07.200000,9.71814658856761
2015-03-26T16:06:07.300000,9.709029356922487
2015-03-26T16:06:07.400000,9.724991867123336
2015-03-26T16:06:07.500000,9.708412134861527
2015-03-26T16:06:07.600000,9.698991902464105
2015-03-26T16:06:07.700000,9.706614176469987
2015-03-26T16:06:07.800000,9.708408323775338
2015-03-26T16:06:07.900000,9.709540789009043
2015-03-26T16:06:08.000000,9.711758361009185
2015-03-26T16:06:08.100000,9.71108897366127
2015-03-26T16:06:08.200000,9.71711465932651
2015-03-26T16:06:08.300000,9.718665831214462
2015-03-26T16:06:08.400000,9.715712762182728
2015-03-26T16:06:08.500000,9.73673502583938
2015-03-26T16:06:08.600000,9.723105793635678
2015-03-26T16:06:08.700000,9.71988651762445
2015-03-26T16:06:08.800000,9.730942236913345
2015-03-26T16:06:08.900000,9.748547222562124
2015-03-26T16:06:09.000000,9.763909926045049
2015-03-26T16:06:09.100000,9.732659343779002
2015-03-26T16:06:09.200000,9.757500663371369
2015-03-26T16:06:09.300000,9.774219996738472
2015-03-26T16:06:09.400000,9.747252493744286
2015-03-26T16:06:09.500000,9.731891585679335
2015-03-26T16:06:09.600000,9.76141850304698
2015-03-26T16:06:09.700000,9.778146624653058
2015-03-26T16:06:09.800000,9.749787805813671
2015-03-26T16:06:09.900000,9.751617701200322
2015-03-26T16:06:10.000000,9.75945040182738
2015-03-26T16:06:10.100000,9.780348745331018
2015-03-26T16:06:10.200000,9.780017024410297
2015-03-26T16:06:10.300000,9.77422357255108
2015-03-26T16:06:10.400000,9.77724865003071
2015-03-26T16:06:10.500000,9.768509273898426
2015-03-26T16:06:10.600000,9.770954887091262
2015-03-26T16:06:10.700000,9.782317577010591
2015-03-26T16:06:10.800000,9.755363176301254
2015-03-26T16:06:10.900000,9.733610301543676
2015-03-26T16:06:11.000000,9.762297257979332
2015-03-26T16:06:11.100000,9.758034369170252
2015-03-26T16:06:11.200000,9.761264836961653
2015-03-26T16:06:11.300000,9.751989541324017
2015-03-26T16:06:11.400000,9.75766636504593
2015-03-26T16:06:11.500000,9.770586225842052
2015-03-26T16:06:11.600000,9.76308054757377
2015-03-26T16:06:11.700000,9.749152453966635
2015-03-26T16:06:11.800000,9.769558337967544
2015-03-26T16:06:11.900000,9.74912436612012
2015-03-26T16:06:12.000000,9.757472369465257
2015-03-26T16:06:12.100000,9.766508110422542
2015-03-26T16:06:12.200000,9.730737842211418
2015-03-26T16:06:12.300000,9.715157038233064
2015-03-26T16:06:12.400000,9.72144648433338
2015-03-26T16:06:12.500000,9.744181556884104
2015-03-26T16:06:12.600000,9.734626431824818
2015-03-26T16:06:12.700000,9.702168085961183
2015-03-26T16:06:12.800000,9.713693683244554
2015-03-26T16:06:12.900000,9.741003392727258
2015-03-26T16:06:13.000000,9.743077605229791
2015-03-26T16:06:13.100000,9.72696784722485
2015-03-26T16:06:13.200000,9.726767544895967
2015-03-26T16:06:13.300000,9.722423514770394
2015-03-26T16:06:13.400000,9.729960226478916
2015-03-26T16:06:13.500000,9.730534447498748
2015-03-26T16:06:13.600000,9.72071353841293
2015-03-26T16:06:13.700000,9.707310519464306
2015-03-26T16:06:13.800000,9.712840495901215
2015-03-26T16:06:13.900000,9.719162176199916
2015-03-26T16:06:14.000000,9.73136743005025
2015-03-26T16:06:14.100000,9.716136753193377
2015-03-26T16:06:14.200000,9.714648260332046
2015-03-26T16:06:14.300000,9.707124861935638
2015-03-26T16:06:14.400000,9.700368944411766
2015-03-26T16:06:14.500000,9.717501376234123
2015-03-26T16:06:14.600000,9.73373944578874
2015-03-26T16:06:14.700000,9.733206664021314
2015-03-26T16:06:14.800000,9.756968503856502
2015-03-26T16:06:14.900000,9.743280592563266
2015-03-26T16:06:15.000000,9.759383094840445
2015-03-26T16:06:15.100000,9.757929095029755
2015-03-26T16:06:15.200000,9.733927680895
2015-03-26T16:06:15.300000,9.72318552995922
2015-03-26T16:06:15.400000,9.719948365033463
2015-03-26T16:06:15.500000,9.726050663588389
2015-03-26T16:06:15.600000,9.727211306707108
2015-03-26T16:06:15.700000,9.720694010695606
2015-03-26T16:06:15.800000,9.723810360946818
2015-03-26T16:06:15.900000,9.746153288136927
2015-03-26T16:06:16.000000,9.74329022023388
2015-03-26T16:06:16.100000,9.730982149378969
2015-03-26T16:06:16.200000,9.74743671877934
2015-03-26T16:06:16.300000,9.7462252254323
2015-03-26T16:06:16.400000,9.745564023297822
2015-03-26T16:06:16.500000,9.7310907792148
2015-03-26T16:06:16.600000,9.749500145038432
2015-03-26T16:06:16.700000,9.75826480111814
2015-03-26T16:06:16.800000,9.731700016331278
2015-03-26T16:06:16.900000,9.734217935117275
2015-03-26T16:06:17.000000,9.744532932113612
2015-03-26T16:06:17.100000,9.72875503665838
2015-03-26T16:06:17.200000,9.72308234596824
2015-03-26T16:06:17.300000,9.74374779449754
2015-03-26T16:06:17.400000,9.748230344813477
2015-03-26T16:06:17.500000,9.741313712185034
2015-03-26T16:06:17.600000,9.731049396869476
2015-03-26T16:06:17.700000,9.728900451851786
2015-03-26T16:06:17.800000,9.73471819819179
2015-03-26T16:06:17.900000,9.723442733813403
2015-03-26T16:06:18.000000,9.734844380169536
2015-03-26T16:06:18.100000,9.737189661049737
2015-03-26T16:06:18.200000,9.746266668668673
2015-03-26T16:06:18.300000,9.744156601101915
2015-03-26T16:06:18.400000,9.73125195085423
2015-03-26T16:06:18.500000,9.71777722645517
2015-03-26T16:06:18.600000,9.726830011701855
2015-03-26T16:06:18.700000,9.735335497593756
2015-03-26T16:06:18.800000,9.732116686044307
2015-03-26T16:06:18.900000,9.72961829151836
2015-03-26T16:06:19.000000,9.743166934157385
2015-03-26T16:06:19.100000,9.760474240423372
2015-03-26T16:06:19.200000,9.775003918533788
2015-03-26T16:06:19.300000,9.759095371267849
2015-03-26T16:06:19.400000,9.747266106850793
2015-03-26T16:06:19.500000,9.740582421966575
2015-03-26T16:06:19.600000,9.735727781078191
2015-03-26T16:06:19.700000,9.7515747546388
2015-03-26T16:06:19.800000,9.762830597639374
2015-03-26T16:06:19.900000,9.764792177055082
2015-03-26T16:06:20.000000,9.750805707360772
2015-03-26T16:06:20.100000,9.747329428486776
2015-03-26T16:06:20.200000,9.756088366873428
2015-03-26T16:06:20.300000,9.746409827642852
2015-03-26T16:06:20.400000,9.731079906175047
2015-03-26T16:06:20.500000,9.733608291304108
2015-03-26T16:06:20.600000,9.731028513936112
2015-03-26T16:06:20.700000,9.747852246359036
2015-03-26T16:06:20.800000,9.755769370060074
2015-03-26T16:06:20.900000,9.736065392931616
2015-03-26T16:06:21.000000,9.744924163193112
2015-03-26T16:06:21.100000,9.7512685483443
2015-03-26T16:06:21.200000,9.733245627883935
2015-03-26T16:06:21.300000,9.73042100733993
2015-03-26T16:06:21.400000,9.739667456338124
2015-03-26T16:06:21.500000,9.733253232233675
2015-03-26T16:06:21.600000,9.732525585456212
2015-03-26T16:06:21.700000,9.738258627646776
2015-03-26T16:06:21.800000,9.727561016962136
2015-03-26T16:06:21.900000,9.746986220119508
2015-03-26T16:06:22.000000,9.753418542828031
2015-03-26T16:06:22.100000,9.723604285286177
2015-03-26T16:06:22.200000,9.737979771022784
2015-03-26T16:06:22.300000,9.749579031956754
2015-03-26T16:06:22.400000,9.73885145104274
2015-03-26T16:06:22.500000,9.7298538466761
2015-03-26T16:06:22.600000,9.726970687737245
2015-03-26T16:06:22.700000,9.719772365207238
2015-03-26T16:06:22.800000,9.7433189529536
2015-03-26T16:06:22.900000,9.75113474211907
2015-03-26T16:06:23.000000,9.727610729624116
2015-03-26T16:06:23.100000,9.719176839562085
2015-03-26T16:06:23.200000,9.729618167900105
2015-03-26T16:06:23.300000,9.741569348480397
2015-03-26T16:06:23.400000,9.74203773295237
2015-03-26T16:06:23.500000,9.72498243509631
2015-03-26T16:06:23.600000,9.734478725956093
2015-03-26T16:06:23.700000,9.75629191698114
2015-03-26T16:06:23.800000,9.74041058904879
2015-03-26T16:06:23.900000,9.740193834843334
2015-03-26T16:06:24.000000,9.754309092388215
2015-03-26T16:06:24.100000,9.74324853826261
2015-03-26T16:06:24.200000,9.749044289207816
2015-03-26T16:06:24.300000,9.750936870182532
2015-03-26T16:06:24.400000,9.73178689620219
2015-03-26T16:06:24.500000,9.725062282392267
2015-03-26T16:06:24.600000,9.715201446619742
2015-03-26T16:06:24.700000,9.726102513642674
2015-03-26T16:06:24.800000,9.723429452213512
2015-03-26T16:06:24.900000,9.724031674645802
2015-03-26T16:06:25.000000,9.72001165038121
2015-03-26T16:06:25.100000,9.73485746629142
2015-03-26T16:06:25.200000,9.724997607191836
2015-03-26T16:06:25.300000,9.732900576535249
2015-03-26T16:06:25.400000,9.72841501351938
2015-03-26T16:06:25.500000,9.733020923479794
2015-03-26T16:06:25.600000,9.759099968559008
2015-03-26T16:06:25.700000,9.761796841779631
2015-03-26T16:06:25.800000,9.751647004418116
2015-03-26T16:06:25.900000,9.780776289819686
2015-03-26T16:06:26.000000,9.762804891559204
2015-03-26T16:06:26.100000,9.741220432638556
2015-03-26T16:06:26.200000,9.744050554198669
2015-03-26T16:06:26.300000,9.74033711854805
2015-03-26T16:06:26.400000,9.73967333785366
2015-03-26T16:06:26.500000,9.755825001319394
2015-03-26T16:06:26.600000,9.765440211988968
2015-03-26T16:06:26.700000,9.774951878589391
2015-03-26T16:06:26.800000,9.77065255738157
2015-03-26T16:06:26.900000,9.745415139285557
2015-03-26T16:06:27.000000,9.744706394336209
2015-03-26T16:06:27.100000,9.745977554428494
2015-03-26T16:06:27.200000,9.745857876590078
2015-03-26T16:06:27.300000,9.734803779243704
2015-03-26T16:06:27.400000,9.748082971694428
2015-03-26T16:06:27.500000,9.749922251381076
2015-03-26T16:06:27.600000,9.73811148876257
2015-03-26T16:06:27.700000,9.74283948092496
2015-03-26T16:06:27.800000,9.742137714810315
2015-03-26T16:06:27.900000,9.762258041883443
2015-03-26T16:06:28.000000,9.766198132714097
2015-03-26T16:06:28.100000,9.770462069569884
2015-03-26T16:06:28.200000,9.769272069590158
2015-03-26T16:06:28.300000,9.763644140276568
2015-03-26T16:06:28.400000,9.7413079352588
2015-03-26T16:06:28.500000,9.730958874213982
2015-03-26T16:06:28.600000,9.746059453744946
2015-03-26T16:06:28.700000,9.744643321429573
2015-03-26T16:06:28.800000,9.760332613076883
2015-03-26T16:06:28.900000,9.75743403443246
2015-03-26T16:06:29.000000,9.728558104106698
2015-03-26T16:06:29.100000,9.734776301856726
2015-03-26T16:06:29.200000,9.753747751571328
2015-03-26T16:06:29.300000,9.76015638570074
2015-03-26T16:06:29.400000,9.744545709087246
2015-03-26T16:06:29.500000,9.755196044333976
2015-03-26T16:06:29.600000,9.736209523169412
2015-03-26T16:06:29.700000,9.714706469090958
2015-03-26T16:06:29.800000,9.71610610572016
2015-03-26T16:06:29.900000,9.713711861086232
2015-03-26T16:06:30.000000,9.7177170308907
2015-03-26T16:06:30.100000,9.723146556284476
2015-03-26T16:06:30.200000,9.717389406536595
2015-03-26T16:06:30.300000,9.721162232012423
2015-03-26T16:06:30.400000,9.72453220614521
2015-03-26T16:06:30.500000,9.732324246053944
2015-03-26T16:06:30.600000,9.73881950953496
2015-03-26T16:06:30.700000,9.735800922058685
2015-03-26T16:06:30.800000,9.709473458263396
2015-03-26T16:06:30.900000,9.71245419014686
2015-03-26T16:06:31.000000,9.724811986270089
2015-03-26T16:06:31.100000,9.73730942468917
2015-03-26T16:06:31.200000,9.751807373486312
2015-03-26T16:06:31.300000,9.748113917091365
2015-03-26T16:06:31.400000,9.720884665148477
2015-03-26T16:06:31.500000,9.727802590131818
2015-03-26T16:06:31.600000,9.72532043014462
2015-03-26T16:06:31.700000,9.73910273807454
2015-03-26T16:06:31.800000,9.743328778925504
2015-03-26T16:06:31.900000,9.745969971449274
2015-03-26T16:06:32.000000,9.747237421859657
2015-03-26T16:06:32.100000,9.74606275028451
2015-03-26T16:06:32.200000,9.732267824983795
2015-03-26T16:06:32.300000,9.726788782313468
2015-03-26T16:06:32.400000,9.745853181562474
2015-03-26T16:06:32.500000,9.736897637894703
2015-03-26T16:06:32.600000,9.73110057681778
2015-03-26T16:06:32.700000,9.74946711773864
2015-03-26T16:06:32.800000,9.761390556953852
2015-03-26T16:06:32.900000,9.746704171905336
2015-03-26T16:06:33.000000,9.74791873104441
2015-03-26T16:06:33.100000,9.73530608497726
2015-03-26T16:06:33.200000,9.724454697309632
2015-03-26T16:06:33.300000,9.725908495947367
2015-03-26T16:06:33.400000,9.736504292536605
2015-03-26T16:06:33.500000,9.743048622733138
2015-03-26T16:06:33.600000,9.756848277276257
2015-03-26T16:06:33.700000,9.767293480240976
2015-03-26T16:06:33.800000,9.749615046515066
2015-03-26T16:06:33.900000,9.755523489224128
2015-03-26T16:06:34.000000,9.749168966964652
2015-03-26T16:06:34.100000,9.744405846733642
2015-03-26T16:06:34.200000,9.752633981405472
2015-03-26T16:06:34.300000,9.763045066141435
2015-03-26T16:06:34.400000,9.76086974405065
2015-03-26T16:06:34.500000,9.771961381690655
2015-03-26T16:06:34.600000,9.762255628792529
2015-03-26T16:06:34.700000,9.752507523498094
2015-03-26T16:06:34.800000,9.761327436965162
2015-03-26T16:06:34.900000,9.75476946416648
2015-03-26T16:06:35.000000,9.74703038232777
2015-03-26T16:06:35.100000,9.761498627992966
2015-03-26T16:06:35.200000,9.77494905325974
2015-03-26T16:06:35.300000,9.758858880946516
2015-03-26T16:06:35.400000,9.767160995129396
2015-03-26T16:06:35.500000,9.759123916819432
2015-03-26T16:06:35.600000,9.748224184589429
2015-03-26T16:06:35.700000,9.750001445809238
2015-03-26T16:06:35.800000,9.727553438334745
2015-03-26T16:06:35.900000,9.72459876884978
2015-03-26T16:06:36.000000,9.7352730966611
2015-03-26T16:06:36.100000,9.729591141616304
2015-03-26T16:06:36.200000,9.739444699297398
2015-03-26T16:06:36.300000,9.748228953317742
2015-03-26T16:06:36.400000,9.724709087874288
2015-03-26T16:06:36.500000,9.735074459392994
2015-03-26T16:06:36.600000,9.732084338612506
2015-03-26T16:06:36.700000,9.739130309302965
2015-03-26T16:06:36.800000,9.743219725617294
2015-03-26T16:06:36.900000,9.741416256915702
2015-03-26T16:06:37.000000,9.749715956350885
2015-03-26T16:06:37.100000,9.759868387574446
2015-03-26T16:06:37.200000,9.74249228982945
2015-03-26T16:06:37.300000,9.742273771118196
2015-03-26T16:06:37.400000,9.76663655056467
2015-03-26T16:06:37.500000,9.765601643903352
2015-03-26T16:06:37.600000,9.769773863619264
2015-03-26T16:06:37.700000,9.76340213866016
2015-03-26T16:06:37.800000,9.751066267813568
2015-03-26T16:06:37.900000,9.732088720164434
2015-03-26T16:06:38.000000,9.728368051912854
2015-03-26T16:06:38.100000,9.733226675475905
2015-03-26T16:06:38.200000,9.763715982346504
2015-03-26T16:06:38.300000,9.746529732561315
2015-03-26T16:06:38.400000,9.733885890671012
2015-03-26T16:06:38.500000,9.744051468846733
2015-03-26T16:06:38.600000,9.739057849550306
2015-03-26T16:06:38.700000,9.734389284094664
2015-03-26T16:06:38.800000,9.719051723519923
2015-03-26T16:06:38.900000,9.703763944979263
2015-03-26T16:06:39.000000,9.69648332210951
2015-03-26T16:06:39.100000,9.697025139405904
2015-03-26T16:06:39.200000,9.727079855378156
2015-03-26T16:06:39.300000,9.73301924328065
2015-03-26T16:06:39.400000,9.731352411837822
2015-03-26T16:06:39.500000,9.726187967284623
2015-03-26T16:06:39.600000,9.730542832185956
2015-03-26T16:06:39.700000,9.725959884972257
2015-03-26T16:06:39.800000,9.724521642101196
2015-03-26T16:06:39.900000,9.747587390453084
2015-03-26T16:06:40.000000,9.748517998345005
2015-03-26T16:06:40.100000,9.74201246270028
2015-03-26T16:06:40.200000,9.748562531828904
2015-03-26T16:06:40.300000,9.733440881975968
2015-03-26T16:06:40.400000,9.75813689217636
2015-03-26T16:06:40.500000,9.756289915861435
2015-03-26T16:06:40.600000,9.748254653621782
2015-03-26T16:06:40.700000,9.74957672699186
2015-03-26T16:06:40.800000,9.76989760549923
2015-03-26T16:06:40.900000,9.778544513963928
2015-03-26T16:06:41.000000,9.758810149908474
2015-03-26T16:06:41.100000,9.76452853282638
2015-03-26T16:06:41.200000,9.768813264805562
2015-03-26T16:06:41.300000,9.77676292698635
2015-03-26T16:06:41.400000,9.772375993636524
2015-03-26T16:06:41.500000,9.772804422690092
2015-03-26T16:06:41.600000,9.740963766372978
2015-03-26T16:06:41.700000,9.746463823300246
2015-03-26T16:06:41.800000,9.773145140765362
2015-03-26T16:06:41.900000,9.76283720236293
2015-03-26T16:06:42.000000,9.764574737717837
2015-03-26T16:06:42.100000,9.762179879666585
2015-03-26T16:06:42.200000,9.763833176433389
2015-03-26T16:06:42.300000,9.73457035842214
2015-03-26T16:06:42.400000,9.743710054173576
2015-03-26T16:06:42.500000,9.750328421007811
2015-03-26T16:06:42.600000,9.771708303752105
2015-03-26T16:06:42.700000,9.75096791363554
2015-03-26T16:06:42.800000,9.762003085999757
2015-03-26T16:06:42.900000,9.751931525002425
2015-03-26T16:06:43.000000,9.757834158325991
2015-03-26T16:06:43.100000,9.75277222615732
2015-03-26T16:06:43.200000,9.763874693144158
2015-03-26T16:06:43.300000,9.767705529794895
2015-03-26T16:06:43.400000,9.743700265589467
2015-03-26T16:06:43.500000,9.73651375124396
2015-03-26T16:06:43.600000,9.737476272441198
2015-03-26T16:06:43.700000,9.736636450888156
2015-03-26T16:06:43.800000,9.738266460385775
2015-03-26T16:06:43.900000,9.732225608367912
2015-03-26T16:06:44.000000,9.728807672251094
2015-03-26T16:06:44.100000,9.732912340784925
2015-03-26T16:06:44.200000,9.737826624648244
2015-03-26T16:06:44.300000,9.727138330501305
2015-03-26T16:06:44.400000,9.716238803155852
2015-03-26T16:06:44.500000,9.7096945026186
2015-03-26T16:06:44.600000,9.729952804912296
2015-03-26T16:06:44.700000,9.7161922304687
2015-03-26T16:06:44.800000,9.719182222103369
2015-03-26T16:06:44.900000,9.716102669014829
2015-03-26T16:06:45.000000,9.74419838387577
2015-03-26T16:06:45.100000,9.729139751558003
2015-03-26T16:06:45.200000,9.719788957909964
2015-03-26T16:06:45.300000,9.735702956158145
2015-03-26T16:06:45.400000,9.69974726635811
2015-03-26T16:06:45.500000,9.70269481888711
2015-03-26T16:06:45.600000,9.738544839705176
2015-03-26T16:06:45.700000,9.7441783156071
2015-03-26T16:06:45.800000,9.722513888855635
2015-03-26T16:06:45.900000,9.735956370430229
2015-03-26T16:06:46.000000,9.730154394829446
2015-03-26T16:06:46.100000,9.72440952666312
2015-03-26T16:06:46.200000,9.747995267847346
2015-03-26T16:06:46.300000,9.747236968620614
2015-03-26T16:06:46.400000,9.730661864182366
2015-03-26T16:06:46.500000,9.727650883122925
2015-03-26T16:06:46.600000,9.734251294014
2015-03-26T16:06:46.700000,9.757882469437554
2015-03-26T16:06:46.800000,9.759527654232205
2015-03-26T16:06:46.900000,9.76037841363318
2015-03-26T16:06:47.000000,9.751516127028887
2015-03-26T16:06:47.100000,9.765345690891158
2015-03-26T16:06:47.200000,9.76013580556028
2015-03-26T16:06:47.300000,9.761150376976804
2015-03-26T16:06:47.400000,9.77442151066422
2015-03-26T16:06:47.500000,9.76898160320137
2015-03-26T16:06:47.600000,9.7799584970651
2015-03-26T16:06:47.700000,9.768510730263053
2015-03-26T16:06:47.800000,9.763612882308076
2015-03-26T16:06:47.900000,9.76915604291544
2015-03-26T16:06:48.000000,9.759596359305746
2015-03-26T16:06:48.100000,9.751594774825367
2015-03-26T16:06:48.200000,9.74222927809288
2015-03-26T16:06:48.300000,9.754769472389803
2015-03-26T16:06:48.400000,9.76001118655717
2015-03-26T16:06:48.500000,9.748696727977828
2015-03-26T16:06:48.600000,9.75794054168826
2015-03-26T16:06:48.700000,9.744647492295703
2015-03-26T16:06:48.800000,9.764402135402822
2015-03-26T16:06:48.900000,9.783708112540216
2015-03-26T16:06:49.000000,9.775460362271042
2015-03-26T16:06:49.100000,9.76201351036074
2015-03-26T16:06:49.200000,9.767034975928572
2015-03-26T16:06:49.300000,9.76764192047829
2015-03-26T16:06:49.400000,9.752090276657414
2015-03-26T16:06:49.500000,9.75870071462214
2015-03-26T16:06:49.600000,9.752196911672431
2015-03-26T16:06:49.700000,9.749689661798325
2015-03-26T16:06:49.800000,9.755423684889628
2015-03-26T16:06:49.900000,9.750338592175186
2015-03-26T16:06:50.000000,9.719008584939845
2015-03-26T16:06:50.100000,9.71732825040012
2015-03-26T16:06:50.200000,9.72633198132478
2015-03-26T16:06:50.300000,9.736259513545567
2015-03-26T16:06:50.400000,9.748017281094263
2015-03-26T16:06:50.500000,9.735802843050308
2015-03-26T16:06:50.600000,9.734394844808504
2015-03-26T16:06:50.700000,9.734763814194554
2015-03-26T16:06:50.800000,9.713926121997902
2015-03-26T16:06:50.900000,9.705190639809496
2015-03-26T16:06:51.000000,9.71817938467064
2015-03-26T16:06:51.100000,9.747795579984476
2015-03-26T16:06:51.200000,9.751029089800207
2015-03-26T16:06:51.300000,9.721096680726571
2015-03-26T16:06:51.400000,9.71396984007872
2015-03-26T16:06:51.500000,9.717110197349689
2015-03-26T16:06:51.600000,9.716187920915893
2015-03-26T16:06:51.700000,9.737845418817368
2015-03-26T16:06:51.800000,9.74766998882249
2015-03-26T16:06:51.900000,9.734755028126688
2015-03-26T16:06:52.000000,9.743659238382268
2015-03-26T16:06:52.100000,9.74962205904394
2015-03-26T16:06:52.200000,9.752489974039024
2015-03-26T16:06:52.300000,9.73062293494546
2015-03-26T16:06:52.400000,9.737021695518363
2015-03-26T16:06:52.500000,9.7631795053492
2015-03-26T16:06:52.600000,9.753784981638736
2015-03-26T16:06:52.700000,9.753827130786492
2015-03-26T16:06:52.800000,9.76169189158452
2015-03-26T16:06:52.900000,9.772053366618806
2015-03-26T16:06:53.000000,9.738709917066496
2015-03-26T16:06:53.100000,9.742580131409786
2015-03-26T16:06:53.200000,9.751373435303387
2015-03-26T16:06:53.300000,9.760548308982262
2015-03-26T16:06:53.400000,9.77711675806285
2015-03-26T16:06:53.500000,9.77141591889004
2015-03-26T16:06:53.600000,9.75459675286726
2015-03-26T16:06:53.700000,9.763024649539584
2015-03-26T16:06:53.800000,9.756251748775904
2015-03-26T16:06:53.900000,9.769570641932535
2015-03-26T16:06:54.000000,9.781167621790848
2015-03-26T16:06:54.100000,9.768154905633228
2015-03-26T16:06:54.200000,9.7526098183043
2015-03-26T16:06:54.300000,9.757168792624944
2015-03-26T16:06:54.400000,9.745036689914214
2015-03-26T16:06:54.500000,9.74752087013574
2015-03-26T16:06:54.600000,9.749702577552162
2015-03-26T16:06:54.700000,9.739296102010584
2015-03-26T16:06:54.800000,9.742403760288802
2015-03-26T16:06:54.900000,9.75570607884793
2015-03-26T16:06:55.000000,9.760806474343363
2015-03-26T16:06:55.100000,9.745166004566135
2015-03-26T16:06:55.200000,9.74225955601788
2015-03-26T16:06:55.300000,9.730060548188174
2015-03-26T16:06:55.400000,9.716347760145997
2015-03-26T16:06:55.500000,9.741718620189989
2015-03-26T16:06:55.600000,9.754199920382524
2015-03-26T16:06:55.700000,9.734390134820597
2015-03-26T16:06:55.800000,9.725270194405494
2015-03-26T16:06:55.900000,9.72774008595741
2015-03-26T16:06:56.000000,9.72382189148228
2015-03-26T16:06:56.100000,9.705361297074804
2015-03-26T16:06:56.200000,9.71734853201795
2015-03-26T16:06:56.300000,9.725934322661182
2015-03-26T16:06:56.400000,9.728017871909753
2015-03-26T16:06:56.500000,9.715133893263296
2015-03-26T16:06:56.600000,9.721896679616789
2015-03-26T16:06:56.700000,9.722248765561645
2015-03-26T16:06:56.800000,9.709625127634451
2015-03-26T16:06:56.900000,9.720926610497884
2015-03-26T16:06:57.000000,9.733629238378482
2015-03-26T16:06:57.100000,9.73696428389263
2015-03-26T16:06:57.200000,9.74807195118086
2015-03-26T16:06:57.300000,9.740510812301851
2015-03-26T16:06:57.400000,9.742101218365775
2015-03-26T16:06:57.500000,9.733708991173854
2015-03-26T16:06:57.600000,9.73803909604041
2015-03-26T16:06:57.700000,9.7424011344774
2015-03-26T16:06:57.800000,9.728832270851324
2015-03-26T16:06:57.900000,9.779169515554036
2015-03-26T16:06:58.000000,9.784730301976149
2015-03-26T16:06:58.100000,9.770426316387812
2015-03-26T16:06:58.200000,9.760985831619776
2015-03-26T16:06:58.300000,9.769616786292412
2015-03-26T16:06:58.400000,9.750661951989969
2015-03-26T16:06:58.500000,9.755950425830015
2015-03-26T16:06:58.600000,9.78224947711319
2015-03-26T16:06:58.700000,9.747265566140772
2015-03-26T16:06:58.800000,9.746634403335683
2015-03-26T16:06:58.900000,9.74507835281482
2015-03-26T16:06:59.000000,9.743966935930873
2015-03-26T16:06:59.100000,9.766154958116193
2015-03-26T16:06:59.200000,9.760101992135404
2015-03-26T16:06:59.300000,9.75288034950056
2015-03-26T16:06:59.400000,9.757715603474594
2015-03-26T16:06:59.500000,9.760664763584948
2015-03-26T16:06:59.600000,9.76070200237553
2015-03-26T16:06:59.700000,9.75800082720612
2015-03-26T16:06:59.800000,9.745259194082251
2015-03-26T16:06:59.900000,9.754935536572107
2015-03-26T16:07:00.000000,9.735963127700913
2015-03-26T16:07:00.100000,9.73364790271422
2015-03-26T16:07:00.200000,9.738462763356356
2015-03-26T16:07:00.300000,9.733433671467443
2015-03-26T16:07:00.400000,9.738621756112227
2015-03-26T16:07:00.500000,9.74786574786418
2015-03-26T16:07:00.600000,9.729982740794814
2015-03-26T16:07:00.700000,9.72088627915472
2015-03-26T16:07:00.800000,9.73229462854794
2015-03-26T16:07:00.900000,9.72288024959924
2015-03-26T16:07:01.000000,9.723312061249429
2015-03-26T16:07:01.100000,9.717230652067414
2015-03-26T16:07:01.200000,9.740337679816523
2015-03-26T16:07:01.300000,9.736952402111704
2015-03-26T16:07:01.400000,9.726064896734446
2015-03-26T16:07:01.500000,9.726383947463995
2015-03-26T16:07:01.600000,9.708435953020231
2015-03-26T16:07:01.700000,9.705593146370624
2015-03-26T16:07:01.800000,9.741367205446108
2015-03-26T16:07:01.900000,9.73136354474056
2015-03-26T16:07:02.000000,9.728527210603184
2015-03-26T16:07:02.100000,9.7440309534303
2015-03-26T16:07:02.200000,9.734549807811188
2015-03-26T16:07:02.300000,9.716917789275758
2015-03-26T16:07:02.400000,9.712945852463704
2015-03-26T16:07:02.500000,9.732165401512963
2015-03-26T16:07:02.600000,9.74370590308517
2015-03-26T16:07:02.700000,9.728563980387763
2015-03-26T16:07:02.800000,9.71804089609137
2015-03-26T16:07:02.900000,9.708855190842778
2015-03-26T16:07:03.000000,9.741197252350842
2015-03-26T16:07:03.100000,9.743795119374695
2015-03-26T16:07:03.200000,9.726780951544027
2015-03-26T16:07:03.300000,9.744176990780623
2015-03-26T16:07:03.400000,9.750151687007667
2015-03-26T16:07:03.500000,9.732594879188
2015-03-26T16:07:03.600000,9.741487959639093
2015-03-26T16:07:03.700000,9.751223061786254
2015-03-26T16:07:03.800000,9.755450843518318
2015-03-26T16:07:03.900000,9.742931705542414
2015-03-26T16:07:04.000000,9.75620087894606
2015-03-26T16:07:04.100000,9.753653482210776
2015-03-26T16:07:04.200000,9.730617105541215
2015-03-26T16:07:04.300000,9.724831966741675
2015-03-26T16:07:04.400000,9.740630350191898
2015-03-26T16:07:04.500000,9.755743995565147
2015-03-26T16:07:04.600000,9.774724486691616
2015-03-26T16:07:04.700000,9.762986790293274
2015-03-26T16:07:04.800000,9.754675946767897
2015-03-26T16:07:04.900000,9.756131800951112
2015-03-26T16:07:05.000000,9.762111991186597
2015-03-26T16:07:05.100000,9.766303218972563
2015-03-26T16:07:05.200000,9.770930046153156
2015-03-26T16:07:05.300000,9.74898243105838
2015-03-26T16:07:05.400000,9.760458695963244
2015-03-26T16:07:05.500000,9.7551128311048
2015-03-26T16:07:05.600000,9.747005343249125
2015-03-26T16:07:05.700000,9.768557807050994
2015-03-26T16:07:05.800000,9.761436004110452
2015-03-26T16:07:05.900000,9.773153780944089
2015-03-26T16:07:06.000000,9.773955055401196
2015-03-26T16:07:06.100000,9.778696989357938
2015-03-26T16:07:06.200000,9.772796963575724
2015-03-26T16:07:06.300000,9.75802508795054
2015-03-26T16:07:06.400000,9.769839569811545
2015-03-26T16:07:06.500000,9.745531066597865
2015-03-26T16:07:06.600000,9.724222130113484
2015-03-26T16:07:06.700000,9.753497752822062
2015-03-26T16:07:06.800000,9.747519634786595
2015-03-26T16:07:06.900000,9.741302461652436
2015-03-26T16:07:07.000000,9.73408683689807
2015-03-26T16:07:07.100000,9.728991994429746
2015-03-26T16:07:07.200000,9.747329482793218
2015-03-26T16:07:07.300000,9.745189092252929
2015-03-26T16:07:07.400000,9.735421511637984
2015-03-26T16:07:07.500000,9.75422381313589
2015-03-26T16:07:07.600000,9.749908846435387
2015-03-26T16:07:07.700000,9.73777404664082
2015-03-26T16:07:07.800000,9.737003748930766
2015-03-26T16:07:07.900000,9.716226261766716
2015-03-26T16:07:08.000000,9.73335128738971
2015-03-26T16:07:08.100000,9.74819562635505
2015-03-26T16:07:08.200000,9.718924219631726
2015-03-26T16:07:08.300000,9.71713972394285
2015-03-26T16:07:08.400000,9.727898263546336
2015-03-26T16:07:08.500000,9.728204763655116
2015-03-26T16:07:08.600000,9.714656212041923
2015-03-26T16:07:08.700000,9.72387683912259
2015-03-26T16:07:08.800000,9.738881624375466
2015-03-26T16:07:08.900000,9.73051430388445
2015-03-26T16:07:09.000000,9.730867285802129
2015-03-26T16:07:09.100000,9.731382508786764
2015-03-26T16:07:09.200000,9.722907074523686
2015-03-26T16:07:09.300000,9.705559186358617
2015-03-26T16:07:09.400000,9.709291080801638
2015-03-26T16:07:09.500000,9.733485405571992
2015-03-26T16:07:09.600000,9.717800496767024
2015-03-26T16:07:09.700000,9.70746704268149
2015-03-26T16:07:09.800000,9.722227680990418
2015-03-26T16:07:09.900000,9.738006011577864
2015-03-26T16:07:10.000000,9.7316590024871
2015-03-26T16:07:10.100000,9.722898814662503
2015-03-26T16:07:10.200000,9.726347966729582
2015-03-26T16:07:10.300000,9.722047124492615
2015-03-26T16:07:10.400000,9.72807011603692
2015-03-26T16:07:10.500000,9.750543674789713
2015-03-26T16:07:10.600000,9.755717062820976
2015-03-26T16:07:10.700000,9.761762491567724
2015-03-26T16:07:10.800000,9.765356200595708
2015-03-26T16:07:10.900000,9.733279900721913
2015-03-26T16:07:11.000000,9.730574420427686
2015-03-26T16:07:11.100000,9.761556358815666
2015-03-26T16:07:11.200000,9.740994435781625
2015-03-26T16:07:11.300000,9.74724283061244
2015-03-26T16:07:11.400000,9.755094626967214
2015-03-26T16:07:11.500000,9.764029009654966
2015-03-26T16:07:11.600000,9.75928043624235
2015-03-26T16:07:11.700000,9.742674996904777
2015-03-26T16:07:11.800000,9.750672015790258
2015-03-26T16:07:11.900000,9.73005831585928
2015-03-26T16:07:12.000000,9.740550312739527
2015-03-26T16:07:12.100000,9.741932834533696
2015-03-26T16:07:12.200000,9.747537467909522
2015-03-26T16:07:12.300000,9.751079625595573
2015-03-26T16:07:12.400000,9.73579210522538
2015-03-26T16:07:12.500000,9.73997902985581
2015-03-26T16:07:12.600000,9.739593375323588
2015-03-26T16:07:12.700000,9.732314745665326
2015-03-26T16:07:12.800000,9.739554069736924
2015-03-26T16:07:12.900000,9.729601466453111
2015-03-26T16:07:13.000000,9.72118529691357
2015-03-26T16:07:13.100000,9.727443622933537
2015-03-26T16:07:13.200000,9.73610758550882
2015-03-26T16:07:13.300000,9.75404274809424
2015-03-26T16:07:13.400000,9.744734362350044
2015-03-26T16:07:13.500000,9.736233716113825
2015-03-26T16:07:13.600000,9.734857144007409
2015-03-26T16:07:13.700000,9.71526516297256
2015-03-26T16:07:13.800000,9.72868279720209
2015-03-26T16:07:13.900000,9.75867526873238
2015-03-26T16:07:14.000000,9.736469934969438
2015-03-26T16:07:14.100000,9.7330287297841
2015-03-26T16:07:14.200000,9.762770046871456
2015-03-26T16:07:14.300000,9.730698383035593
2015-03-26T16:07:14.400000,9.736089290181358
2015-03-26T16:07:14.500000,9.7383556729891
2015-03-26T16:07:14.600000,9.727538940843782
2015-03-26T16:07:14.700000,9.727084963923891
2015-03-26T16:07:14.800000,9.745194973291705
2015-03-26T16:07:14.900000,9.757806779878196
2015-03-26T16:07:15.000000,9.75994267459181
2015-03-26T16:07:15.100000,9.746309550162618
2015-03-26T16:07:15.200000,9.728832355226947
2015-03-26T16:07:15.300000,9.72429720224177
2015-03-26T16:07:15.400000,9.731838454007804
2015-03-26T16:07:15.500000,9.722728551223186
2015-03-26T16:07:15.600000,9.724838665299696
2015-03-26T16:07:15.700000,9.724770079003806
2015-03-26T16:07:15.800000,9.738591717070893
2015-03-26T16:07:15.900000,9.74239249137681
2015-03-26T16:07:16.000000,9.74436692138487
2015-03-26T16:07:16.100000,9.750406473684256
2015-03-26T16:07:16.200000,9.757635132124788
2015-03-26T16:07:16.300000,9.740581236773297
2015-03-26T16:07:16.400000,9.742826290015431
2015-03-26T16:07:16.500000,9.75170146269032
2015-03-26T16:07:16.600000,9.75646261621232
2015-03-26T16:07:16.700000,9.7478282166315
2015-03-26T16:07:16.800000,9.756977085145202
2015-03-26T16:07:16.900000,9.77170033322152
2015-03-26T16:07:17.000000,9.756795639948288
2015-03-26T16:07:17.100000,9.770758620817327
2015-03-26T16:07:17.200000,9.769200979807016
2015-03-26T16:07:17.300000,9.768411794018112
2015-03-26T16:07:17.400000,9.738990056943774
2015-03-26T16:07:17.500000,9.727424449327351
2015-03-26T16:07:17.600000,9.735976032912664
2015-03-26T16:07:17.700000,9.742690603277694
2015-03-26T16:07:17.800000,9.742534286105974
2015-03-26T16:07:17.900000,9.730718350986344
2015-03-26T16:07:18.000000,9.72727261499701
2015-03-26T16:07:18.100000,9.757186552796924
2015-03-26T16:07:18.200000,9.754028063378293
2015-03-26T16:07:18.300000,9.740571320871068
2015-03-26T16:07:18.400000,9.73681889757298
2015-03-26T16:07:18.500000,9.728158537607616
2015-03-26T16:07:18.600000,9.716063762293569
2015-03-26T16:07:18.700000,9.743990710184317
2015-03-26T16:07:18.800000,9.735917212519425
2015-03-26T16:07:18.900000,9.728582987929435
2015-03-26T16:07:19.000000,9.741657813723874
2015-03-26T16:07:19.100000,9.74802993584669
2015-03-26T16:07:19.200000,9.7757993603112
2015-03-26T16:07:19.300000,9.760072459988455
2015-03-26T16:07:19.400000,9.747160526748823
2015-03-26T16:07:19.500000,9.730337384844823
2015-03-26T16:07:19.600000,9.728154789960444
2015-03-26T16:07:19.700000,9.751678585861184
2015-03-26T16:07:19.800000,9.746545655362766
2015-03-26T16:07:19.900000,9.73775146624684
2015-03-26T16:07:20.000000,9.750336530504686
2015-03-26T16:07:20.100000,9.738525288112593
2015-03-26T16:07:20.200000,9.74895679463647
2015-03-26T16:07:20.300000,9.719160140590327
2015-03-26T16:07:20.400000,9.72609826327244
2015-03-26T16:07:20.500000,9.728645079750372
2015-03-26T16:07:20.600000,9.729465423721429
2015-03-26T16:07:20.700000,9.72817662475798
2015-03-26T16:07:20.800000,9.721318689957064
2015-03-26T16:07:20.900000,9.70636105955482
2015-03-26T16:07:21.000000,9.712346582094536
2015-03-26T16:07:21.100000,9.717186467625629
2015-03-26T16:07:21.200000,9.72787261739802
2015-03-26T16:07:21.300000,9.71957947974435
2015-03-26T16:07:21.400000,9.724116901553115
2015-03-26T16:07:21.500000,9.733810976725051
2015-03-26T16:07:21.600000,9.725667429156244
2015-03-26T16:07:21.700000,9.727822298478864
2015-03-26T16:07:21.800000,9.737203322689371
2015-03-26T16:07:21.900000,9.739699041344773
2015-03-26T16:07:22.000000,9.747591104339156
2015-03-26T16:07:22.100000,9.751039243403582
2015-03-26T16:07:22.200000,9.756425753620364
2015-03-26T16:07:22.300000,9.75474417347241
2015-03-26T16:07:22.400000,9.742372362282522
2015-03-26T16:07:22.500000,9.736197243479156
2015-03-26T16:07:22.600000,9.731972812653527
2015-03-26T16:07:22.700000,9.761124069623875
2015-03-26T16:07:22.800000,9.76918818098467
2015-03-26T16:07:22.900000,9.751914700630175
2015-03-26T16:07:23.000000,9.752637779869245
2015-03-26T16:07:23.100000,9.779942149537352
2015-03-26T16:07:23.200000,9.779534990480478
2015-03-26T16:07:23.300000,9.755840319450076
2015-03-26T16:07:23.400000,9.725836326237236
2015-03-26T16:07:23.500000,9.737585820769342
2015-03-26T16:07:23.600000,9.746959794547903
2015-03-26T16:07:23.700000,9.746692012399109
2015-03-26T16:07:23.800000,9.747276844192845
2015-03-26T16:07:23.900000,9.744072449416594
2015-03-26T16:07:24.000000,9.74141299143217
2015-03-26T16:07:24.100000,9.755294006401332
2015-03-26T16:07:24.200000,9.778269552390023
2015-03-26T16:07:24.300000,9.779703982902925
2015-03-26T16:07:24.400000,9.75308430280374
2015-03-26T16:07:24.500000,9.734977084769726
2015-03-26T16:07:24.600000,9.73672782061164
2015-03-26T16:07:24.700000,9.750061663083684
2015-03-26T16:07:24.800000,9.73452400211952
2015-03-26T16:07:24.900000,9.750383847934604
2015-03-26T16:07:25.000000,9.77782004991388
2015-03-26T16:07:25.100000,9.749527596983643
2015-03-26T16:07:25.200000,9.72665018192338
2015-03-26T16:07:25.300000,9.727105078005502
2015-03-26T16:07:25.400000,9.726481807899502
2015-03-26T16:07:25.500000,9.744153467435874
2015-03-26T16:07:25.600000,9.750788110330785
2015-03-26T16:07:25.700000,9.748397873489395
2015-03-26T16:07:25.800000,9.746146732042684
2015-03-26T16:07:25.900000,9.7454924168337
2015-03-26T16:07:26.000000,9.72225065110868
2015-03-26T16:07:26.100000,9.724765582259954
2015-03-26T16:07:26.200000,9.742080003141622
2015-03-26T16:07:26.300000,9.742041349549268
2015-03-26T16:07:26.400000,9.733504229118756
2015-03-26T16:07:26.500000,9.74296092520011
2015-03-26T16:07:26.600000,9.74296747059725
2015-03-26T16:07:26.700000,9.717169390460276
2015-03-26T16:07:26.800000,9.725616135915825
2015-03-26T16:07:26.900000,9.723400335121935
2015-03-26T16:07:27.000000,9.716553620199894
2015-03-26T16:07:27.100000,9.721402205913414
2015-03-26T16:07:27.200000,9.73095611103068
2015-03-26T16:07:27.300000,9.7364083227068
2015-03-26T16:07:27.400000,9.72577092351079
2015-03-26T16:07:27.500000,9.729239987193138
2015-03-26T16:07:27.600000,9.732394963382957
2015-03-26T16:07:27.700000,9.727276473856792
2015-03-26T16:07:27.800000,9.711668981683784
2015-03-26T16:07:27.900000,9.707340317123723
2015-03-26T16:07:28.000000,9.73751828581491
2015-03-26T16:07:28.100000,9.739375668613263
2015-03-26T16:07:28.200000,9.737181898496596
2015-03-26T16:07:28.300000,9.754095661687067
2015-03-26T16:07:28.400000,9.739059027276062
2015-03-26T16:07:28.500000,9.721342056827098
2015-03-26T16:07:28.600000,9.749024644543203
2015-03-26T16:07:28.700000,9.76701119296818
2015-03-26T16:07:28.800000,9.756959976187824
2015-03-26T16:07:28.900000,9.76129724583994
2015-03-26T16:07:29.000000,9.762822647634524
2015-03-26T16:07:29.100000,9.759361122115711
2015-03-26T16:07:29.200000,9.761879286692484
2015-03-26T16:07:29.300000,9.751197613130753
2015-03-26T16:07:29.400000,9.751677459111985
2015-03-26T16:07:29.500000,9.758139141300052
2015-03-26T16:07:29.600000,9.750859603987598
2015-03-26T16:07:29.700000,9.767175264441708
2015-03-26T16:07:29.800000,9.773735440369691
2015-03-26T16:07:29.900000,9.769448312795063
2015-03-26T16:07:30.000000,9.76153212394267
2015-03-26T16:07:30.100000,9.755108774862627
2015-03-26T16:07:30.200000,9.769264386201971
2015-03-26T16:07:30.300000,9.760352460498018
2015-03-26T16:07:30.400000,9.75815457913464
2015-03-26T16:07:30.500000,9.76723404111335
2015-03-26T16:07:30.600000,9.762642214102616
2015-03-26T16:07:30.700000,9.755723760313892
2015-03-26T16:07:30.800000,9.770930078353892
2015-03-26T16:07:30.900000,9.77580232749128
2015-03-26T16:07:31.000000,9.755476618714154
2015-03-26T16:07:31.100000,9.755457530537608
2015-03-26T16:07:31.200000,9.751494774803978
2015-03-26T16:07:31.300000,9.75602643474658
2015-03-26T16:07:31.400000,9.757013260681283
2015-03-26T16:07:31.500000,9.745818610762695
2015-03-26T16:07:31.600000,9.721845532022904
2015-03-26T16:07:31.700000,9.742115516290182
2015-03-26T16:07:31.800000,9.75496568637788
2015-03-26T16:07:31.900000,9.752354496426186
2015-03-26T16:07:32.000000,9.739824679559
2015-03-26T16:07:32.100000,9.743783644640704
2015-03-26T16:07:32.200000,9.750422392643513
2015-03-26T16:07:32.300000,9.74987178261954
2015-03-26T16:07:32.400000,9.738261218876056
2015-03-26T16:07:32.500000,9.751515648930283
2015-03-26T16:07:32.600000,9.742720119141367
2015-03-26T16:07:32.700000,9.747652115479854
2015-03-26T16:07:32.800000,9.732562193898865
2015-03-26T16:07:32.900000,9.729976279473307
2015-03-26T16:07:33.000000,9.706925899349208
2015-03-26T16:07:33.100000,9.715845937653452
2015-03-26T16:07:33.200000,9.723217455120189
2015-03-26T16:07:33.300000,9.738446534645126
2015-03-26T16:07:33.400000,9.728706688567884
2015-03-26T16:07:33.500000,9.7330708509332
2015-03-26T16:07:33.600000,9.723128664863436
2015-03-26T16:07:33.700000,9.708737532298947
2015-03-26T16:07:33.800000,9.691145504971606
2015-03-26T16:07:33.900000,9.70637896464426
2015-03-26T16:07:34.000000,9.728378021166542
2015-03-26T16:07:34.100000,9.714048708323908
2015-03-26T16:07:34.200000,9.715240450022192
2015-03-26T16:07:34.300000,9.7136041264967
2015-03-26T16:07:34.400000,9.699281226488043
2015-03-26T16:07:34.500000,9.691511195332016
2015-03-26T16:07:34.600000,9.71674610730562
2015-03-26T16:07:34.700000,9.71698439591538
2015-03-26T16:07:34.800000,9.72826847370858
2015-03-26T16:07:34.900000,9.713891913166664
2015-03-26T16:07:35.000000,9.712052477329708
2015-03-26T16:07:35.100000,9.72422572971946
2015-03-26T16:07:35.200000,9.70722192924873
2015-03-26T16:07:35.300000,9.729158758323631
2015-03-26T16:07:35.400000,9.736798279996597
2015-03-26T16:07:35.500000,9.715921542047129
2015-03-26T16:07:35.600000,9.727153357794984
2015-03-26T16:07:35.700000,9.718057606214655
2015-03-26T16:07:35.800000,9.723272247196514
2015-03-26T16:07:35.900000,9.736136794764205
2015-03-26T16:07:36.000000,9.74638824406675
2015-03-26T16:07:36.100000,9.756222098620412
2015-03-26T16:07:36.200000,9.76395560635798
2015-03-26T16:07:36.300000,9.76752155937963
2015-03-26T16:07:36.400000,9.775356644507612
2015-03-26T16:07:36.500000,9.752958615668238
2015-03-26T16:07:36.600000,9.750234488119972
2015-03-26T16:07:36.700000,9.770835015681737
2015-03-26T16:07:36.800000,9.784367793433042
2015-03-26T16:07:36.900000,9.77803682478108
2015-03-26T16:07:37.000000,9.760317863603982
2015-03-26T16:07:37.100000,9.773432397204678
2015-03-26T16:07:37.200000,9.780222913636225
2015-03-26T16:07:37.300000,9.785725466535144
2015-03-26T16:07:37.400000,9.77457300289292
2015-03-26T16:07:37.500000,9.755896896777829
2015-03-26T16:07:37.600000,9.75126562991512
2015-03-26T16:07:37.700000,9.759995170506246
2015-03-26T16:07:37.800000,9.760192646851287
2015-03-26T16:07:37.900000,9.734406410798115
2015-03-26T16:07:38.000000,9.7446364772694
2015-03-26T16:07:38.100000,9.774399013872976
2015-03-26T16:07:38.200000,9.764318332115062
2015-03-26T16:07:38.300000,9.766110926472892
2015-03-26T16:07:38.400000,9.76007596467747
2015-03-26T16:07:38.500000,9.748350723381066
2015-03-26T16:07:38.600000,9.750798426334518
2015-03-26T16:07:38.700000,9.759869590543442
2015-03-26T16:07:38.800000,9.753188678667197
2015-03-26T16:07:38.900000,9.755666511014391
2015-03-26T16:07:39.000000,9.755489733515471
2015-03-26T16:07:39.100000,9.758887163436407
2015-03-26T16:07:39.200000,9.761682710856102
2015-03-26T16:07:39.300000,9.75366064052946
2015-03-26T16:07:39.400000,9.74167849982912
2015-03-26T16:07:39.500000,9.730609192238152
2015-03-26T16:07:39.600000,9.713256924579598
2015-03-26T16:07:39.700000,9.727446451992854
2015-03-26T16:07:39.800000,9.72827613742452
2015-03-26T16:07:39.900000,9.719718845757193
2015-03-26T16:07:40.000000,9.721690180924266
2015-03-26T16:07:40.100000,9.734600459758347
2015-03-26T16:07:40.200000,9.725919261498666
2015-03-26T16:07:40.300000,9.740301862657706
2015-03-26T16:07:40.400000,9.736141442431936
2015-03-26T16:07:40.500000,9.712739981480524
2015-03-26T16:07:40.600000,9.71029096162903
2015-03-26T16:07:40.700000,9.719105524082687
2015-03-26T16:07:40.800000,9.716552836518758
2015-03-26T16:07:40.900000,9.711832120591987
2015-03-26T16:07:41.000000,9.69901377699338
2015-03-26T16:07:41.100000,9.698391848771
2015-03-26T16:07:41.200000,9.698136211241222
2015-03-26T16:07:41.300000,9.716151840884836
2015-03-26T16:07:41.400000,9.718954391784154
2015-03-26T16:07:41.500000,9.712028916572086
2015-03-26T16:07:41.600000,9.72412695430187
2015-03-26T16:07:41.700000,9.72367054682853
2015-03-26T16:07:41.800000,9.710972460252002
2015-03-26T16:07:41.900000,9.69882172011206
2015-03-26T16:07:42.000000,9.724912410486844
2015-03-26T16:07:42.100000,9.749312179809491
2015-03-26T16:07:42.200000,9.7214684361791
2015-03-26T16:07:42.300000,9.727192001258654
2015-03-26T16:07:42.400000,9.747980240002244
2015-03-26T16:07:42.500000,9.745169929170698
2015-03-26T16:07:42.600000,9.73713745796708
2015-03-26T16:07:42.700000,9.724409566564535
2015-03-26T16:07:42.800000,9.737246210690524
2015-03-26T16:07:42.900000,9.771525592571171
2015-03-26T16:07:43.000000,9.763942058363778
2015-03-26T16:07:43.100000,9.74985884183779
2015-03-26T16:07:43.200000,9.760576579515453
2015-03-26T16:07:43.300000,9.77618925808914
2015-03-26T16:07:43.400000,9.774604650234073
2015-03-26T16:07:43.500000,9.774960651378292
2015-03-26T16:07:43.600000,9.776543239996704
2015-03-26T16:07:43.700000,9.778270612532571
2015-03-26T16:07:43.800000,9.768683600450824
2015-03-26T16:07:43.900000,9.771481517340458
2015-03-26T16:07:44.000000,9.755214802738426
2015-03-26T16:07:44.100000,9.75654121932632
2015-03-26T16:07:44.200000,9.768313962050136
2015-03-26T16:07:44.300000,9.744871959961111
2015-03-26T16:07:44.400000,9.746222496094836
2015-03-26T16:07:44.500000,9.7299431023186
2015-03-26T16:07:44.600000,9.723684966421258
2015-03-26T16:07:44.700000,9.743030144787443
2015-03-26T16:07:44.800000,9.743345383015884
2015-03-26T16:07:44.900000,9.75962968312894
2015-03-26T16:07:45.000000,9.75519254934822
2015-03-26T16:07:45.100000,9.768665298122656
2015-03-26T16:07:45.200000,9.773127072162891
2015-03-26T16:07:45.300000,9.7631615326248
2015-03-26T16:07:45.400000,9.736681057431118
2015-03-26T16:07:45.500000,9.743016683701413
2015-03-26T16:07:45.600000,9.772358527294612
2015-03-26T16:07:45.700000,9.75817972455142
2015-03-26T16:07:45.800000,9.745188967701766
2015-03-26T16:07:45.900000,9.749978443982409
2015-03-26T16:07:46.000000,9.735164828027164
2015-03-26T16:07:46.100000,9.730881050680305
2015-03-26T16:07:46.200000,9.72735612611468
2015-03-26T16:07:46.300000,9.715494247003932
2015-03-26T16:07:46.400000,9.726488435251133
2015-03-26T16:07:46.500000,9.7130003140483
2015-03-26T16:07:46.600000,9.704381130965832
2015-03-26T16:07:46.700000,9.713949587482864
2015-03-26T16:07:46.800000,9.716295306309233
2015-03-26T16:07:46.900000,9.719969925570805
2015-03-26T16:07:47.000000,9.709655230076432
2015-03-26T16:07:47.100000,9.71725397733874
2015-03-26T16:07:47.200000,9.707832535065537
2015-03-26T16:07:47.300000,9.719370125209846
2015-03-26T16:07:47.400000,9.72712509756765
2015-03-26T16:07:47.500000,9.70924455324582
2015-03-26T16:07:47.600000,9.718397084589006
2015-03-26T16:07:47.700000,9.727152249986418
2015-03-26T16:07:47.800000,9.718356387565017
2015-03-26T16:07:47.900000,9.709990933686504
2015-03-26T16:07:48.000000,9.711213211890092
2015-03-26T16:07:48.100000,9.713190816571586
2015-03-26T16:07:48.200000,9.73682560351946
2015-03-26T16:07:48.300000,9.746061235386454
2015-03-26T16:07:48.400000,9.752159285735807
2015-03-26T16:07:48.500000,9.750715194138962
2015-03-26T16:07:48.600000,9.747855768108176
2015-03-26T16:07:48.700000,9.763098117553902
2015-03-26T16:07:48.800000,9.78173981982008
2015-03-26T16:07:48.900000,9.767190400980835
2015-03-26T16:07:49.000000,9.763863926928568
2015-03-26T16:07:49.100000,9.7528599357704
2015-03-26T16:07:49.200000,9.761925242864272
2015-03-26T16:07:49.300000,9.76763252535909
2015-03-26T16:07:49.400000,9.754159240713223
2015-03-26T16:07:49.500000,9.767754147775408
2015-03-26T16:07:49.600000,9.760440956375383
2015-03-26T16:07:49.700000,9.746382883456498
2015-03-26T16:07:49.800000,9.774532680920018
2015-03-26T16:07:49.900000,9.766287405970518
2015-03-26T16:07:50.000000,9.752671837323891
2015-03-26T16:07:50.100000,9.75838545922375
2015-03-26T16:07:50.200000,9.740216714652966
2015-03-26T16:07:50.300000,9.745058896117754
2015-03-26T16:07:50.400000,9.744635651495226
2015-03-26T16:07:50.500000,9.74278823392062
2015-03-26T16:07:50.600000,9.753296068876637
2015-03-26T16:07:50.700000,9.74389940079015
2015-03-26T16:07:50.800000,9.731717415030868
2015-03-26T16:07:50.900000,9.739974138661635
2015-03-26T16:07:51.000000,9.7512440566262
2015-03-26T16:07:51.100000,9.72417361356962
2015-03-26T16:07:51.200000,9.737874978934764
2015-03-26T16:07:51.300000,9.737492852086463
2015-03-26T16:07:51.400000,9.73113240152635
2015-03-26T16:07:51.500000,9.733823351793186
2015-03-26T16:07:51.600000,9.728432020841538
2015-03-26T16:07:51.700000,9.735440165585915
2015-03-26T16:07:51.800000,9.738937965683125
2015-03-26T16:07:51.900000,9.727101255830016
2015-03-26T16:07:52.000000,9.716529214462192
2015-03-26T16:07:52.100000,9.721406464822936
2015-03-26T16:07:52.200000,9.741940663538696
2015-03-26T16:07:52.300000,9.73623520558803
2015-03-26T16:07:52.400000,9.708933170865988
2015-03-26T16:07:52.500000,9.70535971899195
2015-03-26T16:07:52.600000,9.724380498321876
2015-03-26T16:07:52.700000,9.723404047437834
2015-03-26T16:07:52.800000,9.745881566122703
2015-03-26T16:07:52.900000,9.74379770888996
2015-03-26T16:07:53.000000,9.725611475727783
2015-03-26T16:07:53.100000,9.71639507240181
2015-03-26T16:07:53.200000,9.748438249516605
2015-03-26T16:07:53.300000,9.75454557012867
2015-03-26T16:07:53.400000,9.73401547366989
2015-03-26T16:07:53.500000,9.74170171416344
2015-03-26T16:07:53.600000,9.731753893531078
2015-03-26T16:07:53.700000,9.745055588831582
2015-03-26T16:07:53.800000,9.751060744466646
2015-03-26T16:07:53.900000,9.746343965822431
2015-03-26T16:07:54.000000,9.753587861754372
2015-03-26T16:07:54.100000,9.770860321786635
2015-03-26T16:07:54.200000,9.756880510444743
2015-03-26T16:07:54.300000,9.727974322487071
2015-03-26T16:07:54.400000,9.747758978258156
2015-03-26T16:07:54.500000,9.768280317616949
2015-03-26T16:07:54.600000,9.74705183329792
2015-03-26T16:07:54.700000,9.7460970154178
2015-03-26T16:07:54.800000,9.76800990291896
2015-03-26T16:07:54.900000,9.763367304307163
2015-03-26T16:07:55.000000,9.761454370011938
2015-03-26T16:07:55.100000,9.77758398205023
2015-03-26T16:07:55.200000,9.773976359192233
2015-03-26T16:07:55.300000,9.773484135974924
2015-03-26T16:07:55.400000,9.784959772378716
2015-03-26T16:07:55.500000,9.77403611354154
2015-03-26T16:07:55.600000,9.778530479754894
2015-03-26T16:07:55.700000,9.759353299553034
2015-03-26T16:07:55.800000,9.740432298808738
2015-03-26T16:07:55.900000,9.753869680002444
2015-03-26T16:07:56.000000,9.755667669696455
2015-03-26T16:07:56.100000,9.75108145835441
2015-03-26T16:07:56.200000,9.74751273644821
2015-03-26T16:07:56.300000,9.750096215210494
2015-03-26T16:07:56.400000,9.745949555599156
2015-03-26T16:07:56.500000,9.743522969048664
2015-03-26T16:07:56.600000,9.739243765091445
2015-03-26T16:07:56.700000,9.749116093028542
2015-03-26T16:07:56.800000,9.747095687158424
2015-03-26T16:07:56.900000,9.75618856983413
2015-03-26T16:07:57.000000,9.760701343267302
2015-03-26T16:07:57.100000,9.740189787993112
2015-03-26T16:07:57.200000,9.703803991321236
2015-03-26T16:07:57.300000,9.705992673728783
2015-03-26T16:07:57.400000,9.730436593396735
2015-03-26T16:07:57.500000,9.72833860080777
2015-03-26T16:07:57.600000,9.703508128147725
2015-03-26T16:07:57.700000,9.705114852263748
2015-03-26T16:07:57.800000,9.7140955946579
2015-03-26T16:07:57.900000,9.726546500196932
2015-03-26T16:07:58.000000,9.72389245386923
2015-03-26T16:07:58.100000,9.719767579353569
2015-03-26T16:07:58.200000,9.708069809403034
2015-03-26T16:07:58.300000,9.725108152923598
2015-03-26T16:07:58.400000,9.739899060348153
2015-03-26T16:07:58.500000,9.725594273225491
2015-03-26T16:07:58.600000,9.721242804424968
2015-03-26T16:07:58.700000,9.744110485172422
2015-03-26T16:07:58.800000,9.717096389034122
2015-03-26T16:07:58.900000,9.710853756154076
2015-03-26T16:07:59.000000,9.731152280680318
2015-03-26T16:07:59.100000,9.706431584950453
2015-03-26T16:07:59.200000,9.709914853294809
2015-03-26T16:07:59.300000,9.725797742532524
2015-03-26T16:07:59.400000,9.729922145296417
2015-03-26T16:07:59.500000,9.740049018912142
2015-03-26T16:07:59.600000,9.715890643732134
2015-03-26T16:07:59.700000,9.723600963741774
2015-03-26T16:07:59.800000,9.73516334020478
2015-03-26T16:07:59.900000,9.746929906897249
2015-03-26T16:08:00.000000,9.747650674412522
2015-03-26T16:08:00.100000,9.73863548447214
2015-03-26T16:08:00.200000,9.750274243393092
2015-03-26T16:08:00.300000,9.770806598726614
2015-03-26T16:08:00.400000,9.776968699017155
2015-03-26T16:08:00.500000,9.78954990446105
2015-03-26T16:08:00.600000,9.784538903460827
2015-03-26T16:08:00.700000,9.770303799699915
2015-03-26T16:08:00.800000,9.774736267599554
2015-03-26T16:08:00.900000,9.77492177009906
2015-03-26T16:08:01.000000,9.782270323899906
2015-03-26T16:08:01.100000,9.774533760043898
2015-03-26T16:08:01.200000,9.755384738976192
2015-03-26T16:08:01.300000,9.76136861625952
2015-03-26T16:08:01.400000,9.768457998711412
2015-03-26T16:08:01.500000,9.78089208249222
2015-03-26T16:08:01.600000,9.80470972362499
2015-03-26T16:08:01.700000,9.783748619973338
2015-03-26T16:08:01.800000,9.76746538740136
2015-03-26T16:08:01.900000,9.779495143165072
2015-03-26T16:08:02.000000,9.77069175483726
2015-03-26T16:08:02.100000,9.759253898303292
2015-03-26T16:08:02.200000,9.759179738486925
2015-03-26T16:08:02.300000,9.757230167137829
2015-03-26T16:08:02.400000,9.77282198932967
2015-03-26T16:08:02.500000,9.793058013578442
2015-03-26T16:08:02.600000,9.789229107138892
2015-03-26T16:08:02.700000,9.761366965907651
2015-03-26T16:08:02.800000,9.74983823279517
2015-03-26T16:08:02.900000,9.749567157075962
2015-03-26T16:08:03.000000,9.759936615881106
2015-03-26T16:08:03.100000,9.74960571800148
2015-03-26T16:08:03.200000,9.761239445728645
2015-03-26T16:08:03.300000,9.764856873433525
2015-03-26T16:08:03.400000,9.738145784250792
2015-03-26T16:08:03.500000,9.75292336025194
2015-03-26T16:08:03.600000,9.74558185289813
2015-03-26T16:08:03.700000,9.723841836334536
2015-03-26T16:08:03.800000,9.713825526542657
2015-03-26T16:08:03.900000,9.712469215402384
2015-03-26T16:08:04.000000,9.715298878323338
2015-03-26T16:08:04.100000,9.740755890038
2015-03-26T16:08:04.200000,9.7389441889979
2015-03-26T16:08:04.300000,9.72457225589097
2015-03-26T16:08:04.400000,9.727597378536554
2015-03-26T16:08:04.500000,9.723472399067084
2015-03-26T16:08:04.600000,9.713108208700897
2015-03-26T16:08:04.700000,9.715508856179516
2015-03-26T16:08:04.800000,9.71665212788125
2015-03-26T16:08:04.900000,9.715726183370586
2015-03-26T16:08:05.000000,9.700131670988476
2015-03-26T16:08:05.100000,9.70638209463988
2015-03-26T16:08:05.200000,9.716128355703454
2015-03-26T16:08:05.300000,9.698496398308777
2015-03-26T16:08:05.400000,9.70925321327018
2015-03-26T16:08:05.500000,9.718290724654862
2015-03-26T16:08:05.600000,9.715421762327445
2015-03-26T16:08:05.700000,9.741580220392915
2015-03-26T16:08:05.800000,9.723948258956431
2015-03-26T16:08:05.900000,9.733253855265788
2015-03-26T16:08:06.000000,9.74561060086334
2015-03-26T16:08:06.100000,9.731683422147748
2015-03-26T16:08:06.200000,9.74908375602878
2015-03-26T16:08:06.300000,9.75002000761124
2015-03-26T16:08:06.400000,9.732539809812424
2015-03-26T16:08:06.500000,9.736229342353411
2015-03-26T16:08:06.600000,9.75298583837214
2015-03-26T16:08:06.700000,9.742520734171414
2015-03-26T16:08:06.800000,9.750612328906437
2015-03-26T16:08:06.900000,9.759712371577384
2015-03-26T16:08:07.000000,9.762439238981184
2015-03-26T16:08:07.100000,9.76816532462046
2015-03-26T16:08:07.200000,9.763899160103565
2015-03-26T16:08:07.300000,9.73046465124258
2015-03-26T16:08:07.400000,9.71876090282504
2015-03-26T16:08:07.500000,9.749235338888106
2015-03-26T16:08:07.600000,9.753547458586386
2015-03-26T16:08:07.700000,9.741852028585342
2015-03-26T16:08:07.800000,9.757852450513845
2015-03-26T16:08:07.900000,9.78337388040012
2015-03-26T16:08:08.000000,9.780432268598105
2015-03-26T16:08:08.100000,9.770799837165155
2015-03-26T16:08:08.200000,9.765981427471518
2015-03-26T16:08:08.300000,9.757955754873686
2015-03-26T16:08:08.400000,9.762407714414444
2015-03-26T16:08:08.500000,9.763462772436656
2015-03-26T16:08:08.600000,9.745773425822058
2015-03-26T16:08:08.700000,9.742739134577658
2015-03-26T16:08:08.800000,9.755884017266888
2015-03-26T16:08:08.900000,9.766019672867234
2015-03-26T16:08:09.000000,9.75240546745112
2015-03-26T16:08:09.100000,9.761461811501698
2015-03-26T16:08:09.200000,9.760177075944936
2015-03-26T16:08:09.300000,9.762000476656809
2015-03-26T16:08:09.400000,9.76802093434198
2015-03-26T16:08:09.500000,9.762454821146145
2015-03-26T16:08:09.600000,9.762681641419954
2015-03-26T16:08:09.700000,9.74704229025015
2015-03-26T16:08:09.800000,9.737919332938036
2015-03-26T16:08:09.900000,9.753253214116208
2015-03-26T16:08:10.000000,9.740803158940915
2015-03-26T16:08:10.100000,9.750990895045964
2015-03-26T16:08:10.200000,9.759178527380524
2015-03-26T16:08:10.300000,9.755371653967568
2015-03-26T16:08:10.400000,9.74468639477548
2015-03-26T16:08:10.500000,9.751622873457777
2015-03-26T16:08:10.600000,9.731818769577844
2015-03-26T16:08:10.700000,9.745072293629448
2015-03-26T16:08:10.800000,9.747220432612789
2015-03-26T16:08:10.900000,9.72948629928695
2015-03-26T16:08:11.000000,9.730653053169616
2015-03-26T16:08:11.100000,9.718934904626447
2015-03-26T16:08:11.200000,9.720335621463851
2015-03-26T16:08:11.300000,9.731465952747683
2015-03-26T16:08:11.400000,9.711623451704256
2015-03-26T16:08:11.500000,9.718974334901633
2015-03-26T16:08:11.600000,9.74176519181141
2015-03-26T16:08:11.700000,9.74656058408903
2015-03-26T16:08:11.800000,9.73616885616593
2015-03-26T16:08:11.900000,9.738790179165456
2015-03-26T16:08:12.000000,9.74802106656287
2015-03-26T16:08:12.100000,9.744068058388809
2015-03-26T16:08:12.200000,9.757594860403822
2015-03-26T16:08:12.300000,9.74500477707102
2015-03-26T16:08:12.400000,9.728470757200478
2015-03-26T16:08:12.500000,9.737738845544309
2015-03-26T16:08:12.600000,9.71384778092188
2015-03-26T16:08:12.700000,9.712723165309868
2015-03-26T16:08:12.800000,9.741218379088512
2015-03-26T16:08:12.900000,9.758843263844684
2015-03-26T16:08:13.000000,9.750576408816048
2015-03-26T16:08:13.100000,9.76175892919998
2015-03-26T16:08:13.200000,9.77128374843386
2015-03-26T16:08:13.300000,9.76848145945522
2015-03-26T16:08:13.400000,9.74172071111344
2015-03-26T16:08:13.500000,9.730676257307165
2015-03-26T16:08:13.600000,9.737315059801206
2015-03-26T16:08:13.700000,9.738740989185734
2015-03-26T16:08:13.800000,9.74501286598314
2015-03-26T16:08:13.900000,9.737733093991515
2015-03-26T16:08:14.000000,9.7333368343193
2015-03-26T16:08:14.100000,9.741514833387168
2015-03-26T16:08:14.200000,9.745594977250253
2015-03-26T16:08:14.300000,9.744659994963367
2015-03-26T16:08:14.400000,9.755971799104934
2015-03-26T16:08:14.500000,9.742393326510111
2015-03-26T16:08:14.600000,9.71432400524315
2015-03-26T16:08:14.700000,9.721141991976207
2015-03-26T16:08:14.800000,9.718868973586494
2015-03-26T16:08:14.900000,9.707225864908516
2015-03-26T16:08:15.000000,9.692639759067324
2015-03-26T16:08:15.100000,9.70421905046961
2015-03-26T16:08:15.200000,9.69984651794726
2015-03-26T16:08:15.300000,9.717337205988844
2015-03-26T16:08:15.400000,9.729636173359788
2015-03-26T16:08:15.500000,9.71649089223526
2015-03-26T16:08:15.600000,9.70376313705101
2015-03-26T16:08:15.700000,9.704071211400946
2015-03-26T16:08:15.800000,9.697911439029916
2015-03-26T16:08:15.900000,9.703950642453124
2015-03-26T16:08:16.000000,9.724147215830406
2015-03-26T16:08:16.100000,9.74036122486734
2015-03-26T16:08:16.200000,9.723734962656827
2015-03-26T16:08:16.300000,9.723574666010046
2015-03-26T16:08:16.400000,9.737133662927915
2015-03-26T16:08:16.500000,9.730626716737536
2015-03-26T16:08:16.600000,9.732812006153395
2015-03-26T16:08:16.700000,9.741771076380456
2015-03-26T16:08:16.800000,9.745493434902285
2015-03-26T16:08:16.900000,9.754360944511246
2015-03-26T16:08:17.000000,9.770570673683938
2015-03-26T16:08:17.100000,9.77143320901608
2015-03-26T16:08:17.200000,9.763724897306025
2015-03-26T16:08:17.300000,9.78346839775103
2015-03-26T16:08:17.400000,9.783367582608877
2015-03-26T16:08:17.500000,9.778961260687383
2015-03-26T16:08:17.600000,9.77751560493128
2015-03-26T16:08:17.700000,9.758608622529126
2015-03-26T16:08:17.800000,9.751592618037996
2015-03-26T16:08:17.900000,9.767382651230928
2015-03-26T16:08:18.000000,9.790215207219653
2015-03-26T16:08:18.100000,9.788845735070945
2015-03-26T16:08:18.200000,9.78309092561812
2015-03-26T16:08:18.300000,9.79012974921208
2015-03-26T16:08:18.400000,9.777823304486493
2015-03-26T16:08:18.500000,9.740398338786928
2015-03-26T16:08:18.600000,9.753314151727736
2015-03-26T16:08:18.700000,9.793530912711333
2015-03-26T16:08:18.800000,9.780394447136544
2015-03-26T16:08:18.900000,9.781015415418434
2015-03-26T16:08:19.000000,9.754868777384974
2015-03-26T16:08:19.100000,9.760024837585926
2015-03-26T16:08:19.200000,9.758031143133694
2015-03-26T16:08:19.300000,9.753401391662011
2015-03-26T16:08:19.400000,9.766001314648635
2015-03-26T16:08:19.500000,9.762038405008871
2015-03-26T16:08:19.600000,9.767402913707992
2015-03-26T16:08:19.700000,9.773521345122653
2015-03-26T16:08:19.800000,9.76606453103773
2015-03-26T16:08:19.900000,9.73583100652894
2015-03-26T16:08:20.000000,9.719385702189472
2015-03-26T16:08:20.100000,9.731350192046568
2015-03-26T16:08:20.200000,9.72175623082256
2015-03-26T16:08:20.300000,9.723250650639551
2015-03-26T16:08:20.400000,9.731183211205838
2015-03-26T16:08:20.500000,9.72253002833428
2015-03-26T16:08:20.600000,9.720288606000638
2015-03-26T16:08:20.700000,9.70290445361329
2015-03-26T16:08:20.800000,9.700228864175648
2015-03-26T16:08:20.900000,9.705668094766622
2015-03-26T16:08:21.000000,9.703147281732242
2015-03-26T16:08:21.100000,9.691700603402778
2015-03-26T16:08:21.200000,9.683966148204783
2015-03-26T16:08:21.300000,9.695870977489587
2015-03-26T16:08:21.400000,9.6778324969125
2015-03-26T16:08:21.500000,9.67586590062514
2015-03-26T16:08:21.600000,9.693355435015524
2015-03-26T16:08:21.700000,9.683796242853788
2015-03-26T16:08:21.800000,9.70415428839174
2015-03-26T16:08:21.900000,9.707467156807567
2015-03-26T16:08:22.000000,9.72088049611835
2015-03-26T16:08:22.100000,9.726566061049205
2015-03-26T16:08:22.200000,9.73500571868291
2015-03-26T16:08:22.300000,9.733805537567545
2015-03-26T16:08:22.400000,9.749831541880422
2015-03-26T16:08:22.500000,9.747359559018772
2015-03-26T16:08:22.600000,9.743987169791955
2015-03-26T16:08:22.700000,9.74463230145212
2015-03-26T16:08:22.800000,9.747763358367436
2015-03-26T16:08:22.900000,9.744426939267816
2015-03-26T16:08:23.000000,9.751949546838722
2015-03-26T16:08:23.100000,9.7738908850286
2015-03-26T16:08:23.200000,9.75894770997505
2015-03-26T16:08:23.300000,9.76690430996871
2015-03-26T16:08:23.400000,9.758362280554277
2015-03-26T16:08:23.500000,9.763701441109715
2015-03-26T16:08:23.600000,9.772722610392083
2015-03-26T16:08:23.700000,9.76777307645616
2015-03-26T16:08:23.800000,9.75339452928128
2015-03-26T16:08:23.900000,9.772932881608726
2015-03-26T16:08:24.000000,9.766927912930438
2015-03-26T16:08:24.100000,9.753656982011304
2015-03-26T16:08:24.200000,9.75933050769807
2015-03-26T16:08:24.300000,9.773336161654804
2015-03-26T16:08:24.400000,9.766901707154144
2015-03-26T16:08:24.500000,9.765121062037505
2015-03-26T16:08:24.600000,9.758738789578349
2015-03-26T16:08:24.700000,9.762316402291049
2015-03-26T16:08:24.800000,9.76643414758868
2015-03-26T16:08:24.900000,9.748147636877931
2015-03-26T16:08:25.000000,9.731159209056171
2015-03-26T16:08:25.100000,9.742456724651444
2015-03-26T16:08:25.200000,9.76890389395427
2015-03-26T16:08:25.300000,9.761155616751232
2015-03-26T16:08:25.400000,9.766902017184632
2015-03-26T16:08:25.500000,9.760464629276242
2015-03-26T16:08:25.600000,9.75171013915978
2015-03-26T16:08:25.700000,9.757667895830494
2015-03-26T16:08:25.800000,9.747122758070516
2015-03-26T16:08:25.900000,9.739398841679188
2015-03-26T16:08:26.000000,9.749938022617505
2015-03-26T16:08:26.100000,9.730928568912448
2015-03-26T16:08:26.200000,9.736213583208585
2015-03-26T16:08:26.300000,9.732826056006102
2015-03-26T16:08:26.400000,9.739644992847282
2015-03-26T16:08:26.500000,9.756450931278428
2015-03-26T16:08:26.600000,9.745724281452771
2015-03-26T16:08:26.700000,9.72122456811624
2015-03-26T16:08:26.800000,9.72722140237906
2015-03-26T16:08:26.900000,9.715250945235988
2015-03-26T16:08:27.000000,9.725814869950415
2015-03-26T16:08:27.100000,9.741014539968877
2015-03-26T16:08:27.200000,9.736113316024008
2015-03-26T16:08:27.300000,9.732895835115912
2015-03-26T16:08:27.400000,9.746178453827584
2015-03-26T16:08:27.500000,9.731130847832445
2015-03-26T16:08:27.600000,9.702766786911434
2015-03-26T16:08:27.700000,9.70127193141774
2015-03-26T16:08:27.800000,9.708177563667824
2015-03-26T16:08:27.900000,9.689747684251738
2015-03-26T16:08:28.000000,9.70583130557136
2015-03-26T16:08:28.100000,9.719337001019602
2015-03-26T16:08:28.200000,9.73294270247721
2015-03-26T16:08:28.300000,9.7321732265643
2015-03-26T16:08:28.400000,9.729811772223288
2015-03-26T16:08:28.500000,9.737877168032014
2015-03-26T16:08:28.600000,9.744060365592745
2015-03-26T16:08:28.700000,9.728143468542967
2015-03-26T16:08:28.800000,9.73784086834242
2015-03-26T16:08:28.900000,9.745535672653885
2015-03-26T16:08:29.000000,9.75128287867274
2015-03-26T16:08:29.100000,9.740746288591232
2015-03-26T16:08:29.200000,9.7515574344596
2015-03-26T16:08:29.300000,9.752703341180949
2015-03-26T16:08:29.400000,9.750040719278209
2015-03-26T16:08:29.500000,9.76077332336468
2015-03-26T16:08:29.600000,9.75227574586948
2015-03-26T16:08:29.700000,9.749892273960148
2015-03-26T16:08:29.800000,9.766479039682505
2015-03-26T16:08:29.900000,9.738209287066422
2015-03-26T16:08:30.000000,9.729434380584213
2015-03-26T16:08:30.100000,9.744001803150784
2015-03-26T16:08:30.200000,9.749722408804104
2015-03-26T16:08:30.300000,9.753329508171712
2015-03-26T16:08:30.400000,9.748383406952977
2015-03-26T16:08:30.500000,9.749788687208744
2015-03-26T16:08:30.600000,9.737421051424391
2015-03-26T16:08:30.700000,9.726840280673564
2015-03-26T16:08:30.800000,9.74797052254566
2015-03-26T16:08:30.900000,9.758457566536704
2015-03-26T16:08:31.000000,9.757672545434968
2015-03-26T16:08:31.100000,9.748666577561336
2015-03-26T16:08:31.200000,9.746879992714875
2015-03-26T16:08:31.300000,9.75781379796184
2015-03-26T16:08:31.400000,9.756888516820784
2015-03-26T16:08:31.500000,9.759632354480694
2015-03-26T16:08:31.600000,9.760032273106866
2015-03-26T16:08:31.700000,9.745485978242629
2015-03-26T16:08:31.800000,9.736218390479491
2015-03-26T16:08:31.900000,9.739134801583912
2015-03-26T16:08:32.000000,9.745230172304142
2015-03-26T16:08:32.100000,9.746508669508552
2015-03-26T16:08:32.200000,9.716545327565182
2015-03-26T16:08:32.300000,9.729293114949458
2015-03-26T16:08:32.400000,9.750912310841258
2015-03-26T16:08:32.500000,9.735184724612925
2015-03-26T16:08:32.600000,9.752996237894394
2015-03-26T16:08:32.700000,9.74010733533603
2015-03-26T16:08:32.800000,9.73098202830876
2015-03-26T16:08:32.900000,9.737535305112427
2015-03-26T16:08:33.000000,9.731660711822734
2015-03-26T16:08:33.100000,9.724359330218912
2015-03-26T16:08:33.200000,9.731119672290763
2015-03-26T16:08:33.300000,9.731658419076568
2015-03-26T16:08:33.400000,9.739783863783822
2015-03-26T16:08:33.500000,9.720889787962763
2015-03-26T16:08:33.600000,9.735617365494107
2015-03-26T16:08:33.700000,9.751534992032388
2015-03-26T16:08:33.800000,9.743834006071603
2015-03-26T16:08:33.900000,9.738137389514982
2015-03-26T16:08:34.000000,9.728778787879085
2015-03-26T16:08:34.100000,9.717218656178808
2015-03-26T16:08:34.200000,9.725097965926064
2015-03-26T16:08:34.300000,9.713818143506366
2015-03-26T16:08:34.400000,9.740693359875175
2015-03-26T16:08:34.500000,9.73679432558298
2015-03-26T16:08:34.600000,9.7354379700534
2015-03-26T16:08:34.700000,9.761981429907625
2015-03-26T16:08:34.800000,9.770480131411611
2015-03-26T16:08:34.900000,9.769093986680168
2015-03-26T16:08:35.000000,9.760610964447974
2015-03-26T16:08:35.100000,9.766570455199563
2015-03-26T16:08:35.200000,9.766153832368827
2015-03-26T16:08:35.300000,9.77289774201184
2015-03-26T16:08:35.400000,9.745780863778943
2015-03-26T16:08:35.500000,9.74899597301015
2015-03-26T16:08:35.600000,9.76589008096894
2015-03-26T16:08:35.700000,9.740850171217556
2015-03-26T16:08:35.800000,9.749407030394684
2015-03-26T16:08:35.900000,9.747345396902393
2015-03-26T16:08:36.000000,9.738650837330436
2015-03-26T16:08:36.100000,9.752565284411522
2015-03-26T16:08:36.200000,9.747101824041064
2015-03-26T16:08:36.300000,9.755910084304602
2015-03-26T16:08:36.400000,9.750976681137578
2015-03-26T16:08:36.500000,9.741511786031325
2015-03-26T16:08:36.600000,9.731976988973914
2015-03-26T16:08:36.700000,9.7468213062014
2015-03-26T16:08:36.800000,9.745806545905207
2015-03-26T16:08:36.900000,9.74387735448149
2015-03-26T16:08:37.000000,9.746626869199911
2015-03-26T16:08:37.100000,9.739247182464847
2015-03-26T16:08:37.200000,9.73639159743806
2015-03-26T16:08:37.300000,9.752220154622922
2015-03-26T16:08:37.400000,9.746595845816662
2015-03-26T16:08:37.500000,9.758062637781748
2015-03-26T16:08:37.600000,9.764644094657973
2015-03-26T16:08:37.700000,9.730001946595396
2015-03-26T16:08:37.800000,9.730578433602656
2015-03-26T16:08:37.900000,9.732068575028151
2015-03-26T16:08:38.000000,9.75764190414027
2015-03-26T16:08:38.100000,9.741103185424642
2015-03-26T16:08:38.200000,9.71522085028327
2015-03-26T16:08:38.300000,9.73813148692404
2015-03-26T16:08:38.400000,9.741426048234826
2015-03-26T16:08:38.500000,9.73908340069129
2015-03-26T16:08:38.600000,9.72413716022979
2015-03-26T16:08:38.700000,9.735762379506884
2015-03-26T16:08:38.800000,9.728539183404298
2015-03-26T16:08:38.900000,9.704612381577826
2015-03-26T16:08:39.000000,9.71995253694788
2015-03-26T16:08:39.100000,9.726991468492988
2015-03-26T16:08:39.200000,9.72311014956006
2015-03-26T16:08:39.300000,9.736321567269233
2015-03-26T16:08:39.400000,9.723388722391878
2015-03-26T16:08:39.500000,9.702943825882528
2015-03-26T16:08:39.600000,9.716435937528464
2015-03-26T16:08:39.700000,9.710728879130096
2015-03-26T16:08:39.800000,9.737033573005526
2015-03-26T16:08:39.900000,9.728433718504665
2015-03-26T16:08:40.000000,9.722794291372823
2015-03-26T16:08:40.100000,9.752804274506952
2015-03-26T16:08:40.200000,9.74295243554171
2015-03-26T16:08:40.300000,9.736064046147476
2015-03-26T16:08:40.400000,9.750970779700635
2015-03-26T16:08:40.500000,9.763853879801676
2015-03-26T16:08:40.600000,9.75306835490416
2015-03-26T16:08:40.700000,9.760031226637174
2015-03-26T16:08:40.800000,9.7608014219947
2015-03-26T16:08:40.900000,9.757667398438375
2015-03-26T16:08:41.000000,9.7576256281654
2015-03-26T16:08:41.100000,9.762262210950142
2015-03-26T16:08:41.200000,9.7507365328841
2015-03-26T16:08:41.300000,9.753888098732286
2015-03-26T16:08:41.400000,9.752706313852412
2015-03-26T16:08:41.500000,9.75173862838115
2015-03-26T16:08:41.600000,9.76737459396259
2015-03-26T16:08:41.700000,9.787028099061748
2015-03-26T16:08:41.800000,9.751669550061411
2015-03-26T16:08:41.900000,9.737608303203022
2015-03-26T16:08:42.000000,9.76259275287502
2015-03-26T16:08:42.100000,9.755180349439987
2015-03-26T16:08:42.200000,9.743827831427332
2015-03-26T16:08:42.300000,9.743388677340675
2015-03-26T16:08:42.400000,9.753951307529505
2015-03-26T16:08:42.500000,9.747395682699532
2015-03-26T16:08:42.600000,9.742567034972575
2015-03-26T16:08:42.700000,9.749383191337476
2015-03-26T16:08:42.800000,9.757085895127464
2015-03-26T16:08:42.900000,9.753509480129058
2015-03-26T16:08:43.000000,9.757110859790828
2015-03-26T16:08:43.100000,9.74639094854574
2015-03-26T16:08:43.200000,9.746709122332302
2015-03-26T16:08:43.300000,9.760266973615051
2015-03-26T16:08:43.400000,9.756434946325198
2015-03-26T16:08:43.500000,9.749323172623296
2015-03-26T16:08:43.600000,9.751709563873716
2015-03-26T16:08:43.700000,9.768916020711302
2015-03-26T16:08:43.800000,9.74602227740202
2015-03-26T16:08:43.900000,9.727959881785672
2015-03-26T16:08:44.000000,9.727654293492233
2015-03-26T16:08:44.100000,9.730799762951843
2015-03-26T16:08:44.200000,9.718995592886824
2015-03-26T16:08:44.300000,9.743087482212164
2015-03-26T16:08:44.400000,9.734256341260862
2015-03-26T16:08:44.500000,9.71971340171418
2015-03-26T16:08:44.600000,9.738337252370338
2015-03-26T16:08:44.700000,9.738262723024327
2015-03-26T16:08:44.800000,9.736020708884777
2015-03-26T16:08:44.900000,9.728219878413109
2015-03-26T16:08:45.000000,9.737679357122524
2015-03-26T16:08:45.100000,9.733150772200863
2015-03-26T16:08:45.200000,9.731847930044257
2015-03-26T16:08:45.300000,9.727673926759543
2015-03-26T16:08:45.400000,9.734057736492224
2015-03-26T16:08:45.500000,9.72173386670101
2015-03-26T16:08:45.600000,9.738476519749703
2015-03-26T16:08:45.700000,9.723697785771671
2015-03-26T16:08:45.800000,9.712877407587978
2015-03-26T16:08:45.900000,9.719715606785003
2015-03-26T16:08:46.000000,9.73428716716146
2015-03-26T16:08:46.100000,9.72660491028122
2015-03-26T16:08:46.200000,9.709598917601737
2015-03-26T16:08:46.300000,9.724635776082264
2015-03-26T16:08:46.400000,9.725733089498824
2015-03-26T16:08:46.500000,9.728579256884633
2015-03-26T16:08:46.600000,9.719823048287974
2015-03-26T16:08:46.700000,9.716932371398055
2015-03-26T16:08:46.800000,9.729870944213731
2015-03-26T16:08:46.900000,9.741416108247275
2015-03-26T16:08:47.000000,9.720046163787377
2015-03-26T16:08:47.100000,9.73801321395272
2015-03-26T16:08:47.200000,9.74355742736454
2015-03-26T16:08:47.300000,9.737693714033194
2015-03-26T16:08:47.400000,9.742633005372571
2015-03-26T16:08:47.500000,9.734673956293976
2015-03-26T16:08:47.600000,9.723210309411613
2015-03-26T16:08:47.700000,9.733339052119018
2015-03-26T16:08:47.800000,9.740858372202398
2015-03-26T16:08:47.900000,9.73664417896974
2015-03-26T16:08:48.000000,9.74333039433408
2015-03-26T16:08:48.100000,9.757770398594674
2015-03-26T16:08:48.200000,9.760397222449503
2015-03-26T16:08:48.300000,9.750013382807593
2015-03-26T16:08:48.400000,9.74841357022198
2015-03-26T16:08:48.500000,9.77250819248082
2015-03-26T16:08:48.600000,9.764424514107438
2015-03-26T16:08:48.700000,9.751905286535589
2015-03-26T16:08:48.800000,9.750615839438408
2015-03-26T16:08:48.900000,9.756256607925684
2015-03-26T16:08:49.000000,9.734924422400152
2015-03-26T16:08:49.100000,9.733311967399183
2015-03-26T16:08:49.200000,9.746324618719427
2015-03-26T16:08:49.300000,9.724890212889443
2015-03-26T16:08:49.400000,9.731535260103623
2015-03-26T16:08:49.500000,9.733631412419523
2015-03-26T16:08:49.600000,9.742883068373663
2015-03-26T16:08:49.700000,9.754669291414707
2015-03-26T16:08:49.800000,9.74734421432382
2015-03-26T16:08:49.900000,9.735811342732877
2015-03-26T16:08:50.000000,9.740974336901436
2015-03-26T16:08:50.100000,9.756774316834436
2015-03-26T16:08:50.200000,9.7362258016555
2015-03-26T16:08:50.300000,9.73578642273983
2015-03-26T16:08:50.400000,9.745491972934705
2015-03-26T16:08:50.500000,9.739698825126778
2015-03-26T16:08:50.600000,9.730258789759452
2015-03-26T16:08:50.700000,9.723792095981134
2015-03-26T16:08:50.800000,9.715665494465352
2015-03-26T16:08:50.900000,9.717109729673645
2015-03-26T16:08:51.000000,9.74857742377101
2015-03-26T16:08:51.100000,9.738491367268262
2015-03-26T16:08:51.200000,9.711244447719192
2015-03-26T16:08:51.300000,9.710595395002011
2015-03-26T16:08:51.400000,9.708947064554833
2015-03-26T16:08:51.500000,9.698398681913895
2015-03-26T16:08:51.600000,9.701286800253
2015-03-26T16:08:51.700000,9.711345053650264
2015-03-26T16:08:51.800000,9.73273782782556
2015-03-26T16:08:51.900000,9.740281210450243
2015-03-26T16:08:52.000000,9.718976612856505
2015-03-26T16:08:52.100000,9.726826092122804
2015-03-26T16:08:52.200000,9.733660881915055
2015-03-26T16:08:52.300000,9.736204830761856
2015-03-26T16:08:52.400000,9.737525467327906
2015-03-26T16:08:52.500000,9.744621367080136
2015-03-26T16:08:52.600000,9.719119726851403
2015-03-26T16:08:52.700000,9.740145585645829
2015-03-26T16:08:52.800000,9.745541372405372
2015-03-26T16:08:52.900000,9.741811192869887
2015-03-26T16:08:53.000000,9.741676030679873
2015-03-26T16:08:53.100000,9.749432824981795
2015-03-26T16:08:53.200000,9.774668455329724
2015-03-26T16:08:53.300000,9.776132293229647
2015-03-26T16:08:53.400000,9.76318717253046
2015-03-26T16:08:53.500000,9.754745692007605
2015-03-26T16:08:53.600000,9.742457997922545
2015-03-26T16:08:53.700000,9.746784780477483
2015-03-26T16:08:53.800000,9.76338564487398
2015-03-26T16:08:53.900000,9.760789977955008
2015-03-26T16:08:54.000000,9.780087875254692
2015-03-26T16:08:54.100000,9.77818585855743
2015-03-26T16:08:54.200000,9.726664338098722
2015-03-26T16:08:54.300000,9.720217240393222
2015-03-26T16:08:54.400000,9.751341872972011
2015-03-26T16:08:54.500000,9.773271683021951
2015-03-26T16:08:54.600000,9.768719693178536
2015-03-26T16:08:54.700000,9.767105310956705
2015-03-26T16:08:54.800000,9.756333558687707
2015-03-26T16:08:54.900000,9.738339952727085
2015-03-26T16:08:55.000000,9.732170534344707
2015-03-26T16:08:55.100000,9.745000506544171
2015-03-26T16:08:55.200000,9.767117198180111
2015-03-26T16:08:55.300000,9.749117514315124
2015-03-26T16:08:55.400000,9.75298981260616
2015-03-26T16:08:55.500000,9.767083796623105
2015-03-26T16:08:55.600000,9.749493321315429
2015-03-26T16:08:55.700000,9.779306909437068
2015-03-26T16:08:55.800000,9.768873998447326
2015-03-26T16:08:55.900000,9.75700343425573
2015-03-26T16:08:56.000000,9.748276230420428
2015-03-26T16:08:56.100000,9.74344210213306
2015-03-26T16:08:56.200000,9.756063340063704
2015-03-26T16:08:56.300000,9.778491290378613
2015-03-26T16:08:56.400000,9.770284627978318
2015-03-26T16:08:56.500000,9.740874422102978
2015-03-26T16:08:56.600000,9.734747029270254
2015-03-26T16:08:56.700000,9.726550563182036
2015-03-26T16:08:56.800000,9.733379371406349
2015-03-26T16:08:56.900000,9.742246546593949
2015-03-26T16:08:57.000000,9.725179729457931
2015-03-26T16:08:57.100000,9.720590140178356
2015-03-26T16:08:57.200000,9.730702190347316
2015-03-26T16:08:57.300000,9.72947290557594
2015-03-26T16:08:57.400000,9.71369952877903
2015-03-26T16:08:57.500000,9.723745650456484
2015-03-26T16:08:57.600000,9.723263740462247
2015-03-26T16:08:57.700000,9.720165053484733
2015-03-26T16:08:57.800000,9.727969611216444
2015-03-26T16:08:57.900000,9.720876007304843
2015-03-26T16:08:58.000000,9.719646233252863
2015-03-26T16:08:58.100000,9.71490985163368
2015-03-26T16:08:58.200000,9.693098790209367
2015-03-26T16:08:58.300000,9.694611197407994
2015-03-26T16:08:58.400000,9.71405990842486
2015-03-26T16:08:58.500000,9.730102233378387
2015-03-26T16:08:58.600000,9.730222812265511
2015-03-26T16:08:58.700000,9.721315823381726
2015-03-26T16:08:58.800000,9.726573459773372
2015-03-26T16:08:58.900000,9.732383535467086
2015-03-26T16:08:59.000000,9.723418644125914
2015-03-26T16:08:59.100000,9.721101609353363
2015-03-26T16:08:59.200000,9.737527515626816
2015-03-26T16:08:59.300000,9.738488251531365
2015-03-26T16:08:59.400000,9.726180942006634
2015-03-26T16:08:59.500000,9.716856736792115
2015-03-26T16:08:59.600000,9.721098784770032
2015-03-26T16:08:59.700000,9.750993743210673
2015-03-26T16:08:59.800000,9.733181158176262
2015-03-26T16:08:59.900000,9.733658374084436
2015-03-26T16:09:00.000000,9.73022619703919
2015-03-26T16:09:00.100000,9.757146494013895
2015-03-26T16:09:00.200000,9.7583459913423
2015-03-26T16:09:00.300000,9.748457146598543
2015-03-26T16:09:00.400000,9.756203050862428
2015-03-26T16:09:00.500000,9.769661368142955
2015-03-26T16:09:00.600000,9.769557067059186
2015-03-26T16:09:00.700000,9.757110053407734
2015-03-26T16:09:00.800000,9.757259476014092
2015-03-26T16:09:00.900000,9.772859672958862
2015-03-26T16:09:01.000000,9.765214675055631
2015-03-26T16:09:01.100000,9.753949285058331
2015-03-26T16:09:01.200000,9.7464537799216
2015-03-26T16:09:01.300000,9.76658085771749
2015-03-26T16:09:01.400000,9.772729683995522
2015-03-26T16:09:01.500000,9.76195167478726
2015-03-26T16:09:01.600000,9.764600576292688
2015-03-26T16:09:01.700000,9.780404402640496
2015-03-26T16:09:01.800000,9.781739143203502
2015-03-26T16:09:01.900000,9.776896514700631
2015-03-26T16:09:02.000000,9.77344346546757
2015-03-26T16:09:02.100000,9.751024649328956
2015-03-26T16:09:02.200000,9.750222127846488
2015-03-26T16:09:02.300000,9.767144467193289
2015-03-26T16:09:02.400000,9.768610958027727
2015-03-26T16:09:02.500000,9.765176995100704
2015-03-26T16:09:02.600000,9.77138967690438
2015-03-26T16:09:02.700000,9.765839409572775
2015-03-26T16:09:02.800000,9.749374494076967
2015-03-26T16:09:02.900000,9.748925573461776
2015-03-26T16:09:03.000000,9.75634064326519
2015-03-26T16:09:03.100000,9.748804500906338
2015-03-26T16:09:03.200000,9.733266225650912
2015-03-26T16:09:03.300000,9.733560902129936
2015-03-26T16:09:03.400000,9.735939339689615
2015-03-26T16:09:03.500000,9.736084926432108
2015-03-26T16:09:03.600000,9.723378936218127
2015-03-26T16:09:03.700000,9.711787561788707
2015-03-26T16:09:03.800000,9.717664812809488
2015-03-26T16:09:03.900000,9.725305810682034
2015-03-26T16:09:04.000000,9.721107734248172
2015-03-26T16:09:04.100000,9.725200043184596
2015-03-26T16:09:04.200000,9.712607991166305
2015-03-26T16:09:04.300000,9.709041314236623
2015-03-26T16:09:04.400000,9.71691282489574
2015-03-26T16:09:04.500000,9.71564475714854
2015-03-26T16:09:04.600000,9.701539087130628
2015-03-26T16:09:04.700000,9.713343203527124
2015-03-26T16:09:04.800000,9.713036667488597
2015-03-26T16:09:04.900000,9.716820619691644
2015-03-26T16:09:05.000000,9.710330727177196
2015-03-26T16:09:05.100000,9.72113596653112
2015-03-26T16:09:05.200000,9.71443242413126
2015-03-26T16:09:05.300000,9.701151169706556
2015-03-26T16:09:05.400000,9.709061472238382
2015-03-26T16:09:05.500000,9.709201397155567
2015-03-26T16:09:05.600000,9.701019876499476
2015-03-26T16:09:05.700000,9.72205494333306
2015-03-26T16:09:05.800000,9.738505235051022
2015-03-26T16:09:05.900000,9.72970082299122
2015-03-26T16:09:06.000000,9.723371770492673
2015-03-26T16:09:06.100000,9.738308397060786
2015-03-26T16:09:06.200000,9.742867116201282
2015-03-26T16:09:06.300000,9.748039471042343
2015-03-26T16:09:06.400000,9.767889586471773
2015-03-26T16:09:06.500000,9.769260798601955
2015-03-26T16:09:06.600000,9.76349923469419
2015-03-26T16:09:06.700000,9.777950583015746
2015-03-26T16:09:06.800000,9.777083957130316
2015-03-26T16:09:06.900000,9.763026119316155
2015-03-26T16:09:07.000000,9.760369868410704
2015-03-26T16:09:07.100000,9.77403924222843
2015-03-26T16:09:07.200000,9.775358773829652
2015-03-26T16:09:07.300000,9.76458360817598
2015-03-26T16:09:07.400000,9.76420363050867
2015-03-26T16:09:07.500000,9.744975762603683
2015-03-26T16:09:07.600000,9.75499511297774
2015-03-26T16:09:07.700000,9.767547541285449
2015-03-26T16:09:07.800000,9.767611325286971
2015-03-26T16:09:07.900000,9.75880373435137
2015-03-26T16:09:08.000000,9.767094117001962
2015-03-26T16:09:08.100000,9.751582893769456
2015-03-26T16:09:08.200000,9.74497520698751
2015-03-26T16:09:08.300000,9.752935192731108
2015-03-26T16:09:08.400000,9.75931091491023
2015-03-26T16:09:08.500000,9.760363671959984
2015-03-26T16:09:08.600000,9.74074687762918
2015-03-26T16:09:08.700000,9.742263393594625
2015-03-26T16:09:08.800000,9.765204610520753
2015-03-26T16:09:08.900000,9.739006907883091
2015-03-26T16:09:09.000000,9.72561013508088
2015-03-26T16:09:09.100000,9.718200938988796
2015-03-26T16:09:09.200000,9.715227212998611
2015-03-26T16:09:09.300000,9.72101225487347
2015-03-26T16:09:09.400000,9.729081349581628
2015-03-26T16:09:09.500000,9.724922698057505
2015-03-26T16:09:09.600000,9.723598381003155
2015-03-26T16:09:09.700000,9.735148091275354
2015-03-26T16:09:09.800000,9.72414168022707
2015-03-26T16:09:09.900000,9.721990204052268
2015-03-26T16:09:10.000000,9.730483759995378
2015-03-26T16:09:10.100000,9.708894885922012
2015-03-26T16:09:10.200000,9.720059153834445
2015-03-26T16:09:10.300000,9.740419727239436
2015-03-26T16:09:10.400000,9.721456998132766
2015-03-26T16:09:10.500000,9.710451260667128
2015-03-26T16:09:10.600000,9.706434199568257
2015-03-26T16:09:10.700000,9.706529005989982
2015-03-26T16:09:10.800000,9.70721760050414
2015-03-26T16:09:10.900000,9.70276387522576
2015-03-26T16:09:11.000000,9.70284035130354
2015-03-26T16:09:11.100000,9.721496747575628
2015-03-26T16:09:11.200000,9.7334884665559
2015-03-26T16:09:11.300000,9.733926092767264
2015-03-26T16:09:11.400000,9.735954345075918
2015-03-26T16:09:11.500000,9.751125672108948
2015-03-26T16:09:11.600000,9.748122443302147
2015-03-26T16:09:11.700000,9.740710165771375
2015-03-26T16:09:11.800000,9.757527095027656
2015-03-26T16:09:11.900000,9.76437070929778
2015-03-26T16:09:12.000000,9.748925552229602
2015-03-26T16:09:12.100000,9.74442419856245
2015-03-26T16:09:12.200000,9.762979544422343
2015-03-26T16:09:12.300000,9.777437084982212
2015-03-26T16:09:12.400000,9.75650779758799
2015-03-26T16:09:12.500000,9.748707878708586
2015-03-26T16:09:12.600000,9.76089488615558
2015-03-26T16:09:12.700000,9.769861664972495
2015-03-26T16:09:12.800000,9.776263622185551
2015-03-26T16:09:12.900000,9.778199513038995
2015-03-26T16:09:13.000000,9.774227414308704
2015-03-26T16:09:13.100000,9.771585715335398
2015-03-26T16:09:13.200000,9.780208092905944
2015-03-26T16:09:13.300000,9.764598348873504
2015-03-26T16:09:13.400000,9.760175757772911
2015-03-26T16:09:13.500000,9.767928294961129
2015-03-26T16:09:13.600000,9.743812601775277
2015-03-26T16:09:13.700000,9.769358838112105
2015-03-26T16:09:13.800000,9.770491817702954
2015-03-26T16:09:13.900000,9.750873026889067
2015-03-26T16:09:14.000000,9.7567305347899
2015-03-26T16:09:14.100000,9.764708219011286
2015-03-26T16:09:14.200000,9.75682478145312
2015-03-26T16:09:14.300000,9.743195475043736
2015-03-26T16:09:14.400000,9.740524818782545
2015-03-26T16:09:14.500000,9.734839861776257
2015-03-26T16:09:14.600000,9.732772220578616
2015-03-26T16:09:14.700000,9.732994159829486
2015-03-26T16:09:14.800000,9.731870016078924
2015-03-26T16:09:14.900000,9.73018597551751
2015-03-26T16:09:15.000000,9.72381274462088
2015-03-26T16:09:15.100000,9.70465510451418
2015-03-26T16:09:15.200000,9.705363612091402
2015-03-26T16:09:15.300000,9.72544154680366
2015-03-26T16:09:15.400000,9.73567192825358
2015-03-26T16:09:15.500000,9.724409748770382
2015-03-26T16:09:15.600000,9.71063557584166
2015-03-26T16:09:15.700000,9.722471429770945
2015-03-26T16:09:15.800000,9.715894580440024
2015-03-26T16:09:15.900000,9.72333465959933
2015-03-26T16:09:16.000000,9.741238295266212
2015-03-26T16:09:16.100000,9.73458065685424
2015-03-26T16:09:16.200000,9.730748384493024
2015-03-26T16:09:16.300000,9.720964874197607
2015-03-26T16:09:16.400000,9.728165144942356
2015-03-26T16:09:16.500000,9.737369768394403
2015-03-26T16:09:16.600000,9.737606511592633
2015-03-26T16:09:16.700000,9.744617935937416
2015-03-26T16:09:16.800000,9.7314173674817
2015-03-26T16:09:16.900000,9.719205874501757
2015-03-26T16:09:17.000000,9.728412717405506
2015-03-26T16:09:17.100000,9.738901879243896
2015-03-26T16:09:17.200000,9.75072846485012
2015-03-26T16:09:17.300000,9.752791670123274
2015-03-26T16:09:17.400000,9.754404191750991
2015-03-26T16:09:17.500000,9.741807759118869
2015-03-26T16:09:17.600000,9.733699030883828
2015-03-26T16:09:17.700000,9.766684196026675
2015-03-26T16:09:17.800000,9.770821892909764
2015-03-26T16:09:17.900000,9.77622754785295
2015-03-26T16:09:18.000000,9.781515477306291
2015-03-26T16:09:18.100000,9.762082740847443
2015-03-26T16:09:18.200000,9.745519500000905
2015-03-26T16:09:18.300000,9.757279220194384
2015-03-26T16:09:18.400000,9.77342889301626
2015-03-26T16:09:18.500000,9.776745055101204
2015-03-26T16:09:18.600000,9.762972076395444
2015-03-26T16:09:18.700000,9.752445176077003
2015-03-26T16:09:18.800000,9.754487846983576
2015-03-26T16:09:18.900000,9.759888133383768
2015-03-26T16:09:19.000000,9.760808750613434
2015-03-26T16:09:19.100000,9.767914016634002
2015-03-26T16:09:19.200000,9.783781961202092
2015-03-26T16:09:19.300000,9.765169499207795
2015-03-26T16:09:19.400000,9.747690710357611
2015-03-26T16:09:19.500000,9.753917203099777
2015-03-26T16:09:19.600000,9.748819040719503
2015-03-26T16:09:19.700000,9.734802008919448
2015-03-26T16:09:19.800000,9.742695814512317
2015-03-26T16:09:19.900000,9.751755150088874
2015-03-26T16:09:20.000000,9.755936881082716
2015-03-26T16:09:20.100000,9.742461186674692
2015-03-26T16:09:20.200000,9.732325822072564
2015-03-26T16:09:20.300000,9.74869620621508
2015-03-26T16:09:20.400000,9.761201394877451
2015-03-26T16:09:20.500000,9.72939694825497
2015-03-26T16:09:20.600000,9.717996976105278
2015-03-26T16:09:20.700000,9.718838433722338
2015-03-26T16:09:20.800000,9.699819615162092
2015-03-26T16:09:20.900000,9.71962807041249
2015-03-26T16:09:21.000000,9.713795549471136
2015-03-26T16:09:21.100000,9.712761792945876
2015-03-26T16:09:21.200000,9.714980723142595
2015-03-26T16:09:21.300000,9.704938081067732
2015-03-26T16:09:21.400000,9.72695866614663
2015-03-26T16:09:21.500000,9.715857736669072
2015-03-26T16:09:21.600000,9.703951542403386
2015-03-26T16:09:21.700000,9.723063296852894
2015-03-26T16:09:21.800000,9.721762948145477
2015-03-26T16:09:21.900000,9.698783098475682
2015-03-26T16:09:22.000000,9.71117335414968
2015-03-26T16:09:22.100000,9.710908544964338
2015-03-26T16:09:22.200000,9.693014655301193
2015-03-26T16:09:22.300000,9.709409954877184
2015-03-26T16:09:22.400000,9.711840006068536
2015-03-26T16:09:22.500000,9.71505613500719
2015-03-26T16:09:22.600000,9.732687154901964
2015-03-26T16:09:22.700000,9.723450863780691
2015-03-26T16:09:22.800000,9.715711393615589
2015-03-26T16:09:22.900000,9.730897672256956
2015-03-26T16:09:23.000000,9.741598393730534
2015-03-26T16:09:23.100000,9.740858284448956
2015-03-26T16:09:23.200000,9.738241869312825
2015-03-26T16:09:23.300000,9.738505248059724
2015-03-26T16:09:23.400000,9.762065928950252
2015-03-26T16:09:23.500000,9.773902895882657
2015-03-26T16:09:23.600000,9.768692426504291
2015-03-26T16:09:23.700000,9.777675945168903
2015-03-26T16:09:23.800000,9.775315479162757
2015-03-26T16:09:23.900000,9.771695429803628
2015-03-26T16:09:24.000000,9.78762700575201
2015-03-26T16:09:24.100000,9.787476559349
2015-03-26T16:09:24.200000,9.785416508907176
2015-03-26T16:09:24.300000,9.783112602519198
2015-03-26T16:09:24.400000,9.785022673397275
2015-03-26T16:09:24.500000,9.776616505833104
2015-03-26T16:09:24.600000,9.779864548980246
2015-03-26T16:09:24.700000,9.763111558879888
2015-03-26T16:09:24.800000,9.767040983351045
2015-03-26T16:09:24.900000,9.76393489472242
2015-03-26T16:09:25.000000,9.746079150827264
2015-03-26T16:09:25.100000,9.762885482149503
2015-03-26T16:09:25.200000,9.772601894364923
2015-03-26T16:09:25.300000,9.772104791336243
2015-03-26T16:09:25.400000,9.77831468706247
2015-03-26T16:09:25.500000,9.768188715338018
2015-03-26T16:09:25.600000,9.7745939253224
2015-03-26T16:09:25.700000,9.77892591604259
2015-03-26T16:09:25.800000,9.776852027441876
2015-03-26T16:09:25.900000,9.75638155775682
2015-03-26T16:09:26.000000,9.75773282499528
2015-03-26T16:09:26.100000,9.757569899253896
2015-03-26T16:09:26.200000,9.748175614088431
2015-03-26T16:09:26.300000,9.74875910327146
2015-03-26T16:09:26.400000,9.742867738959584
2015-03-26T16:09:26.500000,9.734896638076172
2015-03-26T16:09:26.600000,9.728233921649778
2015-03-26T16:09:26.700000,9.724943873420573
2015-03-26T16:09:26.800000,9.70832466646759
2015-03-26T16:09:26.900000,9.694943916653514
2015-03-26T16:09:27.000000,9.699286433842143
2015-03-26T16:09:27.100000,9.699301950541289
2015-03-26T16:09:27.200000,9.70227779239598
2015-03-26T16:09:27.300000,9.70662885891535
2015-03-26T16:09:27.400000,9.719808670266644
2015-03-26T16:09:27.500000,9.736682119521806
2015-03-26T16:09:27.600000,9.709108770552383
2015-03-26T16:09:27.700000,9.695920187772396
2015-03-26T16:09:27.800000,9.710313982251304
2015-03-26T16:09:27.900000,9.709521314832758
2015-03-26T16:09:28.000000,9.707672683980606
2015-03-26T16:09:28.100000,9.70502055492409
2015-03-26T16:09:28.200000,9.713681830761322
2015-03-26T16:09:28.300000,9.703437684867511
2015-03-26T16:09:28.400000,9.705032217870674
2015-03-26T16:09:28.500000,9.724538264402998
2015-03-26T16:09:28.600000,9.727209378591622
2015-03-26T16:09:28.700000,9.714323631925453
2015-03-26T16:09:28.800000,9.708280620976252
2015-03-26T16:09:28.900000,9.71809453982806
2015-03-26T16:09:29.000000,9.716554130315052
2015-03-26T16:09:29.100000,9.750362224077843
2015-03-26T16:09:29.200000,9.765624645305676
2015-03-26T16:09:29.300000,9.716402059752104
2015-03-26T16:09:29.400000,9.714567318221125
2015-03-26T16:09:29.500000,9.771983862703314
2015-03-26T16:09:29.600000,9.767512863875025
2015-03-26T16:09:29.700000,9.760814143581792
2015-03-26T16:09:29.800000,9.766128143539
2015-03-26T16:09:29.900000,9.747831440880052
2015-03-26T16:09:30.000000,9.751816708480028
2015-03-26T16:09:30.100000,9.757226062472744
2015-03-26T16:09:30.200000,9.76257928489633
2015-03-26T16:09:30.300000,9.766987176337452
2015-03-26T16:09:30.400000,9.774069929076068
2015-03-26T16:09:30.500000,9.786662370492406
2015-03-26T16:09:30.600000,9.767608166790604
2015-03-26T16:09:30.700000,9.764615395173236
2015-03-26T16:09:30.800000,9.758358185264584
2015-03-26T16:09:30.900000,9.758125114334272
2015-03-26T16:09:31.000000,9.771170340062136
2015-03-26T16:09:31.100000,9.77000617037458
2015-03-26T16:09:31.200000,9.761364257593591
2015-03-26T16:09:31.300000,9.75887571788688
2015-03-26T16:09:31.400000,9.761091384864796
2015-03-26T16:09:31.500000,9.760442881486837
2015-03-26T16:09:31.600000,9.74280804131756
2015-03-26T16:09:31.700000,9.747051933781274
2015-03-26T16:09:31.800000,9.760145729323469
2015-03-26T16:09:31.900000,9.756443641635853
2015-03-26T16:09:32.000000,9.732086616814264
2015-03-26T16:09:32.100000,9.730482815578531
2015-03-26T16:09:32.200000,9.755412985176047
2015-03-26T16:09:32.300000,9.754886352749644
2015-03-26T16:09:32.400000,9.745812268927736
2015-03-26T16:09:32.500000,9.749665038649145
2015-03-26T16:09:32.600000,9.73822641096957
2015-03-26T16:09:32.700000,9.742417986089396
2015-03-26T16:09:32.800000,9.74644295858842
2015-03-26T16:09:32.900000,9.722614325639377
2015-03-26T16:09:33.000000,9.728625606982527
2015-03-26T16:09:33.100000,9.75176162331578
2015-03-26T16:09:33.200000,9.73695652093213
2015-03-26T16:09:33.300000,9.733855486533075
2015-03-26T16:09:33.400000,9.751810793638455
2015-03-26T16:09:33.500000,9.743682297580834
2015-03-26T16:09:33.600000,9.721241042878656
2015-03-26T16:09:33.700000,9.725728933662348
2015-03-26T16:09:33.800000,9.716818472184592
2015-03-26T16:09:33.900000,9.713835537938875
2015-03-26T16:09:34.000000,9.730836117698178
2015-03-26T16:09:34.100000,9.729095332473356
2015-03-26T16:09:34.200000,9.720009658347871
2015-03-26T16:09:34.300000,9.722968875377967
2015-03-26T16:09:34.400000,9.719337215512017
2015-03-26T16:09:34.500000,9.72792565053603
2015-03-26T16:09:34.600000,9.73044640568819
2015-03-26T16:09:34.700000,9.731005997939196
2015-03-26T16:09:34.800000,9.764013635865572
2015-03-26T16:09:34.900000,9.754184560217508
2015-03-26T16:09:35.000000,9.740533605101133
2015-03-26T16:09:35.100000,9.747838440445989
2015-03-26T16:09:35.200000,9.746505106720887
2015-03-26T16:09:35.300000,9.73825435002854
2015-03-26T16:09:35.400000,9.737988970712586
2015-03-26T16:09:35.500000,9.755578747071768
2015-03-26T16:09:35.600000,9.739579747771751
2015-03-26T16:09:35.700000,9.7311608211871
2015-03-26T16:09:35.800000,9.746578641684458
2015-03-26T16:09:35.900000,9.766315867947077
2015-03-26T16:09:36.000000,9.77220650329108
2015-03-26T16:09:36.100000,9.771584521393702
2015-03-26T16:09:36.200000,9.751747201358729
2015-03-26T16:09:36.300000,9.74735565782484
2015-03-26T16:09:36.400000,9.751126551785925
2015-03-26T16:09:36.500000,9.73886440079214
2015-03-26T16:09:36.600000,9.739779688643488
2015-03-26T16:09:36.700000,9.75302141502948
2015-03-26T16:09:36.800000,9.75960644185349
2015-03-26T16:09:36.900000,9.758239132833603
2015-03-26T16:09:37.000000,9.744559708032789
2015-03-26T16:09:37.100000,9.745979560338968
2015-03-26T16:09:37.200000,9.734405915971532
2015-03-26T16:09:37.300000,9.72463338298804
2015-03-26T16:09:37.400000,9.74839288853096
2015-03-26T16:09:37.500000,9.739468295112104
2015-03-26T16:09:37.600000,9.72081680623055
2015-03-26T16:09:37.700000,9.725923361309002
2015-03-26T16:09:37.800000,9.740100640242494
2015-03-26T16:09:37.900000,9.748066755801403
2015-03-26T16:09:38.000000,9.735071311552682
2015-03-26T16:09:38.100000,9.72768497187403
2015-03-26T16:09:38.200000,9.744701945707044
2015-03-26T16:09:38.300000,9.727427215008309
2015-03-26T16:09:38.400000,9.731926877626488
2015-03-26T16:09:38.500000,9.731755168889084
2015-03-26T16:09:38.600000,9.73023572042413
2015-03-26T16:09:38.700000,9.737209037948617
2015-03-26T16:09:38.800000,9.734225328542912
2015-03-26T16:09:38.900000,9.745808824144811
2015-03-26T16:09:39.000000,9.737304066397856
2015-03-26T16:09:39.100000,9.727029802212284
2015-03-26T16:09:39.200000,9.735315776042391
2015-03-26T16:09:39.300000,9.74723418648002
2015-03-26T16:09:39.400000,9.737522923888232
2015-03-26T16:09:39.500000,9.72970264757228
2015-03-26T16:09:39.600000,9.739837238276271
2015-03-26T16:09:39.700000,9.74420461222817
2015-03-26T16:09:39.800000,9.709144070879791
2015-03-26T16:09:39.900000,9.717267949818613
2015-03-26T16:09:40.000000,9.764631489347597
2015-03-26T16:09:40.100000,9.764682268665323
2015-03-26T16:09:40.200000,9.755719570712918
2015-03-26T16:09:40.300000,9.763092335909866
2015-03-26T16:09:40.400000,9.747593319668702
2015-03-26T16:09:40.500000,9.731166777131028
2015-03-26T16:09:40.600000,9.760689203413284
2015-03-26T16:09:40.700000,9.758287014305852
2015-03-26T16:09:40.800000,9.75728013160776
2015-03-26T16:09:40.900000,9.756431815895246
2015-03-26T16:09:41.000000,9.760264568687433
2015-03-26T16:09:41.100000,9.749731170487458
2015-03-26T16:09:41.200000,9.731776994603733
2015-03-26T16:09:41.300000,9.751344516744856
2015-03-26T16:09:41.400000,9.760761215420096
2015-03-26T16:09:41.500000,9.747707964556836
2015-03-26T16:09:41.600000,9.764165096269725
2015-03-26T16:09:41.700000,9.754563640010888
2015-03-26T16:09:41.800000,9.73140310992572
2015-03-26T16:09:41.900000,9.756870406782584
2015-03-26T16:09:42.000000,9.75691461701622
2015-03-26T16:09:42.100000,9.743409379304396
2015-03-26T16:09:42.200000,9.740984846089225
2015-03-26T16:09:42.300000,9.734244494220304
2015-03-26T16:09:42.400000,9.745890516208206
2015-03-26T16:09:42.500000,9.750824473261266
2015-03-26T16:09:42.600000,9.735502597721686
2015-03-26T16:09:42.700000,9.74204881437504
2015-03-26T16:09:42.800000,9.763056783060543
2015-03-26T16:09:42.900000,9.75784093207837
2015-03-26T16:09:43.000000,9.759209824416237
2015-03-26T16:09:43.100000,9.761531578959724
2015-03-26T16:09:43.200000,9.761640997325976
2015-03-26T16:09:43.300000,9.762722404509509
2015-03-26T16:09:43.400000,9.768366526069656
2015-03-26T16:09:43.500000,9.760781626934424
2015-03-26T16:09:43.600000,9.76439171580604
2015-03-26T16:09:43.700000,9.7549659423172
2015-03-26T16:09:43.800000,9.74470132377682
2015-03-26T16:09:43.900000,9.760166480156403
2015-03-26T16:09:44.000000,9.7508454239919
2015-03-26T16:09:44.100000,9.727998326549638
2015-03-26T16:09:44.200000,9.744280056382705
2015-03-26T16:09:44.300000,9.750748905369871
2015-03-26T16:09:44.400000,9.759064828461124
2015-03-26T16:09:44.500000,9.768201879177756
2015-03-26T16:09:44.600000,9.743587498286995
2015-03-26T16:09:44.700000,9.744712124359848
2015-03-26T16:09:44.800000,9.757411605736896
2015-03-26T16:09:44.900000,9.746844030247097
2015-03-26T16:09:45.000000,9.7393944350153
2015-03-26T16:09:45.100000,9.734839261854994
2015-03-26T16:09:45.200000,9.729638662968858
2015-03-26T16:09:45.300000,9.758821662341424
2015-03-26T16:09:45.400000,9.758469755598837
2015-03-26T16:09:45.500000,9.743742219743872
2015-03-26T16:09:45.600000,9.747399635961813
2015-03-26T16:09:45.700000,9.752067814325466
2015-03-26T16:09:45.800000,9.745642444971722
2015-03-26T16:09:45.900000,9.740863260127892
2015-03-26T16:09:46.000000,9.746047584001817
2015-03-26T16:09:46.100000,9.742112546907444
2015-03-26T16:09:46.200000,9.739581124977285
2015-03-26T16:09:46.300000,9.720149313535645
2015-03-26T16:09:46.400000,9.73755713491955
2015-03-26T16:09:46.500000,9.743365480649969
2015-03-26T16:09:46.600000,9.723291854118967
2015-03-26T16:09:46.700000,9.715084164266186
2015-03-26T16:09:46.800000,9.749398876101122
2015-03-26T16:09:46.900000,9.734144227454635
2015-03-26T16:09:47.000000,9.73070130481606
2015-03-26T16:09:47.100000,9.730790146861214
2015-03-26T16:09:47.200000,9.72815931250688
2015-03-26T16:09:47.300000,9.718799345889655
2015-03-26T16:09:47.400000,9.723354707339016
2015-03-26T16:09:47.500000,9.71678538011576
2015-03-26T16:09:47.600000,9.71444542382116
2015-03-26T16:09:47.700000,9.71607911299888
2015-03-26T16:09:47.800000,9.729505012111916
2015-03-26T16:09:47.900000,9.75096775689603
2015-03-26T16:09:48.000000,9.725895491826138
2015-03-26T16:09:48.100000,9.725535830155051
2015-03-26T16:09:48.200000,9.71246993916854
2015-03-26T16:09:48.300000,9.69626241456895
2015-03-26T16:09:48.400000,9.696256465336912
2015-03-26T16:09:48.500000,9.715450940156112
2015-03-26T16:09:48.600000,9.735721371722812
2015-03-26T16:09:48.700000,9.744264787831614
2015-03-26T16:09:48.800000,9.735884483886998
2015-03-26T16:09:48.900000,9.720201923379436
2015-03-26T16:09:49.000000,9.721762264619306
2015-03-26T16:09:49.100000,9.726691549781608
2015-03-26T16:09:49.200000,9.730058860488109
2015-03-26T16:09:49.300000,9.73170467040933
2015-03-26T16:09:49.400000,9.730691432303049
2015-03-26T16:09:49.500000,9.728573451150083
2015-03-26T16:09:49.600000,9.735574864759462
2015-03-26T16:09:49.700000,9.764769751750876
2015-03-26T16:09:49.800000,9.747667186578724
2015-03-26T16:09:49.900000,9.762283812106288
2015-03-26T16:09:50.000000,9.754894677676267
2015-03-26T16:09:50.100000,9.7389904179294
2015-03-26T16:09:50.200000,9.752836393025854
2015-03-26T16:09:50.300000,9.765210264309808
2015-03-26T16:09:50.400000,9.772330645496345
2015-03-26T16:09:50.500000,9.767760517917385
2015-03-26T16:09:50.600000,9.765758663146416
2015-03-26T16:09:50.700000,9.7566023798211
2015-03-26T16:09:50.800000,9.786340456329416
2015-03-26T16:09:50.900000,9.786708336090213
2015-03-26T16:09:51.000000,9.795294307761008
2015-03-26T16:09:51.100000,9.78086558754509
2015-03-26T16:09:51.200000,9.75385809232782
2015-03-26T16:09:51.300000,9.754284888386024
2015-03-26T16:09:51.400000,9.75846943661654
2015-03-26T16:09:51.500000,9.76088958427956
2015-03-26T16:09:51.600000,9.767735142066131
2015-03-26T16:09:51.700000,9.775454790811484
2015-03-26T16:09:51.800000,9.746362470260962
2015-03-26T16:09:51.900000,9.749781853570282
2015-03-26T16:09:52.000000,9.753458055582108
2015-03-26T16:09:52.100000,9.751706006069227
2015-03-26T16:09:52.200000,9.763689487608335
2015-03-26T16:09:52.300000,9.756411740372302
2015-03-26T16:09:52.400000,9.754982886704516
2015-03-26T16:09:52.500000,9.753921165350611
2015-03-26T16:09:52.600000,9.756676409389616
2015-03-26T16:09:52.700000,9.75822541608356
2015-03-26T16:09:52.800000,9.751470438655987
2015-03-26T16:09:52.900000,9.738399398351463
2015-03-26T16:09:53.000000,9.757685987097316
2015-03-26T16:09:53.100000,9.76280156979156
2015-03-26T16:09:53.200000,9.744926948984704
2015-03-26T16:09:53.300000,9.736878898747008
2015-03-26T16:09:53.400000,9.740009732496564
2015-03-26T16:09:53.500000,9.730832313257826
2015-03-26T16:09:53.600000,9.72516954883223
2015-03-26T16:09:53.700000,9.719172889990176
2015-03-26T16:09:53.800000,9.721687935559098
2015-03-26T16:09:53.900000,9.72686443801472
2015-03-26T16:09:54.000000,9.71999623587636
2015-03-26T16:09:54.100000,9.703171811770902
2015-03-26T16:09:54.200000,9.713833355574144
2015-03-26T16:09:54.300000,9.726518105705155
2015-03-26T16:09:54.400000,9.701749853539582
2015-03-26T16:09:54.500000,9.697574755554568
2015-03-26T16:09:54.600000,9.700304626638484
2015-03-26T16:09:54.700000,9.703021045331957
2015-03-26T16:09:54.800000,9.69892718603326
2015-03-26T16:09:54.900000,9.702042064965676
2015-03-26T16:09:55.000000,9.678600043407387
2015-03-26T16:09:55.100000,9.682006450432173
2015-03-26T16:09:55.200000,9.699631920669647
2015-03-26T16:09:55.300000,9.712949761121054
2015-03-26T16:09:55.400000,9.706695245589998
2015-03-26T16:09:55.500000,9.7037558617904
2015-03-26T16:09:55.600000,9.719570860601118
2015-03-26T16:09:55.700000,9.729129760385977
2015-03-26T16:09:55.800000,9.724692601540978
2015-03-26T16:09:55.900000,9.73104328664632
2015-03-26T16:09:56.000000,9.746304075415395
2015-03-26T16:09:56.100000,9.759761150434183
2015-03-26T16:09:56.200000,9.745373320843909
2015-03-26T16:09:56.300000,9.751624591495236
2015-03-26T16:09:56.400000,9.764781686737964
2015-03-26T16:09:56.500000,9.75812789020804
2015-03-26T16:09:56.600000,9.780382315129678
2015-03-26T16:09:56.700000,9.787849327170168
2015-03-26T16:09:56.800000,9.769414178800789
2015-03-26T16:09:56.900000,9.77554799146951
2015-03-26T16:09:57.000000,9.784399489526846
2015-03-26T16:09:57.100000,9.78892844125138
2015-03-26T16:09:57.200000,9.768536113904675
2015-03-26T16:09:57.300000,9.756958249100162
2015-03-26T16:09:57.400000,9.770398504064826
2015-03-26T16:09:57.500000,9.769541755918056
2015-03-26T16:09:57.600000,9.767019452101431
2015-03-26T16:09:57.700000,9.760342753732036
2015-03-26T16:09:57.800000,9.7558236534605
2015-03-26T16:09:57.900000,9.759646016195273
2015-03-26T16:09:58.000000,9.755336313460246
2015-03-26T16:09:58.100000,9.753218264838356
2015-03-26T16:09:58.200000,9.751265187271748
2015-03-26T16:09:58.300000,9.765410986519274
2015-03-26T16:09:58.400000,9.780127464251455
2015-03-26T16:09:58.500000,9.770991034247745
2015-03-26T16:09:58.600000,9.750056899058972
2015-03-26T16:09:58.700000,9.748058812936485
2015-03-26T16:09:58.800000,9.74397333443827
2015-03-26T16:09:58.900000,9.74593221256387
2015-03-26T16:09:59.000000,9.759015116538167
2015-03-26T16:09:59.100000,9.751370811587666
2015-03-26T16:09:59.200000,9.74900286186406
2015-03-26T16:09:59.300000,9.730062300338869
2015-03-26T16:09:59.400000,9.734952260097616
2015-03-26T16:09:59.500000,9.748170636040648
2015-03-26T16:09:59.600000,9.712275767967654
2015-03-26T16:09:59.700000,9.705717906552366
2015-03-26T16:09:59.800000,9.73815010024532
2015-03-26T16:09:59.900000,9.721384962227203
2015-03-26T16:10:00.000000,9.727389800590457
2015-03-26T16:10:00.100000,9.743234406363069
2015-03-26T16:10:00.200000,9.717889403973382
2015-03-26T16:10:00.300000,9.708629686021338
2015-03-26T16:10:00.400000,9.727747023649965
2015-03-26T16:10:00.500000,9.72421567787632
2015-03-26T16:10:00.600000,9.712813889343302
2015-03-26T16:10:00.700000,9.71848633823777
2015-03-26T16:10:00.800000,9.734370562798333
2015-03-26T16:10:00.900000,9.73192873476174
2015-03-26T16:10:01.000000,9.714525956212327
2015-03-26T16:10:01.100000,9.714698589768986
2015-03-26T16:10:01.200000,9.721932709931773
2015-03-26T16:10:01.300000,9.730053522402851
2015-03-26T16:10:01.400000,9.731711357866793
2015-03-26T16:10:01.500000,9.745617474747633
2015-03-26T16:10:01.600000,9.74202527745379
2015-03-26T16:10:01.700000,9.741912405942609
2015-03-26T16:10:01.800000,9.750549477086388
2015-03-26T16:10:01.900000,9.734030731033409
2015-03-26T16:10:02.000000,9.727125570738432
2015-03-26T16:10:02.100000,9.760054088274613
2015-03-26T16:10:02.200000,9.74872278554591
2015-03-26T16:10:02.300000,9.760222762793266
2015-03-26T16:10:02.400000,9.780622334685956
2015-03-26T16:10:02.500000,9.73757006442034
2015-03-26T16:10:02.600000,9.731675240683153
2015-03-26T16:10:02.700000,9.739585451870376
2015-03-26T16:10:02.800000,9.75695192489698
2015-03-26T16:10:02.900000,9.776623874287932
2015-03-26T16:10:03.000000,9.77856762303318
2015-03-26T16:10:03.100000,9.77353896141116
2015-03-26T16:10:03.200000,9.769821589684074
2015-03-26T16:10:03.300000,9.74651812768679
2015-03-26T16:10:03.400000,9.759383304920537
2015-03-26T16:10:03.500000,9.775317208734856
2015-03-26T16:10:03.600000,9.751906254469594
2015-03-26T16:10:03.700000,9.749885548655772
2015-03-26T16:10:03.800000,9.7550844385052
2015-03-26T16:10:03.900000,9.7566185106777
2015-03-26T16:10:04.000000,9.742554910584078
2015-03-26T16:10:04.100000,9.73543892910758
2015-03-26T16:10:04.200000,9.738602011899763
2015-03-26T16:10:04.300000,9.743348441081928
2015-03-26T16:10:04.400000,9.75403639310976
2015-03-26T16:10:04.500000,9.732073026846676
2015-03-26T16:10:04.600000,9.734860716872854
2015-03-26T16:10:04.700000,9.736557765014483
2015-03-26T16:10:04.800000,9.73284723502678
2015-03-26T16:10:04.900000,9.744357371818866
2015-03-26T16:10:05.000000,9.740399799262148
2015-03-26T16:10:05.100000,9.75278562876389
2015-03-26T16:10:05.200000,9.733579116675395
2015-03-26T16:10:05.300000,9.72008277925365
2015-03-26T16:10:05.400000,9.717036277662956
2015-03-26T16:10:05.500000,9.692509396874096
2015-03-26T16:10:05.600000,9.700086001178883
2015-03-26T16:10:05.700000,9.730035227792056
2015-03-26T16:10:05.800000,9.728321390815513
2015-03-26T16:10:05.900000,9.719198930905218
2015-03-26T16:10:06.000000,9.723685166818814
2015-03-26T16:10:06.100000,9.72121815265566
2015-03-26T16:10:06.200000,9.723705350337452
2015-03-26T16:10:06.300000,9.743520598160035
2015-03-26T16:10:06.400000,9.760132623190971
2015-03-26T16:10:06.500000,9.740338087607906
2015-03-26T16:10:06.600000,9.723662670474368
2015-03-26T16:10:06.700000,9.724591751387203
2015-03-26T16:10:06.800000,9.744573669241753
2015-03-26T16:10:06.900000,9.728607961875186
2015-03-26T16:10:07.000000,9.73756531188844
2015-03-26T16:10:07.100000,9.762599673898858
2015-03-26T16:10:07.200000,9.753964081442687
2015-03-26T16:10:07.300000,9.75002331485045
2015-03-26T16:10:07.400000,9.759192663671826
2015-03-26T16:10:07.500000,9.79029425193422
2015-03-26T16:10:07.600000,9.772645177861618
2015-03-26T16:10:07.700000,9.763125224540454
2015-03-26T16:10:07.800000,9.772133145775648
2015-03-26T16:10:07.900000,9.777654468724322
2015-03-26T16:10:08.000000,9.77154062441832
2015-03-26T16:10:08.100000,9.765128993382216
2015-03-26T16:10:08.200000,9.761452308016812
2015-03-26T16:10:08.300000,9.761056728942153
2015-03-26T16:10:08.400000,9.758873198743668
2015-03-26T16:10:08.500000,9.751166560375214
2015-03-26T16:10:08.600000,9.74904813377669
2015-03-26T16:10:08.700000,9.759338341417465
2015-03-26T16:10:08.800000,9.781004245426718
2015-03-26T16:10:08.900000,9.77646787813857
2015-03-26T16:10:09.000000,9.771404912716472
2015-03-26T16:10:09.100000,9.76715095437494
2015-03-26T16:10:09.200000,9.761958315997996
2015-03-26T16:10:09.300000,9.781918334697028
2015-03-26T16:10:09.400000,9.763393241159832
2015-03-26T16:10:09.500000,9.762235396490356
2015-03-26T16:10:09.600000,9.777732192015002
2015-03-26T16:10:09.700000,9.75621783812006
2015-03-26T16:10:09.800000,9.733145752942631
2015-03-26T16:10:09.900000,9.74026324649017
2015-03-26T16:10:10.000000,9.761623923879686
2015-03-26T16:10:10.100000,9.746338274178518
2015-03-26T16:10:10.200000,9.753115723835007
2015-03-26T16:10:10.300000,9.73055791938904
2015-03-26T16:10:10.400000,9.720092279238088
2015-03-26T16:10:10.500000,9.721161465137891
2015-03-26T16:10:10.600000,9.709151665732785
2015-03-26T16:10:10.700000,9.714478528501951
2015-03-26T16:10:10.800000,9.737524312491791
2015-03-26T16:10:10.900000,9.731733606681942
2015-03-26T16:10:11.000000,9.713888890243243
2015-03-26T16:10:11.100000,9.693724396692335
2015-03-26T16:10:11.200000,9.689079521590743
2015-03-26T16:10:11.300000,9.696103357286669
2015-03-26T16:10:11.400000,9.698775883052576
2015-03-26T16:10:11.500000,9.709834691829045
2015-03-26T16:10:11.600000,9.71026267140089
2015-03-26T16:10:11.700000,9.70355367522861
2015-03-26T16:10:11.800000,9.711834695779608
2015-03-26T16:10:11.900000,9.707263048618156
2015-03-26T16:10:12.000000,9.709003161210958
2015-03-26T16:10:12.100000,9.724653447417769
2015-03-26T16:10:12.200000,9.736573943537904
2015-03-26T16:10:12.300000,9.73659948116752
2015-03-26T16:10:12.400000,9.74237139688598
2015-03-26T16:10:12.500000,9.750242867155936
2015-03-26T16:10:12.600000,9.72897807121348
2015-03-26T16:10:12.700000,9.716181945044466
2015-03-26T16:10:12.800000,9.749625203137352
2015-03-26T16:10:12.900000,9.75149234032236
2015-03-26T16:10:13.000000,9.745646505742252
2015-03-26T16:10:13.100000,9.761394450843875
2015-03-26T16:10:13.200000,9.747104108471849
2015-03-26T16:10:13.300000,9.753209223792863
2015-03-26T16:10:13.400000,9.764417565122036
2015-03-26T16:10:13.500000,9.750882573823771
2015-03-26T16:10:13.600000,9.744961627802958
2015-03-26T16:10:13.700000,9.749643362640802
2015-03-26T16:10:13.800000,9.757243514051517
2015-03-26T16:10:13.900000,9.770461538654995
2015-03-26T16:10:14.000000,9.772611860256168
2015-03-26T16:10:14.100000,9.762565971057615
2015-03-26T16:10:14.200000,9.741556802149796
2015-03-26T16:10:14.300000,9.745206643185249
2015-03-26T16:10:14.400000,9.751172639779789
2015-03-26T16:10:14.500000,9.746963021988211
2015-03-26T16:10:14.600000,9.757227316429438
2015-03-26T16:10:14.700000,9.760792604549591
2015-03-26T16:10:14.800000,9.764446484622724
2015-03-26T16:10:14.900000,9.754556279581198
2015-03-26T16:10:15.000000,9.736497676641296
2015-03-26T16:10:15.100000,9.73474428544662
2015-03-26T16:10:15.200000,9.740532845947198
2015-03-26T16:10:15.300000,9.74654825675891
2015-03-26T16:10:15.400000,9.769284873828806
2015-03-26T16:10:15.500000,9.76973774396576
2015-03-26T16:10:15.600000,9.749349957347135
2015-03-26T16:10:15.700000,9.75865641285109
2015-03-26T16:10:15.800000,9.75666977051634
2015-03-26T16:10:15.900000,9.732526933532466
2015-03-26T16:10:16.000000,9.729024592670068
2015-03-26T16:10:16.100000,9.733075927933172
2015-03-26T16:10:16.200000,9.734677965176989
2015-03-26T16:10:16.300000,9.742361614437286
2015-03-26T16:10:16.400000,9.722601464029545
2015-03-26T16:10:16.500000,9.735968763601518
2015-03-26T16:10:16.600000,9.745650312373122
2015-03-26T16:10:16.700000,9.736897521115443
2015-03-26T16:10:16.800000,9.724161996155363
2015-03-26T16:10:16.900000,9.712481769875978
2015-03-26T16:10:17.000000,9.717487218226273
2015-03-26T16:10:17.100000,9.737931431999383
2015-03-26T16:10:17.200000,9.739259114682117
2015-03-26T16:10:17.300000,9.72545195534726
2015-03-26T16:10:17.400000,9.740371938526978
2015-03-26T16:10:17.500000,9.744795923379016
2015-03-26T16:10:17.600000,9.739273390479278
2015-03-26T16:10:17.700000,9.749329009514152
2015-03-26T16:10:17.800000,9.742080112733378
2015-03-26T16:10:17.900000,9.745302446428148
2015-03-26T16:10:18.000000,9.744043364363565
2015-03-26T16:10:18.100000,9.741848626712782
2015-03-26T16:10:18.200000,9.742601428703914
2015-03-26T16:10:18.300000,9.744283080570508
2015-03-26T16:10:18.400000,9.742706141471947
2015-03-26T16:10:18.500000,9.733848286633831
2015-03-26T16:10:18.600000,9.743718211439187
2015-03-26T16:10:18.700000,9.74406473504603
2015-03-26T16:10:18.800000,9.74332715856502
2015-03-26T16:10:18.900000,9.738823426619454
2015-03-26T16:10:19.000000,9.7362113071435
2015-03-26T16:10:19.100000,9.75268818132218
2015-03-26T16:10:19.200000,9.754853236241512
2015-03-26T16:10:19.300000,9.739948001376296
2015-03-26T16:10:19.400000,9.748574373277412
2015-03-26T16:10:19.500000,9.766953364761635
2015-03-26T16:10:19.600000,9.743687662320486
2015-03-26T16:10:19.700000,9.745485680600924
2015-03-26T16:10:19.800000,9.766200490048536
2015-03-26T16:10:19.900000,9.760404734041224
2015-03-26T16:10:20.000000,9.760258159559497
2015-03-26T16:10:20.100000,9.74932656472478
2015-03-26T16:10:20.200000,9.73741752846228
2015-03-26T16:10:20.300000,9.73882174571948
2015-03-26T16:10:20.400000,9.74643561468881
2015-03-26T16:10:20.500000,9.752774458155317
2015-03-26T16:10:20.600000,9.754187718028614
2015-03-26T16:10:20.700000,9.74347032269751
2015-03-26T16:10:20.800000,9.74365335186529
2015-03-26T16:10:20.900000,9.734411795820558
2015-03-26T16:10:21.000000,9.728705525242804
2015-03-26T16:10:21.100000,9.72396310673576
2015-03-26T16:10:21.200000,9.715071143552509
2015-03-26T16:10:21.300000,9.706646609109953
2015-03-26T16:10:21.400000,9.73015938597822
2015-03-26T16:10:21.500000,9.745906979982635
2015-03-26T16:10:21.600000,9.731717185901784
2015-03-26T16:10:21.700000,9.747147402213008
2015-03-26T16:10:21.800000,9.744211939807736
2015-03-26T16:10:21.900000,9.728288618369412
2015-03-26T16:10:22.000000,9.732343092402113
2015-03-26T16:10:22.100000,9.707141886777045
2015-03-26T16:10:22.200000,9.708445245213564
2015-03-26T16:10:22.300000,9.700282479913351
2015-03-26T16:10:22.400000,9.707371168533458
2015-03-26T16:10:22.500000,9.714042252276156
2015-03-26T16:10:22.600000,9.714971406375264
2015-03-26T16:10:22.700000,9.72759225051248
2015-03-26T16:10:22.800000,9.742237258475036
2015-03-26T16:10:22.900000,9.73638567471053
2015-03-26T16:10:23.000000,9.713654523611236
2015-03-26T16:10:23.100000,9.69721002914082
2015-03-26T16:10:23.200000,9.711142145725354
2015-03-26T16:10:23.300000,9.727676205862272
2015-03-26T16:10:23.400000,9.733448186982844
2015-03-26T16:10:23.500000,9.741061486503796
2015-03-26T16:10:23.600000,9.747935097181134
2015-03-26T16:10:23.700000,9.743589630024111
2015-03-26T16:10:23.800000,9.744831005423846
2015-03-26T16:10:23.900000,9.744169578292638
2015-03-26T16:10:24.000000,9.757913351027026
2015-03-26T16:10:24.100000,9.764769159497398
2015-03-26T16:10:24.200000,9.777015807044178
2015-03-26T16:10:24.300000,9.768913013480734
2015-03-26T16:10:24.400000,9.760619097170508
2015-03-26T16:10:24.500000,9.763326336305935
2015-03-26T16:10:24.600000,9.770616530143853
2015-03-26T16:10:24.700000,9.767432567522864
2015-03-26T16:10:24.800000,9.75916959626748
2015-03-26T16:10:24.900000,9.754064699786804
2015-03-26T16:10:25.000000,9.752353866458703
2015-03-26T16:10:25.100000,9.74884315936602
2015-03-26T16:10:25.200000,9.76245769703903
2015-03-26T16:10:25.300000,9.761542008763453
2015-03-26T16:10:25.400000,9.77344682902063
2015-03-26T16:10:25.500000,9.75443820528569
2015-03-26T16:10:25.600000,9.7610760226478
2015-03-26T16:10:25.700000,9.768232551061212
2015-03-26T16:10:25.800000,9.760723555872351
2015-03-26T16:10:25.900000,9.761637439534384
2015-03-26T16:10:26.000000,9.766260981828442
2015-03-26T16:10:26.100000,9.75173575325348
2015-03-26T16:10:26.200000,9.746605809931138
2015-03-26T16:10:26.300000,9.740285005646625
2015-03-26T16:10:26.400000,9.743294668325891
2015-03-26T16:10:26.500000,9.76242412157642
2015-03-26T16:10:26.600000,9.75745022883753
2015-03-26T16:10:26.700000,9.739197813082924
2015-03-26T16:10:26.800000,9.768758990015051
2015-03-26T16:10:26.900000,9.756508449137838
2015-03-26T16:10:27.000000,9.736319078738736
2015-03-26T16:10:27.100000,9.745908190150024
2015-03-26T16:10:27.200000,9.748689767626532
2015-03-26T16:10:27.300000,9.74469143027376
2015-03-26T16:10:27.400000,9.734550462806824
2015-03-26T16:10:27.500000,9.734653161318093
2015-03-26T16:10:27.600000,9.73725449146418
2015-03-26T16:10:27.700000,9.733903997257604
2015-03-26T16:10:27.800000,9.727331660679829
2015-03-26T16:10:27.900000,9.712389537580089
2015-03-26T16:10:28.000000,9.723918755292017
2015-03-26T16:10:28.100000,9.72218417816548
2015-03-26T16:10:28.200000,9.720889931164317
2015-03-26T16:10:28.300000,9.733350770485846
2015-03-26T16:10:28.400000,9.72498015166778
2015-03-26T16:10:28.500000,9.726346673254268
2015-03-26T16:10:28.600000,9.732353253188784
2015-03-26T16:10:28.700000,9.726644360066164
2015-03-26T16:10:28.800000,9.72164039280648
2015-03-26T16:10:28.900000,9.701917256747766
2015-03-26T16:10:29.000000,9.702317921794004
2015-03-26T16:10:29.100000,9.74487466110034
2015-03-26T16:10:29.200000,9.750889157799252
2015-03-26T16:10:29.300000,9.732983283794358
2015-03-26T16:10:29.400000,9.7317648246977
2015-03-26T16:10:29.500000,9.723617431383856
2015-03-26T16:10:29.600000,9.714083682824016
2015-03-26T16:10:29.700000,9.702875021942658
2015-03-26T16:10:29.800000,9.71077686535046
2015-03-26T16:10:29.900000,9.728812196737428
2015-03-26T16:10:30.000000,9.7201953251551
2015-03-26T16:10:30.100000,9.709231947696408
2015-03-26T16:10:30.200000,9.71695184784135
2015-03-26T16:10:30.300000,9.722583472365056
2015-03-26T16:10:30.400000,9.73027673444662
2015-03-26T16:10:30.500000,9.72045396328161
2015-03-26T16:10:30.600000,9.729909958443082
2015-03-26T16:10:30.700000,9.733443322020072
2015-03-26T16:10:30.800000,9.713045550129412
2015-03-26T16:10:30.900000,9.736140602862736
2015-03-26T16:10:31.000000,9.750449055110918
2015-03-26T16:10:31.100000,9.751655731459758
2015-03-26T16:10:31.200000,9.769845793728408
2015-03-26T16:10:31.300000,9.751185377931726
2015-03-26T16:10:31.400000,9.734156925892329
2015-03-26T16:10:31.500000,9.76037861134728
2015-03-26T16:10:31.600000,9.758441379035874
2015-03-26T16:10:31.700000,9.75534361103269
2015-03-26T16:10:31.800000,9.768164394631446
2015-03-26T16:10:31.900000,9.754621987706052
2015-03-26T16:10:32.000000,9.75927149189864
2015-03-26T16:10:32.100000,9.766820015931197
2015-03-26T16:10:32.200000,9.752421806896027
2015-03-26T16:10:32.300000,9.746419357062008
2015-03-26T16:10:32.400000,9.76030101397527
2015-03-26T16:10:32.500000,9.752142291956094
2015-03-26T16:10:32.600000,9.74231354000663
2015-03-26T16:10:32.700000,9.744582819366702
2015-03-26T16:10:32.800000,9.732650874105756
2015-03-26T16:10:32.900000,9.73719259938336
2015-03-26T16:10:33.000000,9.757427644349198
2015-03-26T16:10:33.100000,9.759271509794102
2015-03-26T16:10:33.200000,9.751040912708335
2015-03-26T16:10:33.300000,9.759956909537712
2015-03-26T16:10:33.400000,9.762045806329198
2015-03-26T16:10:33.500000,9.771626380904625
2015-03-26T16:10:33.600000,9.766126648827752
2015-03-26T16:10:33.700000,9.75222733943033
2015-03-26T16:10:33.800000,9.766105787070796
2015-03-26T16:10:33.900000,9.761529793196802
2015-03-26T16:10:34.000000,9.759490962453256
2015-03-26T16:10:34.100000,9.741235184473208
2015-03-26T16:10:34.200000,9.742624601046169
2015-03-26T16:10:34.300000,9.757769668329816
2015-03-26T16:10:34.400000,9.746380959578133
2015-03-26T16:10:34.500000,9.744986289708848
2015-03-26T16:10:34.600000,9.745517019628195
2015-03-26T16:10:34.700000,9.744020830731415
2015-03-26T16:10:34.800000,9.738983073451896
2015-03-26T16:10:34.900000,9.722953858611792
2015-03-26T16:10:35.000000,9.731525647995571
2015-03-26T16:10:35.100000,9.728007881118993
2015-03-26T16:10:35.200000,9.725835827407856
2015-03-26T16:10:35.300000,9.730219024562516
2015-03-26T16:10:35.400000,9.724257362739994
2015-03-26T16:10:35.500000,9.70991534843884
2015-03-26T16:10:35.600000,9.70900514577568
2015-03-26T16:10:35.700000,9.72274598959154
2015-03-26T16:10:35.800000,9.71343996136423
2015-03-26T16:10:35.900000,9.68911020646001
2015-03-26T16:10:36.000000,9.705265476264614
2015-03-26T16:10:36.100000,9.729937069523867
2015-03-26T16:10:36.200000,9.725752451715184
2015-03-26T16:10:36.300000,9.715175460247526
2015-03-26T16:10:36.400000,9.72471582019122
2015-03-26T16:10:36.500000,9.722778414827047
2015-03-26T16:10:36.600000,9.727082599131474
2015-03-26T16:10:36.700000,9.724506729147842
2015-03-26T16:10:36.800000,9.730948342631782
2015-03-26T16:10:36.900000,9.75282875283624
2015-03-26T16:10:37.000000,9.7651641053522
2015-03-26T16:10:37.100000,9.750345932143116
2015-03-26T16:10:37.200000,9.732526463008933
2015-03-26T16:10:37.300000,9.73149402113126
2015-03-26T16:10:37.400000,9.735752200414256
2015-03-26T16:10:37.500000,9.761586458421595
2015-03-26T16:10:37.600000,9.75912359861773
2015-03-26T16:10:37.700000,9.75939693972493
2015-03-26T16:10:37.800000,9.754780829012857
2015-03-26T16:10:37.900000,9.754414073486052
2015-03-26T16:10:38.000000,9.767948916306825
2015-03-26T16:10:38.100000,9.74778579021689
2015-03-26T16:10:38.200000,9.746252899788464
2015-03-26T16:10:38.300000,9.74233725036873
2015-03-26T16:10:38.400000,9.74640985677821
2015-03-26T16:10:38.500000,9.737895132090042
2015-03-26T16:10:38.600000,9.75012344702697
2015-03-26T16:10:38.700000,9.77652955362402
2015-03-26T16:10:38.800000,9.763824803859812
2015-03-26T16:10:38.900000,9.747978930909705
2015-03-26T16:10:39.000000,9.74502852161814
2015-03-26T16:10:39.100000,9.753311011382957
2015-03-26T16:10:39.200000,9.738973580243442
2015-03-26T16:10:39.300000,9.738296269344008
2015-03-26T16:10:39.400000,9.74958814863104
2015-03-26T16:10:39.500000,9.7728240704019
2015-03-26T16:10:39.600000,9.761575529182862
2015-03-26T16:10:39.700000,9.749437438604016
2015-03-26T16:10:39.800000,9.767024061025404
2015-03-26T16:10:39.900000,9.775182089470624
2015-03-26T16:10:40.000000,9.7628171831987
2015-03-26T16:10:40.100000,9.758520581984218
2015-03-26T16:10:40.200000,9.76372773031792
2015-03-26T16:10:40.300000,9.74494443098895
2015-03-26T16:10:40.400000,9.743823849377891
2015-03-26T16:10:40.500000,9.747728592669077
2015-03-26T16:10:40.600000,9.748873813282705
2015-03-26T16:10:40.700000,9.758264584326492
2015-03-26T16:10:40.800000,9.744381835544283
2015-03-26T16:10:40.900000,9.730486431281852
2015-03-26T16:10:41.000000,9.722960536018494
2015-03-26T16:10:41.100000,9.73823858541913
2015-03-26T16:10:41.200000,9.74202198251841
2015-03-26T16:10:41.300000,9.743877026547754
2015-03-26T16:10:41.400000,9.758147924680848
2015-03-26T16:10:41.500000,9.758790449104964
2015-03-26T16:10:41.600000,9.748063587301417
2015-03-26T16:10:41.700000,9.728922533380224
2015-03-26T16:10:41.800000,9.714489804719062
2015-03-26T16:10:41.900000,9.722686561688612
2015-03-26T16:10:42.000000,9.73117362089732
2015-03-26T16:10:42.100000,9.7267427527646
2015-03-26T16:10:42.200000,9.731978373608069
2015-03-26T16:10:42.300000,9.733986013572064
2015-03-26T16:10:42.400000,9.731665585689992
2015-03-26T16:10:42.500000,9.74346771606784
2015-03-26T16:10:42.600000,9.754141430167016
2015-03-26T16:10:42.700000,9.750862538200414
2015-03-26T16:10:42.800000,9.7425710598187
2015-03-26T16:10:42.900000,9.75441191513395
2015-03-26T16:10:43.000000,9.781986459705797
2015-03-26T16:10:43.100000,9.77241004426882
2015-03-26T16:10:43.200000,9.735771997931536
2015-03-26T16:10:43.300000,9.722321439868406
2015-03-26T16:10:43.400000,9.7424811426347
2015-03-26T16:10:43.500000,9.747361617587822
2015-03-26T16:10:43.600000,9.73927246451746
2015-03-26T16:10:43.700000,9.726079548344996
2015-03-26T16:10:43.800000,9.715111028655675
2015-03-26T16:10:43.900000,9.730506668104848
2015-03-26T16:10:44.000000,9.735855915512808
2015-03-26T16:10:44.100000,9.732628582170944
2015-03-26T16:10:44.200000,9.737817214252791
2015-03-26T16:10:44.300000,9.77042024073562
2015-03-26T16:10:44.400000,9.770787872065265
2015-03-26T16:10:44.500000,9.748733773675168
2015-03-26T16:10:44.600000,9.748852658491494
2015-03-26T16:10:44.700000,9.751783316796493
2015-03-26T16:10:44.800000,9.753882354281172
2015-03-26T16:10:44.900000,9.747386561733164
2015-03-26T16:10:45.000000,9.737285051184797
2015-03-26T16:10:45.100000,9.729556896974357
2015-03-26T16:10:45.200000,9.735825711887982
2015-03-26T16:10:45.300000,9.727210559229656
2015-03-26T16:10:45.400000,9.738813473354304
2015-03-26T16:10:45.500000,9.754168242400045
2015-03-26T16:10:45.600000,9.732892743480374
2015-03-26T16:10:45.700000,9.740098157905496
2015-03-26T16:10:45.800000,9.768359874965482
2015-03-26T16:10:45.900000,9.73147135754682
2015-03-26T16:10:46.000000,9.72532396813969
2015-03-26T16:10:46.100000,9.753744155826276
2015-03-26T16:10:46.200000,9.735690370718968
2015-03-26T16:10:46.300000,9.746266469340036
2015-03-26T16:10:46.400000,9.751620475619482
2015-03-26T16:10:46.500000,9.743513955830712
2015-03-26T16:10:46.600000,9.746333998458583
2015-03-26T16:10:46.700000,9.715666009498888
2015-03-26T16:10:46.800000,9.706245934259236
2015-03-26T16:10:46.900000,9.726279025387544
2015-03-26T16:10:47.000000,9.746276260858773
2015-03-26T16:10:47.100000,9.759641574671177
2015-03-26T16:10:47.200000,9.74259129294018
2015-03-26T16:10:47.300000,9.726168369995476
2015-03-26T16:10:47.400000,9.726018950335252
2015-03-26T16:10:47.500000,9.719119339583516
2015-03-26T16:10:47.600000,9.742293249501408
2015-03-26T16:10:47.700000,9.751744954866185
2015-03-26T16:10:47.800000,9.761775399810864
2015-03-26T16:10:47.900000,9.756017385332177
2015-03-26T16:10:48.000000,9.745221586152388
2015-03-26T16:10:48.100000,9.752639003602315
2015-03-26T16:10:48.200000,9.770449245362412
2015-03-26T16:10:48.300000,9.773243855288156
2015-03-26T16:10:48.400000,9.760634369318696
2015-03-26T16:10:48.500000,9.7375220694584
2015-03-26T16:10:48.600000,9.720762733104708
2015-03-26T16:10:48.700000,9.725398381934047
2015-03-26T16:10:48.800000,9.752683832185513
2015-03-26T16:10:48.900000,9.746271787682527
2015-03-26T16:10:49.000000,9.741367753752616
2015-03-26T16:10:49.100000,9.743137759264483
2015-03-26T16:10:49.200000,9.739387056227834
2015-03-26T16:10:49.300000,9.742731693039628
2015-03-26T16:10:49.400000,9.743892033212468
2015-03-26T16:10:49.500000,9.754242733967091
2015-03-26T16:10:49.600000,9.770681430129706
2015-03-26T16:10:49.700000,9.768842169351108
2015-03-26T16:10:49.800000,9.73816489788643
2015-03-26T16:10:49.900000,9.724086181611352
2015-03-26T16:10:50.000000,9.735489591662432
2015-03-26T16:10:50.100000,9.742055644590948
2015-03-26T16:10:50.200000,9.725393205917817
2015-03-26T16:10:50.300000,9.737585897903354
2015-03-26T16:10:50.400000,9.742941026416943
2015-03-26T16:10:50.500000,9.750533709620749
2015-03-26T16:10:50.600000,9.766172527825226
2015-03-26T16:10:50.700000,9.748598923086265
2015-03-26T16:10:50.800000,9.74002349036396
2015-03-26T16:10:50.900000,9.76762416642444
2015-03-26T16:10:51.000000,9.770680854819012
2015-03-26T16:10:51.100000,9.76738914244262
2015-03-26T16:10:51.200000,9.766998399902867
2015-03-26T16:10:51.300000,9.749684090217992
2015-03-26T16:10:51.400000,9.736538856524373
2015-03-26T16:10:51.500000,9.737386295915105
2015-03-26T16:10:51.600000,9.743524207989887
2015-03-26T16:10:51.700000,9.756715477261729
2015-03-26T16:10:51.800000,9.746020090791747
2015-03-26T16:10:51.900000,9.722588444908798
2015-03-26T16:10:52.000000,9.72776060587518
2015-03-26T16:10:52.100000,9.727429344585984
2015-03-26T16:10:52.200000,9.745953643625764
2015-03-26T16:10:52.300000,9.74880748044022
2015-03-26T16:10:52.400000,9.723461005985492
2015-03-26T16:10:52.500000,9.717709934451838
2015-03-26T16:10:52.600000,9.726486588337734
2015-03-26T16:10:52.700000,9.732648999076057
2015-03-26T16:10:52.800000,9.728355044707795
2015-03-26T16:10:52.900000,9.722480011315332
2015-03-26T16:10:53.000000,9.717675468260357
2015-03-26T16:10:53.100000,9.740389164610807
2015-03-26T16:10:53.200000,9.752154639031344
2015-03-26T16:10:53.300000,9.72587824624345
2015-03-26T16:10:53.400000,9.714707919762317
2015-03-26T16:10:53.500000,9.728452909250718
2015-03-26T16:10:53.600000,9.729406660730042
2015-03-26T16:10:53.700000,9.731296023286877
2015-03-26T16:10:53.800000,9.725142008744886
2015-03-26T16:10:53.900000,9.743070254751125
2015-03-26T16:10:54.000000,9.742726494177132
2015-03-26T16:10:54.100000,9.723248525028716
2015-03-26T16:10:54.200000,9.73392695870426
2015-03-26T16:10:54.300000,9.74491976535657
2015-03-26T16:10:54.400000,9.725195614475702
2015-03-26T16:10:54.500000,9.727608532512038
2015-03-26T16:10:54.600000,9.736281446282796
2015-03-26T16:10:54.700000,9.734567716528264
2015-03-26T16:10:54.800000,9.75055914692461
2015-03-26T16:10:54.900000,9.746029959737587
2015-03-26T16:10:55.000000,9.739719022173402
2015-03-26T16:10:55.100000,9.750083449006253
2015-03-26T16:10:55.200000,9.747666604021026
2015-03-26T16:10:55.300000,9.744640783532883
2015-03-26T16:10:55.400000,9.757990465105747
2015-03-26T16:10:55.500000,9.745677425047694
2015-03-26T16:10:55.600000,9.74351934372641
2015-03-26T16:10:55.700000,9.769498511631404
2015-03-26T16:10:55.800000,9.751578097443526
2015-03-26T16:10:55.900000,9.734117168451654
2015-03-26T16:10:56.000000,9.745783694941936
2015-03-26T16:10:56.100000,9.754834462693111
2015-03-26T16:10:56.200000,9.751082158878305
2015-03-26T16:10:56.300000,9.750507128095707
2015-03-26T16:10:56.400000,9.76350059754114
2015-03-26T16:10:56.500000,9.77205522115846
2015-03-26T16:10:56.600000,9.762060396412618
2015-03-26T16:10:56.700000,9.752338878974882
2015-03-26T16:10:56.800000,9.747991787034625
2015-03-26T16:10:56.900000,9.740501456294698
2015-03-26T16:10:57.000000,9.721411783509868
2015-03-26T16:10:57.100000,9.733647843903688
2015-03-26T16:10:57.200000,9.751268156294104
2015-03-26T16:10:57.300000,9.74074072920942
2015-03-26T16:10:57.400000,9.74158565310062
2015-03-26T16:10:57.500000,9.733234019029974
2015-03-26T16:10:57.600000,9.731790004863765
2015-03-26T16:10:57.700000,9.716347265338657
2015-03-26T16:10:57.800000,9.721280697059116
2015-03-26T16:10:57.900000,9.743462749508522
2015-03-26T16:10:58.000000,9.738733259531232
2015-03-26T16:10:58.100000,9.731362123721864
2015-03-26T16:10:58.200000,9.749951372174865
2015-03-26T16:10:58.300000,9.763396624586807
2015-03-26T16:10:58.400000,9.759280294451711
2015-03-26T16:10:58.500000,9.738290643293771
2015-03-26T16:10:58.600000,9.733651902753383
2015-03-26T16:10:58.700000,9.724536976675518
2015-03-26T16:10:58.800000,9.728667102114947
2015-03-26T16:10:58.900000,9.74248081806954
2015-03-26T16:10:59.000000,9.728888568513506
2015-03-26T16:10:59.100000,9.729669312101024
2015-03-26T16:10:59.200000,9.733389101217725
2015-03-26T16:10:59.300000,9.742132999767971
2015-03-26T16:10:59.400000,9.756256994571864
2015-03-26T16:10:59.500000,9.771543665908895
2015-03-26T16:10:59.600000,9.766633595293705
2015-03-26T16:10:59.700000,9.736580954321992
2015-03-26T16:10:59.800000,9.746818219308295
2015-03-26T16:10:59.900000,9.765539634069889
2015-03-26T16:11:00.000000,9.757887721538102
2015-03-26T16:11:00.100000,9.735089413886056
2015-03-26T16:11:00.200000,9.739936371160695
2015-03-26T16:11:00.300000,9.741245789593004
2015-03-26T16:11:00.400000,9.749690379061471
2015-03-26T16:11:00.500000,9.762490480290774
2015-03-26T16:11:00.600000,9.749459979985062
2015-03-26T16:11:00.700000,9.72577609579993
2015-03-26T16:11:00.800000,9.7361837081053
2015-03-26T16:11:00.900000,9.758371690645085
2015-03-26T16:11:01.000000,9.759470079163696
2015-03-26T16:11:01.100000,9.75253421752104
2015-03-26T16:11:01.200000,9.75040983958368
2015-03-26T16:11:01.300000,9.746406911877845
2015-03-26T16:11:01.400000,9.7511527542236
2015-03-26T16:11:01.500000,9.752685889132074
2015-03-26T16:11:01.600000,9.74588059538654
2015-03-26T16:11:01.700000,9.734251768189626
2015-03-26T16:11:01.800000,9.751496246939457
2015-03-26T16:11:01.900000,9.746102956401849
2015-03-26T16:11:02.000000,9.733509955270955
2015-03-26T16:11:02.100000,9.728681789268684
2015-03-26T16:11:02.200000,9.716831064404577
2015-03-26T16:11:02.300000,9.712681401442628
2015-03-26T16:11:02.400000,9.729932889483722
2015-03-26T16:11:02.500000,9.71799348725434
2015-03-26T16:11:02.600000,9.703308352329286
2015-03-26T16:11:02.700000,9.709411289857073
2015-03-26T16:11:02.800000,9.721989244432272
2015-03-26T16:11:02.900000,9.73735732414463
2015-03-26T16:11:03.000000,9.725411000895235
2015-03-26T16:11:03.100000,9.731678195924085
2015-03-26T16:11:03.200000,9.726928474151274
2015-03-26T16:11:03.300000,9.743584556290989
2015-03-26T16:11:03.400000,9.753121624553607
2015-03-26T16:11:03.500000,9.736737439589078
2015-03-26T16:11:03.600000,9.729455272117532
2015-03-26T16:11:03.700000,9.740797922459604
2015-03-26T16:11:03.800000,9.731146836227277
2015-03-26T16:11:03.900000,9.718601455620757
2015-03-26T16:11:04.000000,9.75327975169848
2015-03-26T16:11:04.100000,9.753003032758626
2015-03-26T16:11:04.200000,9.753080778065204
2015-03-26T16:11:04.300000,9.760856117764556
2015-03-26T16:11:04.400000,9.753899042835569
2015-03-26T16:11:04.500000,9.74757949192201
2015-03-26T16:11:04.600000,9.74040697175521
2015-03-26T16:11:04.700000,9.735511494936777
2015-03-26T16:11:04.800000,9.75390294595362
2015-03-26T16:11:04.900000,9.767802293086248
2015-03-26T16:11:05.000000,9.754612031727705
2015-03-26T16:11:05.100000,9.746359859244489
2015-03-26T16:11:05.200000,9.76186438370597
2015-03-26T16:11:05.300000,9.771961752280236
2015-03-26T16:11:05.400000,9.755942006290592
2015-03-26T16:11:05.500000,9.752982578144492
2015-03-26T16:11:05.600000,9.749230828262707
2015-03-26T16:11:05.700000,9.747630830652025
2015-03-26T16:11:05.800000,9.7389265620354
2015-03-26T16:11:05.900000,9.744514242752368
2015-03-26T16:11:06.000000,9.76141764094995
2015-03-26T16:11:06.100000,9.76188886249538
2015-03-26T16:11:06.200000,9.759739087594197
2015-03-26T16:11:06.300000,9.764971508907472
2015-03-26T16:11:06.400000,9.755628167011434
2015-03-26T16:11:06.500000,9.727087029268867
2015-03-26T16:11:06.600000,9.722816818523505
2015-03-26T16:11:06.700000,9.731168290020982
2015-03-26T16:11:06.800000,9.75397021451736
2015-03-26T16:11:06.900000,9.72838483381957
2015-03-26T16:11:07.000000,9.723539653639197
2015-03-26T16:11:07.100000,9.73173380692165
2015-03-26T16:11:07.200000,9.724043226799358
2015-03-26T16:11:07.300000,9.71906945542051
2015-03-26T16:11:07.400000,9.737448621359109
2015-03-26T16:11:07.500000,9.72838166387145
2015-03-26T16:11:07.600000,9.716735101328316
2015-03-26T16:11:07.700000,9.742698004633905
2015-03-26T16:11:07.800000,9.74600973559624
2015-03-26T16:11:07.900000,9.737581070825811
2015-03-26T16:11:08.000000,9.72405309822835
2015-03-26T16:11:08.100000,9.721343311152214
2015-03-26T16:11:08.200000,9.724766022370002
2015-03-26T16:11:08.300000,9.72884102587189
2015-03-26T16:11:08.400000,9.74240818665651
2015-03-26T16:11:08.500000,9.734278538772106
2015-03-26T16:11:08.600000,9.72837382113554
2015-03-26T16:11:08.700000,9.700934714272352
2015-03-26T16:11:08.800000,9.701389580258386
2015-03-26T16:11:08.900000,9.726675343588203
2015-03-26T16:11:09.000000,9.718315435581324
2015-03-26T16:11:09.100000,9.724911054071692
2015-03-26T16:11:09.200000,9.734403593218104
2015-03-26T16:11:09.300000,9.72107970352191
2015-03-26T16:11:09.400000,9.71130820360146
2015-03-26T16:11:09.500000,9.727342718849837
2015-03-26T16:11:09.600000,9.731935350232003
2015-03-26T16:11:09.700000,9.72736158936293
2015-03-26T16:11:09.800000,9.738114723335125
2015-03-26T16:11:09.900000,9.739853018475738
2015-03-26T16:11:10.000000,9.742886178026314
2015-03-26T16:11:10.100000,9.74456723568584
2015-03-26T16:11:10.200000,9.750058786097767
2015-03-26T16:11:10.300000,9.744815395055726
2015-03-26T16:11:10.400000,9.753142275365024
2015-03-26T16:11:10.500000,9.74191020431112
2015-03-26T16:11:10.600000,9.743573890387893
2015-03-26T16:11:10.700000,9.75705684044069
2015-03-26T16:11:10.800000,9.751201960434411
2015-03-26T16:11:10.900000,9.741423062661864
2015-03-26T16:11:11.000000,9.733444773330277
2015-03-26T16:11:11.100000,9.759876833484563
2015-03-26T16:11:11.200000,9.76462347408483
2015-03-26T16:11:11.300000,9.749200613486035
2015-03-26T16:11:11.400000,9.74251588464493
2015-03-26T16:11:11.500000,9.756891769032531
2015-03-26T16:11:11.600000,9.762697112941858
2015-03-26T16:11:11.700000,9.767354112336749
2015-03-26T16:11:11.800000,9.75408140107461
2015-03-26T16:11:11.900000,9.744008887440058
2015-03-26T16:11:12.000000,9.73752996586135
2015-03-26T16:11:12.100000,9.730145384426908
2015-03-26T16:11:12.200000,9.761244033368545
2015-03-26T16:11:12.300000,9.766795270763442
2015-03-26T16:11:12.400000,9.781330053424158
2015-03-26T16:11:12.500000,9.758179082768606
2015-03-26T16:11:12.600000,9.753347811986549
2015-03-26T16:11:12.700000,9.780110958792356
2015-03-26T16:11:12.800000,9.7770830966652
2015-03-26T16:11:12.900000,9.752281598782252
2015-03-26T16:11:13.000000,9.753045905725354
2015-03-26T16:11:13.100000,9.735320864129246
2015-03-26T16:11:13.200000,9.722060191390948
2015-03-26T16:11:13.300000,9.74909989686757
2015-03-26T16:11:13.400000,9.755011182646244
2015-03-26T16:11:13.500000,9.73487030773748
2015-03-26T16:11:13.600000,9.726322809774928
2015-03-26T16:11:13.700000,9.725269639001086
2015-03-26T16:11:13.800000,9.719177370221429
2015-03-26T16:11:13.900000,9.715185528598932
2015-03-26T16:11:14.000000,9.72727252300248
2015-03-26T16:11:14.100000,9.734065695737614
2015-03-26T16:11:14.200000,9.718310423729283
2015-03-26T16:11:14.300000,9.712527050557618
2015-03-26T16:11:14.400000,9.716981466002013
2015-03-26T16:11:14.500000,9.713069681816652
2015-03-26T16:11:14.600000,9.713194335221113
2015-03-26T16:11:14.700000,9.7290233592664
2015-03-26T16:11:14.800000,9.748851720031382
2015-03-26T16:11:14.900000,9.748948363819414
2015-03-26T16:11:15.000000,9.73140888414474
2015-03-26T16:11:15.100000,9.730690655400023
2015-03-26T16:11:15.200000,9.73081476206824
2015-03-26T16:11:15.300000,9.742298956960177
2015-03-26T16:11:15.400000,9.749177442763008
2015-03-26T16:11:15.500000,9.742620140102211
2015-03-26T16:11:15.600000,9.727391065250629
2015-03-26T16:11:15.700000,9.737616542556278
2015-03-26T16:11:15.800000,9.75028167078228
2015-03-26T16:11:15.900000,9.718567874488793
2015-03-26T16:11:16.000000,9.72594632457684
2015-03-26T16:11:16.100000,9.738561927573372
2015-03-26T16:11:16.200000,9.727343216259362
2015-03-26T16:11:16.300000,9.732708390889298
2015-03-26T16:11:16.400000,9.720875308665466
2015-03-26T16:11:16.500000,9.718919796529544
2015-03-26T16:11:16.600000,9.718204947681045
2015-03-26T16:11:16.700000,9.726033361759564
2015-03-26T16:11:16.800000,9.7294647897026
2015-03-26T16:11:16.900000,9.72601398762062
2015-03-26T16:11:17.000000,9.726921860258544
2015-03-26T16:11:17.100000,9.72128316352572
2015-03-26T16:11:17.200000,9.71223600048206
2015-03-26T16:11:17.300000,9.719448671536949
2015-03-26T16:11:17.400000,9.746529076019607
2015-03-26T16:11:17.500000,9.736302155243264
2015-03-26T16:11:17.600000,9.744055367571413
2015-03-26T16:11:17.700000,9.74010636150492
2015-03-26T16:11:17.800000,9.749679100934095
2015-03-26T16:11:17.900000,9.753822065026766
2015-03-26T16:11:18.000000,9.735614715959851
2015-03-26T16:11:18.100000,9.754817211932904
2015-03-26T16:11:18.200000,9.779418615025692
2015-03-26T16:11:18.300000,9.775338125187728
2015-03-26T16:11:18.400000,9.755130792732464
2015-03-26T16:11:18.500000,9.73941964905562
2015-03-26T16:11:18.600000,9.731126914030602
2015-03-26T16:11:18.700000,9.754381652323378
2015-03-26T16:11:18.800000,9.770566198588758
2015-03-26T16:11:18.900000,9.750761242553631
2015-03-26T16:11:19.000000,9.767999628093436
2015-03-26T16:11:19.100000,9.778517454253029
2015-03-26T16:11:19.200000,9.769199311128713
2015-03-26T16:11:19.300000,9.761688719685989
2015-03-26T16:11:19.400000,9.768061487249456
2015-03-26T16:11:19.500000,9.75329017594884
2015-03-26T16:11:19.600000,9.728727607313202
2015-03-26T16:11:19.700000,9.74903556103582
2015-03-26T16:11:19.800000,9.759282913038652
2015-03-26T16:11:19.900000,9.754106018503991
2015-03-26T16:11:20.000000,9.76125381091422
2015-03-26T16:11:20.100000,9.754478628890055
2015-03-26T16:11:20.200000,9.74386350800454
2015-03-26T16:11:20.300000,9.75332596346326
2015-03-26T16:11:20.400000,9.7591088751192
2015-03-26T16:11:20.500000,9.75582655690682
2015-03-26T16:11:20.600000,9.758343029820036
2015-03-26T16:11:20.700000,9.739065829873946
2015-03-26T16:11:20.800000,9.729385884634782
2015-03-26T16:11:20.900000,9.740632196684963
2015-03-26T16:11:21.000000,9.73967215643673
2015-03-26T16:11:21.100000,9.724786486253098
2015-03-26T16:11:21.200000,9.723596220898516
2015-03-26T16:11:21.300000,9.717334935335655
2015-03-26T16:11:21.400000,9.723122074408847
2015-03-26T16:11:21.500000,9.742203082329503
2015-03-26T16:11:21.600000,9.747220429128292
2015-03-26T16:11:21.700000,9.750755231363216
2015-03-26T16:11:21.800000,9.7623916200275
2015-03-26T16:11:21.900000,9.742175366964396
2015-03-26T16:11:22.000000,9.721471658903242
2015-03-26T16:11:22.100000,9.722314101601215
2015-03-26T16:11:22.200000,9.71555521167931
2015-03-26T16:11:22.300000,9.70837552492084
2015-03-26T16:11:22.400000,9.712676543378782
2015-03-26T16:11:22.500000,9.723679406265877
2015-03-26T16:11:22.600000,9.716294864442684
2015-03-26T16:11:22.700000,9.715715140321487
2015-03-26T16:11:22.800000,9.73491905322918
2015-03-26T16:11:22.900000,9.7260200053005
2015-03-26T16:11:23.000000,9.710135713281758
2015-03-26T16:11:23.100000,9.7246771049238
2015-03-26T16:11:23.200000,9.720972859046569
2015-03-26T16:11:23.300000,9.714181897972754
2015-03-26T16:11:23.400000,9.710711814832324
2015-03-26T16:11:23.500000,9.724535929614987
2015-03-26T16:11:23.600000,9.744199729452136
2015-03-26T16:11:23.700000,9.725217297150834
2015-03-26T16:11:23.800000,9.718169125790867
2015-03-26T16:11:23.900000,9.744640322623928
2015-03-26T16:11:24.000000,9.760343479808418
2015-03-26T16:11:24.100000,9.737768151970782
2015-03-26T16:11:24.200000,9.732610875903015
2015-03-26T16:11:24.300000,9.72173090295678
2015-03-26T16:11:24.400000,9.721073438915738
2015-03-26T16:11:24.500000,9.744470263344793
2015-03-26T16:11:24.600000,9.76618455248762
2015-03-26T16:11:24.700000,9.769207491025869
2015-03-26T16:11:24.800000,9.761815825099744
2015-03-26T16:11:24.900000,9.757095427518184
2015-03-26T16:11:25.000000,9.748484991908182
2015-03-26T16:11:25.100000,9.736016521646183
2015-03-26T16:11:25.200000,9.750764836705144
2015-03-26T16:11:25.300000,9.76335634358665
2015-03-26T16:11:25.400000,9.758215895849396
2015-03-26T16:11:25.500000,9.754968341276555
2015-03-26T16:11:25.600000,9.779393986650875
2015-03-26T16:11:25.700000,9.770265359125396
2015-03-26T16:11:25.800000,9.758389585280865
2015-03-26T16:11:25.900000,9.759250834664911
2015-03-26T16:11:26.000000,9.761906675563168
2015-03-26T16:11:26.100000,9.764757875458471
2015-03-26T16:11:26.200000,9.768125595357262
2015-03-26T16:11:26.300000,9.769882347914391
2015-03-26T16:11:26.400000,9.766900004878226
2015-03-26T16:11:26.500000,9.74678247132212
2015-03-26T16:11:26.600000,9.75936214674996
2015-03-26T16:11:26.700000,9.744402416364483
2015-03-26T16:11:26.800000,9.726829480528616
2015-03-26T16:11:26.900000,9.757804516356956
2015-03-26T16:11:27.000000,9.753601788607495
2015-03-26T16:11:27.100000,9.730034363770812
2015-03-26T16:11:27.200000,9.746128119189596
2015-03-26T16:11:27.300000,9.750433784239332
2015-03-26T16:11:27.400000,9.760477387164729
2015-03-26T16:11:27.500000,9.753253725125838
2015-03-26T16:11:27.600000,9.745702694994687
2015-03-26T16:11:27.700000,9.737546282607024
2015-03-26T16:11:27.800000,9.718862249151996
2015-03-26T16:11:27.900000,9.722592934932171
2015-03-26T16:11:28.000000,9.740349938907062
2015-03-26T16:11:28.100000,9.742710568392155
2015-03-26T16:11:28.200000,9.731065737608365
2015-03-26T16:11:28.300000,9.740458828654026
2015-03-26T16:11:28.400000,9.722783712929806
2015-03-26T16:11:28.500000,9.711282852113785
2015-03-26T16:11:28.600000,9.705679870684897
2015-03-26T16:11:28.700000,9.72400255053878
2015-03-26T16:11:28.800000,9.731251700583076
2015-03-26T16:11:28.900000,9.722059826300422
2015-03-26T16:11:29.000000,9.70870121336042
2015-03-26T16:11:29.100000,9.716406328074555
2015-03-26T16:11:29.200000,9.71960229945569
2015-03-26T16:11:29.300000,9.710798056803853
2015-03-26T16:11:29.400000,9.7204023500932
2015-03-26T16:11:29.500000,9.7234156601169
2015-03-26T16:11:29.600000,9.70919406735016
2015-03-26T16:11:29.700000,9.708720158043088
2015-03-26T16:11:29.800000,9.721715942288116
2015-03-26T16:11:29.900000,9.720313144273064
2015-03-26T16:11:30.000000,9.736021426076327
2015-03-26T16:11:30.100000,9.73282328552603
2015-03-26T16:11:30.200000,9.7219568302704
2015-03-26T16:11:30.300000,9.730833998364222
2015-03-26T16:11:30.400000,9.708632504070286
2015-03-26T16:11:30.500000,9.708834150806862
2015-03-26T16:11:30.600000,9.726175068295966
2015-03-26T16:11:30.700000,9.74343784602471
2015-03-26T16:11:30.800000,9.774689321046756
2015-03-26T16:11:30.900000,9.764860759793644
2015-03-26T16:11:31.000000,9.746316782035388
2015-03-26T16:11:31.100000,9.728550848531182
2015-03-26T16:11:31.200000,9.73452072978053
2015-03-26T16:11:31.300000,9.755211736123073
2015-03-26T16:11:31.400000,9.749984410933711
2015-03-26T16:11:31.500000,9.738525401946154
2015-03-26T16:11:31.600000,9.764752215305723
2015-03-26T16:11:31.700000,9.769714699372164
2015-03-26T16:11:31.800000,9.759530304806804
2015-03-26T16:11:31.900000,9.7496895722688
2015-03-26T16:11:32.000000,9.740743937580612
2015-03-26T16:11:32.100000,9.745817654035058
2015-03-26T16:11:32.200000,9.7460923713129
2015-03-26T16:11:32.300000,9.7717819365427
2015-03-26T16:11:32.400000,9.781089425782714
2015-03-26T16:11:32.500000,9.78785471206743
2015-03-26T16:11:32.600000,9.766823800144277
2015-03-26T16:11:32.700000,9.737065756640575
2015-03-26T16:11:32.800000,9.7514778699176
2015-03-26T16:11:32.900000,9.758340134584834
2015-03-26T16:11:33.000000,9.75487052744642
2015-03-26T16:11:33.100000,9.75691899954855
2015-03-26T16:11:33.200000,9.756780536480091
2015-03-26T16:11:33.300000,9.742936415679385
2015-03-26T16:11:33.400000,9.76132218454725
2015-03-26T16:11:33.500000,9.754421131451172
2015-03-26T16:11:33.600000,9.73629459493645
2015-03-26T16:11:33.700000,9.765032576205352
2015-03-26T16:11:33.800000,9.768545472939026
2015-03-26T16:11:33.900000,9.756328766865016
2015-03-26T16:11:34.000000,9.75315724990896
2015-03-26T16:11:34.100000,9.743240292246496
2015-03-26T16:11:34.200000,9.751930755464462
2015-03-26T16:11:34.300000,9.75263528943204
2015-03-26T16:11:34.400000,9.739549985531063
2015-03-26T16:11:34.500000,9.74482997163631
2015-03-26T16:11:34.600000,9.750241072614822
2015-03-26T16:11:34.700000,9.735236039793833
2015-03-26T16:11:34.800000,9.72248661896497
2015-03-26T16:11:34.900000,9.740506323556597
2015-03-26T16:11:35.000000,9.75067156999136
2015-03-26T16:11:35.100000,9.758509824172425
2015-03-26T16:11:35.200000,9.751033808351927
2015-03-26T16:11:35.300000,9.739293588753066
2015-03-26T16:11:35.400000,9.718897992990168
2015-03-26T16:11:35.500000,9.71560537433002
2015-03-26T16:11:35.600000,9.711662684837616
2015-03-26T16:11:35.700000,9.716590474400252
2015-03-26T16:11:35.800000,9.738281611425164
2015-03-26T16:11:35.900000,9.726746486552074
2015-03-26T16:11:36.000000,9.7117743918412
2015-03-26T16:11:36.100000,9.724871171934836
2015-03-26T16:11:36.200000,9.74386256850012
2015-03-26T16:11:36.300000,9.734448861004037
2015-03-26T16:11:36.400000,9.72325217076928
2015-03-26T16:11:36.500000,9.738378332503125
2015-03-26T16:11:36.600000,9.73897017821938
2015-03-26T16:11:36.700000,9.727085206664036
2015-03-26T16:11:36.800000,9.724043185055995
2015-03-26T16:11:36.900000,9.71560432711268
2015-03-26T16:11:37.000000,9.725992864910406
2015-03-26T16:11:37.100000,9.722970393507596
2015-03-26T16:11:37.200000,9.716462897524115
2015-03-26T16:11:37.300000,9.726236387634298
2015-03-26T16:11:37.400000,9.741787437361475
2015-03-26T16:11:37.500000,9.761446760535048
2015-03-26T16:11:37.600000,9.753462953555276
2015-03-26T16:11:37.700000,9.724322141529
2015-03-26T16:11:37.800000,9.723348008437965
2015-03-26T16:11:37.900000,9.73097272157613
2015-03-26T16:11:38.000000,9.73798732252896
2015-03-26T16:11:38.100000,9.739508154238424
2015-03-26T16:11:38.200000,9.73256590368918
2015-03-26T16:11:38.300000,9.721694291863244
2015-03-26T16:11:38.400000,9.718117643620754
2015-03-26T16:11:38.500000,9.726679720092086
2015-03-26T16:11:38.600000,9.734439440119296
2015-03-26T16:11:38.700000,9.74408995230707
2015-03-26T16:11:38.800000,9.75723134865627
2015-03-26T16:11:38.900000,9.745594443001886
2015-03-26T16:11:39.000000,9.723043747721992
2015-03-26T16:11:39.100000,9.717997320058611
2015-03-26T16:11:39.200000,9.719942730597714
2015-03-26T16:11:39.300000,9.722783973529532
2015-03-26T16:11:39.400000,9.712389636877552
2015-03-26T16:11:39.500000,9.73062232554912
2015-03-26T16:11:39.600000,9.733452206786929
2015-03-26T16:11:39.700000,9.747023924516553
2015-03-26T16:11:39.800000,9.755746433184784
2015-03-26T16:11:39.900000,9.741944075039504
2015-03-26T16:11:40.000000,9.751049308039732
2015-03-26T16:11:40.100000,9.74871701179961
2015-03-26T16:11:40.200000,9.733908206799704
2015-03-26T16:11:40.300000,9.736199184339991
2015-03-26T16:11:40.400000,9.74917197504591
2015-03-26T16:11:40.500000,9.752517447097476
2015-03-26T16:11:40.600000,9.733422611617009
2015-03-26T16:11:40.700000,9.742850597698698
2015-03-26T16:11:40.800000,9.760149997210714
2015-03-26T16:11:40.900000,9.74950648193283
2015-03-26T16:11:41.000000,9.7611326769344
2015-03-26T16:11:41.100000,9.759793838477783
2015-03-26T16:11:41.200000,9.739749689381082
2015-03-26T16:11:41.300000,9.738747771429356
2015-03-26T16:11:41.400000,9.7493011759787
2015-03-26T16:11:41.500000,9.748732861059048
2015-03-26T16:11:41.600000,9.74438372597431
2015-03-26T16:11:41.700000,9.73452188923474
2015-03-26T16:11:41.800000,9.732551854563296
2015-03-26T16:11:41.900000,9.742603754451034
2015-03-26T16:11:42.000000,9.755704781837972
2015-03-26T16:11:42.100000,9.742769667735828
2015-03-26T16:11:42.200000,9.7467226087098
2015-03-26T16:11:42.300000,9.752275994263869
2015-03-26T16:11:42.400000,9.744199947825017
2015-03-26T16:11:42.500000,9.760692875258435
2015-03-26T16:11:42.600000,9.765062975976624
2015-03-26T16:11:42.700000,9.760754524486725
2015-03-26T16:11:42.800000,9.763325208597257
2015-03-26T16:11:42.900000,9.740955764861427
2015-03-26T16:11:43.000000,9.73711541027896
2015-03-26T16:11:43.100000,9.763544845423509
2015-03-26T16:11:43.200000,9.754917686700132
2015-03-26T16:11:43.300000,9.746312952885846
2015-03-26T16:11:43.400000,9.748558777028244
2015-03-26T16:11:43.500000,9.758476252226703
2015-03-26T16:11:43.600000,9.76775963524348
2015-03-26T16:11:43.700000,9.731398805023264
2015-03-26T16:11:43.800000,9.726252147716115
2015-03-26T16:11:43.900000,9.736431069777518
2015-03-26T16:11:44.000000,9.740775061027872
2015-03-26T16:11:44.100000,9.737203595227436
2015-03-26T16:11:44.200000,9.735870391157729
2015-03-26T16:11:44.300000,9.720122097713157
2015-03-26T16:11:44.400000,9.712043620873049
2015-03-26T16:11:44.500000,9.73699961218017
2015-03-26T16:11:44.600000,9.746485813627432
2015-03-26T16:11:44.700000,9.726144680131124
2015-03-26T16:11:44.800000,9.723719106828671
2015-03-26T16:11:44.900000,9.720005832800068
2015-03-26T16:11:45.000000,9.727519961135169
2015-03-26T16:11:45.100000,9.730585978962187
2015-03-26T16:11:45.200000,9.721939125280782
2015-03-26T16:11:45.300000,9.718465897294143
2015-03-26T16:11:45.400000,9.73277008288536
2015-03-26T16:11:45.500000,9.709082599079194
2015-03-26T16:11:45.600000,9.686347100008204
2015-03-26T16:11:45.700000,9.718666992712976
2015-03-26T16:11:45.800000,9.725535785125045
2015-03-26T16:11:45.900000,9.703327420264614
2015-03-26T16:11:46.000000,9.703871975413378
2015-03-26T16:11:46.100000,9.709911815204094
2015-03-26T16:11:46.200000,9.717391044916637
2015-03-26T16:11:46.300000,9.701945089593908
2015-03-26T16:11:46.400000,9.699260249694404
2015-03-26T16:11:46.500000,9.70656698966161
2015-03-26T16:11:46.600000,9.724422118964462
2015-03-26T16:11:46.700000,9.737711309179888
2015-03-26T16:11:46.800000,9.724046696103125
2015-03-26T16:11:46.900000,9.71137896313178
2015-03-26T16:11:47.000000,9.72443980986637
2015-03-26T16:11:47.100000,9.745818222682027
2015-03-26T16:11:47.200000,9.74316208746298
2015-03-26T16:11:47.300000,9.738939369296263
2015-03-26T16:11:47.400000,9.737610573214294
2015-03-26T16:11:47.500000,9.741623996295614
2015-03-26T16:11:47.600000,9.735290897165992
2015-03-26T16:11:47.700000,9.749448039536324
2015-03-26T16:11:47.800000,9.74263620178714
2015-03-26T16:11:47.900000,9.740214556388098
2015-03-26T16:11:48.000000,9.751550759768843
2015-03-26T16:11:48.100000,9.750383429872604
2015-03-26T16:11:48.200000,9.75238277173646
2015-03-26T16:11:48.300000,9.766690294778623
2015-03-26T16:11:48.400000,9.768905989092996
2015-03-26T16:11:48.500000,9.766617627361848
2015-03-26T16:11:48.600000,9.759037261633418
2015-03-26T16:11:48.700000,9.75551813461093
2015-03-26T16:11:48.800000,9.769322283032642
2015-03-26T16:11:48.900000,9.779970702766706
2015-03-26T16:11:49.000000,9.762969556124297
2015-03-26T16:11:49.100000,9.76057807705022
2015-03-26T16:11:49.200000,9.762232256861518
2015-03-26T16:11:49.300000,9.754408732643586
2015-03-26T16:11:49.400000,9.79003245004814
2015-03-26T16:11:49.500000,9.782120188004924
2015-03-26T16:11:49.600000,9.762166779962964
2015-03-26T16:11:49.700000,9.755624351482842
2015-03-26T16:11:49.800000,9.747380853091345
2015-03-26T16:11:49.900000,9.7462463682682
2015-03-26T16:11:50.000000,9.7571300296731
2015-03-26T16:11:50.100000,9.754610140619038
2015-03-26T16:11:50.200000,9.745673070490202
2015-03-26T16:11:50.300000,9.747264897619424
2015-03-26T16:11:50.400000,9.729878616296816
2015-03-26T16:11:50.500000,9.734118546644376
2015-03-26T16:11:50.600000,9.733014434559784
2015-03-26T16:11:50.700000,9.748151227926469
2015-03-26T16:11:50.800000,9.733514458215032
2015-03-26T16:11:50.900000,9.723447408283196
2015-03-26T16:11:51.000000,9.735059163681148
2015-03-26T16:11:51.100000,9.725631064692806
2015-03-26T16:11:51.200000,9.73216611844994
2015-03-26T16:11:51.300000,9.72485974209013
2015-03-26T16:11:51.400000,9.730776147536677
2015-03-26T16:11:51.500000,9.719962760462517
2015-03-26T16:11:51.600000,9.70117322782115
2015-03-26T16:11:51.700000,9.704383558963226
2015-03-26T16:11:51.800000,9.70909157570693
2015-03-26T16:11:51.900000,9.7179338561761
2015-03-26T16:11:52.000000,9.726294433790704
2015-03-26T16:11:52.100000,9.724964815068391
2015-03-26T16:11:52.200000,9.732231169947616
2015-03-26T16:11:52.300000,9.732646479991836
2015-03-26T16:11:52.400000,9.715890233641131
2015-03-26T16:11:52.500000,9.723635494031344
2015-03-26T16:11:52.600000,9.738820639011514
2015-03-26T16:11:52.700000,9.735069476351072
2015-03-26T16:11:52.800000,9.71177804243664
2015-03-26T16:11:52.900000,9.711594146836967
2015-03-26T16:11:53.000000,9.738980137099109
2015-03-26T16:11:53.100000,9.747143929215069
2015-03-26T16:11:53.200000,9.747709825434708
2015-03-26T16:11:53.300000,9.740182504022153
2015-03-26T16:11:53.400000,9.738207037872924
2015-03-26T16:11:53.500000,9.731771889536931
2015-03-26T16:11:53.600000,9.732788282144478
2015-03-26T16:11:53.700000,9.73728337523509
2015-03-26T16:11:53.800000,9.7306845760242
2015-03-26T16:11:53.900000,9.735656673708505
2015-03-26T16:11:54.000000,9.750475394195604
2015-03-26T16:11:54.100000,9.760299598432171
2015-03-26T16:11:54.200000,9.757387604673555
2015-03-26T16:11:54.300000,9.758835331445962
2015-03-26T16:11:54.400000,9.755966370378388
2015-03-26T16:11:54.500000,9.761716342305103
2015-03-26T16:11:54.600000,9.75257617698928
2015-03-26T16:11:54.700000,9.750741512982833
2015-03-26T16:11:54.800000,9.7671569566872
2015-03-26T16:11:54.900000,9.767976436729612
2015-03-26T16:11:55.000000,9.748643505333716
2015-03-26T16:11:55.100000,9.73440836025068
2015-03-26T16:11:55.200000,9.74861744372478
2015-03-26T16:11:55.300000,9.765478298339342
2015-03-26T16:11:55.400000,9.755778136761762
2015-03-26T16:11:55.500000,9.75059188846416
2015-03-26T16:11:55.600000,9.740302373497256
2015-03-26T16:11:55.700000,9.73026825276777
2015-03-26T16:11:55.800000,9.719967552334856
2015-03-26T16:11:55.900000,9.712545854461723
2015-03-26T16:11:56.000000,9.72414563626595
2015-03-26T16:11:56.100000,9.733256770071677
2015-03-26T16:11:56.200000,9.72903289413754
2015-03-26T16:11:56.300000,9.724239520118871
2015-03-26T16:11:56.400000,9.721337505060909
2015-03-26T16:11:56.500000,9.724695484839112
2015-03-26T16:11:56.600000,9.739074450324976
2015-03-26T16:11:56.700000,9.726674671205982
2015-03-26T16:11:56.800000,9.72207854254867
2015-03-26T16:11:56.900000,9.739813419768996
2015-03-26T16:11:57.000000,9.743935188885493
2015-03-26T16:11:57.100000,9.73347144669225
2015-03-26T16:11:57.200000,9.729899078426268
2015-03-26T16:11:57.300000,9.72760454358416
2015-03-26T16:11:57.400000,9.715718077528097
2015-03-26T16:11:57.500000,9.726200760798871
2015-03-26T16:11:57.600000,9.730424915149028
2015-03-26T16:11:57.700000,9.72579125923463
2015-03-26T16:11:57.800000,9.7310834512551
2015-03-26T16:11:57.900000,9.73853278148292
2015-03-26T16:11:58.000000,9.731319546173928
2015-03-26T16:11:58.100000,9.740087294310534
2015-03-26T16:11:58.200000,9.748146753495112
2015-03-26T16:11:58.300000,9.751583515023778
2015-03-26T16:11:58.400000,9.733117068309662
2015-03-26T16:11:58.500000,9.729948612813104
2015-03-26T16:11:58.600000,9.741181698111731
2015-03-26T16:11:58.700000,9.747061674680666
2015-03-26T16:11:58.800000,9.763887724280712
2015-03-26T16:11:58.900000,9.757888240265734
2015-03-26T16:11:59.000000,9.754502353539731
2015-03-26T16:11:59.100000,9.76525848479507
2015-03-26T16:11:59.200000,9.757899229886316
2015-03-26T16:11:59.300000,9.75462977221414
2015-03-26T16:11:59.400000,9.747651230236588
2015-03-26T16:11:59.500000,9.745023600140188
2015-03-26T16:11:59.600000,9.744298034528391
2015-03-26T16:11:59.700000,9.760502171453815
2015-03-26T16:11:59.800000,9.771032512511727
2015-03-26T16:11:59.900000,9.758273639155844
2015-03-26T16:12:00.000000,9.74684059080912
2015-03-26T16:12:00.100000,9.75209785401002
2015-03-26T16:12:00.200000,9.749683376246516
2015-03-26T16:12:00.300000,9.746798418172885
2015-03-26T16:12:00.400000,9.74567151079376
2015-03-26T16:12:00.500000,9.734053406511787
2015-03-26T16:12:00.600000,9.7448998028295
2015-03-26T16:12:00.700000,9.740803069912294
2015-03-26T16:12:00.800000,9.743283834024608
2015-03-26T16:12:00.900000,9.73053333428116
2015-03-26T16:12:01.000000,9.711325132594371
2015-03-26T16:12:01.100000,9.721067882603617
2015-03-26T16:12:01.200000,9.725174633583116
2015-03-26T16:12:01.300000,9.74100092777682
2015-03-26T16:12:01.400000,9.740797687611249
2015-03-26T16:12:01.500000,9.733016122748955
2015-03-26T16:12:01.600000,9.722409095299763
2015-03-26T16:12:01.700000,9.73492439735525
2015-03-26T16:12:01.800000,9.73636414337462
2015-03-26T16:12:01.900000,9.729505375014654
2015-03-26T16:12:02.000000,9.72956954092856
2015-03-26T16:12:02.100000,9.74464822029118
2015-03-26T16:12:02.200000,9.721975748409015
2015-03-26T16:12:02.300000,9.715201797054071
2015-03-26T16:12:02.400000,9.735761716306456
2015-03-26T16:12:02.500000,9.73285564458805
2015-03-26T16:12:02.600000,9.721553254698616
2015-03-26T16:12:02.700000,9.732118307808172
2015-03-26T16:12:02.800000,9.729890818397156
2015-03-26T16:12:02.900000,9.726706605582304
2015-03-26T16:12:03.000000,9.709030274758971
2015-03-26T16:12:03.100000,9.710030439751309
2015-03-26T16:12:03.200000,9.730611676248136
2015-03-26T16:12:03.300000,9.742142521947368
2015-03-26T16:12:03.400000,9.751565842731782
2015-03-26T16:12:03.500000,9.763123283510568
2015-03-26T16:12:03.600000,9.760317508483578
2015-03-26T16:12:03.700000,9.752868267682617
2015-03-26T16:12:03.800000,9.75345323305659
2015-03-26T16:12:03.900000,9.780024365529464
2015-03-26T16:12:04.000000,9.771662857322791
2015-03-26T16:12:04.100000,9.74367546662248
2015-03-26T16:12:04.200000,9.746652730835905
2015-03-26T16:12:04.300000,9.736438165977557
2015-03-26T16:12:04.400000,9.72989169512509
2015-03-26T16:12:04.500000,9.737461280510107
2015-03-26T16:12:04.600000,9.769013801679458
2015-03-26T16:12:04.700000,9.76353417235114
2015-03-26T16:12:04.800000,9.768426185073665
2015-03-26T16:12:04.900000,9.775591487489368
2015-03-26T16:12:05.000000,9.762207595723666
2015-03-26T16:12:05.100000,9.753943900745435
2015-03-26T16:12:05.200000,9.7344830530699
2015-03-26T16:12:05.300000,9.75126486274969
2015-03-26T16:12:05.400000,9.771127740379196
2015-03-26T16:12:05.500000,9.745093394741446
2015-03-26T16:12:05.600000,9.746649577035312
2015-03-26T16:12:05.700000,9.78334007190362
2015-03-26T16:12:05.800000,9.764116471785718
2015-03-26T16:12:05.900000,9.74571397683446
2015-03-26T16:12:06.000000,9.755178275917714
2015-03-26T16:12:06.100000,9.76496667024468
2015-03-26T16:12:06.200000,9.76672035217308
2015-03-26T16:12:06.300000,9.741453656808185
2015-03-26T16:12:06.400000,9.71778092605244
2015-03-26T16:12:06.500000,9.725844381427086
2015-03-26T16:12:06.600000,9.733413559265326
2015-03-26T16:12:06.700000,9.735820306592371
2015-03-26T16:12:06.800000,9.721724125412091
2015-03-26T16:12:06.900000,9.72224649211154
2015-03-26T16:12:07.000000,9.727977184812204
2015-03-26T16:12:07.100000,9.740495176588974
2015-03-26T16:12:07.200000,9.743341286526237
2015-03-26T16:12:07.300000,9.731181943333931
2015-03-26T16:12:07.400000,9.743971578545828
2015-03-26T16:12:07.500000,9.74212839066101
2015-03-26T16:12:07.600000,9.729537740474065
2015-03-26T16:12:07.700000,9.738583835537607
2015-03-26T16:12:07.800000,9.745565317562605
2015-03-26T16:12:07.900000,9.75070537016187
2015-03-26T16:12:08.000000,9.740842482265712
2015-03-26T16:12:08.100000,9.734454630627123
2015-03-26T16:12:08.200000,9.74067962934486
2015-03-26T16:12:08.300000,9.74702521290198
2015-03-26T16:12:08.400000,9.73104100810498
2015-03-26T16:12:08.500000,9.733346452372778
2015-03-26T16:12:08.600000,9.760288064142753
2015-03-26T16:12:08.700000,9.75732517519262
2015-03-26T16:12:08.800000,9.743142063102324
2015-03-26T16:12:08.900000,9.74384976344848
2015-03-26T16:12:09.000000,9.74318087368724
2015-03-26T16:12:09.100000,9.745712058067234
2015-03-26T16:12:09.200000,9.74997021670354
2015-03-26T16:12:09.300000,9.756376876184708
2015-03-26T16:12:09.400000,9.765676207631168
2015-03-26T16:12:09.500000,9.76779594091044
2015-03-26T16:12:09.600000,9.769465434744257
2015-03-26T16:12:09.700000,9.75464104806066
2015-03-26T16:12:09.800000,9.755584942999011
2015-03-26T16:12:09.900000,9.755575093275487
2015-03-26T16:12:10.000000,9.758916151265169
2015-03-26T16:12:10.100000,9.773488849545709
2015-03-26T16:12:10.200000,9.76744994663604
2015-03-26T16:12:10.300000,9.767653049650209
2015-03-26T16:12:10.400000,9.761383070030002
2015-03-26T16:12:10.500000,9.74566449434687
2015-03-26T16:12:10.600000,9.741763062472051
2015-03-26T16:12:10.700000,9.742301945733692
2015-03-26T16:12:10.800000,9.75761428847478
2015-03-26T16:12:10.900000,9.769671276651916
2015-03-26T16:12:11.000000,9.763020980062707
2015-03-26T16:12:11.100000,9.756973400018277
2015-03-26T16:12:11.200000,9.741286937632598
2015-03-26T16:12:11.300000,9.738872965323685
2015-03-26T16:12:11.400000,9.711299813575872
2015-03-26T16:12:11.500000,9.71769837822588
2015-03-26T16:12:11.600000,9.738272416011132
2015-03-26T16:12:11.700000,9.735456479291626
2015-03-26T16:12:11.800000,9.746810464469569
2015-03-26T16:12:11.900000,9.74043315304527
2015-03-26T16:12:12.000000,9.730451297557249
2015-03-26T16:12:12.100000,9.739173155450713
2015-03-26T16:12:12.200000,9.73954167449797
2015-03-26T16:12:12.300000,9.731636908108111
2015-03-26T16:12:12.400000,9.731721844126383
2015-03-26T16:12:12.500000,9.751079653996204
2015-03-26T16:12:12.600000,9.742596470678436
2015-03-26T16:12:12.700000,9.72990640413914
2015-03-26T16:12:12.800000,9.74228018032382
2015-03-26T16:12:12.900000,9.750350685054013
2015-03-26T16:12:13.000000,9.742271063855716
2015-03-26T16:12:13.100000,9.730996207462898
2015-03-26T16:12:13.200000,9.727528494814292
2015-03-26T16:12:13.300000,9.726026037716084
2015-03-26T16:12:13.400000,9.731185878925404
2015-03-26T16:12:13.500000,9.73630001792719
2015-03-26T16:12:13.600000,9.736061509039528
2015-03-26T16:12:13.700000,9.743988327158572
2015-03-26T16:12:13.800000,9.75628455564802
2015-03-26T16:12:13.900000,9.736905483718497
2015-03-26T16:12:14.000000,9.740781218881068
2015-03-26T16:12:14.100000,9.752731772451202
2015-03-26T16:12:14.200000,9.75402738244746
2015-03-26T16:12:14.300000,9.74084409169771
2015-03-26T16:12:14.400000,9.746192215783084
2015-03-26T16:12:14.500000,9.754886106155167
2015-03-26T16:12:14.600000,9.75675113243647
2015-03-26T16:12:14.700000,9.74786061615312
2015-03-26T16:12:14.800000,9.747198008630503
2015-03-26T16:12:14.900000,9.73731052819176
2015-03-26T16:12:15.000000,9.73468743887712
2015-03-26T16:12:15.100000,9.753641712897664
2015-03-26T16:12:15.200000,9.75279396531338
2015-03-26T16:12:15.300000,9.746488745571943
2015-03-26T16:12:15.400000,9.753493352738236
2015-03-26T16:12:15.500000,9.750117995244224
2015-03-26T16:12:15.600000,9.727838999102495
2015-03-26T16:12:15.700000,9.728761851846675
2015-03-26T16:12:15.800000,9.740398141518524
2015-03-26T16:12:15.900000,9.734113866963447
2015-03-26T16:12:16.000000,9.753442455165413
2015-03-26T16:12:16.100000,9.754123372181333
2015-03-26T16:12:16.200000,9.749608792347512
2015-03-26T16:12:16.300000,9.745592221570687
2015-03-26T16:12:16.400000,9.734924070802464
2015-03-26T16:12:16.500000,9.744553769524202
2015-03-26T16:12:16.600000,9.735874449563264
2015-03-26T16:12:16.700000,9.744626307124395
2015-03-26T16:12:16.800000,9.740446236835504
2015-03-26T16:12:16.900000,9.730420430220118
2015-03-26T16:12:17.000000,9.710815891124332
2015-03-26T16:12:17.100000,9.70631962197482
2015-03-26T16:12:17.200000,9.732193882574128
2015-03-26T16:12:17.300000,9.750600918238506
2015-03-26T16:12:17.400000,9.770472079621792
2015-03-26T16:12:17.500000,9.751492504286167
2015-03-26T16:12:17.600000,9.744107643724565
2015-03-26T16:12:17.700000,9.744594459958414
2015-03-26T16:12:17.800000,9.751846952517834
2015-03-26T16:12:17.900000,9.752212271472562
2015-03-26T16:12:18.000000,9.742368533259684
2015-03-26T16:12:18.100000,9.751139586613096
2015-03-26T16:12:18.200000,9.737617589444788
2015-03-26T16:12:18.300000,9.725762479541986
2015-03-26T16:12:18.400000,9.740692293674549
2015-03-26T16:12:18.500000,9.759927602692615
2015-03-26T16:12:18.600000,9.765695264174727
2015-03-26T16:12:18.700000,9.76456069417402
2015-03-26T16:12:18.800000,9.745873731295582
2015-03-26T16:12:18.900000,9.75411475424438
2015-03-26T16:12:19.000000,9.751998713947938
2015-03-26T16:12:19.100000,9.741194485591253
2015-03-26T16:12:19.200000,9.74858783672002
2015-03-26T16:12:19.300000,9.746507166472338
2015-03-26T16:12:19.400000,9.7418343304635
2015-03-26T16:12:19.500000,9.77095858266584
2015-03-26T16:12:19.600000,9.76926584404675
2015-03-26T16:12:19.700000,9.746357118103065
2015-03-26T16:12:19.800000,9.739568739575324
2015-03-26T16:12:19.900000,9.743758921111038
2015-03-26T16:12:20.000000,9.756244190316025
2015-03-26T16:12:20.100000,9.746754103751286
2015-03-26T16:12:20.200000,9.738237561044258
2015-03-26T16:12:20.300000,9.738696360141882
2015-03-26T16:12:20.400000,9.737406198939574
2015-03-26T16:12:20.500000,9.728802508282318
2015-03-26T16:12:20.600000,9.717440238872475
2015-03-26T16:12:20.700000,9.723803905352652
2015-03-26T16:12:20.800000,9.736076899813918
2015-03-26T16:12:20.900000,9.732622223341371
2015-03-26T16:12:21.000000,9.716012082892444
2015-03-26T16:12:21.100000,9.70375640694176
2015-03-26T16:12:21.200000,9.697158943418264
2015-03-26T16:12:21.300000,9.706768289841438
2015-03-26T16:12:21.400000,9.713180404166229
2015-03-26T16:12:21.500000,9.693959916929456
2015-03-26T16:12:21.600000,9.688980657501377
2015-03-26T16:12:21.700000,9.706230045993196
2015-03-26T16:12:21.800000,9.710609049357192
2015-03-26T16:12:21.900000,9.712437575849185
2015-03-26T16:12:22.000000,9.715951436505978
2015-03-26T16:12:22.100000,9.70451936691067
2015-03-26T16:12:22.200000,9.717576565469107
2015-03-26T16:12:22.300000,9.728122384360065
2015-03-26T16:12:22.400000,9.72544172659734
2015-03-26T16:12:22.500000,9.728865360887983
2015-03-26T16:12:22.600000,9.729023964794704
2015-03-26T16:12:22.700000,9.749611973420912
2015-03-26T16:12:22.800000,9.781252152251898
2015-03-26T16:12:22.900000,9.76612438163087
2015-03-26T16:12:23.000000,9.74776428094332
2015-03-26T16:12:23.100000,9.756406111061454
2015-03-26T16:12:23.200000,9.75471981538924
2015-03-26T16:12:23.300000,9.767801188949033
2015-03-26T16:12:23.400000,9.791301222203208
2015-03-26T16:12:23.500000,9.766540818079976
2015-03-26T16:12:23.600000,9.756096745450067
2015-03-26T16:12:23.700000,9.765271440641047
2015-03-26T16:12:23.800000,9.770205111364325
2015-03-26T16:12:23.900000,9.78765924003176
2015-03-26T16:12:24.000000,9.793706592796685
2015-03-26T16:12:24.100000,9.770811518655853
2015-03-26T16:12:24.200000,9.765155100936184
2015-03-26T16:12:24.300000,9.779300766342516
2015-03-26T16:12:24.400000,9.789599842333528
2015-03-26T16:12:24.500000,9.779193910327544
2015-03-26T16:12:24.600000,9.776883722591055
2015-03-26T16:12:24.700000,9.771048767417192
2015-03-26T16:12:24.800000,9.766033956423708
2015-03-26T16:12:24.900000,9.759937688687636
2015-03-26T16:12:25.000000,9.762761331815463
2015-03-26T16:12:25.100000,9.764041245137053
2015-03-26T16:12:25.200000,9.773129344583186
2015-03-26T16:12:25.300000,9.754370337822673
2015-03-26T16:12:25.400000,9.751412448872774
2015-03-26T16:12:25.500000,9.766065629363458
2015-03-26T16:12:25.600000,9.763348603098349
2015-03-26T16:12:25.700000,9.765339259336256
2015-03-26T16:12:25.800000,9.764905148375153
2015-03-26T16:12:25.900000,9.758879268244192
2015-03-26T16:12:26.000000,9.743033673226398
2015-03-26T16:12:26.100000,9.750911861068952
2015-03-26T16:12:26.200000,9.758894193959197
2015-03-26T16:12:26.300000,9.73880666254791
2015-03-26T16:12:26.400000,9.734544153169145
2015-03-26T16:12:26.500000,9.70975391325314
2015-03-26T16:12:26.600000,9.692315720207818
2015-03-26T16:12:26.700000,9.695942737963795
2015-03-26T16:12:26.800000,9.706526262590442
2015-03-26T16:12:26.900000,9.70611863185666
2015-03-26T16:12:27.000000,9.695426100168303
2015-03-26T16:12:27.100000,9.683422316202932
2015-03-26T16:12:27.200000,9.679698191585157
2015-03-26T16:12:27.300000,9.670240860179636
2015-03-26T16:12:27.400000,9.67199731200568
2015-03-26T16:12:27.500000,9.67526129867265
2015-03-26T16:12:27.600000,9.687051817891057
2015-03-26T16:12:27.700000,9.703342579326836
2015-03-26T16:12:27.800000,9.703175107178923
2015-03-26T16:12:27.900000,9.701452383423902
2015-03-26T16:12:28.000000,9.69763815560196
2015-03-26T16:12:28.100000,9.703291764744533
2015-03-26T16:12:28.200000,9.704406989779663
2015-03-26T16:12:28.300000,9.704544725463029
2015-03-26T16:12:28.400000,9.72063042666894
2015-03-26T16:12:28.500000,9.72236475227418
2015-03-26T16:12:28.600000,9.7396508256395
2015-03-26T16:12:28.700000,9.748397123955003
2015-03-26T16:12:28.800000,9.75811782083444
2015-03-26T16:12:28.900000,9.765519792924612
2015-03-26T16:12:29.000000,9.760448093067936
2015-03-26T16:12:29.100000,9.758084352391936
2015-03-26T16:12:29.200000,9.749145000032552
2015-03-26T16:12:29.300000,9.768143810872932
2015-03-26T16:12:29.400000,9.783118099804684
2015-03-26T16:12:29.500000,9.777167220201694
2015-03-26T16:12:29.600000,9.780873787964511
2015-03-26T16:12:29.700000,9.784057310263137
2015-03-26T16:12:29.800000,9.783029554973972
2015-03-26T16:12:29.900000,9.791572599418204
2015-03-26T16:12:30.000000,9.802465241829962
2015-03-26T16:12:30.100000,9.802462934903224
2015-03-26T16:12:30.200000,9.763932293713143
2015-03-26T16:12:30.300000,9.760210190856313
2015-03-26T16:12:30.400000,9.764174311687135
2015-03-26T16:12:30.500000,9.77661526468269
2015-03-26T16:12:30.600000,9.777873578679785
2015-03-26T16:12:30.700000,9.771441102675102
2015-03-26T16:12:30.800000,9.763556800090951
2015-03-26T16:12:30.900000,9.742725717796846
2015-03-26T16:12:31.000000,9.745330286063158
2015-03-26T16:12:31.100000,9.750911987943148
2015-03-26T16:12:31.200000,9.734946346171618
2015-03-26T16:12:31.300000,9.74223715489171
2015-03-26T16:12:31.400000,9.744399318821552
2015-03-26T16:12:31.500000,9.744704405547912
2015-03-26T16:12:31.600000,9.751683489294798
2015-03-26T16:12:31.700000,9.740925629111029
2015-03-26T16:12:31.800000,9.739442722147958
2015-03-26T16:12:31.900000,9.738816385953992
2015-03-26T16:12:32.000000,9.74029613135048
2015-03-26T16:12:32.100000,9.750292967556282
2015-03-26T16:12:32.200000,9.747290614759589
2015-03-26T16:12:32.300000,9.748320960484335
2015-03-26T16:12:32.400000,9.75460222507629
2015-03-26T16:12:32.500000,9.736408921517697
2015-03-26T16:12:32.600000,9.733379415549935
2015-03-26T16:12:32.700000,9.731853943567067
2015-03-26T16:12:32.800000,9.7039732779015
2015-03-26T16:12:32.900000,9.709761900415032
2015-03-26T16:12:33.000000,9.701095678121082
2015-03-26T16:12:33.100000,9.698242457792562
2015-03-26T16:12:33.200000,9.707528582424024
2015-03-26T16:12:33.300000,9.703171233560978
2015-03-26T16:12:33.400000,9.720415279825886
2015-03-26T16:12:33.500000,9.736902653965442
2015-03-26T16:12:33.600000,9.715438675356674
2015-03-26T16:12:33.700000,9.698884029277798
2015-03-26T16:12:33.800000,9.696478721011546
2015-03-26T16:12:33.900000,9.705144516209884
2015-03-26T16:12:34.000000,9.703365290385864
2015-03-26T16:12:34.100000,9.70683054413666
2015-03-26T16:12:34.200000,9.715586755031982
2015-03-26T16:12:34.300000,9.721477605301915
2015-03-26T16:12:34.400000,9.740614615678886
2015-03-26T16:12:34.500000,9.750200622363057
2015-03-26T16:12:34.600000,9.733437238594524
2015-03-26T16:12:34.700000,9.750966612287762
2015-03-26T16:12:34.800000,9.764993955960078
2015-03-26T16:12:34.900000,9.751703942292284
2015-03-26T16:12:35.000000,9.774542110009032
2015-03-26T16:12:35.100000,9.775255376205347
2015-03-26T16:12:35.200000,9.76375334889482
2015-03-26T16:12:35.300000,9.761540076861236
2015-03-26T16:12:35.400000,9.771495966137266
2015-03-26T16:12:35.500000,9.780136387040772
2015-03-26T16:12:35.600000,9.77387085861086
2015-03-26T16:12:35.700000,9.763611618160484
2015-03-26T16:12:35.800000,9.75753429771721
2015-03-26T16:12:35.900000,9.777638563823066
2015-03-26T16:12:36.000000,9.785574079515962
2015-03-26T16:12:36.100000,9.777824172546794
2015-03-26T16:12:36.200000,9.759162793003265
2015-03-26T16:12:36.300000,9.753951646543896
2015-03-26T16:12:36.400000,9.74873500580773
2015-03-26T16:12:36.500000,9.755129128702388
2015-03-26T16:12:36.600000,9.755472141357345
2015-03-26T16:12:36.700000,9.749872272863808
2015-03-26T16:12:36.800000,9.755325816716413
2015-03-26T16:12:36.900000,9.754930683823456
2015-03-26T16:12:37.000000,9.75137961193658
2015-03-26T16:12:37.100000,9.757491936574068
2015-03-26T16:12:37.200000,9.75582947901309
2015-03-26T16:12:37.300000,9.740017146867752
2015-03-26T16:12:37.400000,9.753268346902724
2015-03-26T16:12:37.500000,9.747842181613818
2015-03-26T16:12:37.600000,9.735777747836812
2015-03-26T16:12:37.700000,9.741193229564658
2015-03-26T16:12:37.800000,9.728339051702443
2015-03-26T16:12:37.900000,9.734611933832037
2015-03-26T16:12:38.000000,9.729719960943632
2015-03-26T16:12:38.100000,9.72100206502208
2015-03-26T16:12:38.200000,9.7091522510617
2015-03-26T16:12:38.300000,9.706775636861568
2015-03-26T16:12:38.400000,9.710858684805876
2015-03-26T16:12:38.500000,9.706348355481827
2015-03-26T16:12:38.600000,9.707393308968854
2015-03-26T16:12:38.700000,9.708485636568836
2015-03-26T16:12:38.800000,9.706981466649026
2015-03-26T16:12:38.900000,9.719094216888356
2015-03-26T16:12:39.000000,9.72652831212955
2015-03-26T16:12:39.100000,9.733827501577236
2015-03-26T16:12:39.200000,9.731623636387878
2015-03-26T16:12:39.300000,9.716302928403
2015-03-26T16:12:39.400000,9.72050000834007
2015-03-26T16:12:39.500000,9.729023765572585
2015-03-26T16:12:39.600000,9.741749141586991
2015-03-26T16:12:39.700000,9.731457042811732
2015-03-26T16:12:39.800000,9.724952751569791
2015-03-26T16:12:39.900000,9.730412099108358
2015-03-26T16:12:40.000000,9.728207883667968
2015-03-26T16:12:40.100000,9.732258130826386
2015-03-26T16:12:40.200000,9.712878425700552
2015-03-26T16:12:40.300000,9.72574262304154
2015-03-26T16:12:40.400000,9.729032167637936
2015-03-26T16:12:40.500000,9.748580620938926
2015-03-26T16:12:40.600000,9.777654599926166
2015-03-26T16:12:40.700000,9.765856401601836
2015-03-26T16:12:40.800000,9.759707329526654
2015-03-26T16:12:40.900000,9.758636812006063
2015-03-26T16:12:41.000000,9.747402684443394
2015-03-26T16:12:41.100000,9.73187386805212
2015-03-26T16:12:41.200000,9.758017779671455
2015-03-26T16:12:41.300000,9.772763459879137
2015-03-26T16:12:41.400000,9.774743640407896
2015-03-26T16:12:41.500000,9.780663641130724
2015-03-26T16:12:41.600000,9.754389942599683
2015-03-26T16:12:41.700000,9.740850996581209
2015-03-26T16:12:41.800000,9.738899157402304
2015-03-26T16:12:41.900000,9.7515411427
2015-03-26T16:12:42.000000,9.770721320132091
2015-03-26T16:12:42.100000,9.7744650601519
2015-03-26T16:12:42.200000,9.760860480365428
2015-03-26T16:12:42.300000,9.752134241159636
2015-03-26T16:12:42.400000,9.743459774392903
2015-03-26T16:12:42.500000,9.73146922709945
2015-03-26T16:12:42.600000,9.7316453571344
2015-03-26T16:12:42.700000,9.744255001778615
2015-03-26T16:12:42.800000,9.74413144064596
2015-03-26T16:12:42.900000,9.73931167933254
2015-03-26T16:12:43.000000,9.735830008697665
2015-03-26T16:12:43.100000,9.732943522134931
2015-03-26T16:12:43.200000,9.747484368634206
2015-03-26T16:12:43.300000,9.746992714122936
2015-03-26T16:12:43.400000,9.744385194558005
2015-03-26T16:12:43.500000,9.745832140811524
2015-03-26T16:12:43.600000,9.72181536726655
2015-03-26T16:12:43.700000,9.7236507788429
2015-03-26T16:12:43.800000,9.729803504397976
2015-03-26T16:12:43.900000,9.715883646611326
2015-03-26T16:12:44.000000,9.72282902579646
2015-03-26T16:12:44.100000,9.73384366740093
2015-03-26T16:12:44.200000,9.731275780448897
2015-03-26T16:12:44.300000,9.727329623905035
2015-03-26T16:12:44.400000,9.740430901141156
2015-03-26T16:12:44.500000,9.76013745540719
2015-03-26T16:12:44.600000,9.762839320809524
2015-03-26T16:12:44.700000,9.738006802032578
2015-03-26T16:12:44.800000,9.737010739438109
2015-03-26T16:12:44.900000,9.752780788886705
2015-03-26T16:12:45.000000,9.772826163847403
2015-03-26T16:12:45.100000,9.757574449369065
2015-03-26T16:12:45.200000,9.75560775419676
2015-03-26T16:12:45.300000,9.7604003445659
2015-03-26T16:12:45.400000,9.763969763044743
2015-03-26T16:12:45.500000,9.762045512172495
2015-03-26T16:12:45.600000,9.756151881610688
2015-03-26T16:12:45.700000,9.768422373345851
2015-03-26T16:12:45.800000,9.782603778189475
2015-03-26T16:12:45.900000,9.77815828236087
2015-03-26T16:12:46.000000,9.77431831118742
2015-03-26T16:12:46.100000,9.771244527896991
2015-03-26T16:12:46.200000,9.73149964152022
2015-03-26T16:12:46.300000,9.731096749252965
2015-03-26T16:12:46.400000,9.772019142073594
2015-03-26T16:12:46.500000,9.77956075042472
2015-03-26T16:12:46.600000,9.762202221226628
2015-03-26T16:12:46.700000,9.75387357980984
2015-03-26T16:12:46.800000,9.75152326405844
2015-03-26T16:12:46.900000,9.750442388818588
2015-03-26T16:12:47.000000,9.744993148383216
2015-03-26T16:12:47.100000,9.738212275884264
2015-03-26T16:12:47.200000,9.753049469068344
2015-03-26T16:12:47.300000,9.767785802906037
2015-03-26T16:12:47.400000,9.770148282026293
2015-03-26T16:12:47.500000,9.779385865434223
2015-03-26T16:12:47.600000,9.75385765156407
2015-03-26T16:12:47.700000,9.728446711195902
2015-03-26T16:12:47.800000,9.732578308458422
2015-03-26T16:12:47.900000,9.749938622588108
2015-03-26T16:12:48.000000,9.729507858965317
2015-03-26T16:12:48.100000,9.72148991391532
2015-03-26T16:12:48.200000,9.740526388813754
2015-03-26T16:12:48.300000,9.727341460852784
2015-03-26T16:12:48.400000,9.712673582742177
2015-03-26T16:12:48.500000,9.713860565872272
2015-03-26T16:12:48.600000,9.708401464729892
2015-03-26T16:12:48.700000,9.73982304216346
2015-03-26T16:12:48.800000,9.752402125050043
2015-03-26T16:12:48.900000,9.72452862178256
2015-03-26T16:12:49.000000,9.7280328624753
2015-03-26T16:12:49.100000,9.725442354989449
2015-03-26T16:12:49.200000,9.712480146392556
2015-03-26T16:12:49.300000,9.71476780706083
2015-03-26T16:12:49.400000,9.736891135263168
2015-03-26T16:12:49.500000,9.732775878928154
2015-03-26T16:12:49.600000,9.706352370027812
2015-03-26T16:12:49.700000,9.734173082932502
2015-03-26T16:12:49.800000,9.746352941115692
2015-03-26T16:12:49.900000,9.741708249775126
2015-03-26T16:12:50.000000,9.745903111578713
2015-03-26T16:12:50.100000,9.747203894669491
2015-03-26T16:12:50.200000,9.749955392347468
2015-03-26T16:12:50.300000,9.758065549092317
2015-03-26T16:12:50.400000,9.74567759147315
2015-03-26T16:12:50.500000,9.740346485775824
2015-03-26T16:12:50.600000,9.73842989726377
2015-03-26T16:12:50.700000,9.74356634673376
2015-03-26T16:12:50.800000,9.734984719372424
2015-03-26T16:12:50.900000,9.735387338792734
2015-03-26T16:12:51.000000,9.744902650957716
2015-03-26T16:12:51.100000,9.73945851406247
2015-03-26T16:12:51.200000,9.730730668053608
2015-03-26T16:12:51.300000,9.747839361936112
2015-03-26T16:12:51.400000,9.773578346845255
2015-03-26T16:12:51.500000,9.77280834579178
2015-03-26T16:12:51.600000,9.760069996621777
2015-03-26T16:12:51.700000,9.761440869410333
2015-03-26T16:12:51.800000,9.74071143761202
2015-03-26T16:12:51.900000,9.752125034568373
2015-03-26T16:12:52.000000,9.75020083722652
2015-03-26T16:12:52.100000,9.747956177216714
2015-03-26T16:12:52.200000,9.752946001469905
2015-03-26T16:12:52.300000,9.7557303576087
2015-03-26T16:12:52.400000,9.769317018093709
2015-03-26T16:12:52.500000,9.752329478303173
2015-03-26T16:12:52.600000,9.744434303245963
2015-03-26T16:12:52.700000,9.752111346620284
2015-03-26T16:12:52.800000,9.734997732032385
2015-03-26T16:12:52.900000,9.715328933836426
2015-03-26T16:12:53.000000,9.720072899933683
2015-03-26T16:12:53.100000,9.73397921856338
2015-03-26T16:12:53.200000,9.762072983504368
2015-03-26T16:12:53.300000,9.758544239649009
2015-03-26T16:12:53.400000,9.710452399420475
2015-03-26T16:12:53.500000,9.699686692105065
2015-03-26T16:12:53.600000,9.72757817181256
2015-03-26T16:12:53.700000,9.73083493575755
2015-03-26T16:12:53.800000,9.726725369502605
2015-03-26T16:12:53.900000,9.732827347399317
2015-03-26T16:12:54.000000,9.749518276899204
2015-03-26T16:12:54.100000,9.754707509459402
2015-03-26T16:12:54.200000,9.755395450918083
2015-03-26T16:12:54.300000,9.742947125201423
2015-03-26T16:12:54.400000,9.734381444242644
2015-03-26T16:12:54.500000,9.73401553513363
2015-03-26T16:12:54.600000,9.744535813878556
2015-03-26T16:12:54.700000,9.75715712431142
2015-03-26T16:12:54.800000,9.753870967353588
2015-03-26T16:12:54.900000,9.751146745252566
2015-03-26T16:12:55.000000,9.7537044898426
2015-03-26T16:12:55.100000,9.749210714365216
2015-03-26T16:12:55.200000,9.74945015296195
2015-03-26T16:12:55.300000,9.749193282310229
2015-03-26T16:12:55.400000,9.737988492625623
2015-03-26T16:12:55.500000,9.737872018278908
2015-03-26T16:12:55.600000,9.747810754425624
2015-03-26T16:12:55.700000,9.759661006395916
2015-03-26T16:12:55.800000,9.75977555560064
2015-03-26T16:12:55.900000,9.752879856309011
2015-03-26T16:12:56.000000,9.751910884767192
2015-03-26T16:12:56.100000,9.749247347154247
2015-03-26T16:12:56.200000,9.738810440084498
2015-03-26T16:12:56.300000,9.743408489593053
2015-03-26T16:12:56.400000,9.752844936816803
2015-03-26T16:12:56.500000,9.74776409471128
2015-03-26T16:12:56.600000,9.73944808249548
2015-03-26T16:12:56.700000,9.747057590413776
2015-03-26T16:12:56.800000,9.72399990201646
2015-03-26T16:12:56.900000,9.72310066071283
2015-03-26T16:12:57.000000,9.737114827541332
2015-03-26T16:12:57.100000,9.731425132204226
2015-03-26T16:12:57.200000,9.753487969469951
2015-03-26T16:12:57.300000,9.754182916426764
2015-03-26T16:12:57.400000,9.736479326900357
2015-03-26T16:12:57.500000,9.754059682959676
2015-03-26T16:12:57.600000,9.749938586989602
2015-03-26T16:12:57.700000,9.73946478479349
2015-03-26T16:12:57.800000,9.75571023448867
2015-03-26T16:12:57.900000,9.747322137106158
2015-03-26T16:12:58.000000,9.734273897559952
2015-03-26T16:12:58.100000,9.721448995862032
2015-03-26T16:12:58.200000,9.721413118406009
2015-03-26T16:12:58.300000,9.752410204374565
2015-03-26T16:12:58.400000,9.758914261185948
2015-03-26T16:12:58.500000,9.7402511561659
2015-03-26T16:12:58.600000,9.73037130826234
2015-03-26T16:12:58.700000,9.735047884504562
2015-03-26T16:12:58.800000,9.746090302270549
2015-03-26T16:12:58.900000,9.748701289185805
2015-03-26T16:12:59.000000,9.736417582956271
2015-03-26T16:12:59.100000,9.72641655705583
2015-03-26T16:12:59.200000,9.739311941929437
2015-03-26T16:12:59.300000,9.75095165420703
2015-03-26T16:12:59.400000,9.74486495606366
2015-03-26T16:12:59.500000,9.738961465047204
2015-03-26T16:12:59.600000,9.752462959346577
2015-03-26T16:12:59.700000,9.738118721653422
2015-03-26T16:12:59.800000,9.745431469126464
2015-03-26T16:12:59.900000,9.750859338602094
2015-03-26T16:13:00.000000,9.752245822403385
2015-03-26T16:13:00.100000,9.76026568976692
2015-03-26T16:13:00.200000,9.764889675323396
2015-03-26T16:13:00.300000,9.738999501795156
2015-03-26T16:13:00.400000,9.724925985323916
2015-03-26T16:13:00.500000,9.739680666008107
2015-03-26T16:13:00.600000,9.737194235025605
2015-03-26T16:13:00.700000,9.734994458521454
2015-03-26T16:13:00.800000,9.738404765547644
2015-03-26T16:13:00.900000,9.749877494812724
2015-03-26T16:13:01.000000,9.764666468986938
2015-03-26T16:13:01.100000,9.737732400373895
2015-03-26T16:13:01.200000,9.727366735196222
2015-03-26T16:13:01.300000,9.737233392340707
2015-03-26T16:13:01.400000,9.760807000937104
2015-03-26T16:13:01.500000,9.760787297703034
2015-03-26T16:13:01.600000,9.7388393935175
2015-03-26T16:13:01.700000,9.747811609175908
2015-03-26T16:13:01.800000,9.743820516090484
2015-03-26T16:13:01.900000,9.731155436362304
2015-03-26T16:13:02.000000,9.751819947946426
2015-03-26T16:13:02.100000,9.737204396584016
2015-03-26T16:13:02.200000,9.707287561855235
2015-03-26T16:13:02.300000,9.732189017314722
2015-03-26T16:13:02.400000,9.73955421559253
2015-03-26T16:13:02.500000,9.733056684708648
2015-03-26T16:13:02.600000,9.733855124531072
2015-03-26T16:13:02.700000,9.725631862020984
2015-03-26T16:13:02.800000,9.731090354434174
2015-03-26T16:13:02.900000,9.734204536855328
2015-03-26T16:13:03.000000,9.71894579777453
2015-03-26T16:13:03.100000,9.74266310877826
2015-03-26T16:13:03.200000,9.76376563875344
2015-03-26T16:13:03.300000,9.76708445294574
2015-03-26T16:13:03.400000,9.752378698285208
2015-03-26T16:13:03.500000,9.743831864490492
2015-03-26T16:13:03.600000,9.75036983527215
2015-03-26T16:13:03.700000,9.755650972451184
2015-03-26T16:13:03.800000,9.75717488328698
2015-03-26T16:13:03.900000,9.755189692447198
2015-03-26T16:13:04.000000,9.756078462290132
2015-03-26T16:13:04.100000,9.7686718209511
2015-03-26T16:13:04.200000,9.772690977611196
2015-03-26T16:13:04.300000,9.765127803892666
2015-03-26T16:13:04.400000,9.748777693330426
2015-03-26T16:13:04.500000,9.740387703271567
2015-03-26T16:13:04.600000,9.761115017919884
2015-03-26T16:13:04.700000,9.769419569600093
2015-03-26T16:13:04.800000,9.76174371096192
2015-03-26T16:13:04.900000,9.771070097998582
2015-03-26T16:13:05.000000,9.742521710613117
2015-03-26T16:13:05.100000,9.746919358111608
2015-03-26T16:13:05.200000,9.766919752293877
2015-03-26T16:13:05.300000,9.755848103320236
2015-03-26T16:13:05.400000,9.7685989284064
2015-03-26T16:13:05.500000,9.770515694676837
2015-03-26T16:13:05.600000,9.748821631789037
2015-03-26T16:13:05.700000,9.751758464778296
2015-03-26T16:13:05.800000,9.780074482658089
2015-03-26T16:13:05.900000,9.759196607730726
2015-03-26T16:13:06.000000,9.744389423861106
2015-03-26T16:13:06.100000,9.757285066749995
2015-03-26T16:13:06.200000,9.759049423058311
2015-03-26T16:13:06.300000,9.75515816776564
2015-03-26T16:13:06.400000,9.74246462087984
2015-03-26T16:13:06.500000,9.717596035697536
2015-03-26T16:13:06.600000,9.726909213033592
2015-03-26T16:13:06.700000,9.742258987476838
2015-03-26T16:13:06.800000,9.754964763447742
2015-03-26T16:13:06.900000,9.751858273510129
2015-03-26T16:13:07.000000,9.740054600412018
2015-03-26T16:13:07.100000,9.73734678486765
2015-03-26T16:13:07.200000,9.733639206981158
2015-03-26T16:13:07.300000,9.73054911378932
2015-03-26T16:13:07.400000,9.734100331838512
2015-03-26T16:13:07.500000,9.723146904996346
2015-03-26T16:13:07.600000,9.73047373819278
2015-03-26T16:13:07.700000,9.722683365680613
2015-03-26T16:13:07.800000,9.703602665900693
2015-03-26T16:13:07.900000,9.711620345736394
2015-03-26T16:13:08.000000,9.71700834238943
2015-03-26T16:13:08.100000,9.729752223310578
2015-03-26T16:13:08.200000,9.711725873546325
2015-03-26T16:13:08.300000,9.709444632740398
2015-03-26T16:13:08.400000,9.735329983515536
2015-03-26T16:13:08.500000,9.732584883998504
2015-03-26T16:13:08.600000,9.716338337348494
2015-03-26T16:13:08.700000,9.730433189642053
2015-03-26T16:13:08.800000,9.746211001751028
2015-03-26T16:13:08.900000,9.739564046324723
2015-03-26T16:13:09.000000,9.735050745383916
2015-03-26T16:13:09.100000,9.749583327754978
2015-03-26T16:13:09.200000,9.74935101138164
2015-03-26T16:13:09.300000,9.756945288231549
2015-03-26T16:13:09.400000,9.772903757122982
2015-03-26T16:13:09.500000,9.759767529552304
2015-03-26T16:13:09.600000,9.753267881696775
2015-03-26T16:13:09.700000,9.760875762071088
2015-03-26T16:13:09.800000,9.7632569833431
2015-03-26T16:13:09.900000,9.772392691637478
2015-03-26T16:13:10.000000,9.769415042335462
2015-03-26T16:13:10.100000,9.749667699385588
2015-03-26T16:13:10.200000,9.7538904306353
2015-03-26T16:13:10.300000,9.76912462977704
2015-03-26T16:13:10.400000,9.77913104022696
2015-03-26T16:13:10.500000,9.785632578045696
2015-03-26T16:13:10.600000,9.769321264151124
2015-03-26T16:13:10.700000,9.750110250233517
2015-03-26T16:13:10.800000,9.762211601403012
2015-03-26T16:13:10.900000,9.76642340405329
2015-03-26T16:13:11.000000,9.755950808294976
2015-03-26T16:13:11.100000,9.758651952053023
2015-03-26T16:13:11.200000,9.772344095275814
2015-03-26T16:13:11.300000,9.772055912510822
2015-03-26T16:13:11.400000,9.755044636615304
2015-03-26T16:13:11.500000,9.744583601254172
2015-03-26T16:13:11.600000,9.764759545495531
2015-03-26T16:13:11.700000,9.763682966071812
2015-03-26T16:13:11.800000,9.73633293792137
2015-03-26T16:13:11.900000,9.742855333479763
2015-03-26T16:13:12.000000,9.757829738787285
2015-03-26T16:13:12.100000,9.756896017499852
2015-03-26T16:13:12.200000,9.739117985792756
2015-03-26T16:13:12.300000,9.731594254491728
2015-03-26T16:13:12.400000,9.717496367171202
2015-03-26T16:13:12.500000,9.705623614281595
2015-03-26T16:13:12.600000,9.7020156034081
2015-03-26T16:13:12.700000,9.71190338298576
2015-03-26T16:13:12.800000,9.696713148945932
2015-03-26T16:13:12.900000,9.685186887782262
2015-03-26T16:13:13.000000,9.704508551628516
2015-03-26T16:13:13.100000,9.70567970187941
2015-03-26T16:13:13.200000,9.708467860194965
2015-03-26T16:13:13.300000,9.701830929871976
2015-03-26T16:13:13.400000,9.684652743952112
2015-03-26T16:13:13.500000,9.70370142929989
2015-03-26T16:13:13.600000,9.704001802833686
2015-03-26T16:13:13.700000,9.693480543304172
2015-03-26T16:13:13.800000,9.716976440428498
2015-03-26T16:13:13.900000,9.727373455461846
2015-03-26T16:13:14.000000,9.729878765387536
2015-03-26T16:13:14.100000,9.740879960147542
2015-03-26T16:13:14.200000,9.7201243669707
2015-03-26T16:13:14.300000,9.703305508664489
2015-03-26T16:13:14.400000,9.712355947109904
2015-03-26T16:13:14.500000,9.729490665523231
2015-03-26T16:13:14.600000,9.754716310766204
2015-03-26T16:13:14.700000,9.768554911222838
2015-03-26T16:13:14.800000,9.757787312123082
2015-03-26T16:13:14.900000,9.7748250357434
2015-03-26T16:13:15.000000,9.768535834656392
2015-03-26T16:13:15.100000,9.77911575807138
2015-03-26T16:13:15.200000,9.798006298472616
2015-03-26T16:13:15.300000,9.783432336223465
2015-03-26T16:13:15.400000,9.775771590839769
2015-03-26T16:13:15.500000,9.77043173244137
2015-03-26T16:13:15.600000,9.7636612398163
2015-03-26T16:13:15.700000,9.76986326605826
2015-03-26T16:13:15.800000,9.779852490679149
2015-03-26T16:13:15.900000,9.7642555057381
2015-03-26T16:13:16.000000,9.777961946003082
2015-03-26T16:13:16.100000,9.78253284946032
2015-03-26T16:13:16.200000,9.783330196070729
2015-03-26T16:13:16.300000,9.775848266692048
2015-03-26T16:13:16.400000,9.749475594429938
2015-03-26T16:13:16.500000,9.755618954149451
2015-03-26T16:13:16.600000,9.753686926301278
2015-03-26T16:13:16.700000,9.747416321351524
2015-03-26T16:13:16.800000,9.777378301716636
2015-03-26T16:13:16.900000,9.769813117868036
2015-03-26T16:13:17.000000,9.750287621920378
2015-03-26T16:13:17.100000,9.742164296035618
2015-03-26T16:13:17.200000,9.728286710728227
2015-03-26T16:13:17.300000,9.735446573277786
2015-03-26T16:13:17.400000,9.744016228300216
2015-03-26T16:13:17.500000,9.750748918491311
2015-03-26T16:13:17.600000,9.748925607871016
2015-03-26T16:13:17.700000,9.717888119181302
2015-03-26T16:13:17.800000,9.70805030410481
2015-03-26T16:13:17.900000,9.73154167947912
2015-03-26T16:13:18.000000,9.73739024768288
2015-03-26T16:13:18.100000,9.726958740638803
2015-03-26T16:13:18.200000,9.726436623288771
2015-03-26T16:13:18.300000,9.729663189359854
2015-03-26T16:13:18.400000,9.717721914462816
2015-03-26T16:13:18.500000,9.72344218698566
2015-03-26T16:13:18.600000,9.71374503144548
2015-03-26T16:13:18.700000,9.710896312712668
2015-03-26T16:13:18.800000,9.710657629575312
2015-03-26T16:13:18.900000,9.723112350619806
2015-03-26T16:13:19.000000,9.713049004785994
2015-03-26T16:13:19.100000,9.699967361278542
2015-03-26T16:13:19.200000,9.727058742150923
2015-03-26T16:13:19.300000,9.738686037133483
2015-03-26T16:13:19.400000,9.727532833706166
2015-03-26T16:13:19.500000,9.725677311278249
2015-03-26T16:13:19.600000,9.718920595481856
2015-03-26T16:13:19.700000,9.714437687085598
2015-03-26T16:13:19.800000,9.7297561900008
2015-03-26T16:13:19.900000,9.726298637866584
2015-03-26T16:13:20.000000,9.708154535115234
2015-03-26T16:13:20.100000,9.720977615603296
2015-03-26T16:13:20.200000,9.727449498942306
2015-03-26T16:13:20.300000,9.733710942044969
2015-03-26T16:13:20.400000,9.753463021475383
2015-03-26T16:13:20.500000,9.761842631732064
2015-03-26T16:13:20.600000,9.760522471946102
2015-03-26T16:13:20.700000,9.74912144941296
2015-03-26T16:13:20.800000,9.758688731050157
2015-03-26T16:13:20.900000,9.764450919663766
2015-03-26T16:13:21.000000,9.764995130351693
2015-03-26T16:13:21.100000,9.776086900931658
2015-03-26T16:13:21.200000,9.78896449416085
2015-03-26T16:13:21.300000,9.783110637590328
2015-03-26T16:13:21.400000,9.77471277601254
2015-03-26T16:13:21.500000,9.758761785584754
2015-03-26T16:13:21.600000,9.75546216081665
2015-03-26T16:13:21.700000,9.761453220812747
2015-03-26T16:13:21.800000,9.759859296928214
2015-03-26T16:13:21.900000,9.77437826209053
2015-03-26T16:13:22.000000,9.756794131581804
2015-03-26T16:13:22.100000,9.745157697170718
2015-03-26T16:13:22.200000,9.759827358957418
2015-03-26T16:13:22.300000,9.7519930182815
2015-03-26T16:13:22.400000,9.751074107287431
2015-03-26T16:13:22.500000,9.75352740607164
2015-03-26T16:13:22.600000,9.757309633423288
2015-03-26T16:13:22.700000,9.77280660890126
2015-03-26T16:13:22.800000,9.774078202232593
2015-03-26T16:13:22.900000,9.757736217728128
2015-03-26T16:13:23.000000,9.7611067927114
2015-03-26T16:13:23.100000,9.752586216827131
2015-03-26T16:13:23.200000,9.743122357906817
2015-03-26T16:13:23.300000,9.749745211540535
2015-03-26T16:13:23.400000,9.75986234782309
2015-03-26T16:13:23.500000,9.73587092508969
2015-03-26T16:13:23.600000,9.741713640027632
2015-03-26T16:13:23.700000,9.748343416949815
2015-03-26T16:13:23.800000,9.723140983400691
2015-03-26T16:13:23.900000,9.724152767012392
2015-03-26T16:13:24.000000,9.717758112945647
2015-03-26T16:13:24.100000,9.699675897280358
2015-03-26T16:13:24.200000,9.714945358867196
2015-03-26T16:13:24.300000,9.720002974958597
2015-03-26T16:13:24.400000,9.714861907238731
2015-03-26T16:13:24.500000,9.716475891646011
2015-03-26T16:13:24.600000,9.704273372517797
2015-03-26T16:13:24.700000,9.708287104662157
2015-03-26T16:13:24.800000,9.717554185973889
2015-03-26T16:13:24.900000,9.713278672480037
2015-03-26T16:13:25.000000,9.698763111731976
2015-03-26T16:13:25.100000,9.725304122196196
2015-03-26T16:13:25.200000,9.741525422487223
2015-03-26T16:13:25.300000,9.743438218839367
2015-03-26T16:13:25.400000,9.736623949417456
2015-03-26T16:13:25.500000,9.719305235206305
2015-03-26T16:13:25.600000,9.725999358045112
2015-03-26T16:13:25.700000,9.751027036766642
2015-03-26T16:13:25.800000,9.749407232923394
2015-03-26T16:13:25.900000,9.741675655432172
2015-03-26T16:13:26.000000,9.75430827911451
2015-03-26T16:13:26.100000,9.744695408002586
2015-03-26T16:13:26.200000,9.733930987909078
2015-03-26T16:13:26.300000,9.732314495160283
2015-03-26T16:13:26.400000,9.735624333816558
2015-03-26T16:13:26.500000,9.750113160144489
2015-03-26T16:13:26.600000,9.753754292010974
2015-03-26T16:13:26.700000,9.760337189106224
2015-03-26T16:13:26.800000,9.78120770782701
2015-03-26T16:13:26.900000,9.77604809603602
2015-03-26T16:13:27.000000,9.770529557867029
2015-03-26T16:13:27.100000,9.77373093891169
2015-03-26T16:13:27.200000,9.760983475423322
2015-03-26T16:13:27.300000,9.77852794697244
2015-03-26T16:13:27.400000,9.785797369415304
2015-03-26T16:13:27.500000,9.756526070475571
2015-03-26T16:13:27.600000,9.752650088267444
2015-03-26T16:13:27.700000,9.773183164465689
2015-03-26T16:13:27.800000,9.772563411656742
2015-03-26T16:13:27.900000,9.748245946272254
2015-03-26T16:13:28.000000,9.747061940829823
2015-03-26T16:13:28.100000,9.758178546967812
2015-03-26T16:13:28.200000,9.76559559473054
2015-03-26T16:13:28.300000,9.767266062247655
2015-03-26T16:13:28.400000,9.769672262968278
2015-03-26T16:13:28.500000,9.75750571769798
2015-03-26T16:13:28.600000,9.740476789775936
2015-03-26T16:13:28.700000,9.748114738751555
2015-03-26T16:13:28.800000,9.763913928643724
2015-03-26T16:13:28.900000,9.768642900876104
2015-03-26T16:13:29.000000,9.752416474669346
2015-03-26T16:13:29.100000,9.729068343207294
2015-03-26T16:13:29.200000,9.73024447870346
2015-03-26T16:13:29.300000,9.748141889086163
2015-03-26T16:13:29.400000,9.738147436805926
2015-03-26T16:13:29.500000,9.72073615120784
2015-03-26T16:13:29.600000,9.728471080091602
2015-03-26T16:13:29.700000,9.730075661662218
2015-03-26T16:13:29.800000,9.72072696096653
2015-03-26T16:13:29.900000,9.71150889312435
2015-03-26T16:13:30.000000,9.726902349839811
2015-03-26T16:13:30.100000,9.734001372131914
2015-03-26T16:13:30.200000,9.723691458617951
2015-03-26T16:13:30.300000,9.711572708808864
2015-03-26T16:13:30.400000,9.720895512986887
2015-03-26T16:13:30.500000,9.744289520296162
2015-03-26T16:13:30.600000,9.75965658833143
2015-03-26T16:13:30.700000,9.762935526878591
2015-03-26T16:13:30.800000,9.741411858341104
2015-03-26T16:13:30.900000,9.739307072813446
2015-03-26T16:13:31.000000,9.75634875510382
2015-03-26T16:13:31.100000,9.7571050138263
2015-03-26T16:13:31.200000,9.751916541076053
2015-03-26T16:13:31.300000,9.763112451353807
2015-03-26T16:13:31.400000,9.751286405219512
2015-03-26T16:13:31.500000,9.728575125413109
2015-03-26T16:13:31.600000,9.730701645844633
2015-03-26T16:13:31.700000,9.74679457916798
2015-03-26T16:13:31.800000,9.7458273943772
2015-03-26T16:13:31.900000,9.751985990949734
2015-03-26T16:13:32.000000,9.763794097931449
2015-03-26T16:13:32.100000,9.751635712929405
2015-03-26T16:13:32.200000,9.742294394707503
2015-03-26T16:13:32.300000,9.74705459211946
2015-03-26T16:13:32.400000,9.758080522240506
2015-03-26T16:13:32.500000,9.758812569210898
2015-03-26T16:13:32.600000,9.754844207063908
2015-03-26T16:13:32.700000,9.749073524327198
2015-03-26T16:13:32.800000,9.740113717737456
2015-03-26T16:13:32.900000,9.746852743619298
2015-03-26T16:13:33.000000,9.760356631071287
2015-03-26T16:13:33.100000,9.759604009497838
2015-03-26T16:13:33.200000,9.740438253908748
2015-03-26T16:13:33.300000,9.74013473912914
2015-03-26T16:13:33.400000,9.75271607374672
2015-03-26T16:13:33.500000,9.744919547022908
2015-03-26T16:13:33.600000,9.73806068046574
2015-03-26T16:13:33.700000,9.720639468060485
2015-03-26T16:13:33.800000,9.743915214734251
2015-03-26T16:13:33.900000,9.771880729219133
2015-03-26T16:13:34.000000,9.75016391436946
2015-03-26T16:13:34.100000,9.747110587570836
2015-03-26T16:13:34.200000,9.7312356358112
2015-03-26T16:13:34.300000,9.715671594884707
2015-03-26T16:13:34.400000,9.737059111416883
2015-03-26T16:13:34.500000,9.740189688772826
2015-03-26T16:13:34.600000,9.7342033004213
2015-03-26T16:13:34.700000,9.728721667401132
2015-03-26T16:13:34.800000,9.725633241407415
2015-03-26T16:13:34.900000,9.708507913254907
2015-03-26T16:13:35.000000,9.697805796664696
2015-03-26T16:13:35.100000,9.711571442010776
2015-03-26T16:13:35.200000,9.6986060195302
2015-03-26T16:13:35.300000,9.698962946995245
2015-03-26T16:13:35.400000,9.71680126121044
2015-03-26T16:13:35.500000,9.712424120938168
2015-03-26T16:13:35.600000,9.715860723917418
2015-03-26T16:13:35.700000,9.718234218409783
2015-03-26T16:13:35.800000,9.724039080523715
2015-03-26T16:13:35.900000,9.735752103365344
2015-03-26T16:13:36.000000,9.750296958193315
2015-03-26T16:13:36.100000,9.73302159355706
2015-03-26T16:13:36.200000,9.71913235811362
2015-03-26T16:13:36.300000,9.743158207390223
2015-03-26T16:13:36.400000,9.75622622195791
2015-03-26T16:13:36.500000,9.759436693219293
2015-03-26T16:13:36.600000,9.764644613797383
2015-03-26T16:13:36.700000,9.756965595891383
2015-03-26T16:13:36.800000,9.76558387146395
2015-03-26T16:13:36.900000,9.75990641661796
2015-03-26T16:13:37.000000,9.75018246001495
2015-03-26T16:13:37.100000,9.754666781219228
2015-03-26T16:13:37.200000,9.763648327050053
2015-03-26T16:13:37.300000,9.759718568126331
2015-03-26T16:13:37.400000,9.75095637491102
2015-03-26T16:13:37.500000,9.745634279620443
2015-03-26T16:13:37.600000,9.753445861733525
2015-03-26T16:13:37.700000,9.762202324064642
2015-03-26T16:13:37.800000,9.7528779614426
2015-03-26T16:13:37.900000,9.749341220279796
2015-03-26T16:13:38.000000,9.760232043603496
2015-03-26T16:13:38.100000,9.762704088412852
2015-03-26T16:13:38.200000,9.774689456364596
2015-03-26T16:13:38.300000,9.784392273283906
2015-03-26T16:13:38.400000,9.772901994909873
2015-03-26T16:13:38.500000,9.763523021648568
2015-03-26T16:13:38.600000,9.76533717454731
2015-03-26T16:13:38.700000,9.748206263087315
2015-03-26T16:13:38.800000,9.735262559454016
2015-03-26T16:13:38.900000,9.752994747488264
2015-03-26T16:13:39.000000,9.75088671231017
2015-03-26T16:13:39.100000,9.75777748868662
2015-03-26T16:13:39.200000,9.7509465666239
2015-03-26T16:13:39.300000,9.716088582559422
2015-03-26T16:13:39.400000,9.712968815719137
2015-03-26T16:13:39.500000,9.728979996196584
2015-03-26T16:13:39.600000,9.737131717528714
2015-03-26T16:13:39.700000,9.739548631584592
2015-03-26T16:13:39.800000,9.72020531222316
2015-03-26T16:13:39.900000,9.717740272209308
2015-03-26T16:13:40.000000,9.719379974523392
2015-03-26T16:13:40.100000,9.694915625411731
2015-03-26T16:13:40.200000,9.688070552404657
2015-03-26T16:13:40.300000,9.695663900903696
2015-03-26T16:13:40.400000,9.70091933064527
2015-03-26T16:13:40.500000,9.712792870544552
2015-03-26T16:13:40.600000,9.7135398479923
2015-03-26T16:13:40.700000,9.70790983666138
2015-03-26T16:13:40.800000,9.71651908007573
2015-03-26T16:13:40.900000,9.724416891955098
2015-03-26T16:13:41.000000,9.725198647805785
2015-03-26T16:13:41.100000,9.715389060581025
2015-03-26T16:13:41.200000,9.72408850679748
2015-03-26T16:13:41.300000,9.749219632875407
2015-03-26T16:13:41.400000,9.729836039738538
2015-03-26T16:13:41.500000,9.72920308237369
2015-03-26T16:13:41.600000,9.737904040398204
2015-03-26T16:13:41.700000,9.71861014438232
2015-03-26T16:13:41.800000,9.699496344284654
2015-03-26T16:13:41.900000,9.720708376622929
2015-03-26T16:13:42.000000,9.766154816947742
2015-03-26T16:13:42.100000,9.773324483618138
2015-03-26T16:13:42.200000,9.759756124129089
2015-03-26T16:13:42.300000,9.76230541901805
2015-03-26T16:13:42.400000,9.771405388687912
2015-03-26T16:13:42.500000,9.774284948568203
2015-03-26T16:13:42.600000,9.766286630254491
2015-03-26T16:13:42.700000,9.751168196394318
2015-03-26T16:13:42.800000,9.748147617400916
2015-03-26T16:13:42.900000,9.77393147250576
2015-03-26T16:13:43.000000,9.776558454403505
2015-03-26T16:13:43.100000,9.769606801467823
2015-03-26T16:13:43.200000,9.762855265853444
2015-03-26T16:13:43.300000,9.752216501699404
2015-03-26T16:13:43.400000,9.762129277571784
2015-03-26T16:13:43.500000,9.75773017505707
2015-03-26T16:13:43.600000,9.758235154676036
2015-03-26T16:13:43.700000,9.772492484821395
2015-03-26T16:13:43.800000,9.767825714699764
2015-03-26T16:13:43.900000,9.753799402644612
2015-03-26T16:13:44.000000,9.742953200407186
2015-03-26T16:13:44.100000,9.737814490431782
2015-03-26T16:13:44.200000,9.736699413048568
2015-03-26T16:13:44.300000,9.747236015363075
2015-03-26T16:13:44.400000,9.749417521225467
2015-03-26T16:13:44.500000,9.75390319249494
2015-03-26T16:13:44.600000,9.756203558294246
2015-03-26T16:13:44.700000,9.756410014381808
2015-03-26T16:13:44.800000,9.741189876361677
2015-03-26T16:13:44.900000,9.728954936265996
2015-03-26T16:13:45.000000,9.723053817122326
2015-03-26T16:13:45.100000,9.72006659710585
2015-03-26T16:13:45.200000,9.733175125404884
2015-03-26T16:13:45.300000,9.71752091415905
2015-03-26T16:13:45.400000,9.700874420014692
2015-03-26T16:13:45.500000,9.725275729134278
2015-03-26T16:13:45.600000,9.725422941498676
2015-03-26T16:13:45.700000,9.712821842454725
2015-03-26T16:13:45.800000,9.713609243747827
2015-03-26T16:13:45.900000,9.702415103433172
2015-03-26T16:13:46.000000,9.695468502343214
2015-03-26T16:13:46.100000,9.7070079715851
2015-03-26T16:13:46.200000,9.714403390517084
2015-03-26T16:13:46.300000,9.70905052359629
2015-03-26T16:13:46.400000,9.721779055253734
2015-03-26T16:13:46.500000,9.724759726490923
2015-03-26T16:13:46.600000,9.708961041218757
2015-03-26T16:13:46.700000,9.703264729218503
2015-03-26T16:13:46.800000,9.726007992831669
2015-03-26T16:13:46.900000,9.73846237387862
2015-03-26T16:13:47.000000,9.728209765623523
2015-03-26T16:13:47.100000,9.718522233055925
2015-03-26T16:13:47.200000,9.71541365271774
2015-03-26T16:13:47.300000,9.717290270693788
2015-03-26T16:13:47.400000,9.725105679127273
2015-03-26T16:13:47.500000,9.734740030969093
2015-03-26T16:13:47.600000,9.76402303963003
2015-03-26T16:13:47.700000,9.754275047703317
2015-03-26T16:13:47.800000,9.738206616386757
2015-03-26T16:13:47.900000,9.749519544638416
2015-03-26T16:13:48.000000,9.756136019647814
2015-03-26T16:13:48.100000,9.75877593348786
2015-03-26T16:13:48.200000,9.771769951060463
2015-03-26T16:13:48.300000,9.763754948608248
2015-03-26T16:13:48.400000,9.759797428247277
2015-03-26T16:13:48.500000,9.776069928714458
2015-03-26T16:13:48.600000,9.773348179944218
2015-03-26T16:13:48.700000,9.759858496924368
2015-03-26T16:13:48.800000,9.751542932641131
2015-03-26T16:13:48.900000,9.754498988061323
2015-03-26T16:13:49.000000,9.762733236626886
2015-03-26T16:13:49.100000,9.75915644530672
2015-03-26T16:13:49.200000,9.75422148561318
2015-03-26T16:13:49.300000,9.750618909850242
2015-03-26T16:13:49.400000,9.73826003242772
2015-03-26T16:13:49.500000,9.75108040579715
2015-03-26T16:13:49.600000,9.757829308066096
2015-03-26T16:13:49.700000,9.75675648485064
2015-03-26T16:13:49.800000,9.749218354131909
2015-03-26T16:13:49.900000,9.741637298194185
2015-03-26T16:13:50.000000,9.744933951524205
2015-03-26T16:13:50.100000,9.737134460875044
2015-03-26T16:13:50.200000,9.735055931975232
2015-03-26T16:13:50.300000,9.743699010176686
2015-03-26T16:13:50.400000,9.721715493810136
2015-03-26T16:13:50.500000,9.711779236962444
2015-03-26T16:13:50.600000,9.71847689922128
2015-03-26T16:13:50.700000,9.727114871736898
2015-03-26T16:13:50.800000,9.73613751420501
2015-03-26T16:13:50.900000,9.735301426803735
2015-03-26T16:13:51.000000,9.726480407258212
2015-03-26T16:13:51.100000,9.731897868178006
2015-03-26T16:13:51.200000,9.7379623894968
2015-03-26T16:13:51.300000,9.724233923061716
2015-03-26T16:13:51.400000,9.728281812505724
2015-03-26T16:13:51.500000,9.728101899447449
2015-03-26T16:13:51.600000,9.734147301596508
2015-03-26T16:13:51.700000,9.737001374683263
2015-03-26T16:13:51.800000,9.728621318636865
2015-03-26T16:13:51.900000,9.742773148741753
2015-03-26T16:13:52.000000,9.745133656169507
2015-03-26T16:13:52.100000,9.73756376584047
2015-03-26T16:13:52.200000,9.74364836395162
2015-03-26T16:13:52.300000,9.750870044176803
2015-03-26T16:13:52.400000,9.72825113102977
2015-03-26T16:13:52.500000,9.724632142047549
2015-03-26T16:13:52.600000,9.7494854754679
2015-03-26T16:13:52.700000,9.754985844546372
2015-03-26T16:13:52.800000,9.754789199919934
2015-03-26T16:13:52.900000,9.751229733432831
2015-03-26T16:13:53.000000,9.762066944735189
2015-03-26T16:13:53.100000,9.758332361173224
2015-03-26T16:13:53.200000,9.74720774442854
2015-03-26T16:13:53.300000,9.752347325461372
2015-03-26T16:13:53.400000,9.76527974725115
2015-03-26T16:13:53.500000,9.770719298656662
2015-03-26T16:13:53.600000,9.756705737603252
2015-03-26T16:13:53.700000,9.753345536144211
2015-03-26T16:13:53.800000,9.75940655964746
2015-03-26T16:13:53.900000,9.737962345453036
2015-03-26T16:13:54.000000,9.728077498565302
2015-03-26T16:13:54.100000,9.737678808302991
2015-03-26T16:13:54.200000,9.745337903597571
2015-03-26T16:13:54.300000,9.739738067394164
2015-03-26T16:13:54.400000,9.728170045061574
2015-03-26T16:13:54.500000,9.75018116108549
2015-03-26T16:13:54.600000,9.73843881146653
2015-03-26T16:13:54.700000,9.729036240757676
2015-03-26T16:13:54.800000,9.73488671197032
2015-03-26T16:13:54.900000,9.734037258212982
2015-03-26T16:13:55.000000,9.72772901766536
2015-03-26T16:13:55.100000,9.712323474266258
2015-03-26T16:13:55.200000,9.710234771170072
2015-03-26T16:13:55.300000,9.72986862523048
2015-03-26T16:13:55.400000,9.710592171069266
2015-03-26T16:13:55.500000,9.690664364637843
2015-03-26T16:13:55.600000,9.716002317086332
2015-03-26T16:13:55.700000,9.721572431216588
2015-03-26T16:13:55.800000,9.710858181423111
2015-03-26T16:13:55.900000,9.70294681466172
2015-03-26T16:13:56.000000,9.70510086018465
2015-03-26T16:13:56.100000,9.710316548216884
2015-03-26T16:13:56.200000,9.71694205674602
2015-03-26T16:13:56.300000,9.71099611953074
2015-03-26T16:13:56.400000,9.71283749843058
2015-03-26T16:13:56.500000,9.711258538781449
2015-03-26T16:13:56.600000,9.720244401826768
2015-03-26T16:13:56.700000,9.733799796798552
2015-03-26T16:13:56.800000,9.73691673615035
2015-03-26T16:13:56.900000,9.728190165375032
2015-03-26T16:13:57.000000,9.75052448912459
2015-03-26T16:13:57.100000,9.753929246249111
2015-03-26T16:13:57.200000,9.733558722476742
2015-03-26T16:13:57.300000,9.746635174264602
2015-03-26T16:13:57.400000,9.74476519080911
2015-03-26T16:13:57.500000,9.750482200574847
2015-03-26T16:13:57.600000,9.765548617760343
2015-03-26T16:13:57.700000,9.769973297631116
2015-03-26T16:13:57.800000,9.779317420754897
2015-03-26T16:13:57.900000,9.776594901452382
2015-03-26T16:13:58.000000,9.7624229119761
2015-03-26T16:13:58.100000,9.754650871209902
2015-03-26T16:13:58.200000,9.75437587762432
2015-03-26T16:13:58.300000,9.788463765202476
2015-03-26T16:13:58.400000,9.77975410527949
2015-03-26T16:13:58.500000,9.753176672389117
2015-03-26T16:13:58.600000,9.787011275870858
2015-03-26T16:13:58.700000,9.799925753051664
2015-03-26T16:13:58.800000,9.758601079035996
2015-03-26T16:13:58.900000,9.747475860465478
2015-03-26T16:13:59.000000,9.747920062415202
2015-03-26T16:13:59.100000,9.761161032086315
2015-03-26T16:13:59.200000,9.761938054024004
2015-03-26T16:13:59.300000,9.758147057515568
2015-03-26T16:13:59.400000,9.767271419890635
2015-03-26T16:13:59.500000,9.748991026610703
2015-03-26T16:13:59.600000,9.759741623939492
2015-03-26T16:13:59.700000,9.768655861953752
2015-03-26T16:13:59.800000,9.747783530662677
2015-03-26T16:13:59.900000,9.742895589113292
2015-03-26T16:14:00.000000,9.762899380040988
2015-03-26T16:14:00.100000,9.765210623972628
2015-03-26T16:14:00.200000,9.750960587664702
2015-03-26T16:14:00.300000,9.74620591216161
2015-03-26T16:14:00.400000,9.725158828639271
2015-03-26T16:14:00.500000,9.714458896845814
2015-03-26T16:14:00.600000,9.722441947832303
2015-03-26T16:14:00.700000,9.738581790620644
2015-03-26T16:14:00.800000,9.742037964429036
2015-03-26T16:14:00.900000,9.744629643501616
2015-03-26T16:14:01.000000,9.73755323712556
2015-03-26T16:14:01.100000,9.718298962931492
2015-03-26T16:14:01.200000,9.718633231992026
2015-03-26T16:14:01.300000,9.71855623694049
2015-03-26T16:14:01.400000,9.70680081127714
2015-03-26T16:14:01.500000,9.7216239677868
2015-03-26T16:14:01.600000,9.721465073378274
2015-03-26T16:14:01.700000,9.703720298090008
2015-03-26T16:14:01.800000,9.703338248068912
2015-03-26T16:14:01.900000,9.720034554597223
2015-03-26T16:14:02.000000,9.719140956903937
2015-03-26T16:14:02.100000,9.707123999279558
2015-03-26T16:14:02.200000,9.71878062046065
2015-03-26T16:14:02.300000,9.7226069453853
2015-03-26T16:14:02.400000,9.703505826271892
2015-03-26T16:14:02.500000,9.708385873253372
2015-03-26T16:14:02.600000,9.70574445183994
2015-03-26T16:14:02.700000,9.708645541707195
2015-03-26T16:14:02.800000,9.734268034076594
2015-03-26T16:14:02.900000,9.733906208756403
2015-03-26T16:14:03.000000,9.73112382671237
2015-03-26T16:14:03.100000,9.736158985634209
2015-03-26T16:14:03.200000,9.732409093032077
2015-03-26T16:14:03.300000,9.724999907640944
2015-03-26T16:14:03.400000,9.732703151486485
2015-03-26T16:14:03.500000,9.761965643522236
2015-03-26T16:14:03.600000,9.757102771735749
2015-03-26T16:14:03.700000,9.746162164877152
2015-03-26T16:14:03.800000,9.76067373184887
2015-03-26T16:14:03.900000,9.74558457934682
2015-03-26T16:14:04.000000,9.744462728659716
2015-03-26T16:14:04.100000,9.75568488806087
2015-03-26T16:14:04.200000,9.75356800874524
2015-03-26T16:14:04.300000,9.753521985916224
2015-03-26T16:14:04.400000,9.768574229951858
2015-03-26T16:14:04.500000,9.75415952213184
2015-03-26T16:14:04.600000,9.755813560380062
2015-03-26T16:14:04.700000,9.75342333529508
2015-03-26T16:14:04.800000,9.737439169710257
2015-03-26T16:14:04.900000,9.739615951289634
2015-03-26T16:14:05.000000,9.74413358870342
2015-03-26T16:14:05.100000,9.746155214076746
2015-03-26T16:14:05.200000,9.746958761452548
2015-03-26T16:14:05.300000,9.754110012404494
2015-03-26T16:14:05.400000,9.758281917973596
2015-03-26T16:14:05.500000,9.751730230420709
2015-03-26T16:14:05.600000,9.742925052918352
2015-03-26T16:14:05.700000,9.755960714008149
2015-03-26T16:14:05.800000,9.771850049332704
2015-03-26T16:14:05.900000,9.748734134873184
2015-03-26T16:14:06.000000,9.74131525595273
2015-03-26T16:14:06.100000,9.7408731066556
2015-03-26T16:14:06.200000,9.745392614342675
2015-03-26T16:14:06.300000,9.761725606900146
2015-03-26T16:14:06.400000,9.755754173663949
2015-03-26T16:14:06.500000,9.728508405814257
2015-03-26T16:14:06.600000,9.723836872231573
2015-03-26T16:14:06.700000,9.729128470446769
2015-03-26T16:14:06.800000,9.730921519685907
2015-03-26T16:14:06.900000,9.729586093742066
2015-03-26T16:14:07.000000,9.72768651514085
2015-03-26T16:14:07.100000,9.753393021567437
2015-03-26T16:14:07.200000,9.758220524616704
2015-03-26T16:14:07.300000,9.742816316830735
2015-03-26T16:14:07.400000,9.74406530939614
2015-03-26T16:14:07.500000,9.718421340385309
2015-03-26T16:14:07.600000,9.71606283593297
2015-03-26T16:14:07.700000,9.751578349552153
2015-03-26T16:14:07.800000,9.745434366430455
2015-03-26T16:14:07.900000,9.717275880575764
2015-03-26T16:14:08.000000,9.715359711866366
2015-03-26T16:14:08.100000,9.728648952402429
2015-03-26T16:14:08.200000,9.738192651436067
2015-03-26T16:14:08.300000,9.735040897629355
2015-03-26T16:14:08.400000,9.742595836243655
2015-03-26T16:14:08.500000,9.744363180188508
2015-03-26T16:14:08.600000,9.738061836859956
2015-03-26T16:14:08.700000,9.74170721210163
2015-03-26T16:14:08.800000,9.746227284497406
2015-03-26T16:14:08.900000,9.74371561494642
2015-03-26T16:14:09.000000,9.734577002005466
2015-03-26T16:14:09.100000,9.735270514533235
2015-03-26T16:14:09.200000,9.749897754825664
2015-03-26T16:14:09.300000,9.74717413163311
2015-03-26T16:14:09.400000,9.739974079920586
2015-03-26T16:14:09.500000,9.750746739159712
2015-03-26T16:14:09.600000,9.746155428953038
2015-03-26T16:14:09.700000,9.73231699567081
2015-03-26T16:14:09.800000,9.73317265620985
2015-03-26T16:14:09.900000,9.765615823367604
2015-03-26T16:14:10.000000,9.757320627366584
2015-03-26T16:14:10.100000,9.741922935818504
2015-03-26T16:14:10.200000,9.745679718067509
2015-03-26T16:14:10.300000,9.739844195390983
2015-03-26T16:14:10.400000,9.742698858109028
2015-03-26T16:14:10.500000,9.74640751642646
2015-03-26T16:14:10.600000,9.75153966231834
2015-03-26T16:14:10.700000,9.742112073714738
2015-03-26T16:14:10.800000,9.738391542636432
2015-03-26T16:14:10.900000,9.747401795369102
2015-03-26T16:14:11.000000,9.746480991284566
2015-03-26T16:14:11.100000,9.747302646816545
2015-03-26T16:14:11.200000,9.748992277919308
2015-03-26T16:14:11.300000,9.75275764393015
2015-03-26T16:14:11.400000,9.748395894169036
2015-03-26T16:14:11.500000,9.73315853562982
2015-03-26T16:14:11.600000,9.728773694393036
2015-03-26T16:14:11.700000,9.742743047049888
2015-03-26T16:14:11.800000,9.753475858112054
2015-03-26T16:14:11.900000,9.73337991914486
2015-03-26T16:14:12.000000,9.742536063915416
2015-03-26T16:14:12.100000,9.750340241594325
2015-03-26T16:14:12.200000,9.732177917407098
2015-03-26T16:14:12.300000,9.736500229052712
2015-03-26T16:14:12.400000,9.727442011920433
2015-03-26T16:14:12.500000,9.73300043122821
2015-03-26T16:14:12.600000,9.74008309194243
2015-03-26T16:14:12.700000,9.728367083267422
2015-03-26T16:14:12.800000,9.746116683286864
2015-03-26T16:14:12.900000,9.755320110923924
2015-03-26T16:14:13.000000,9.739680604562295
2015-03-26T16:14:13.100000,9.758542940661329
2015-03-26T16:14:13.200000,9.767302020661823
2015-03-26T16:14:13.300000,9.749010561065557
2015-03-26T16:14:13.400000,9.745745334286882
2015-03-26T16:14:13.500000,9.75528245395485
2015-03-26T16:14:13.600000,9.764172347691291
2015-03-26T16:14:13.700000,9.76272910073777
2015-03-26T16:14:13.800000,9.744425802749696
2015-03-26T16:14:13.900000,9.742099182948037
2015-03-26T16:14:14.000000,9.756053675782017
2015-03-26T16:14:14.100000,9.749775356456102
2015-03-26T16:14:14.200000,9.756577566709026
2015-03-26T16:14:14.300000,9.777995755362722
2015-03-26T16:14:14.400000,9.763852326542189
2015-03-26T16:14:14.500000,9.752938486103282
2015-03-26T16:14:14.600000,9.748475783547306
2015-03-26T16:14:14.700000,9.736148611378407
2015-03-26T16:14:14.800000,9.759342484096369
2015-03-26T16:14:14.900000,9.77615218443797
2015-03-26T16:14:15.000000,9.758188776528266
2015-03-26T16:14:15.100000,9.758238338788276
2015-03-26T16:14:15.200000,9.77490650066126
2015-03-26T16:14:15.300000,9.758654339757712
2015-03-26T16:14:15.400000,9.76429284254132
2015-03-26T16:14:15.500000,9.76364578263529
2015-03-26T16:14:15.600000,9.755287910380511
2015-03-26T16:14:15.700000,9.751749754820931
2015-03-26T16:14:15.800000,9.748972615239817
2015-03-26T16:14:15.900000,9.761034494067635
2015-03-26T16:14:16.000000,9.744314367697145
2015-03-26T16:14:16.100000,9.758041327113077
2015-03-26T16:14:16.200000,9.773556020061928
2015-03-26T16:14:16.300000,9.768257320239032
2015-03-26T16:14:16.400000,9.765403530311788
2015-03-26T16:14:16.500000,9.755516073199017
2015-03-26T16:14:16.600000,9.756414453769084
2015-03-26T16:14:16.700000,9.74264373067236
2015-03-26T16:14:16.800000,9.726831036842698
2015-03-26T16:14:16.900000,9.73863203099246
2015-03-26T16:14:17.000000,9.74228555521522
2015-03-26T16:14:17.100000,9.74425161549771
2015-03-26T16:14:17.200000,9.747728995290815
2015-03-26T16:14:17.300000,9.73353292485112
2015-03-26T16:14:17.400000,9.740578393799549
2015-03-26T16:14:17.500000,9.743318947408012
2015-03-26T16:14:17.600000,9.723566771444842
2015-03-26T16:14:17.700000,9.719827833406
2015-03-26T16:14:17.800000,9.74388175147246
2015-03-26T16:14:17.900000,9.746812037906752
2015-03-26T16:14:18.000000,9.74517082519028
2015-03-26T16:14:18.100000,9.75916167379068
2015-03-26T16:14:18.200000,9.744808783738945
2015-03-26T16:14:18.300000,9.730422243285352
2015-03-26T16:14:18.400000,9.721765210696246
2015-03-26T16:14:18.500000,9.733745330086444
2015-03-26T16:14:18.600000,9.734379024948092
2015-03-26T16:14:18.700000,9.722819547459274
2015-03-26T16:14:18.800000,9.729108933365874
2015-03-26T16:14:18.900000,9.72095656849993
2015-03-26T16:14:19.000000,9.72437695706567
2015-03-26T16:14:19.100000,9.751010524807317
2015-03-26T16:14:19.200000,9.744578890194418
2015-03-26T16:14:19.300000,9.71511259159096
2015-03-26T16:14:19.400000,9.71697511123796
2015-03-26T16:14:19.500000,9.73187599687396
2015-03-26T16:14:19.600000,9.733477059799217
2015-03-26T16:14:19.700000,9.751481745515743
2015-03-26T16:14:19.800000,9.735430740600998
2015-03-26T16:14:19.900000,9.714276768715427
2015-03-26T16:14:20.000000,9.735621144772324
2015-03-26T16:14:20.100000,9.744309541692148
2015-03-26T16:14:20.200000,9.746289505729289
2015-03-26T16:14:20.300000,9.735970943834168
2015-03-26T16:14:20.400000,9.733375205036312
2015-03-26T16:14:20.500000,9.753045097356653
2015-03-26T16:14:20.600000,9.762576060714428
2015-03-26T16:14:20.700000,9.744362616425748
2015-03-26T16:14:20.800000,9.74945164797233
2015-03-26T16:14:20.900000,9.74350767310528
2015-03-26T16:14:21.000000,9.747659925255416
2015-03-26T16:14:21.100000,9.761029840133558
2015-03-26T16:14:21.200000,9.750857427290246
2015-03-26T16:14:21.300000,9.74844891812057
2015-03-26T16:14:21.400000,9.752982157174042
2015-03-26T16:14:21.500000,9.742442001806218
2015-03-26T16:14:21.600000,9.728136267072836
2015-03-26T16:14:21.700000,9.73066736148403
2015-03-26T16:14:21.800000,9.723619670456731
2015-03-26T16:14:21.900000,9.724058523262592
2015-03-26T16:14:22.000000,9.733642469657523
2015-03-26T16:14:22.100000,9.740988189386774
2015-03-26T16:14:22.200000,9.745134339481888
2015-03-26T16:14:22.300000,9.74941289046984
2015-03-26T16:14:22.400000,9.745840849040489
2015-03-26T16:14:22.500000,9.755077266431194
2015-03-26T16:14:22.600000,9.772663296905902
2015-03-26T16:14:22.700000,9.75828579699344
2015-03-26T16:14:22.800000,9.739194087174084
2015-03-26T16:14:22.900000,9.733299652341584
2015-03-26T16:14:23.000000,9.74459647101488
2015-03-26T16:14:23.100000,9.742001155431067
2015-03-26T16:14:23.200000,9.752699196433944
2015-03-26T16:14:23.300000,9.7666543810312
2015-03-26T16:14:23.400000,9.7478155434716
2015-03-26T16:14:23.500000,9.756042403475528
2015-03-26T16:14:23.600000,9.758198366105132
2015-03-26T16:14:23.700000,9.74016285381199
2015-03-26T16:14:23.800000,9.75571891163057
2015-03-26T16:14:23.900000,9.760518409841008
2015-03-26T16:14:24.000000,9.740442568969558
2015-03-26T16:14:24.100000,9.738939955346972
2015-03-26T16:14:24.200000,9.736983507350446
2015-03-26T16:14:24.300000,9.732521778615878
2015-03-26T16:14:24.400000,9.74204712291933
2015-03-26T16:14:24.500000,9.753091321175887
2015-03-26T16:14:24.600000,9.745372882673523
2015-03-26T16:14:24.700000,9.739921814077244
2015-03-26T16:14:24.800000,9.744103294432062
2015-03-26T16:14:24.900000,9.741727458259827
2015-03-26T16:14:25.000000,9.760107752984906
2015-03-26T16:14:25.100000,9.753422009776646
2015-03-26T16:14:25.200000,9.748502591240104
2015-03-26T16:14:25.300000,9.74270098885922
2015-03-26T16:14:25.400000,9.733631618405978
2015-03-26T16:14:25.500000,9.72035751853667
2015-03-26T16:14:25.600000,9.725072427753526
2015-03-26T16:14:25.700000,9.756212692850042
2015-03-26T16:14:25.800000,9.75746789023992
2015-03-26T16:14:25.900000,9.738041952371775
2015-03-26T16:14:26.000000,9.74004066856538
2015-03-26T16:14:26.100000,9.736215246361764
2015-03-26T16:14:26.200000,9.737930707937556
2015-03-26T16:14:26.300000,9.754780126707956
2015-03-26T16:14:26.400000,9.745227292546229
2015-03-26T16:14:26.500000,9.746560395645057
2015-03-26T16:14:26.600000,9.7659764750564
2015-03-26T16:14:26.700000,9.745888460975344
2015-03-26T16:14:26.800000,9.729290384911272
2015-03-26T16:14:26.900000,9.750764234157552
2015-03-26T16:14:27.000000,9.754241263631757
2015-03-26T16:14:27.100000,9.732114521389292
2015-03-26T16:14:27.200000,9.742274915752438
2015-03-26T16:14:27.300000,9.734616241037129
2015-03-26T16:14:27.400000,9.73617944403376
2015-03-26T16:14:27.500000,9.759471034499333
2015-03-26T16:14:27.600000,9.745452926991211
2015-03-26T16:14:27.700000,9.748257305975818
2015-03-26T16:14:27.800000,9.748502371246964
2015-03-26T16:14:27.900000,9.73491344644823
2015-03-26T16:14:28.000000,9.7282882472583
2015-03-26T16:14:28.100000,9.739058509569066
2015-03-26T16:14:28.200000,9.745651176549028
2015-03-26T16:14:28.300000,9.725776141191984
2015-03-26T16:14:28.400000,9.730502118027792
2015-03-26T16:14:28.500000,9.757569371577995
2015-03-26T16:14:28.600000,9.740729927577874
2015-03-26T16:14:28.700000,9.71923130233938
2015-03-26T16:14:28.800000,9.748429881549017
2015-03-26T16:14:28.900000,9.745253419629808
2015-03-26T16:14:29.000000,9.73135434264173
2015-03-26T16:14:29.100000,9.740173092738678
2015-03-26T16:14:29.200000,9.731754363960768
2015-03-26T16:14:29.300000,9.739326763548773
2015-03-26T16:14:29.400000,9.752260107560378
2015-03-26T16:14:29.500000,9.753690741110203
2015-03-26T16:14:29.600000,9.755326187385815
2015-03-26T16:14:29.700000,9.73930483612664
2015-03-26T16:14:29.800000,9.730963070073791
2015-03-26T16:14:29.900000,9.752360325287464
2015-03-26T16:14:30.000000,9.747990718758778
2015-03-26T16:14:30.100000,9.728894791453744
2015-03-26T16:14:30.200000,9.728262272796592
2015-03-26T16:14:30.300000,9.72579632619351
2015-03-26T16:14:30.400000,9.72857012847559
2015-03-26T16:14:30.500000,9.72833673006274
2015-03-26T16:14:30.600000,9.737754822433478
2015-03-26T16:14:30.700000,9.730343732800824
2015-03-26T16:14:30.800000,9.737890041773047
2015-03-26T16:14:30.900000,9.755557550785667
2015-03-26T16:14:31.000000,9.742338515190198
2015-03-26T16:14:31.100000,9.723900865566357
2015-03-26T16:14:31.200000,9.732289774414507
2015-03-26T16:14:31.300000,9.754966556571713
2015-03-26T16:14:31.400000,9.732338564475032
2015-03-26T16:14:31.500000,9.71062888759795
2015-03-26T16:14:31.600000,9.7309247034801
2015-03-26T16:14:31.700000,9.747865404958308
2015-03-26T16:14:31.800000,9.747466949649558
2015-03-26T16:14:31.900000,9.745680160529224
2015-03-26T16:14:32.000000,9.73129608153932
2015-03-26T16:14:32.100000,9.732084501912489
2015-03-26T16:14:32.200000,9.75063799711572
2015-03-26T16:14:32.300000,9.761545829209547
2015-03-26T16:14:32.400000,9.76023378758887
2015-03-26T16:14:32.500000,9.738469412801397
2015-03-26T16:14:32.600000,9.730889261027206
2015-03-26T16:14:32.700000,9.736510407365198
2015-03-26T16:14:32.800000,9.744808738007729
2015-03-26T16:14:32.900000,9.761736547939377
2015-03-26T16:14:33.000000,9.758895079548957
2015-03-26T16:14:33.100000,9.757480512219605
2015-03-26T16:14:33.200000,9.752373298605669
2015-03-26T16:14:33.300000,9.738090353354822
2015-03-26T16:14:33.400000,9.749730065180662
2015-03-26T16:14:33.500000,9.735795892538524
2015-03-26T16:14:33.600000,9.739594517112282
2015-03-26T16:14:33.700000,9.737420676773333
2015-03-26T16:14:33.800000,9.742126435022715
2015-03-26T16:14:33.900000,9.74482791929788
2015-03-26T16:14:34.000000,9.732479777708084
2015-03-26T16:14:34.100000,9.743101357532243
2015-03-26T16:14:34.200000,9.741644112328675
2015-03-26T16:14:34.300000,9.740127300778283
2015-03-26T16:14:34.400000,9.759727511780651
2015-03-26T16:14:34.500000,9.760568878047907
2015-03-26T16:14:34.600000,9.745208086200412
2015-03-26T16:14:34.700000,9.719309032063068
2015-03-26T16:14:34.800000,9.724056935513504
2015-03-26T16:14:34.900000,9.749219385700302
2015-03-26T16:14:35.000000,9.756679216552186
2015-03-26T16:14:35.100000,9.759384864762152
2015-03-26T16:14:35.200000,9.738933755493909
2015-03-26T16:14:35.300000,9.739996632404832
2015-03-26T16:14:35.400000,9.73399810451496
2015-03-26T16:14:35.500000,9.725920020146472
2015-03-26T16:14:35.600000,9.735595398615695
2015-03-26T16:14:35.700000,9.756824708139236
2015-03-26T16:14:35.800000,9.75818051610233
2015-03-26T16:14:35.900000,9.74615532290414
2015-03-26T16:14:36.000000,9.737488620719043
2015-03-26T16:14:36.100000,9.722098324137564
2015-03-26T16:14:36.200000,9.720200296063911
2015-03-26T16:14:36.300000,9.714031639703723
2015-03-26T16:14:36.400000,9.73037430659221
2015-03-26T16:14:36.500000,9.744674224899615
2015-03-26T16:14:36.600000,9.731762072041056
2015-03-26T16:14:36.700000,9.722126493718816
2015-03-26T16:14:36.800000,9.733066159833058
2015-03-26T16:14:36.900000,9.740737889134024
2015-03-26T16:14:37.000000,9.731742340046422
2015-03-26T16:14:37.100000,9.735192012259116
2015-03-26T16:14:37.200000,9.73884493976993
2015-03-26T16:14:37.300000,9.739705809417538
2015-03-26T16:14:37.400000,9.733645190140066
2015-03-26T16:14:37.500000,9.731887735653489
2015-03-26T16:14:37.600000,9.749282804204173
2015-03-26T16:14:37.700000,9.75145144874348
2015-03-26T16:14:37.800000,9.73791905390683
2015-03-26T16:14:37.900000,9.734284596074986
2015-03-26T16:14:38.000000,9.740991735901474
2015-03-26T16:14:38.100000,9.751302237399065
2015-03-26T16:14:38.200000,9.737934418662864
2015-03-26T16:14:38.300000,9.734284740531033
2015-03-26T16:14:38.400000,9.754231488713003
2015-03-26T16:14:38.500000,9.76778412978266
2015-03-26T16:14:38.600000,9.739532470935194
2015-03-26T16:14:38.700000,9.740291345141666
2015-03-26T16:14:38.800000,9.75122235242691
2015-03-26T16:14:38.900000,9.750293717879847
2015-03-26T16:14:39.000000,9.78076898079794
2015-03-26T16:14:39.100000,9.769001360674652
2015-03-26T16:14:39.200000,9.76412907343243
2015-03-26T16:14:39.300000,9.755131785494706
2015-03-26T16:14:39.400000,9.72664295204193
2015-03-26T16:14:39.500000,9.759557458537463
2015-03-26T16:14:39.600000,9.772750585847634
2015-03-26T16:14:39.700000,9.777357925118311
2015-03-26T16:14:39.800000,9.78971146422072
2015-03-26T16:14:39.900000,9.771368862285073
2015-03-26T16:14:40.000000,9.777013724024304
2015-03-26T16:14:40.100000,9.781033720671903
2015-03-26T16:14:40.200000,9.770526606222564
2015-03-26T16:14:40.300000,9.749413799601708
2015-03-26T16:14:40.400000,9.745831698044723
2015-03-26T16:14:40.500000,9.75063019943672
2015-03-26T16:14:40.600000,9.755113589939675
2015-03-26T16:14:40.700000,9.755122407800023
2015-03-26T16:14:40.800000,9.753636420623437
2015-03-26T16:14:40.900000,9.740293170366431
2015-03-26T16:14:41.000000,9.726666775104247
2015-03-26T16:14:41.100000,9.759349442747991
2015-03-26T16:14:41.200000,9.770000870872506
2015-03-26T16:14:41.300000,9.749466320784173
2015-03-26T16:14:41.400000,9.73044391005812
2015-03-26T16:14:41.500000,9.72267906314522
2015-03-26T16:14:41.600000,9.73823820157479
2015-03-26T16:14:41.700000,9.748165635646831
2015-03-26T16:14:41.800000,9.73795901876612
2015-03-26T16:14:41.900000,9.731564910909077
2015-03-26T16:14:42.000000,9.725580139919192
2015-03-26T16:14:42.100000,9.712437422765383
2015-03-26T16:14:42.200000,9.731608731940394
2015-03-26T16:14:42.300000,9.731499050180265
2015-03-26T16:14:42.400000,9.721064783672317
2015-03-26T16:14:42.500000,9.738391170689686
2015-03-26T16:14:42.600000,9.727198643042453
2015-03-26T16:14:42.700000,9.705916123892733
2015-03-26T16:14:42.800000,9.704113384902753
2015-03-26T16:14:42.900000,9.70702782987996
2015-03-26T16:14:43.000000,9.723271851815912
2015-03-26T16:14:43.100000,9.719276653445624
2015-03-26T16:14:43.200000,9.697707919553867
2015-03-26T16:14:43.300000,9.70930228101824
2015-03-26T16:14:43.400000,9.732726805752453
2015-03-26T16:14:43.500000,9.734485753765446
2015-03-26T16:14:43.600000,9.745225716652126
2015-03-26T16:14:43.700000,9.75430144451607
2015-03-26T16:14:43.800000,9.73428149465826
2015-03-26T16:14:43.900000,9.73173782247203
2015-03-26T16:14:44.000000,9.733907658585776
2015-03-26T16:14:44.100000,9.73585128600804
2015-03-26T16:14:44.200000,9.73658271808635
2015-03-26T16:14:44.300000,9.741677871970744
2015-03-26T16:14:44.400000,9.73885364827477
2015-03-26T16:14:44.500000,9.741798372385682
2015-03-26T16:14:44.600000,9.74586819994908
2015-03-26T16:14:44.700000,9.738834326802236
2015-03-26T16:14:44.800000,9.762845198222756
2015-03-26T16:14:44.900000,9.7712668899885
2015-03-26T16:14:45.000000,9.77068780081316
2015-03-26T16:14:45.100000,9.763776374082386
2015-03-26T16:14:45.200000,9.751479411852834
2015-03-26T16:14:45.300000,9.76208255764906
2015-03-26T16:14:45.400000,9.748685406788091
2015-03-26T16:14:45.500000,9.744332690589314
2015-03-26T16:14:45.600000,9.762778207084066
2015-03-26T16:14:45.700000,9.770743010686548
2015-03-26T16:14:45.800000,9.772377757739369
2015-03-26T16:14:45.900000,9.764442147187662
2015-03-26T16:14:46.000000,9.74279897532957
2015-03-26T16:14:46.100000,9.734605144160746
2015-03-26T16:14:46.200000,9.745422360201085
2015-03-26T16:14:46.300000,9.745195990284277
2015-03-26T16:14:46.400000,9.74117943009292
2015-03-26T16:14:46.500000,9.756365984082397
2015-03-26T16:14:46.600000,9.752837528954611
2015-03-26T16:14:46.700000,9.75441452904754
2015-03-26T16:14:46.800000,9.755938874597025
2015-03-26T16:14:46.900000,9.753595833834028
2015-03-26T16:14:47.000000,9.758698490159627
2015-03-26T16:14:47.100000,9.748653777060827
2015-03-26T16:14:47.200000,9.755429962262806
2015-03-26T16:14:47.300000,9.769138355736452
2015-03-26T16:14:47.400000,9.764255226265949
2015-03-26T16:14:47.500000,9.757211016613349
2015-03-26T16:14:47.600000,9.747036028582484
2015-03-26T16:14:47.700000,9.745998737685785
2015-03-26T16:14:47.800000,9.74373604006754
2015-03-26T16:14:47.900000,9.734783695535407
2015-03-26T16:14:48.000000,9.73530580961568
2015-03-26T16:14:48.100000,9.747858130058162
2015-03-26T16:14:48.200000,9.75002311121147
2015-03-26T16:14:48.300000,9.735235502754191
2015-03-26T16:14:48.400000,9.719546176030953
2015-03-26T16:14:48.500000,9.729855301604328
2015-03-26T16:14:48.600000,9.73023551240204
2015-03-26T16:14:48.700000,9.725770359815558
2015-03-26T16:14:48.800000,9.731897198450786
2015-03-26T16:14:48.900000,9.738791911086444
2015-03-26T16:14:49.000000,9.749731228013411
2015-03-26T16:14:49.100000,9.739973879292208
2015-03-26T16:14:49.200000,9.739057741189823
2015-03-26T16:14:49.300000,9.74612910663994
2015-03-26T16:14:49.400000,9.74299507282925
2015-03-26T16:14:49.500000,9.751669245539622
2015-03-26T16:14:49.600000,9.737579663169305
2015-03-26T16:14:49.700000,9.728326032704928
2015-03-26T16:14:49.800000,9.721184277645389
2015-03-26T16:14:49.900000,9.736282757441307
2015-03-26T16:14:50.000000,9.76878274190329
2015-03-26T16:14:50.100000,9.757729990023206
2015-03-26T16:14:50.200000,9.743174923515612
2015-03-26T16:14:50.300000,9.745960633913526
2015-03-26T16:14:50.400000,9.739565056166589
2015-03-26T16:14:50.500000,9.74411556616035
2015-03-26T16:14:50.600000,9.743765807394048
2015-03-26T16:14:50.700000,9.7384037120796
2015-03-26T16:14:50.800000,9.744742368739525
2015-03-26T16:14:50.900000,9.74883182449095
2015-03-26T16:14:51.000000,9.753313839148817
2015-03-26T16:14:51.100000,9.742459832391583
2015-03-26T16:14:51.200000,9.721744953600776
2015-03-26T16:14:51.300000,9.722050082371275
2015-03-26T16:14:51.400000,9.748200413176246
2015-03-26T16:14:51.500000,9.74363023570872
2015-03-26T16:14:51.600000,9.728800801902446
2015-03-26T16:14:51.700000,9.722416708785898
2015-03-26T16:14:51.800000,9.715534332389636
2015-03-26T16:14:51.900000,9.719274341214184
2015-03-26T16:14:52.000000,9.71632360450945
2015-03-26T16:14:52.100000,9.730073510193495
2015-03-26T16:14:52.200000,9.72500424352963
2015-03-26T16:14:52.300000,9.709384576021163
2015-03-26T16:14:52.400000,9.737792179757191
2015-03-26T16:14:52.500000,9.7395109010104
2015-03-26T16:14:52.600000,9.713333043708428
2015-03-26T16:14:52.700000,9.722206139383156
2015-03-26T16:14:52.800000,9.755384210297793
2015-03-26T16:14:52.900000,9.780648363902236
2015-03-26T16:14:53.000000,9.7557723001383
2015-03-26T16:14:53.100000,9.753741254344275
2015-03-26T16:14:53.200000,9.750647851835478
2015-03-26T16:14:53.300000,9.738784919930346
2015-03-26T16:14:53.400000,9.751988684243088
2015-03-26T16:14:53.500000,9.734095006450104
2015-03-26T16:14:53.600000,9.734232469494376
2015-03-26T16:14:53.700000,9.737008010375966
2015-03-26T16:14:53.800000,9.737204120138127
2015-03-26T16:14:53.900000,9.74893223985261
2015-03-26T16:14:54.000000,9.763312647316058
2015-03-26T16:14:54.100000,9.771543388888103
2015-03-26T16:14:54.200000,9.752270434761314
2015-03-26T16:14:54.300000,9.746055760630128
2015-03-26T16:14:54.400000,9.73588838816436
2015-03-26T16:14:54.500000,9.728664725585748
2015-03-26T16:14:54.600000,9.736318165600215
2015-03-26T16:14:54.700000,9.740067720601909
2015-03-26T16:14:54.800000,9.74670164609832
2015-03-26T16:14:54.900000,9.742897585138753
2015-03-26T16:14:55.000000,9.75312420949416
2015-03-26T16:14:55.100000,9.759650133368432
2015-03-26T16:14:55.200000,9.751362609787636
2015-03-26T16:14:55.300000,9.740138933998711
2015-03-26T16:14:55.400000,9.728258242729536
2015-03-26T16:14:55.500000,9.737230194709124
2015-03-26T16:14:55.600000,9.759026174658969
2015-03-26T16:14:55.700000,9.750618305294632
2015-03-26T16:14:55.800000,9.740803504050266
2015-03-26T16:14:55.900000,9.73842175321566
2015-03-26T16:14:56.000000,9.749476558862089
2015-03-26T16:14:56.100000,9.741876664425718
2015-03-26T16:14:56.200000,9.750713615697304
2015-03-26T16:14:56.300000,9.755775609200253
2015-03-26T16:14:56.400000,9.75718601503759
2015-03-26T16:14:56.500000,9.766166168453395
2015-03-26T16:14:56.600000,9.74670693209217
2015-03-26T16:14:56.700000,9.753392332010533
2015-03-26T16:14:56.800000,9.765565354509008
2015-03-26T16:14:56.900000,9.7499526846206
2015-03-26T16:14:57.000000,9.740906117290487
2015-03-26T16:14:57.100000,9.741735195514376
2015-03-26T16:14:57.200000,9.758530847501865
2015-03-26T16:14:57.300000,9.75925969925225
2015-03-26T16:14:57.400000,9.736008218571136
2015-03-26T16:14:57.500000,9.73534290568005
2015-03-26T16:14:57.600000,9.746552958563944
2015-03-26T16:14:57.700000,9.748098086072355
2015-03-26T16:14:57.800000,9.746795842063364
2015-03-26T16:14:57.900000,9.764057695233976
2015-03-26T16:14:58.000000,9.771693114250857
2015-03-26T16:14:58.100000,9.773352615362803
2015-03-26T16:14:58.200000,9.774144906717156
2015-03-26T16:14:58.300000,9.759441017248136
2015-03-26T16:14:58.400000,9.735089193001812
2015-03-26T16:14:58.500000,9.733564996452875
2015-03-26T16:14:58.600000,9.746597716016138
2015-03-26T16:14:58.700000,9.759944205864938
2015-03-26T16:14:58.800000,9.747383453684174
2015-03-26T16:14:58.900000,9.743637486642774
2015-03-26T16:14:59.000000,9.753479278275789
2015-03-26T16:14:59.100000,9.75872248395335
2015-03-26T16:14:59.200000,9.738998357893088
2015-03-26T16:14:59.300000,9.728801998341565
2015-03-26T16:14:59.400000,9.73999049371627
2015-03-26T16:14:59.500000,9.739878547215802
2015-03-26T16:14:59.600000,9.728232157913228
2015-03-26T16:14:59.700000,9.723582639059648
2015-03-26T16:14:59.800000,9.723952735022156
2015-03-26T16:14:59.900000,9.72125682239101
2015-03-26T16:15:00.000000,9.718249043883636
2015-03-26T16:15:00.100000,9.706429808031508
2015-03-26T16:15:00.200000,9.701078294079936
2015-03-26T16:15:00.300000,9.71167756649262
2015-03-26T16:15:00.400000,9.734300269379624
2015-03-26T16:15:00.500000,9.719525336903152
2015-03-26T16:15:00.600000,9.720584677696934
2015-03-26T16:15:00.700000,9.715290173332823
2015-03-26T16:15:00.800000,9.688917094614256
2015-03-26T16:15:00.900000,9.69773453516298
2015-03-26T16:15:01.000000,9.725039150417205
2015-03-26T16:15:01.100000,9.73259991930552
2015-03-26T16:15:01.200000,9.737324487551026
2015-03-26T16:15:01.300000,9.744171211970723
2015-03-26T16:15:01.400000,9.739563163067285
2015-03-26T16:15:01.500000,9.72571442431841
2015-03-26T16:15:01.600000,9.723369619082623
2015-03-26T16:15:01.700000,9.73680488364045
2015-03-26T16:15:01.800000,9.743103675192147
2015-03-26T16:15:01.900000,9.745076343167373
2015-03-26T16:15:02.000000,9.745924715214857
2015-03-26T16:15:02.100000,9.751923345130248
2015-03-26T16:15:02.200000,9.76155064807542
2015-03-26T16:15:02.300000,9.75546472632088
2015-03-26T16:15:02.400000,9.754280484088373
2015-03-26T16:15:02.500000,9.760343330747602
2015-03-26T16:15:02.600000,9.77840340458934
2015-03-26T16:15:02.700000,9.780159038908764
2015-03-26T16:15:02.800000,9.773812023297246
2015-03-26T16:15:02.900000,9.777870249935312
2015-03-26T16:15:03.000000,9.777991795501864
2015-03-26T16:15:03.100000,9.76767661726465
2015-03-26T16:15:03.200000,9.737309380807597
2015-03-26T16:15:03.300000,9.76677517144856
2015-03-26T16:15:03.400000,9.780356122121065
2015-03-26T16:15:03.500000,9.76002841990066
2015-03-26T16:15:03.600000,9.748735598992068
2015-03-26T16:15:03.700000,9.746734111301
2015-03-26T16:15:03.800000,9.754410998802229
2015-03-26T16:15:03.900000,9.750112817968033
2015-03-26T16:15:04.000000,9.766397423026849
2015-03-26T16:15:04.100000,9.747248635065358
2015-03-26T16:15:04.200000,9.74165529907328
2015-03-26T16:15:04.300000,9.763864152675094
2015-03-26T16:15:04.400000,9.756595731310156
2015-03-26T16:15:04.500000,9.733778066757916
2015-03-26T16:15:04.600000,9.74980644975566
2015-03-26T16:15:04.700000,9.746410431391896
2015-03-26T16:15:04.800000,9.738322763597209
2015-03-26T16:15:04.900000,9.761150747827791
2015-03-26T16:15:05.000000,9.748821789804522
2015-03-26T16:15:05.100000,9.724067862817506
2015-03-26T16:15:05.200000,9.720103226504383
2015-03-26T16:15:05.300000,9.73401976544364
2015-03-26T16:15:05.400000,9.739479353610813
2015-03-26T16:15:05.500000,9.73116013059781
2015-03-26T16:15:05.600000,9.736584640233357
2015-03-26T16:15:05.700000,9.719940709902971
2015-03-26T16:15:05.800000,9.698750804459848
2015-03-26T16:15:05.900000,9.708347155544663
2015-03-26T16:15:06.000000,9.708109240074938
2015-03-26T16:15:06.100000,9.726447400888592
2015-03-26T16:15:06.200000,9.731674508532524
2015-03-26T16:15:06.300000,9.70689945007137
2015-03-26T16:15:06.400000,9.725605260187988
2015-03-26T16:15:06.500000,9.7378018821203
2015-03-26T16:15:06.600000,9.728938260502742
2015-03-26T16:15:06.700000,9.739138219516638
2015-03-26T16:15:06.800000,9.731482590926545
2015-03-26T16:15:06.900000,9.71475851395125
2015-03-26T16:15:07.000000,9.730876264134212
2015-03-26T16:15:07.100000,9.73882837298144
2015-03-26T16:15:07.200000,9.732312144291496
2015-03-26T16:15:07.300000,9.724058521882746
2015-03-26T16:15:07.400000,9.732932370276131
2015-03-26T16:15:07.500000,9.7692201232409
2015-03-26T16:15:07.600000,9.765283056545922
2015-03-26T16:15:07.700000,9.737543035073529
2015-03-26T16:15:07.800000,9.749982628224243
2015-03-26T16:15:07.900000,9.767173991760371
2015-03-26T16:15:08.000000,9.77200372766838
2015-03-26T16:15:08.100000,9.77238023334208
2015-03-26T16:15:08.200000,9.766886730221096
2015-03-26T16:15:08.300000,9.766743326989122
2015-03-26T16:15:08.400000,9.7733532804172
2015-03-26T16:15:08.500000,9.753581873136062
2015-03-26T16:15:08.600000,9.743659969433764
2015-03-26T16:15:08.700000,9.756879593914888
2015-03-26T16:15:08.800000,9.766620251292318
2015-03-26T16:15:08.900000,9.778757530048578
2015-03-26T16:15:09.000000,9.77429251500059
2015-03-26T16:15:09.100000,9.771030987293924
2015-03-26T16:15:09.200000,9.774857616292628
2015-03-26T16:15:09.300000,9.764688340270554
2015-03-26T16:15:09.400000,9.752078276241578
2015-03-26T16:15:09.500000,9.746426165409972
2015-03-26T16:15:09.600000,9.7480728707795
2015-03-26T16:15:09.700000,9.760542063987474
2015-03-26T16:15:09.800000,9.775110659715295
2015-03-26T16:15:09.900000,9.766396534976357
2015-03-26T16:15:10.000000,9.764778393778805
2015-03-26T16:15:10.100000,9.760465790685064
2015-03-26T16:15:10.200000,9.750456981868853
2015-03-26T16:15:10.300000,9.763392588718911
2015-03-26T16:15:10.400000,9.756421256413756
2015-03-26T16:15:10.500000,9.742382860262282
2015-03-26T16:15:10.600000,9.739354429929197
2015-03-26T16:15:10.700000,9.73591540892515
2015-03-26T16:15:10.800000,9.73073915344952
2015-03-26T16:15:10.900000,9.732374691205797
2015-03-26T16:15:11.000000,9.745020878822348
2015-03-26T16:15:11.100000,9.736003638427643
2015-03-26T16:15:11.200000,9.731157534974226
2015-03-26T16:15:11.300000,9.73760811731232
2015-03-26T16:15:11.400000,9.717143620342757
2015-03-26T16:15:11.500000,9.696213667595371
2015-03-26T16:15:11.600000,9.705191595859098
2015-03-26T16:15:11.700000,9.736533596191691
2015-03-26T16:15:11.800000,9.751283017996906
2015-03-26T16:15:11.900000,9.747018752582033
2015-03-26T16:15:12.000000,9.720398721938954
2015-03-26T16:15:12.100000,9.730019903994016
2015-03-26T16:15:12.200000,9.738067735142868
2015-03-26T16:15:12.300000,9.71659629456315
2015-03-26T16:15:12.400000,9.719714464607254
2015-03-26T16:15:12.500000,9.721658792422192
2015-03-26T16:15:12.600000,9.719053643214258
2015-03-26T16:15:12.700000,9.723314462853642
2015-03-26T16:15:12.800000,9.721176559687148
2015-03-26T16:15:12.900000,9.71648613098182
2015-03-26T16:15:13.000000,9.721504073526994
2015-03-26T16:15:13.100000,9.722437596388
2015-03-26T16:15:13.200000,9.722182550426592
2015-03-26T16:15:13.300000,9.738202402303406
2015-03-26T16:15:13.400000,9.744783659021662
2015-03-26T16:15:13.500000,9.749729291213823
2015-03-26T16:15:13.600000,9.733589320718444
2015-03-26T16:15:13.700000,9.735464857586598
2015-03-26T16:15:13.800000,9.742804270908556
2015-03-26T16:15:13.900000,9.744157360601331
2015-03-26T16:15:14.000000,9.729103166375824
2015-03-26T16:15:14.100000,9.71152453867257
2015-03-26T16:15:14.200000,9.731077864820652
2015-03-26T16:15:14.300000,9.77565134523494
2015-03-26T16:15:14.400000,9.781280266515916
2015-03-26T16:15:14.500000,9.75880538096188
2015-03-26T16:15:14.600000,9.749711998034734
2015-03-26T16:15:14.700000,9.740800318100236
2015-03-26T16:15:14.800000,9.749406527993022
2015-03-26T16:15:14.900000,9.761080623926825
2015-03-26T16:15:15.000000,9.75112130793899
2015-03-26T16:15:15.100000,9.750368713159904
2015-03-26T16:15:15.200000,9.740857714077109
2015-03-26T16:15:15.300000,9.756610952367604
2015-03-26T16:15:15.400000,9.76156717722123
2015-03-26T16:15:15.500000,9.75299689168525
2015-03-26T16:15:15.600000,9.741618776126847
2015-03-26T16:15:15.700000,9.742931997556276
2015-03-26T16:15:15.800000,9.740279284401195
2015-03-26T16:15:15.900000,9.727942772421873
2015-03-26T16:15:16.000000,9.746629066009785
2015-03-26T16:15:16.100000,9.764966579564176
2015-03-26T16:15:16.200000,9.753067590288468
2015-03-26T16:15:16.300000,9.743569875211652
2015-03-26T16:15:16.400000,9.759761031500943
2015-03-26T16:15:16.500000,9.754912878870575
2015-03-26T16:15:16.600000,9.742670855058757
2015-03-26T16:15:16.700000,9.75361248305368
2015-03-26T16:15:16.800000,9.75674034938126
2015-03-26T16:15:16.900000,9.760477694055858
2015-03-26T16:15:17.000000,9.76044209091364
2015-03-26T16:15:17.100000,9.741963302069577
2015-03-26T16:15:17.200000,9.742756219196943
2015-03-26T16:15:17.300000,9.755391954967411
2015-03-26T16:15:17.400000,9.756261852016152
2015-03-26T16:15:17.500000,9.75444677822069
2015-03-26T16:15:17.600000,9.747199925903317
2015-03-26T16:15:17.700000,9.757132928566028
2015-03-26T16:15:17.800000,9.753032161866928
2015-03-26T16:15:17.900000,9.73746270361231
2015-03-26T16:15:18.000000,9.75751199840396
2015-03-26T16:15:18.100000,9.768965728160182
2015-03-26T16:15:18.200000,9.759165718729678
2015-03-26T16:15:18.300000,9.76739932114679
2015-03-26T16:15:18.400000,9.765961475406923
2015-03-26T16:15:18.500000,9.75697458294785
2015-03-26T16:15:18.600000,9.7419700556801
2015-03-26T16:15:18.700000,9.728375302878634
2015-03-26T16:15:18.800000,9.748276847065435
2015-03-26T16:15:18.900000,9.761772249952484
2015-03-26T16:15:19.000000,9.757567966835053
2015-03-26T16:15:19.100000,9.757517333948098
2015-03-26T16:15:19.200000,9.759426508124715
2015-03-26T16:15:19.300000,9.739892475459117
2015-03-26T16:15:19.400000,9.722891737791873
2015-03-26T16:15:19.500000,9.716469031175048
2015-03-26T16:15:19.600000,9.729480930247854
2015-03-26T16:15:19.700000,9.753830400057996
2015-03-26T16:15:19.800000,9.764727293035198
2015-03-26T16:15:19.900000,9.733507709174512
2015-03-26T16:15:20.000000,9.71746581955178
2015-03-26T16:15:20.100000,9.747021935841412
2015-03-26T16:15:20.200000,9.731209247846634
2015-03-26T16:15:20.300000,9.700979406690854
2015-03-26T16:15:20.400000,9.723603710757631
2015-03-26T16:15:20.500000,9.729821398528726
2015-03-26T16:15:20.600000,9.70326033043241
2015-03-26T16:15:20.700000,9.704702986845604
2015-03-26T16:15:20.800000,9.707900463809697
2015-03-26T16:15:20.900000,9.687435190709827
2015-03-26T16:15:21.000000,9.702932772861844
2015-03-26T16:15:21.100000,9.71466576576389
2015-03-26T16:15:21.200000,9.723145972660843
2015-03-26T16:15:21.300000,9.733789003317012
2015-03-26T16:15:21.400000,9.734006024759578
2015-03-26T16:15:21.500000,9.731690618573138
2015-03-26T16:15:21.600000,9.724675712452465
2015-03-26T16:15:21.700000,9.722067606954058
2015-03-26T16:15:21.800000,9.73308246931992
2015-03-26T16:15:21.900000,9.740929264061643
2015-03-26T16:15:22.000000,9.739683243458147
2015-03-26T16:15:22.100000,9.744060323632334
2015-03-26T16:15:22.200000,9.738479888225042
2015-03-26T16:15:22.300000,9.743686533874277
2015-03-26T16:15:22.400000,9.740373049810106
2015-03-26T16:15:22.500000,9.724925813959915
2015-03-26T16:15:22.600000,9.743996642418535
2015-03-26T16:15:22.700000,9.753609876841663
2015-03-26T16:15:22.800000,9.757216791060657
2015-03-26T16:15:22.900000,9.76153249134429
2015-03-26T16:15:23.000000,9.737604683651554
2015-03-26T16:15:23.100000,9.744960118428189
2015-03-26T16:15:23.200000,9.77085718553576
2015-03-26T16:15:23.300000,9.78739603295883
2015-03-26T16:15:23.400000,9.786529505234752
2015-03-26T16:15:23.500000,9.77872465885774
2015-03-26T16:15:23.600000,9.784330079080505
2015-03-26T16:15:23.700000,9.776940475182531
2015-03-26T16:15:23.800000,9.76524856238097
2015-03-26T16:15:23.900000,9.771214132837976
2015-03-26T16:15:24.000000,9.786579640082932
2015-03-26T16:15:24.100000,9.77582401453904
2015-03-26T16:15:24.200000,9.762975495276716
2015-03-26T16:15:24.300000,9.762333392457052
2015-03-26T16:15:24.400000,9.7667757856426
2015-03-26T16:15:24.500000,9.74933372696947
2015-03-26T16:15:24.600000,9.71882570831617
2015-03-26T16:15:24.700000,9.749515190129657
2015-03-26T16:15:24.800000,9.762965054601572
2015-03-26T16:15:24.900000,9.7426862524956
2015-03-26T16:15:25.000000,9.74653993114884
2015-03-26T16:15:25.100000,9.75666624969851
2015-03-26T16:15:25.200000,9.74329252931411
2015-03-26T16:15:25.300000,9.734871172245745
2015-03-26T16:15:25.400000,9.73079968751213
2015-03-26T16:15:25.500000,9.731581318076897
2015-03-26T16:15:25.600000,9.724968824772636
2015-03-26T16:15:25.700000,9.714485811037685
2015-03-26T16:15:25.800000,9.71369737804863
2015-03-26T16:15:25.900000,9.720432291438552
2015-03-26T16:15:26.000000,9.717105483091332
2015-03-26T16:15:26.100000,9.70880282427109
2015-03-26T16:15:26.200000,9.723223562379028
2015-03-26T16:15:26.300000,9.722470320150752
2015-03-26T16:15:26.400000,9.713942291005768
2015-03-26T16:15:26.500000,9.70802595819372
2015-03-26T16:15:26.600000,9.715179420254149
2015-03-26T16:15:26.700000,9.736263130735846
2015-03-26T16:15:26.800000,9.748758092056995
2015-03-26T16:15:26.900000,9.739090302587783
2015-03-26T16:15:27.000000,9.728846840218552
2015-03-26T16:15:27.100000,9.73058986512038
2015-03-26T16:15:27.200000,9.721987741135456
2015-03-26T16:15:27.300000,9.717422601624538
2015-03-26T16:15:27.400000,9.72246622365778
2015-03-26T16:15:27.500000,9.74361747631761
2015-03-26T16:15:27.600000,9.743760594148345
2015-03-26T16:15:27.700000,9.730839101060395
2015-03-26T16:15:27.800000,9.732625524528377
2015-03-26T16:15:27.900000,9.728308169283595
2015-03-26T16:15:28.000000,9.723154595425822
2015-03-26T16:15:28.100000,9.733621950410786
2015-03-26T16:15:28.200000,9.749306494189891
2015-03-26T16:15:28.300000,9.750370852299076
2015-03-26T16:15:28.400000,9.75650102242266
2015-03-26T16:15:28.500000,9.743726172769357
2015-03-26T16:15:28.600000,9.741027631845924
2015-03-26T16:15:28.700000,9.758568785159827
2015-03-26T16:15:28.800000,9.77273726676197
2015-03-26T16:15:28.900000,9.772694457644745
2015-03-26T16:15:29.000000,9.772884705876008
2015-03-26T16:15:29.100000,9.769948038151796
2015-03-26T16:15:29.200000,9.769216719468137
2015-03-26T16:15:29.300000,9.777036350703703
2015-03-26T16:15:29.400000,9.773000264558943
2015-03-26T16:15:29.500000,9.766416215063671
2015-03-26T16:15:29.600000,9.765156362345587
2015-03-26T16:15:29.700000,9.776646909172564
2015-03-26T16:15:29.800000,9.774763200991169
2015-03-26T16:15:29.900000,9.77040963397518
2015-03-26T16:15:30.000000,9.75624627663628
2015-03-26T16:15:30.100000,9.747847603697078
2015-03-26T16:15:30.200000,9.749576120933115
2015-03-26T16:15:30.300000,9.74268412461045
2015-03-26T16:15:30.400000,9.747310438979016
2015-03-26T16:15:30.500000,9.759773771815333
2015-03-26T16:15:30.600000,9.757326915180077
2015-03-26T16:15:30.700000,9.748104262325043
2015-03-26T16:15:30.800000,9.754493218027314
2015-03-26T16:15:30.900000,9.748782445673054
2015-03-26T16:15:31.000000,9.713687626659071
2015-03-26T16:15:31.100000,9.707028925623057
2015-03-26T16:15:31.200000,9.716793019344694
2015-03-26T16:15:31.300000,9.721055096574652
2015-03-26T16:15:31.400000,9.72315758547697
2015-03-26T16:15:31.500000,9.713372674813662
2015-03-26T16:15:31.600000,9.722432693093095
2015-03-26T16:15:31.700000,9.737323945055849
2015-03-26T16:15:31.800000,9.72018528474206
2015-03-26T16:15:31.900000,9.723767462980025
2015-03-26T16:15:32.000000,9.738793669187032
2015-03-26T16:15:32.100000,9.727414361153564
2015-03-26T16:15:32.200000,9.718847388664988
2015-03-26T16:15:32.300000,9.720964605177118
2015-03-26T16:15:32.400000,9.708446967215671
2015-03-26T16:15:32.500000,9.708591067702637
2015-03-26T16:15:32.600000,9.726232505789817
2015-03-26T16:15:32.700000,9.72656084270226
2015-03-26T16:15:32.800000,9.7069378844803
2015-03-26T16:15:32.900000,9.717820619167092
2015-03-26T16:15:33.000000,9.72599304007078
2015-03-26T16:15:33.100000,9.719692761088384
2015-03-26T16:15:33.200000,9.712019533524256
2015-03-26T16:15:33.300000,9.699828088266596
2015-03-26T16:15:33.400000,9.718525532457212
2015-03-26T16:15:33.500000,9.739505626961716
2015-03-26T16:15:33.600000,9.736302795668456
2015-03-26T16:15:33.700000,9.743306669444232
2015-03-26T16:15:33.800000,9.739705920218306
2015-03-26T16:15:33.900000,9.735220153750936
2015-03-26T16:15:34.000000,9.740469096453634
2015-03-26T16:15:34.100000,9.748605989865034
2015-03-26T16:15:34.200000,9.755865279590186
2015-03-26T16:15:34.300000,9.74917920924346
2015-03-26T16:15:34.400000,9.757469030859935
2015-03-26T16:15:34.500000,9.774021405654612
2015-03-26T16:15:34.600000,9.770994071506838
2015-03-26T16:15:34.700000,9.76280792316569
2015-03-26T16:15:34.800000,9.762271609740887
2015-03-26T16:15:34.900000,9.768150417525847
2015-03-26T16:15:35.000000,9.765881028045271
2015-03-26T16:15:35.100000,9.768911150924604
2015-03-26T16:15:35.200000,9.79007087712366
2015-03-26T16:15:35.300000,9.782754261172403
2015-03-26T16:15:35.400000,9.764342419809848
2015-03-26T16:15:35.500000,9.7526127548189
2015-03-26T16:15:35.600000,9.748953747671743
2015-03-26T16:15:35.700000,9.75083633378255
2015-03-26T16:15:35.800000,9.740944219060776
2015-03-26T16:15:35.900000,9.75282237639751
2015-03-26T16:15:36.000000,9.764730741496384
2015-03-26T16:15:36.100000,9.74708864302434
2015-03-26T16:15:36.200000,9.755043998171612
2015-03-26T16:15:36.300000,9.751509178438772
2015-03-26T16:15:36.400000,9.751603723523134
2015-03-26T16:15:36.500000,9.76017638473775
2015-03-26T16:15:36.600000,9.748462527305936
2015-03-26T16:15:36.700000,9.7563192297711
2015-03-26T16:15:36.800000,9.764706026127284
2015-03-26T16:15:36.900000,9.752662510750636
2015-03-26T16:15:37.000000,9.73724396228782
2015-03-26T16:15:37.100000,9.732378301023314
2015-03-26T16:15:37.200000,9.741122727152904
2015-03-26T16:15:37.300000,9.756809260615436
2015-03-26T16:15:37.400000,9.751516376266434
2015-03-26T16:15:37.500000,9.744035600485295
2015-03-26T16:15:37.600000,9.753272566579025
2015-03-26T16:15:37.700000,9.743155650277345
2015-03-26T16:15:37.800000,9.739994436598488
2015-03-26T16:15:37.900000,9.73394555099786
2015-03-26T16:15:38.000000,9.727582517226251
2015-03-26T16:15:38.100000,9.728959223636544
2015-03-26T16:15:38.200000,9.740744859567595
2015-03-26T16:15:38.300000,9.742709153133012
2015-03-26T16:15:38.400000,9.728512381549436
2015-03-26T16:15:38.500000,9.717846973539467
2015-03-26T16:15:38.600000,9.71692302492222
2015-03-26T16:15:38.700000,9.726409584104704
2015-03-26T16:15:38.800000,9.705902240743807
2015-03-26T16:15:38.900000,9.699493246160207
2015-03-26T16:15:39.000000,9.722836754603312
2015-03-26T16:15:39.100000,9.7188937384301
2015-03-26T16:15:39.200000,9.721479893097632
2015-03-26T16:15:39.300000,9.725883286960611
2015-03-26T16:15:39.400000,9.722897209987892
2015-03-26T16:15:39.500000,9.712975892521465
2015-03-26T16:15:39.600000,9.719699147188315
2015-03-26T16:15:39.700000,9.709312303822546
2015-03-26T16:15:39.800000,9.699176686731054
2015-03-26T16:15:39.900000,9.707677251295568
2015-03-26T16:15:40.000000,9.719947083053526
2015-03-26T16:15:40.100000,9.739305451769743
2015-03-26T16:15:40.200000,9.724375904530635
2015-03-26T16:15:40.300000,9.72929963369012
2015-03-26T16:15:40.400000,9.733917948061992
2015-03-26T16:15:40.500000,9.73133624604866
2015-03-26T16:15:40.600000,9.741438785091692
2015-03-26T16:15:40.700000,9.7471615719449
2015-03-26T16:15:40.800000,9.754906500947373
2015-03-26T16:15:40.900000,9.768154740008756
2015-03-26T16:15:41.000000,9.772739487552691
2015-03-26T16:15:41.100000,9.7551958031967
2015-03-26T16:15:41.200000,9.75732722125302
2015-03-26T16:15:41.300000,9.760367607532034
2015-03-26T16:15:41.400000,9.768506273624578
2015-03-26T16:15:41.500000,9.782073149424631
2015-03-26T16:15:41.600000,9.781515658000489
2015-03-26T16:15:41.700000,9.765606314818845
2015-03-26T16:15:41.800000,9.762017265194494
2015-03-26T16:15:41.900000,9.771418315351555
2015-03-26T16:15:42.000000,9.75918160290827
2015-03-26T16:15:42.100000,9.751491708689244
2015-03-26T16:15:42.200000,9.761292716651354
2015-03-26T16:15:42.300000,9.75308765743394
2015-03-26T16:15:42.400000,9.753277929990505
2015-03-26T16:15:42.500000,9.760314655647216
2015-03-26T16:15:42.600000,9.780598227766475
2015-03-26T16:15:42.700000,9.774348550800822
2015-03-26T16:15:42.800000,9.768503921888454
2015-03-26T16:15:42.900000,9.756595403853758
2015-03-26T16:15:43.000000,9.755730591571444
2015-03-26T16:15:43.100000,9.766429591321971
2015-03-26T16:15:43.200000,9.7534849695519
2015-03-26T16:15:43.300000,9.74389359127181
2015-03-26T16:15:43.400000,9.746658967428726
2015-03-26T16:15:43.500000,9.744155565612324
2015-03-26T16:15:43.600000,9.75005673894945
2015-03-26T16:15:43.700000,9.74833937832794
2015-03-26T16:15:43.800000,9.738664824132446
2015-03-26T16:15:43.900000,9.758482703594572
2015-03-26T16:15:44.000000,9.756905219717543
2015-03-26T16:15:44.100000,9.736938032781008
2015-03-26T16:15:44.200000,9.738591590752522
2015-03-26T16:15:44.300000,9.74148729657604
2015-03-26T16:15:44.400000,9.72407202302623
2015-03-26T16:15:44.500000,9.716265532324012
2015-03-26T16:15:44.600000,9.721573145044864
2015-03-26T16:15:44.700000,9.724489784818342
2015-03-26T16:15:44.800000,9.709651512657723
2015-03-26T16:15:44.900000,9.705615757558377
2015-03-26T16:15:45.000000,9.727803506657024
2015-03-26T16:15:45.100000,9.724859691528309
2015-03-26T16:15:45.200000,9.712018130280017
2015-03-26T16:15:45.300000,9.707518097605584
2015-03-26T16:15:45.400000,9.709017060560717
2015-03-26T16:15:45.500000,9.716202208009316
2015-03-26T16:15:45.600000,9.740220252508731
2015-03-26T16:15:45.700000,9.726688872179764
2015-03-26T16:15:45.800000,9.698001232931748
2015-03-26T16:15:45.900000,9.698007643409182
2015-03-26T16:15:46.000000,9.698438013004234
2015-03-26T16:15:46.100000,9.720580006354067
2015-03-26T16:15:46.200000,9.744189596556687
2015-03-26T16:15:46.300000,9.732622373277511
2015-03-26T16:15:46.400000,9.727201791009644
2015-03-26T16:15:46.500000,9.732389155844473
2015-03-26T16:15:46.600000,9.734930377383687
2015-03-26T16:15:46.700000,9.736205986083652
2015-03-26T16:15:46.800000,9.740508459740951
2015-03-26T16:15:46.900000,9.745041112888682
2015-03-26T16:15:47.000000,9.751042038893216
2015-03-26T16:15:47.100000,9.770048098331984
2015-03-26T16:15:47.200000,9.78447451746178
2015-03-26T16:15:47.300000,9.78034003521958
2015-03-26T16:15:47.400000,9.764323805945686
2015-03-26T16:15:47.500000,9.77573654439102
2015-03-26T16:15:47.600000,9.774569089765627
2015-03-26T16:15:47.700000,9.76595256500804
2015-03-26T16:15:47.800000,9.776693237311326
2015-03-26T16:15:47.900000,9.769523894269408
2015-03-26T16:15:48.000000,9.766427654303278
2015-03-26T16:15:48.100000,9.777802802900142
2015-03-26T16:15:48.200000,9.76812094350439
2015-03-26T16:15:48.300000,9.762448264660652
2015-03-26T16:15:48.400000,9.757577041332684
2015-03-26T16:15:48.500000,9.760817299186892
2015-03-26T16:15:48.600000,9.748745495941243
2015-03-26T16:15:48.700000,9.74058971939871
2015-03-26T16:15:48.800000,9.75078594373649
2015-03-26T16:15:48.900000,9.741121107055893
2015-03-26T16:15:49.000000,9.745746099916229
2015-03-26T16:15:49.100000,9.75000628847096
2015-03-26T16:15:49.200000,9.741646309914875
2015-03-26T16:15:49.300000,9.768262595605028
2015-03-26T16:15:49.400000,9.761763459465657
2015-03-26T16:15:49.500000,9.726765708252357
2015-03-26T16:15:49.600000,9.726939417301187
2015-03-26T16:15:49.700000,9.734855853585096
2015-03-26T16:15:49.800000,9.751820880382818
2015-03-26T16:15:49.900000,9.743134705657235
2015-03-26T16:15:50.000000,9.727178699259218
2015-03-26T16:15:50.100000,9.723519714648114
2015-03-26T16:15:50.200000,9.722556412112032
2015-03-26T16:15:50.300000,9.716561934181644
2015-03-26T16:15:50.400000,9.707190402388695
2015-03-26T16:15:50.500000,9.71426391991571
2015-03-26T16:15:50.600000,9.717334689400673
2015-03-26T16:15:50.700000,9.71685983647784
2015-03-26T16:15:50.800000,9.716933186310763
2015-03-26T16:15:50.900000,9.723435082421986
2015-03-26T16:15:51.000000,9.736856991637074
2015-03-26T16:15:51.100000,9.736412530656736
2015-03-26T16:15:51.200000,9.715427985967104
2015-03-26T16:15:51.300000,9.71635415645709
2015-03-26T16:15:51.400000,9.737820928064735
2015-03-26T16:15:51.500000,9.738399296135718
2015-03-26T16:15:51.600000,9.723052423731213
2015-03-26T16:15:51.700000,9.711948449774455
2015-03-26T16:15:51.800000,9.720725415018917
2015-03-26T16:15:51.900000,9.735862324867576
2015-03-26T16:15:52.000000,9.731964270365648
2015-03-26T16:15:52.100000,9.74637113919931
2015-03-26T16:15:52.200000,9.745789040892546
2015-03-26T16:15:52.300000,9.729533515742908
2015-03-26T16:15:52.400000,9.731074513436942
2015-03-26T16:15:52.500000,9.736294819359918
2015-03-26T16:15:52.600000,9.743051615503406
2015-03-26T16:15:52.700000,9.755384021986988
2015-03-26T16:15:52.800000,9.77356575890221
2015-03-26T16:15:52.900000,9.766729920770718
2015-03-26T16:15:53.000000,9.746871262812634
2015-03-26T16:15:53.100000,9.738143986036317
2015-03-26T16:15:53.200000,9.747718062107552
2015-03-26T16:15:53.300000,9.771256499611004
2015-03-26T16:15:53.400000,9.767095977690218
2015-03-26T16:15:53.500000,9.766499995381132
2015-03-26T16:15:53.600000,9.758436781847562
2015-03-26T16:15:53.700000,9.758279760377158
2015-03-26T16:15:53.800000,9.766062437136355
2015-03-26T16:15:53.900000,9.767827816602267
2015-03-26T16:15:54.000000,9.751715145506475
2015-03-26T16:15:54.100000,9.747335108629208
2015-03-26T16:15:54.200000,9.766245064378456
2015-03-26T16:15:54.300000,9.75802044107022
2015-03-26T16:15:54.400000,9.743544286268143
2015-03-26T16:15:54.500000,9.757459580680074
2015-03-26T16:15:54.600000,9.757059565219324
2015-03-26T16:15:54.700000,9.75584134491104
2015-03-26T16:15:54.800000,9.759398914578222
2015-03-26T16:15:54.900000,9.748608248921592
2015-03-26T16:15:55.000000,9.738356316372512
2015-03-26T16:15:55.100000,9.733097478077964
2015-03-26T16:15:55.200000,9.726352873258248
2015-03-26T16:15:55.300000,9.732154854154713
2015-03-26T16:15:55.400000,9.736632170550218
2015-03-26T16:15:55.500000,9.69744080757851
2015-03-26T16:15:55.600000,9.700177063512475
2015-03-26T16:15:55.700000,9.732709445443827
2015-03-26T16:15:55.800000,9.731047412267204
2015-03-26T16:15:55.900000,9.71908362116939
2015-03-26T16:15:56.000000,9.721257277653423
2015-03-26T16:15:56.100000,9.715672655348683
2015-03-26T16:15:56.200000,9.70583538122415
2015-03-26T16:15:56.300000,9.695425961454902
2015-03-26T16:15:56.400000,9.694642251693995
2015-03-26T16:15:56.500000,9.71327072932653
2015-03-26T16:15:56.600000,9.725374601228468
2015-03-26T16:15:56.700000,9.74503432785358
2015-03-26T16:15:56.800000,9.755780219407232
2015-03-26T16:15:56.900000,9.747734444150428
2015-03-26T16:15:57.000000,9.763095230938577
2015-03-26T16:15:57.100000,9.76659365321295
2015-03-26T16:15:57.200000,9.739411219005438
2015-03-26T16:15:57.300000,9.738245198622332
2015-03-26T16:15:57.400000,9.757345697915706
2015-03-26T16:15:57.500000,9.759881775044406
2015-03-26T16:15:57.600000,9.777025700201037
2015-03-26T16:15:57.700000,9.78480604284408
2015-03-26T16:15:57.800000,9.75741760786746
2015-03-26T16:15:57.900000,9.742346961883817
2015-03-26T16:15:58.000000,9.753674426230138
2015-03-26T16:15:58.100000,9.772935838664832
2015-03-26T16:15:58.200000,9.777034218741449
2015-03-26T16:15:58.300000,9.758774889151772
2015-03-26T16:15:58.400000,9.750153605992796
2015-03-26T16:15:58.500000,9.76718007666212
2015-03-26T16:15:58.600000,9.77341305613606
2015-03-26T16:15:58.700000,9.784373206661336
2015-03-26T16:15:58.800000,9.799164523562498
2015-03-26T16:15:58.900000,9.783333662582566
2015-03-26T16:15:59.000000,9.76692372120268
2015-03-26T16:15:59.100000,9.75909256124661
2015-03-26T16:15:59.200000,9.753478447498397
2015-03-26T16:15:59.300000,9.75336870702678
2015-03-26T16:15:59.400000,9.74098721885741
2015-03-26T16:15:59.500000,9.746864732182816
2015-03-26T16:15:59.600000,9.745825825211115
2015-03-26T16:15:59.700000,9.73087004511481
2015-03-26T16:15:59.800000,9.746842728974674
2015-03-26T16:15:59.900000,9.764504136734018
2015-03-26T16:16:00.000000,9.756942906423609
2015-03-26T16:16:00.100000,9.757602950261916
2015-03-26T16:16:00.200000,9.75047794280542
2015-03-26T16:16:00.300000,9.743316510084686
2015-03-26T16:16:00.400000,9.749347780077338
2015-03-26T16:16:00.500000,9.737154357050567
2015-03-26T16:16:00.600000,9.719878147016937
2015-03-26T16:16:00.700000,9.710139546359809
2015-03-26T16:16:00.800000,9.723392872546198
2015-03-26T16:16:00.900000,9.724727005025745
2015-03-26T16:16:01.000000,9.703765311545922
2015-03-26T16:16:01.100000,9.702504578549746
2015-03-26T16:16:01.200000,9.692876859247752
2015-03-26T16:16:01.300000,9.687370260385414
2015-03-26T16:16:01.400000,9.69592745845618
2015-03-26T16:16:01.500000,9.687611829536252
2015-03-26T16:16:01.600000,9.67321508371828
2015-03-26T16:16:01.700000,9.68901672679068
2015-03-26T16:16:01.800000,9.705726376042836
2015-03-26T16:16:01.900000,9.707236733565056
2015-03-26T16:16:02.000000,9.683615747829617
2015-03-26T16:16:02.100000,9.693054997177097
2015-03-26T16:16:02.200000,9.710369004434432
2015-03-26T16:16:02.300000,9.708490713677945
2015-03-26T16:16:02.400000,9.709655471703496
2015-03-26T16:16:02.500000,9.69583093525502
2015-03-26T16:16:02.600000,9.72908265888465
2015-03-26T16:16:02.700000,9.75629248738834
2015-03-26T16:16:02.800000,9.742611913916338
2015-03-26T16:16:02.900000,9.74207179784688
2015-03-26T16:16:03.000000,9.747076100722705
2015-03-26T16:16:03.100000,9.754122337350104
2015-03-26T16:16:03.200000,9.772542919279331
2015-03-26T16:16:03.300000,9.760992270964117
2015-03-26T16:16:03.400000,9.732887380715182
2015-03-26T16:16:03.500000,9.75205204437157
2015-03-26T16:16:03.600000,9.77576093840012
2015-03-26T16:16:03.700000,9.775830438306224
2015-03-26T16:16:03.800000,9.774522934415293
2015-03-26T16:16:03.900000,9.774189632422296
2015-03-26T16:16:04.000000,9.763418741613204
2015-03-26T16:16:04.100000,9.768518900807202
2015-03-26T16:16:04.200000,9.766656228617888
2015-03-26T16:16:04.300000,9.742573222303582
2015-03-26T16:16:04.400000,9.748568758757184
2015-03-26T16:16:04.500000,9.773653801717558
2015-03-26T16:16:04.600000,9.770921665347965
2015-03-26T16:16:04.700000,9.767765383325488
2015-03-26T16:16:04.800000,9.77703216365124
2015-03-26T16:16:04.900000,9.778280252986145
2015-03-26T16:16:05.000000,9.768325086873356
2015-03-26T16:16:05.100000,9.770713433205414
2015-03-26T16:16:05.200000,9.770583084497652
2015-03-26T16:16:05.300000,9.770706782912804
2015-03-26T16:16:05.400000,9.748174399690075
2015-03-26T16:16:05.500000,9.735693844096884
2015-03-26T16:16:05.600000,9.757843273740678
2015-03-26T16:16:05.700000,9.768557359726197
2015-03-26T16:16:05.800000,9.75941239290903
2015-03-26T16:16:05.900000,9.759599358732714
2015-03-26T16:16:06.000000,9.769351676971926
2015-03-26T16:16:06.100000,9.764263725440152
2015-03-26T16:16:06.200000,9.771915066988878
2015-03-26T16:16:06.300000,9.7453437379041
2015-03-26T16:16:06.400000,9.732233271861343
2015-03-26T16:16:06.500000,9.752732467401314
2015-03-26T16:16:06.600000,9.748406636007171
2015-03-26T16:16:06.700000,9.759848689600982
2015-03-26T16:16:06.800000,9.748601521491656
2015-03-26T16:16:06.900000,9.719410600249764
2015-03-26T16:16:07.000000,9.718564837695777
2015-03-26T16:16:07.100000,9.72093436939196
2015-03-26T16:16:07.200000,9.71135941959023
2015-03-26T16:16:07.300000,9.71991184013759
2015-03-26T16:16:07.400000,9.73003788873134
2015-03-26T16:16:07.500000,9.732573894625958
2015-03-26T16:16:07.600000,9.72272044486214
2015-03-26T16:16:07.700000,9.71803057428731
2015-03-26T16:16:07.800000,9.717907711005711
2015-03-26T16:16:07.900000,9.713020944400208
2015-03-26T16:16:08.000000,9.72418103729218
2015-03-26T16:16:08.100000,9.735433469548644
2015-03-26T16:16:08.200000,9.739708821309067
2015-03-26T16:16:08.300000,9.747415580027305
2015-03-26T16:16:08.400000,9.737391268866878
2015-03-26T16:16:08.500000,9.712129267551662
2015-03-26T16:16:08.600000,9.72041300437024
2015-03-26T16:16:08.700000,9.728709879375575
2015-03-26T16:16:08.800000,9.728252345858964
2015-03-26T16:16:08.900000,9.733443356054863
2015-03-26T16:16:09.000000,9.72428919774442
2015-03-26T16:16:09.100000,9.738000569174712
2015-03-26T16:16:09.200000,9.736079442488348
2015-03-26T16:16:09.300000,9.742979900803826
2015-03-26T16:16:09.400000,9.754793485014542
2015-03-26T16:16:09.500000,9.75055914200046
2015-03-26T16:16:09.600000,9.755818019220282
2015-03-26T16:16:09.700000,9.758751953896924
2015-03-26T16:16:09.800000,9.763857982526218
2015-03-26T16:16:09.900000,9.751158306509168
2015-03-26T16:16:10.000000,9.74851501667917
2015-03-26T16:16:10.100000,9.761275295772348
2015-03-26T16:16:10.200000,9.759575426877818
2015-03-26T16:16:10.300000,9.736122281341778
2015-03-26T16:16:10.400000,9.740645435667345
2015-03-26T16:16:10.500000,9.744418004762904
2015-03-26T16:16:10.600000,9.74503410105164
2015-03-26T16:16:10.700000,9.748346275654637
2015-03-26T16:16:10.800000,9.73434035482616
2015-03-26T16:16:10.900000,9.753098235453097
2015-03-26T16:16:11.000000,9.756283387053044
2015-03-26T16:16:11.100000,9.74134754478376
2015-03-26T16:16:11.200000,9.746448729581306
2015-03-26T16:16:11.300000,9.75810888037563
2015-03-26T16:16:11.400000,9.758155806948082
2015-03-26T16:16:11.500000,9.743918382117116
2015-03-26T16:16:11.600000,9.745470359331907
2015-03-26T16:16:11.700000,9.74724356914906
2015-03-26T16:16:11.800000,9.754076459493012
2015-03-26T16:16:11.900000,9.75718977201678
2015-03-26T16:16:12.000000,9.740136348073756
2015-03-26T16:16:12.100000,9.74025110178985
2015-03-26T16:16:12.200000,9.74149317407805
2015-03-26T16:16:12.300000,9.746055184964275
2015-03-26T16:16:12.400000,9.739111176847496
2015-03-26T16:16:12.500000,9.73796974669776
2015-03-26T16:16:12.600000,9.739966054488391
2015-03-26T16:16:12.700000,9.743181141140608
2015-03-26T16:16:12.800000,9.750728493534524
2015-03-26T16:16:12.900000,9.746899638892137
2015-03-26T16:16:13.000000,9.734832473495624
2015-03-26T16:16:13.100000,9.732780755821416
2015-03-26T16:16:13.200000,9.742973521772363
2015-03-26T16:16:13.300000,9.75092246934938
2015-03-26T16:16:13.400000,9.750098388430017
2015-03-26T16:16:13.500000,9.739065379569045
2015-03-26T16:16:13.600000,9.730598788720968
2015-03-26T16:16:13.700000,9.737669285737503
2015-03-26T16:16:13.800000,9.748115447485803
2015-03-26T16:16:13.900000,9.75330555349792
2015-03-26T16:16:14.000000,9.749140098223917
2015-03-26T16:16:14.100000,9.732884789446786
2015-03-26T16:16:14.200000,9.744805157367924
2015-03-26T16:16:14.300000,9.751376960218453
2015-03-26T16:16:14.400000,9.739016728620337
2015-03-26T16:16:14.500000,9.731545562018033
2015-03-26T16:16:14.600000,9.736838175741946
2015-03-26T16:16:14.700000,9.735218256005096
2015-03-26T16:16:14.800000,9.718949152649827
2015-03-26T16:16:14.900000,9.725416463906685
2015-03-26T16:16:15.000000,9.732262283904548
2015-03-26T16:16:15.100000,9.727795101086937
2015-03-26T16:16:15.200000,9.72956695671094
2015-03-26T16:16:15.300000,9.74982810483229
2015-03-26T16:16:15.400000,9.7731135753017
2015-03-26T16:16:15.500000,9.7624294796385
2015-03-26T16:16:15.600000,9.76558441701476
2015-03-26T16:16:15.700000,9.763128669391293
2015-03-26T16:16:15.800000,9.760814379842392
2015-03-26T16:16:15.900000,9.741201864595956
2015-03-26T16:16:16.000000,9.721390354797316
2015-03-26T16:16:16.100000,9.734108513230394
2015-03-26T16:16:16.200000,9.730031975641694
2015-03-26T16:16:16.300000,9.743027611221772
2015-03-26T16:16:16.400000,9.74311188315415
2015-03-26T16:16:16.500000,9.73091579971709
2015-03-26T16:16:16.600000,9.739722551059456
2015-03-26T16:16:16.700000,9.75415267952614
2015-03-26T16:16:16.800000,9.75662963068798
2015-03-26T16:16:16.900000,9.755058642074289
2015-03-26T16:16:17.000000,9.736287339013748
2015-03-26T16:16:17.100000,9.74462757534532
2015-03-26T16:16:17.200000,9.746135720680211
2015-03-26T16:16:17.300000,9.735924744128775
2015-03-26T16:16:17.400000,9.738604992610393
2015-03-26T16:16:17.500000,9.738639589257383
2015-03-26T16:16:17.600000,9.742170679981186
2015-03-26T16:16:17.700000,9.744771518522883
2015-03-26T16:16:17.800000,9.753861787175037
2015-03-26T16:16:17.900000,9.73632109188983
2015-03-26T16:16:18.000000,9.720439618078071
2015-03-26T16:16:18.100000,9.754407215542752
2015-03-26T16:16:18.200000,9.755355347723285
2015-03-26T16:16:18.300000,9.74184889997112
2015-03-26T16:16:18.400000,9.739229315979042
2015-03-26T16:16:18.500000,9.733371091998292
2015-03-26T16:16:18.600000,9.75007198646272
2015-03-26T16:16:18.700000,9.753833552569503
2015-03-26T16:16:18.800000,9.730982846160057
2015-03-26T16:16:18.900000,9.739392173640136
2015-03-26T16:16:19.000000,9.739357599709576
2015-03-26T16:16:19.100000,9.723218474293676
2015-03-26T16:16:19.200000,9.734699364850048
2015-03-26T16:16:19.300000,9.739455457786391
2015-03-26T16:16:19.400000,9.739721306660416
2015-03-26T16:16:19.500000,9.736710566718878
2015-03-26T16:16:19.600000,9.748251779494188
2015-03-26T16:16:19.700000,9.738788866932364
2015-03-26T16:16:19.800000,9.72801744667226
2015-03-26T16:16:19.900000,9.74097480798042
2015-03-26T16:16:20.000000,9.726654256684135
2015-03-26T16:16:20.100000,9.730762465142629
2015-03-26T16:16:20.200000,9.757934500827758
2015-03-26T16:16:20.300000,9.768573023093062
2015-03-26T16:16:20.400000,9.748937808799951
2015-03-26T16:16:20.500000,9.740880883549329
2015-03-26T16:16:20.600000,9.749475179352771
2015-03-26T16:16:20.700000,9.750486519086907
2015-03-26T16:16:20.800000,9.737079055331549
2015-03-26T16:16:20.900000,9.719699181761774
2015-03-26T16:16:21.000000,9.720755521577356
2015-03-26T16:16:21.100000,9.736457873801733
2015-03-26T16:16:21.200000,9.74495175700749
2015-03-26T16:16:21.300000,9.734697484181686
2015-03-26T16:16:21.400000,9.729293734303551
2015-03-26T16:16:21.500000,9.748877757102914
2015-03-26T16:16:21.600000,9.75376930547552
2015-03-26T16:16:21.700000,9.737984180659778
2015-03-26T16:16:21.800000,9.735795157011273
2015-03-26T16:16:21.900000,9.73523688188659
2015-03-26T16:16:22.000000,9.718929770339658
2015-03-26T16:16:22.100000,9.739550948491068
2015-03-26T16:16:22.200000,9.748733195489782
2015-03-26T16:16:22.300000,9.742559397718066
2015-03-26T16:16:22.400000,9.739590207659855
2015-03-26T16:16:22.500000,9.724238790126408
2015-03-26T16:16:22.600000,9.721798946529509
2015-03-26T16:16:22.700000,9.731162228546674
2015-03-26T16:16:22.800000,9.740258878184958
2015-03-26T16:16:22.900000,9.727964793091356
2015-03-26T16:16:23.000000,9.727021244576148
2015-03-26T16:16:23.100000,9.723145681141014
2015-03-26T16:16:23.200000,9.722274486485668
2015-03-26T16:16:23.300000,9.743433516967489
2015-03-26T16:16:23.400000,9.755653383462493
2015-03-26T16:16:23.500000,9.745453525122082
2015-03-26T16:16:23.600000,9.73680311720611
2015-03-26T16:16:23.700000,9.7342073741498
2015-03-26T16:16:23.800000,9.731028311152178
2015-03-26T16:16:23.900000,9.731302787600796
2015-03-26T16:16:24.000000,9.748615828144834
2015-03-26T16:16:24.100000,9.75898105744384
2015-03-26T16:16:24.200000,9.763992215954843
2015-03-26T16:16:24.300000,9.76569386310172
2015-03-26T16:16:24.400000,9.749565176922935
2015-03-26T16:16:24.500000,9.743162901101888
2015-03-26T16:16:24.600000,9.753636362115897
2015-03-26T16:16:24.700000,9.753495171193505
2015-03-26T16:16:24.800000,9.754365896137932
2015-03-26T16:16:24.900000,9.76486958512214
2015-03-26T16:16:25.000000,9.760606654847884
2015-03-26T16:16:25.100000,9.745077800684411
2015-03-26T16:16:25.200000,9.726114366178788
2015-03-26T16:16:25.300000,9.729932997216505
2015-03-26T16:16:25.400000,9.751011049877842
2015-03-26T16:16:25.500000,9.760896679699352
2015-03-26T16:16:25.600000,9.73367244978441
2015-03-26T16:16:25.700000,9.728505671116356
2015-03-26T16:16:25.800000,9.756655254881537
2015-03-26T16:16:25.900000,9.770978453445403
2015-03-26T16:16:26.000000,9.763158127845758
2015-03-26T16:16:26.100000,9.744479852378246
2015-03-26T16:16:26.200000,9.753570055146712
2015-03-26T16:16:26.300000,9.760380355555858
2015-03-26T16:16:26.400000,9.75023095526992
2015-03-26T16:16:26.500000,9.742048437728451
2015-03-26T16:16:26.600000,9.753320339510662
2015-03-26T16:16:26.700000,9.754951311491466
2015-03-26T16:16:26.800000,9.749845607000902
2015-03-26T16:16:26.900000,9.75648697341548
2015-03-26T16:16:27.000000,9.750707074696168
2015-03-26T16:16:27.100000,9.741968974172964
2015-03-26T16:16:27.200000,9.742556536577284
2015-03-26T16:16:27.300000,9.7275268329251
2015-03-26T16:16:27.400000,9.715026988099744
2015-03-26T16:16:27.500000,9.739645894337825
2015-03-26T16:16:27.600000,9.75906040006102
2015-03-26T16:16:27.700000,9.744522032683536
2015-03-26T16:16:27.800000,9.74454572213146
2015-03-26T16:16:27.900000,9.74402307406191
2015-03-26T16:16:28.000000,9.722730679341048
2015-03-26T16:16:28.100000,9.709701836261154
2015-03-26T16:16:28.200000,9.735423086702204
2015-03-26T16:16:28.300000,9.736670467593374
2015-03-26T16:16:28.400000,9.71708976867152
2015-03-26T16:16:28.500000,9.731172949319786
2015-03-26T16:16:28.600000,9.741081537360872
2015-03-26T16:16:28.700000,9.735189073634093
2015-03-26T16:16:28.800000,9.728781331172948
2015-03-26T16:16:28.900000,9.73164349258233
2015-03-26T16:16:29.000000,9.738425859175496
2015-03-26T16:16:29.100000,9.72638975114118
2015-03-26T16:16:29.200000,9.72015998306208
2015-03-26T16:16:29.300000,9.751491801279723
2015-03-26T16:16:29.400000,9.757089315656296
2015-03-26T16:16:29.500000,9.743144802356293
2015-03-26T16:16:29.600000,9.75537496773098
2015-03-26T16:16:29.700000,9.763563960349693
2015-03-26T16:16:29.800000,9.758173367691109
2015-03-26T16:16:29.900000,9.756897179588268
2015-03-26T16:16:30.000000,9.752935213844722
2015-03-26T16:16:30.100000,9.759723888644658
2015-03-26T16:16:30.200000,9.772335837082196
2015-03-26T16:16:30.300000,9.770210343652105
2015-03-26T16:16:30.400000,9.758433455158338
2015-03-26T16:16:30.500000,9.739901542997352
2015-03-26T16:16:30.600000,9.745437458490828
2015-03-26T16:16:30.700000,9.747314729147528
2015-03-26T16:16:30.800000,9.762214009263378
2015-03-26T16:16:30.900000,9.766728628705703
2015-03-26T16:16:31.000000,9.746111408521823
2015-03-26T16:16:31.100000,9.757975796476035
2015-03-26T16:16:31.200000,9.748772040206122
2015-03-26T16:16:31.300000,9.745258538989562
2015-03-26T16:16:31.400000,9.751059585640933
2015-03-26T16:16:31.500000,9.7403748729388
2015-03-26T16:16:31.600000,9.733764329351548
2015-03-26T16:16:31.700000,9.751114221524182
2015-03-26T16:16:31.800000,9.771856553759523
2015-03-26T16:16:31.900000,9.763456129864831
2015-03-26T16:16:32.000000,9.736756964758582
2015-03-26T16:16:32.100000,9.72537610016204
2015-03-26T16:16:32.200000,9.750412902390377
2015-03-26T16:16:32.300000,9.762548001081838
2015-03-26T16:16:32.400000,9.751960942264516
2015-03-26T16:16:32.500000,9.744058613403498
2015-03-26T16:16:32.600000,9.74734228480909
2015-03-26T16:16:32.700000,9.754654056792187
2015-03-26T16:16:32.800000,9.739632076243778
2015-03-26T16:16:32.900000,9.741062959230565
2015-03-26T16:16:33.000000,9.745948913096864
2015-03-26T16:16:33.100000,9.726899121854157
2015-03-26T16:16:33.200000,9.723855014945636
2015-03-26T16:16:33.300000,9.725775807818032
2015-03-26T16:16:33.400000,9.708097469511516
2015-03-26T16:16:33.500000,9.696525008863013
2015-03-26T16:16:33.600000,9.701885863137406
2015-03-26T16:16:33.700000,9.72449057801862
2015-03-26T16:16:33.800000,9.719207476938848
2015-03-26T16:16:33.900000,9.699441604050005
2015-03-26T16:16:34.000000,9.697330188208069
2015-03-26T16:16:34.100000,9.701843859016902
2015-03-26T16:16:34.200000,9.709172826299714
2015-03-26T16:16:34.300000,9.71860252327552
2015-03-26T16:16:34.400000,9.704945484966723
2015-03-26T16:16:34.500000,9.70867338994382
2015-03-26T16:16:34.600000,9.738422346192072
2015-03-26T16:16:34.700000,9.730426735508768
2015-03-26T16:16:34.800000,9.703608893985589
2015-03-26T16:16:34.900000,9.708403734282108
2015-03-26T16:16:35.000000,9.70398190041405
2015-03-26T16:16:35.100000,9.699678982720988
2015-03-26T16:16:35.200000,9.722426657158136
2015-03-26T16:16:35.300000,9.730781050621417
2015-03-26T16:16:35.400000,9.72282013059371
2015-03-26T16:16:35.500000,9.716297528090037
2015-03-26T16:16:35.600000,9.735907049732502
2015-03-26T16:16:35.700000,9.753730321486668
2015-03-26T16:16:35.800000,9.752130754687148
2015-03-26T16:16:35.900000,9.748949408923858
2015-03-26T16:16:36.000000,9.749131844109217
2015-03-26T16:16:36.100000,9.746996353211603
2015-03-26T16:16:36.200000,9.753150173564189
2015-03-26T16:16:36.300000,9.763302840699994
2015-03-26T16:16:36.400000,9.754896006355532
2015-03-26T16:16:36.500000,9.7490902905348
2015-03-26T16:16:36.600000,9.74550430402965
2015-03-26T16:16:36.700000,9.751525220245316
2015-03-26T16:16:36.800000,9.772517391996276
2015-03-26T16:16:36.900000,9.77864342285116
2015-03-26T16:16:37.000000,9.785133093128374
2015-03-26T16:16:37.100000,9.792831395298274
2015-03-26T16:16:37.200000,9.795352131354816
2015-03-26T16:16:37.300000,9.781513021056996
2015-03-26T16:16:37.400000,9.763583884542957
2015-03-26T16:16:37.500000,9.76203884884172
2015-03-26T16:16:37.600000,9.763124632247829
2015-03-26T16:16:37.700000,9.765798966791332
2015-03-26T16:16:37.800000,9.765098190567649
2015-03-26T16:16:37.900000,9.759110244821745
2015-03-26T16:16:38.000000,9.764620704032628
2015-03-26T16:16:38.100000,9.745877846394324
2015-03-26T16:16:38.200000,9.735291224740076
2015-03-26T16:16:38.300000,9.743040432043108
2015-03-26T16:16:38.400000,9.74399829008588
2015-03-26T16:16:38.500000,9.768770158898777
2015-03-26T16:16:38.600000,9.750229377623626
2015-03-26T16:16:38.700000,9.717067676853432
2015-03-26T16:16:38.800000,9.730436160672731
2015-03-26T16:16:38.900000,9.74399962577078
2015-03-26T16:16:39.000000,9.731704297416828
2015-03-26T16:16:39.100000,9.73019716236505
2015-03-26T16:16:39.200000,9.733357077704284
2015-03-26T16:16:39.300000,9.725496511746837
2015-03-26T16:16:39.400000,9.734110612798917
2015-03-26T16:16:39.500000,9.729055671856104
2015-03-26T16:16:39.600000,9.734302346344014
2015-03-26T16:16:39.700000,9.73838004017662
2015-03-26T16:16:39.800000,9.728192394498718
2015-03-26T16:16:39.900000,9.727267048070544
2015-03-26T16:16:40.000000,9.719422777515677
2015-03-26T16:16:40.100000,9.7179024544331
2015-03-26T16:16:40.200000,9.721848836946906
2015-03-26T16:16:40.300000,9.724783251655436
2015-03-26T16:16:40.400000,9.72439789852347
2015-03-26T16:16:40.500000,9.718629910299194
2015-03-26T16:16:40.600000,9.701233100974449
2015-03-26T16:16:40.700000,9.70972238971761
2015-03-26T16:16:40.800000,9.733667405137547
2015-03-26T16:16:40.900000,9.730052577179402
2015-03-26T16:16:41.000000,9.73274253499652
2015-03-26T16:16:41.100000,9.729034742341373
2015-03-26T16:16:41.200000,9.717397983603432
2015-03-26T16:16:41.300000,9.717368443670493
2015-03-26T16:16:41.400000,9.731665627536248
2015-03-26T16:16:41.500000,9.74903008012763
2015-03-26T16:16:41.600000,9.74709090695822
2015-03-26T16:16:41.700000,9.734122359474556
2015-03-26T16:16:41.800000,9.728272915529166
2015-03-26T16:16:41.900000,9.745551537534183
2015-03-26T16:16:42.000000,9.745700040444614
2015-03-26T16:16:42.100000,9.748357579765518
2015-03-26T16:16:42.200000,9.75885069567571
2015-03-26T16:16:42.300000,9.75377048514317
2015-03-26T16:16:42.400000,9.75481271686292
2015-03-26T16:16:42.500000,9.74621178098764
2015-03-26T16:16:42.600000,9.731266079889576
2015-03-26T16:16:42.700000,9.750540473189286
2015-03-26T16:16:42.800000,9.762414593313077
2015-03-26T16:16:42.900000,9.73702834829412
2015-03-26T16:16:43.000000,9.739637104103045
2015-03-26T16:16:43.100000,9.74985841803784
2015-03-26T16:16:43.200000,9.749201352017934
2015-03-26T16:16:43.300000,9.746247458076702
2015-03-26T16:16:43.400000,9.736074879567337
2015-03-26T16:16:43.500000,9.731203971698994
2015-03-26T16:16:43.600000,9.732183464411252
2015-03-26T16:16:43.700000,9.721062891209268
2015-03-26T16:16:43.800000,9.743689058769782
2015-03-26T16:16:43.900000,9.756860741817295
2015-03-26T16:16:44.000000,9.748977491324116
2015-03-26T16:16:44.100000,9.761322525251124
2015-03-26T16:16:44.200000,9.754541586353056
2015-03-26T16:16:44.300000,9.732376832944688
2015-03-26T16:16:44.400000,9.727851565021188
2015-03-26T16:16:44.500000,9.728019586758954
2015-03-26T16:16:44.600000,9.74174118106484
2015-03-26T16:16:44.700000,9.73988496233988
2015-03-26T16:16:44.800000,9.740836278715593
2015-03-26T16:16:44.900000,9.765109648538456
2015-03-26T16:16:45.000000,9.758141687357444
2015-03-26T16:16:45.100000,9.748552091457356
2015-03-26T16:16:45.200000,9.757908385337284
2015-03-26T16:16:45.300000,9.751669764690453
2015-03-26T16:16:45.400000,9.752697880659966
2015-03-26T16:16:45.500000,9.7717024495623
2015-03-26T16:16:45.600000,9.769194974991086
2015-03-26T16:16:45.700000,9.749700543004646
2015-03-26T16:16:45.800000,9.741341387831348
2015-03-26T16:16:45.900000,9.755847653001142
2015-03-26T16:16:46.000000,9.767096846879904
2015-03-26T16:16:46.100000,9.758720416785875
2015-03-26T16:16:46.200000,9.74780555525072
2015-03-26T16:16:46.300000,9.748297800099202
2015-03-26T16:16:46.400000,9.753146312789044
2015-03-26T16:16:46.500000,9.75447477623574
2015-03-26T16:16:46.600000,9.74875160578036
2015-03-26T16:16:46.700000,9.748459373127805
2015-03-26T16:16:46.800000,9.757686420554387
2015-03-26T16:16:46.900000,9.767351090264697
2015-03-26T16:16:47.000000,9.75993689780976
2015-03-26T16:16:47.100000,9.747623284194436
2015-03-26T16:16:47.200000,9.75212884660761
2015-03-26T16:16:47.300000,9.748736752540662
2015-03-26T16:16:47.400000,9.750841733967892
2015-03-26T16:16:47.500000,9.747434292111906
2015-03-26T16:16:47.600000,9.739009122633671
2015-03-26T16:16:47.700000,9.745827177860724
2015-03-26T16:16:47.800000,9.74267766782034
2015-03-26T16:16:47.900000,9.734091437188232
2015-03-26T16:16:48.000000,9.743973561879011
2015-03-26T16:16:48.100000,9.74201437175247
2015-03-26T16:16:48.200000,9.72880552654802
2015-03-26T16:16:48.300000,9.733841188748173
2015-03-26T16:16:48.400000,9.72505032396628
2015-03-26T16:16:48.500000,9.733218523225188
2015-03-26T16:16:48.600000,9.75533411566016
2015-03-26T16:16:48.700000,9.747351753592977
2015-03-26T16:16:48.800000,9.711078007688934
2015-03-26T16:16:48.900000,9.716514661349771
2015-03-26T16:16:49.000000,9.723462577166467
2015-03-26T16:16:49.100000,9.715096520139427
2015-03-26T16:16:49.200000,9.730263940553805
2015-03-26T16:16:49.300000,9.73697248326939
2015-03-26T16:16:49.400000,9.733806099412678
2015-03-26T16:16:49.500000,9.719017347439674
2015-03-26T16:16:49.600000,9.694962626409945
2015-03-26T16:16:49.700000,9.705930612925313
2015-03-26T16:16:49.800000,9.722819819325949
2015-03-26T16:16:49.900000,9.707271147549031
2015-03-26T16:16:50.000000,9.714408001005632
2015-03-26T16:16:50.100000,9.721619108773831
2015-03-26T16:16:50.200000,9.70017436487378
2015-03-26T16:16:50.300000,9.709141215932837
2015-03-26T16:16:50.400000,9.723364878386242
2015-03-26T16:16:50.500000,9.723663510442284
2015-03-26T16:16:50.600000,9.726145801138747
2015-03-26T16:16:50.700000,9.726817624084283
2015-03-26T16:16:50.800000,9.734249837215543
2015-03-26T16:16:50.900000,9.736193470795218
2015-03-26T16:16:51.000000,9.759731652913617
2015-03-26T16:16:51.100000,9.751919411130295
2015-03-26T16:16:51.200000,9.741380343159804
2015-03-26T16:16:51.300000,9.755121136293932
2015-03-26T16:16:51.400000,9.74741249740092
2015-03-26T16:16:51.500000,9.752490504091346
2015-03-26T16:16:51.600000,9.760169511153626
2015-03-26T16:16:51.700000,9.748699173672788
2015-03-26T16:16:51.800000,9.757400632455315
2015-03-26T16:16:51.900000,9.765071202995678
2015-03-26T16:16:52.000000,9.760052229176347
2015-03-26T16:16:52.100000,9.769764103251086
2015-03-26T16:16:52.200000,9.769547383571505
2015-03-26T16:16:52.300000,9.763253067703916
2015-03-26T16:16:52.400000,9.74714633947598
2015-03-26T16:16:52.500000,9.75539156110145
2015-03-26T16:16:52.600000,9.776013642905935
2015-03-26T16:16:52.700000,9.763438330920923
2015-03-26T16:16:52.800000,9.76855286307882
2015-03-26T16:16:52.900000,9.775167590183065
2015-03-26T16:16:53.000000,9.745041632737127
2015-03-26T16:16:53.100000,9.742602856870157
2015-03-26T16:16:53.200000,9.755444040371891
2015-03-26T16:16:53.300000,9.755372719425548
2015-03-26T16:16:53.400000,9.77282142183271
2015-03-26T16:16:53.500000,9.771620347534832
2015-03-26T16:16:53.600000,9.764420821957096
2015-03-26T16:16:53.700000,9.787201234879694
2015-03-26T16:16:53.800000,9.774896292759758
2015-03-26T16:16:53.900000,9.761064799194733
2015-03-26T16:16:54.000000,9.76272336178636
2015-03-26T16:16:54.100000,9.765794520189845
2015-03-26T16:16:54.200000,9.757143482433769
2015-03-26T16:16:54.300000,9.75243220473563
2015-03-26T16:16:54.400000,9.743736468656037
2015-03-26T16:16:54.500000,9.71874515404829
2015-03-26T16:16:54.600000,9.734160083623676
2015-03-26T16:16:54.700000,9.746289253569609
2015-03-26T16:16:54.800000,9.728910112048665
2015-03-26T16:16:54.900000,9.719203736725737
2015-03-26T16:16:55.000000,9.736968104118882
2015-03-26T16:16:55.100000,9.74436414548854
2015-03-26T16:16:55.200000,9.740980075855347
2015-03-26T16:16:55.300000,9.733867516512271
2015-03-26T16:16:55.400000,9.727922609105836
2015-03-26T16:16:55.500000,9.723018066491637
2015-03-26T16:16:55.600000,9.721909916602677
2015-03-26T16:16:55.700000,9.739198647570106
2015-03-26T16:16:55.800000,9.74779325213398
2015-03-26T16:16:55.900000,9.735909957684926
2015-03-26T16:16:56.000000,9.729219698583004
2015-03-26T16:16:56.100000,9.729597557645096
2015-03-26T16:16:56.200000,9.725120214179649
2015-03-26T16:16:56.300000,9.72966860720633
2015-03-26T16:16:56.400000,9.738130531451738
2015-03-26T16:16:56.500000,9.747062340741074
2015-03-26T16:16:56.600000,9.737327004954237
2015-03-26T16:16:56.700000,9.718733331049826
2015-03-26T16:16:56.800000,9.735129683708635
2015-03-26T16:16:56.900000,9.75251091721741
2015-03-26T16:16:57.000000,9.739438934717622
2015-03-26T16:16:57.100000,9.728153494910114
2015-03-26T16:16:57.200000,9.72870733020503
2015-03-26T16:16:57.300000,9.714941924953486
2015-03-26T16:16:57.400000,9.716783799239623
2015-03-26T16:16:57.500000,9.735386758760132
2015-03-26T16:16:57.600000,9.754401389257772
2015-03-26T16:16:57.700000,9.757040709141268
2015-03-26T16:16:57.800000,9.73355063802238
2015-03-26T16:16:57.900000,9.745158123391857
2015-03-26T16:16:58.000000,9.747822291779013
2015-03-26T16:16:58.100000,9.738178679440882
2015-03-26T16:16:58.200000,9.736485404018994
2015-03-26T16:16:58.300000,9.71995641648424
2015-03-26T16:16:58.400000,9.73923895331249
2015-03-26T16:16:58.500000,9.751601006015596
2015-03-26T16:16:58.600000,9.75591353128702
2015-03-26T16:16:58.700000,9.755745680881938
2015-03-26T16:16:58.800000,9.749974035556752
2015-03-26T16:16:58.900000,9.751209716102297
2015-03-26T16:16:59.000000,9.748775550340357
2015-03-26T16:16:59.100000,9.756056310986493
2015-03-26T16:16:59.200000,9.74520210997623
2015-03-26T16:16:59.300000,9.74317779764898
2015-03-26T16:16:59.400000,9.73653940253487
2015-03-26T16:16:59.500000,9.74318776878806
2015-03-26T16:16:59.600000,9.747286525642494
2015-03-26T16:16:59.700000,9.73473937329578
2015-03-26T16:16:59.800000,9.71787868842268
2015-03-26T16:16:59.900000,9.707230034140052
2015-03-26T16:17:00.000000,9.721606692012204
2015-03-26T16:17:00.100000,9.740041653540038
2015-03-26T16:17:00.200000,9.739772662277028
2015-03-26T16:17:00.300000,9.740946761497897
2015-03-26T16:17:00.400000,9.732780304767948
2015-03-26T16:17:00.500000,9.7281857960338
2015-03-26T16:17:00.600000,9.742597714707498
2015-03-26T16:17:00.700000,9.740970152356486
2015-03-26T16:17:00.800000,9.727592976704903
2015-03-26T16:17:00.900000,9.74905075896338
2015-03-26T16:17:01.000000,9.756213461186176
2015-03-26T16:17:01.100000,9.7483107444402
2015-03-26T16:17:01.200000,9.755756510820325
2015-03-26T16:17:01.300000,9.741967834962262
2015-03-26T16:17:01.400000,9.739340993198406
2015-03-26T16:17:01.500000,9.752743706715965
2015-03-26T16:17:01.600000,9.734152372354062
2015-03-26T16:17:01.700000,9.726355545994808
2015-03-26T16:17:01.800000,9.75399948996432
2015-03-26T16:17:01.900000,9.754526221292751
2015-03-26T16:17:02.000000,9.756138058258262
2015-03-26T16:17:02.100000,9.764092283630532
2015-03-26T16:17:02.200000,9.760348227739588
2015-03-26T16:17:02.300000,9.758474714831138
2015-03-26T16:17:02.400000,9.751693818862533
2015-03-26T16:17:02.500000,9.735674298178903
2015-03-26T16:17:02.600000,9.734607348774125
2015-03-26T16:17:02.700000,9.752905348092664
2015-03-26T16:17:02.800000,9.756804181259524
2015-03-26T16:17:02.900000,9.739277265410326
2015-03-26T16:17:03.000000,9.744065264366162
2015-03-26T16:17:03.100000,9.750407481085626
2015-03-26T16:17:03.200000,9.725076699742576
2015-03-26T16:17:03.300000,9.731186367257818
2015-03-26T16:17:03.400000,9.751206616376829
2015-03-26T16:17:03.500000,9.751451451526584
2015-03-26T16:17:03.600000,9.752331536155584
2015-03-26T16:17:03.700000,9.75072161995216
2015-03-26T16:17:03.800000,9.751621002025058
2015-03-26T16:17:03.900000,9.742439386848496
2015-03-26T16:17:04.000000,9.738495321889728
2015-03-26T16:17:04.100000,9.75613276160407
2015-03-26T16:17:04.200000,9.75143242896828
2015-03-26T16:17:04.300000,9.756989234902756
2015-03-26T16:17:04.400000,9.756148255860998
2015-03-26T16:17:04.500000,9.731509120585727
2015-03-26T16:17:04.600000,9.732816421623314
2015-03-26T16:17:04.700000,9.737634569416503
2015-03-26T16:17:04.800000,9.728572693522809
2015-03-26T16:17:04.900000,9.716987656641852
2015-03-26T16:17:05.000000,9.728130142919628
2015-03-26T16:17:05.100000,9.743759218441287
2015-03-26T16:17:05.200000,9.732949196704938
2015-03-26T16:17:05.300000,9.734189508250235
2015-03-26T16:17:05.400000,9.74973317794116
2015-03-26T16:17:05.500000,9.746806140730731
2015-03-26T16:17:05.600000,9.724186747785092
2015-03-26T16:17:05.700000,9.713979292903142
2015-03-26T16:17:05.800000,9.722823808030627
2015-03-26T16:17:05.900000,9.72047219446618
2015-03-26T16:17:06.000000,9.729546569447818
2015-03-26T16:17:06.100000,9.731849222657528
2015-03-26T16:17:06.200000,9.727934184745523
2015-03-26T16:17:06.300000,9.734322167042189
2015-03-26T16:17:06.400000,9.739349444145768
2015-03-26T16:17:06.500000,9.737732928780764
2015-03-26T16:17:06.600000,9.732888492179464
2015-03-26T16:17:06.700000,9.731947331148572
2015-03-26T16:17:06.800000,9.74517871798429
2015-03-26T16:17:06.900000,9.750181716592303
2015-03-26T16:17:07.000000,9.732300413024925
2015-03-26T16:17:07.100000,9.721907891080924
2015-03-26T16:17:07.200000,9.729019966460132
2015-03-26T16:17:07.300000,9.754582228799114
2015-03-26T16:17:07.400000,9.756056337875952
2015-03-26T16:17:07.500000,9.742674240457342
2015-03-26T16:17:07.600000,9.726958487392634
2015-03-26T16:17:07.700000,9.73556790377008
2015-03-26T16:17:07.800000,9.755185223792198
2015-03-26T16:17:07.900000,9.764041097688418
2015-03-26T16:17:08.000000,9.756574654177228
2015-03-26T16:17:08.100000,9.74471750945986
2015-03-26T16:17:08.200000,9.738171711888816
2015-03-26T16:17:08.300000,9.729939314537653
2015-03-26T16:17:08.400000,9.734642785183754
2015-03-26T16:17:08.500000,9.747090183053157
2015-03-26T16:17:08.600000,9.763743609202498
2015-03-26T16:17:08.700000,9.768176947761196
2015-03-26T16:17:08.800000,9.74790850262601
2015-03-26T16:17:08.900000,9.724109426419371
2015-03-26T16:17:09.000000,9.722202360108438
2015-03-26T16:17:09.100000,9.735231213267982
2015-03-26T16:17:09.200000,9.741625687279576
2015-03-26T16:17:09.300000,9.758498149349284
2015-03-26T16:17:09.400000,9.758122726304986
2015-03-26T16:17:09.500000,9.753094902690313
2015-03-26T16:17:09.600000,9.768791993805603
2015-03-26T16:17:09.700000,9.764617968653996
2015-03-26T16:17:09.800000,9.756560776212591
2015-03-26T16:17:09.900000,9.75324647794113
2015-03-26T16:17:10.000000,9.738725508191347
2015-03-26T16:17:10.100000,9.740040555406262
2015-03-26T16:17:10.200000,9.752485580729656
2015-03-26T16:17:10.300000,9.758451303176416
2015-03-26T16:17:10.400000,9.760056939867756
2015-03-26T16:17:10.500000,9.75975928827441
2015-03-26T16:17:10.600000,9.751130002380268
2015-03-26T16:17:10.700000,9.744920426639617
2015-03-26T16:17:10.800000,9.764425931305697
2015-03-26T16:17:10.900000,9.77196916882504
2015-03-26T16:17:11.000000,9.75554181157906
2015-03-26T16:17:11.100000,9.75964565434906
2015-03-26T16:17:11.200000,9.753487308681985
2015-03-26T16:17:11.300000,9.75040963256528
2015-03-26T16:17:11.400000,9.746740967158482
2015-03-26T16:17:11.500000,9.73475076610648
2015-03-26T16:17:11.600000,9.748691546528375
2015-03-26T16:17:11.700000,9.748645185083218
2015-03-26T16:17:11.800000,9.730921801773489
2015-03-26T16:17:11.900000,9.737076753096373
2015-03-26T16:17:12.000000,9.73394955739853
2015-03-26T16:17:12.100000,9.733990013887633
2015-03-26T16:17:12.200000,9.730357715702128
2015-03-26T16:17:12.300000,9.734645088099048
2015-03-26T16:17:12.400000,9.75836095048522
2015-03-26T16:17:12.500000,9.743102547385044
2015-03-26T16:17:12.600000,9.737921451322975
2015-03-26T16:17:12.700000,9.730590187665818
2015-03-26T16:17:12.800000,9.727312140652634
2015-03-26T16:17:12.900000,9.745547100317347
2015-03-26T16:17:13.000000,9.73481844168145
2015-03-26T16:17:13.100000,9.737474481270768
2015-03-26T16:17:13.200000,9.72797017256163
2015-03-26T16:17:13.300000,9.714760020221131
2015-03-26T16:17:13.400000,9.721853095230632
2015-03-26T16:17:13.500000,9.735142480831929
2015-03-26T16:17:13.600000,9.751854503603669
2015-03-26T16:17:13.700000,9.742819789755847
2015-03-26T16:17:13.800000,9.744795912684326
2015-03-26T16:17:13.900000,9.752219254280872
2015-03-26T16:17:14.000000,9.744994468133084
2015-03-26T16:17:14.100000,9.733014835670271
2015-03-26T16:17:14.200000,9.724945938836806
2015-03-26T16:17:14.300000,9.7337384758661
2015-03-26T16:17:14.400000,9.74245267898158
2015-03-26T16:17:14.500000,9.73029086039863
2015-03-26T16:17:14.600000,9.725951845488716
2015-03-26T16:17:14.700000,9.728468481286958
2015-03-26T16:17:14.800000,9.732097853493196
2015-03-26T16:17:14.900000,9.76276511198616
2015-03-26T16:17:15.000000,9.770529402493386
2015-03-26T16:17:15.100000,9.7351124670156
2015-03-26T16:17:15.200000,9.721974636186472
2015-03-26T16:17:15.300000,9.751854600693363
2015-03-26T16:17:15.400000,9.770360983005226
2015-03-26T16:17:15.500000,9.76480396137163
2015-03-26T16:17:15.600000,9.767890061606485
2015-03-26T16:17:15.700000,9.77147495137511
2015-03-26T16:17:15.800000,9.757991636941409
2015-03-26T16:17:15.900000,9.756665175146749
2015-03-26T16:17:16.000000,9.760236090284526
2015-03-26T16:17:16.100000,9.759635742667829
2015-03-26T16:17:16.200000,9.767573552973834
2015-03-26T16:17:16.300000,9.765153033842047
2015-03-26T16:17:16.400000,9.76487469232554
2015-03-26T16:17:16.500000,9.75214038559198
2015-03-26T16:17:16.600000,9.74771133755814
2015-03-26T16:17:16.700000,9.759458535585962
2015-03-26T16:17:16.800000,9.752763034600363
2015-03-26T16:17:16.900000,9.74565988726265
2015-03-26T16:17:17.000000,9.744682885205094
2015-03-26T16:17:17.100000,9.75296727530776
2015-03-26T16:17:17.200000,9.758570500219752
2015-03-26T16:17:17.300000,9.754185365527116
2015-03-26T16:17:17.400000,9.738335722911431
2015-03-26T16:17:17.500000,9.733229838506524
2015-03-26T16:17:17.600000,9.746354598782062
2015-03-26T16:17:17.700000,9.754711099122831
2015-03-26T16:17:17.800000,9.74699142341103
2015-03-26T16:17:17.900000,9.745122502546062
2015-03-26T16:17:18.000000,9.741694231258617
2015-03-26T16:17:18.100000,9.734588846661888
2015-03-26T16:17:18.200000,9.731432145032642
2015-03-26T16:17:18.300000,9.722179977315209
2015-03-26T16:17:18.400000,9.728744908540309
2015-03-26T16:17:18.500000,9.728662379268371
2015-03-26T16:17:18.600000,9.732512638457452
2015-03-26T16:17:18.700000,9.739208768593196
2015-03-26T16:17:18.800000,9.734165047322982
2015-03-26T16:17:18.900000,9.733655025910068
2015-03-26T16:17:19.000000,9.722066212145045
2015-03-26T16:17:19.100000,9.72908434985993
2015-03-26T16:17:19.200000,9.73251265127372
2015-03-26T16:17:19.300000,9.728405969932853
2015-03-26T16:17:19.400000,9.734410418934935
2015-03-26T16:17:19.500000,9.739116360529758
2015-03-26T16:17:19.600000,9.727357010661148
2015-03-26T16:17:19.700000,9.71288175880622
2015-03-26T16:17:19.800000,9.73399148748373
2015-03-26T16:17:19.900000,9.748961178482034
2015-03-26T16:17:20.000000,9.732215038481671
2015-03-26T16:17:20.100000,9.739652239538888
2015-03-26T16:17:20.200000,9.74868403144204
2015-03-26T16:17:20.300000,9.735253829016616
2015-03-26T16:17:20.400000,9.737810008919247
2015-03-26T16:17:20.500000,9.735644549788558
2015-03-26T16:17:20.600000,9.75274500680747
2015-03-26T16:17:20.700000,9.761913472748764
2015-03-26T16:17:20.800000,9.749131679775868
2015-03-26T16:17:20.900000,9.75797315031654
2015-03-26T16:17:21.000000,9.761382407195187
2015-03-26T16:17:21.100000,9.754079683624104
2015-03-26T16:17:21.200000,9.731841034215288
2015-03-26T16:17:21.300000,9.72646925306944
2015-03-26T16:17:21.400000,9.73417506514548
2015-03-26T16:17:21.500000,9.739875778829848
2015-03-26T16:17:21.600000,9.743727830124742
2015-03-26T16:17:21.700000,9.755197433829911
2015-03-26T16:17:21.800000,9.776630936923928
2015-03-26T16:17:21.900000,9.761518506661597
2015-03-26T16:17:22.000000,9.760052274623629
2015-03-26T16:17:22.100000,9.774589686099455
2015-03-26T16:17:22.200000,9.770039355382597
2015-03-26T16:17:22.300000,9.76013844506566
2015-03-26T16:17:22.400000,9.746125573762516
2015-03-26T16:17:22.500000,9.737056712137406
2015-03-26T16:17:22.600000,9.740622088813572
2015-03-26T16:17:22.700000,9.752354926543529
2015-03-26T16:17:22.800000,9.743105462176429
2015-03-26T16:17:22.900000,9.744435664627217
2015-03-26T16:17:23.000000,9.754902124417413
2015-03-26T16:17:23.100000,9.762140344087255
2015-03-26T16:17:23.200000,9.757152958290977
2015-03-26T16:17:23.300000,9.749444192083658
2015-03-26T16:17:23.400000,9.742658232401888
2015-03-26T16:17:23.500000,9.73514045615619
2015-03-26T16:17:23.600000,9.750404705531462
2015-03-26T16:17:23.700000,9.741023847683309
2015-03-26T16:17:23.800000,9.72596546432328
2015-03-26T16:17:23.900000,9.725002772919051
2015-03-26T16:17:24.000000,9.73662003436737
2015-03-26T16:17:24.100000,9.751116310756183
2015-03-26T16:17:24.200000,9.74273220658202
2015-03-26T16:17:24.300000,9.727504196764846
2015-03-26T16:17:24.400000,9.738401608367
2015-03-26T16:17:24.500000,9.739600745747342
2015-03-26T16:17:24.600000,9.727182389514578
2015-03-26T16:17:24.700000,9.72540247880814
2015-03-26T16:17:24.800000,9.738604023927351
2015-03-26T16:17:24.900000,9.75471179536485
2015-03-26T16:17:25.000000,9.745591834731227
2015-03-26T16:17:25.100000,9.743320226329802
2015-03-26T16:17:25.200000,9.719889407126209
2015-03-26T16:17:25.300000,9.719426784057331
2015-03-26T16:17:25.400000,9.747466658400285
2015-03-26T16:17:25.500000,9.7531858885093
2015-03-26T16:17:25.600000,9.748476373355006
2015-03-26T16:17:25.700000,9.735897506563417
2015-03-26T16:17:25.800000,9.727726732703983
2015-03-26T16:17:25.900000,9.725197660651231
2015-03-26T16:17:26.000000,9.728155359967944
2015-03-26T16:17:26.100000,9.72628666148867
2015-03-26T16:17:26.200000,9.729848594252454
2015-03-26T16:17:26.300000,9.73253648426995
2015-03-26T16:17:26.400000,9.720016768035157
2015-03-26T16:17:26.500000,9.720387379957891
2015-03-26T16:17:26.600000,9.735464119302463
2015-03-26T16:17:26.700000,9.739038372918785
2015-03-26T16:17:26.800000,9.737656293337634
2015-03-26T16:17:26.900000,9.733351004071883
2015-03-26T16:17:27.000000,9.720037189423753
2015-03-26T16:17:27.100000,9.731359730007496
2015-03-26T16:17:27.200000,9.737452884927729
2015-03-26T16:17:27.300000,9.700900772104012
2015-03-26T16:17:27.400000,9.703870589619306
2015-03-26T16:17:27.500000,9.736347662050935
2015-03-26T16:17:27.600000,9.756196801148432
2015-03-26T16:17:27.700000,9.763484689802992
2015-03-26T16:17:27.800000,9.747340094689472
2015-03-26T16:17:27.900000,9.7423848670596
2015-03-26T16:17:28.000000,9.743721883343468
2015-03-26T16:17:28.100000,9.7501845881322
2015-03-26T16:17:28.200000,9.756181750377236
2015-03-26T16:17:28.300000,9.757159942601756
2015-03-26T16:17:28.400000,9.755364471081856
2015-03-26T16:17:28.500000,9.766226513301811
2015-03-26T16:17:28.600000,9.779493615342734
2015-03-26T16:17:28.700000,9.777925395561343
2015-03-26T16:17:28.800000,9.762127049938217
2015-03-26T16:17:28.900000,9.744047008812949
2015-03-26T16:17:29.000000,9.75247272371538
2015-03-26T16:17:29.100000,9.758723473176016
2015-03-26T16:17:29.200000,9.76918596212723
2015-03-26T16:17:29.300000,9.771424762766545
2015-03-26T16:17:29.400000,9.74282751340608
2015-03-26T16:17:29.500000,9.740678846331704
2015-03-26T16:17:29.600000,9.754786254529552
2015-03-26T16:17:29.700000,9.756889557345351
2015-03-26T16:17:29.800000,9.75536937538844
2015-03-26T16:17:29.900000,9.750650039148749
2015-03-26T16:17:30.000000,9.755153201243052
2015-03-26T16:17:30.100000,9.76165578385743
2015-03-26T16:17:30.200000,9.762151111202312
2015-03-26T16:17:30.300000,9.757560224988508
2015-03-26T16:17:30.400000,9.751397290987867
2015-03-26T16:17:30.500000,9.75763434187558
2015-03-26T16:17:30.600000,9.745882967768877
2015-03-26T16:17:30.700000,9.745031307172304
2015-03-26T16:17:30.800000,9.76360271451034
2015-03-26T16:17:30.900000,9.760645996210355
2015-03-26T16:17:31.000000,9.74644234894992
2015-03-26T16:17:31.100000,9.74357663295086
2015-03-26T16:17:31.200000,9.74420817782661
2015-03-26T16:17:31.300000,9.737876827023836
2015-03-26T16:17:31.400000,9.74978477749752
2015-03-26T16:17:31.500000,9.770845431067052
2015-03-26T16:17:31.600000,9.773741483849872
2015-03-26T16:17:31.700000,9.748455422496312
2015-03-26T16:17:31.800000,9.739683180653085
2015-03-26T16:17:31.900000,9.733282725043209
2015-03-26T16:17:32.000000,9.718778533274806
2015-03-26T16:17:32.100000,9.738808369550746
2015-03-26T16:17:32.200000,9.74231938298435
2015-03-26T16:17:32.300000,9.737657459562858
2015-03-26T16:17:32.400000,9.735719081911167
2015-03-26T16:17:32.500000,9.71701785911756
2015-03-26T16:17:32.600000,9.709564052908462
2015-03-26T16:17:32.700000,9.725021869493377
2015-03-26T16:17:32.800000,9.706530619485756
2015-03-26T16:17:32.900000,9.71259430872055
2015-03-26T16:17:33.000000,9.726081512537714
2015-03-26T16:17:33.100000,9.710712022445827
2015-03-26T16:17:33.200000,9.712840568402443
2015-03-26T16:17:33.300000,9.706540482704076
2015-03-26T16:17:33.400000,9.71904431823276
2015-03-26T16:17:33.500000,9.719077697013002
2015-03-26T16:17:33.600000,9.703507936117385
2015-03-26T16:17:33.700000,9.7106256435054
2015-03-26T16:17:33.800000,9.736827600285
2015-03-26T16:17:33.900000,9.73238886573321
2015-03-26T16:17:34.000000,9.711544611527346
2015-03-26T16:17:34.100000,9.7246701470425
2015-03-26T16:17:34.200000,9.72749712938651
2015-03-26T16:17:34.300000,9.704934459926076
2015-03-26T16:17:34.400000,9.708472868108744
2015-03-26T16:17:34.500000,9.735343465190311
2015-03-26T16:17:34.600000,9.735540282489536
2015-03-26T16:17:34.700000,9.730590883006425
2015-03-26T16:17:34.800000,9.72882887791379
2015-03-26T16:17:34.900000,9.72613802249912
2015-03-26T16:17:35.000000,9.732067756911905
2015-03-26T16:17:35.100000,9.749023966082405
2015-03-26T16:17:35.200000,9.76311402087632
2015-03-26T16:17:35.300000,9.775204815984695
2015-03-26T16:17:35.400000,9.775151159485484
2015-03-26T16:17:35.500000,9.7517123746261
2015-03-26T16:17:35.600000,9.746722821634282
2015-03-26T16:17:35.700000,9.745195926990512
2015-03-26T16:17:35.800000,9.752198025383375
2015-03-26T16:17:35.900000,9.761376853829338
2015-03-26T16:17:36.000000,9.757927644294472
2015-03-26T16:17:36.100000,9.765221785707752
2015-03-26T16:17:36.200000,9.773115681572015
2015-03-26T16:17:36.300000,9.7867061795204
2015-03-26T16:17:36.400000,9.7798159373022
2015-03-26T16:17:36.500000,9.752660543136928
2015-03-26T16:17:36.600000,9.750018146318702
2015-03-26T16:17:36.700000,9.75724345298194
2015-03-26T16:17:36.800000,9.751399145496562
2015-03-26T16:17:36.900000,9.738959250477688
2015-03-26T16:17:37.000000,9.72713474944948
2015-03-26T16:17:37.100000,9.74003203854256
2015-03-26T16:17:37.200000,9.762320662049998
2015-03-26T16:17:37.300000,9.751310693077906
2015-03-26T16:17:37.400000,9.763585684084418
2015-03-26T16:17:37.500000,9.779810412272896
2015-03-26T16:17:37.600000,9.755834868085174
2015-03-26T16:17:37.700000,9.744759288943085
2015-03-26T16:17:37.800000,9.729816098607824
2015-03-26T16:17:37.900000,9.718125174183148
2015-03-26T16:17:38.000000,9.739507297317449
2015-03-26T16:17:38.100000,9.748679231984184
2015-03-26T16:17:38.200000,9.74150198778105
2015-03-26T16:17:38.300000,9.74355250681589
2015-03-26T16:17:38.400000,9.738295248171491
2015-03-26T16:17:38.500000,9.74934216993851
2015-03-26T16:17:38.600000,9.746218448378828
2015-03-26T16:17:38.700000,9.727473154781972
2015-03-26T16:17:38.800000,9.745603134859886
2015-03-26T16:17:38.900000,9.733741967789332
2015-03-26T16:17:39.000000,9.714766630792074
2015-03-26T16:17:39.100000,9.732555806111616
2015-03-26T16:17:39.200000,9.733888593990278
2015-03-26T16:17:39.300000,9.734569427502755
2015-03-26T16:17:39.400000,9.735941655609288
2015-03-26T16:17:39.500000,9.734448585753611
2015-03-26T16:17:39.600000,9.734948834632004
2015-03-26T16:17:39.700000,9.73236613472013
2015-03-26T16:17:39.800000,9.741678745895296
2015-03-26T16:17:39.900000,9.74343646752217
2015-03-26T16:17:40.000000,9.73023549811722
2015-03-26T16:17:40.100000,9.730180218077516
2015-03-26T16:17:40.200000,9.740914636382907
2015-03-26T16:17:40.300000,9.74206894135206
2015-03-26T16:17:40.400000,9.730383305541764
2015-03-26T16:17:40.500000,9.727074760934991
2015-03-26T16:17:40.600000,9.73134649103406
2015-03-26T16:17:40.700000,9.748789984532548
2015-03-26T16:17:40.800000,9.759465826165156
2015-03-26T16:17:40.900000,9.76011597520784
2015-03-26T16:17:41.000000,9.756057456114698
2015-03-26T16:17:41.100000,9.751149665147157
2015-03-26T16:17:41.200000,9.754571349403603
2015-03-26T16:17:41.300000,9.7759469101336
2015-03-26T16:17:41.400000,9.776505191332214
2015-03-26T16:17:41.500000,9.753934638597666
2015-03-26T16:17:41.600000,9.749703800559429
2015-03-26T16:17:41.700000,9.743581709135167
2015-03-26T16:17:41.800000,9.757443768246889
2015-03-26T16:17:41.900000,9.758723326227772
2015-03-26T16:17:42.000000,9.739999668790478
2015-03-26T16:17:42.100000,9.751650308910174
2015-03-26T16:17:42.200000,9.756108380387303
2015-03-26T16:17:42.300000,9.744240873067954
2015-03-26T16:17:42.400000,9.752615910892583
2015-03-26T16:17:42.500000,9.7617272452316
2015-03-26T16:17:42.600000,9.759931562414618
2015-03-26T16:17:42.700000,9.74582898758634
2015-03-26T16:17:42.800000,9.731799527883757
2015-03-26T16:17:42.900000,9.7401298400638
2015-03-26T16:17:43.000000,9.74671470961128
2015-03-26T16:17:43.100000,9.73763610702236
2015-03-26T16:17:43.200000,9.72419363322808
2015-03-26T16:17:43.300000,9.730442791687972
2015-03-26T16:17:43.400000,9.753077838921842
2015-03-26T16:17:43.500000,9.738707430157897
2015-03-26T16:17:43.600000,9.734923622941375
2015-03-26T16:17:43.700000,9.729854162903983
2015-03-26T16:17:43.800000,9.7127892721351
2015-03-26T16:17:43.900000,9.710831042903578
2015-03-26T16:17:44.000000,9.714467494984378
2015-03-26T16:17:44.100000,9.7336073994613
2015-03-26T16:17:44.200000,9.755981018742569
2015-03-26T16:17:44.300000,9.761871636655563
2015-03-26T16:17:44.400000,9.741477870784388
2015-03-26T16:17:44.500000,9.735903263824389
2015-03-26T16:17:44.600000,9.74611490627829
2015-03-26T16:17:44.700000,9.73605991100752
2015-03-26T16:17:44.800000,9.731380509470982
2015-03-26T16:17:44.900000,9.73508069486624
2015-03-26T16:17:45.000000,9.741546751204108
2015-03-26T16:17:45.100000,9.741799868073468
2015-03-26T16:17:45.200000,9.737647127652997
2015-03-26T16:17:45.300000,9.744913106501055
2015-03-26T16:17:45.400000,9.747901116536145
2015-03-26T16:17:45.500000,9.750609765997044
2015-03-26T16:17:45.600000,9.748662924148762
2015-03-26T16:17:45.700000,9.746599282607388
2015-03-26T16:17:45.800000,9.761160130527902
2015-03-26T16:17:45.900000,9.765416531112734
2015-03-26T16:17:46.000000,9.750519333507777
2015-03-26T16:17:46.100000,9.757927562399605
2015-03-26T16:17:46.200000,9.772216027024234
2015-03-26T16:17:46.300000,9.75345757646237
2015-03-26T16:17:46.400000,9.752421355116471
2015-03-26T16:17:46.500000,9.74845824692761
2015-03-26T16:17:46.600000,9.739508621129174
2015-03-26T16:17:46.700000,9.755856791394022
2015-03-26T16:17:46.800000,9.761708314590535
2015-03-26T16:17:46.900000,9.75431333327659
2015-03-26T16:17:47.000000,9.75838446185797
2015-03-26T16:17:47.100000,9.763924407843664
2015-03-26T16:17:47.200000,9.752022678672429
2015-03-26T16:17:47.300000,9.758578109473405
2015-03-26T16:17:47.400000,9.754146210065088
2015-03-26T16:17:47.500000,9.73747121796362
2015-03-26T16:17:47.600000,9.743042439011104
2015-03-26T16:17:47.700000,9.738284383198872
2015-03-26T16:17:47.800000,9.736524896499551
2015-03-26T16:17:47.900000,9.747876273578372
2015-03-26T16:17:48.000000,9.76043258521558
2015-03-26T16:17:48.100000,9.75911855799422
2015-03-26T16:17:48.200000,9.74774828475849
2015-03-26T16:17:48.300000,9.73532003214779
2015-03-26T16:17:48.400000,9.717401266111905
2015-03-26T16:17:48.500000,9.734246693215296
2015-03-26T16:17:48.600000,9.748465118322802
2015-03-26T16:17:48.700000,9.739492933941932
2015-03-26T16:17:48.800000,9.722393202609643
2015-03-26T16:17:48.900000,9.719882374416947
2015-03-26T16:17:49.000000,9.73391970353832
2015-03-26T16:17:49.100000,9.739258225421198
2015-03-26T16:17:49.200000,9.751747585452666
2015-03-26T16:17:49.300000,9.745318559581284
2015-03-26T16:17:49.400000,9.737231581976951
2015-03-26T16:17:49.500000,9.748433342415144
2015-03-26T16:17:49.600000,9.757859081571452
2015-03-26T16:17:49.700000,9.750923214629047
2015-03-26T16:17:49.800000,9.732286536132415
2015-03-26T16:17:49.900000,9.736701245981488
2015-03-26T16:17:50.000000,9.747061956725751
2015-03-26T16:17:50.100000,9.741673359385716
2015-03-26T16:17:50.200000,9.75131586226258
2015-03-26T16:17:50.300000,9.748416023114183
2015-03-26T16:17:50.400000,9.718469068171403
2015-03-26T16:17:50.500000,9.722120117155226
2015-03-26T16:17:50.600000,9.735995608206297
2015-03-26T16:17:50.700000,9.735271625548396
2015-03-26T16:17:50.800000,9.731309316409792
2015-03-26T16:17:50.900000,9.735007469538926
2015-03-26T16:17:51.000000,9.73773996959082
2015-03-26T16:17:51.100000,9.732251225164855
2015-03-26T16:17:51.200000,9.749505059951872
2015-03-26T16:17:51.300000,9.770902953111989
2015-03-26T16:17:51.400000,9.764729263245831
2015-03-26T16:17:51.500000,9.7544033001113
2015-03-26T16:17:51.600000,9.747649091833988
2015-03-26T16:17:51.700000,9.737019237236716
2015-03-26T16:17:51.800000,9.742787591965875
2015-03-26T16:17:51.900000,9.754134368737228
2015-03-26T16:17:52.000000,9.746658562953144
2015-03-26T16:17:52.100000,9.75276570686495
2015-03-26T16:17:52.200000,9.757089068541823
2015-03-26T16:17:52.300000,9.723583885990926
2015-03-26T16:17:52.400000,9.709465825564267
2015-03-26T16:17:52.500000,9.721080486605516
2015-03-26T16:17:52.600000,9.737713743449287
2015-03-26T16:17:52.700000,9.743051766898898
2015-03-26T16:17:52.800000,9.742688664459344
2015-03-26T16:17:52.900000,9.74656362336614
2015-03-26T16:17:53.000000,9.741492124795547
2015-03-26T16:17:53.100000,9.732633908842814
2015-03-26T16:17:53.200000,9.729025548843184
2015-03-26T16:17:53.300000,9.751325478112484
2015-03-26T16:17:53.400000,9.739945459956536
2015-03-26T16:17:53.500000,9.728032168762162
2015-03-26T16:17:53.600000,9.735749779309144
2015-03-26T16:17:53.700000,9.72921957967106
2015-03-26T16:17:53.800000,9.733102117112317
2015-03-26T16:17:53.900000,9.740421510890052
2015-03-26T16:17:54.000000,9.735141929520974
2015-03-26T16:17:54.100000,9.721476562129732
2015-03-26T16:17:54.200000,9.73313296384826
2015-03-26T16:17:54.300000,9.729214147912527
2015-03-26T16:17:54.400000,9.728321326911471
2015-03-26T16:17:54.500000,9.753847706000473
2015-03-26T16:17:54.600000,9.73898250210166
2015-03-26T16:17:54.700000,9.740199593928343
2015-03-26T16:17:54.800000,9.77321724490647
2015-03-26T16:17:54.900000,9.768689725735252
2015-03-26T16:17:55.000000,9.761802722950923
2015-03-26T16:17:55.100000,9.780512866859814
2015-03-26T16:17:55.200000,9.77860437216046
2015-03-26T16:17:55.300000,9.77696159238164
2015-03-26T16:17:55.400000,9.77144237497012
2015-03-26T16:17:55.500000,9.740315446154115
2015-03-26T16:17:55.600000,9.746676755940138
2015-03-26T16:17:55.700000,9.769613899470396
2015-03-26T16:17:55.800000,9.760561155990912
2015-03-26T16:17:55.900000,9.74824708250086
2015-03-26T16:17:56.000000,9.76070031296579
2015-03-26T16:17:56.100000,9.770727055765963
2015-03-26T16:17:56.200000,9.764131179356664
2015-03-26T16:17:56.300000,9.750380701306687
2015-03-26T16:17:56.400000,9.762238740260669
2015-03-26T16:17:56.500000,9.759875656874645
2015-03-26T16:17:56.600000,9.746654162829962
2015-03-26T16:17:56.700000,9.734750643807214
2015-03-26T16:17:56.800000,9.727318051935978
2015-03-26T16:17:56.900000,9.748947449059177
2015-03-26T16:17:57.000000,9.769100333063976
2015-03-26T16:17:57.100000,9.786353844307872
2015-03-26T16:17:57.200000,9.770579076446044
2015-03-26T16:17:57.300000,9.743163950728055
2015-03-26T16:17:57.400000,9.740881944190502
2015-03-26T16:17:57.500000,9.743364028414002
2015-03-26T16:17:57.600000,9.745354522619042
2015-03-26T16:17:57.700000,9.740845667220109
2015-03-26T16:17:57.800000,9.729986726793044
2015-03-26T16:17:57.900000,9.73340978297136
2015-03-26T16:17:58.000000,9.729381850268226
2015-03-26T16:17:58.100000,9.723635937590856
2015-03-26T16:17:58.200000,9.720527903731044
2015-03-26T16:17:58.300000,9.731172328802677
2015-03-26T16:17:58.400000,9.740333678325674
2015-03-26T16:17:58.500000,9.73839947339424
2015-03-26T16:17:58.600000,9.731609101272127
2015-03-26T16:17:58.700000,9.73238527698439
2015-03-26T16:17:58.800000,9.727147033816925
2015-03-26T16:17:58.900000,9.725330456327525
2015-03-26T16:17:59.000000,9.72775870075401
2015-03-26T16:17:59.100000,9.71372024856908
2015-03-26T16:17:59.200000,9.709914661387312
2015-03-26T16:17:59.300000,9.70133604371026
2015-03-26T16:17:59.400000,9.723620853646327
2015-03-26T16:17:59.500000,9.728292222280798
2015-03-26T16:17:59.600000,9.706212700236293
2015-03-26T16:17:59.700000,9.712232419684591
2015-03-26T16:17:59.800000,9.713114012089235
2015-03-26T16:17:59.900000,9.71186831552933
2015-03-26T16:18:00.000000,9.69535681552884
2015-03-26T16:18:00.100000,9.686019306173865
2015-03-26T16:18:00.200000,9.698190925603804
2015-03-26T16:18:00.300000,9.73295175770649
2015-03-26T16:18:00.400000,9.728024517912536
2015-03-26T16:18:00.500000,9.701408998889969
2015-03-26T16:18:00.600000,9.703367720711174
2015-03-26T16:18:00.700000,9.708794030101211
2015-03-26T16:18:00.800000,9.72864114671755
2015-03-26T16:18:00.900000,9.734252349409603
2015-03-26T16:18:01.000000,9.74309065406064
2015-03-26T16:18:01.100000,9.742905106371214
2015-03-26T16:18:01.200000,9.73539524662778
2015-03-26T16:18:01.300000,9.747938745185952
2015-03-26T16:18:01.400000,9.753338410958614
2015-03-26T16:18:01.500000,9.755695552022257
2015-03-26T16:18:01.600000,9.750744455072375
2015-03-26T16:18:01.700000,9.731363166923176
2015-03-26T16:18:01.800000,9.731206581090564
2015-03-26T16:18:01.900000,9.753780112170414
2015-03-26T16:18:02.000000,9.769783617262304
2015-03-26T16:18:02.100000,9.764870526932771
2015-03-26T16:18:02.200000,9.763408460615585
2015-03-26T16:18:02.300000,9.772314696646538
2015-03-26T16:18:02.400000,9.777795826289616
2015-03-26T16:18:02.500000,9.779564695359136
2015-03-26T16:18:02.600000,9.765170760140023
2015-03-26T16:18:02.700000,9.743692804907027
2015-03-26T16:18:02.800000,9.75043672024635
2015-03-26T16:18:02.900000,9.753802338333426
2015-03-26T16:18:03.000000,9.755281445236337
2015-03-26T16:18:03.100000,9.763821103221913
2015-03-26T16:18:03.200000,9.768583784191
2015-03-26T16:18:03.300000,9.761660036762224
2015-03-26T16:18:03.400000,9.762840242423644
2015-03-26T16:18:03.500000,9.765937820502772
2015-03-26T16:18:03.600000,9.754437734704174
2015-03-26T16:18:03.700000,9.746338923917431
2015-03-26T16:18:03.800000,9.757320914523566
2015-03-26T16:18:03.900000,9.754582676862157
2015-03-26T16:18:04.000000,9.742203776394083
2015-03-26T16:18:04.100000,9.739725055717196
2015-03-26T16:18:04.200000,9.735205855839682
2015-03-26T16:18:04.300000,9.757166095947223
2015-03-26T16:18:04.400000,9.76941207137248
2015-03-26T16:18:04.500000,9.752453896139256
2015-03-26T16:18:04.600000,9.73763736931377
2015-03-26T16:18:04.700000,9.741068069971137
2015-03-26T16:18:04.800000,9.740152518298393
2015-03-26T16:18:04.900000,9.72341889893574
2015-03-26T16:18:05.000000,9.728060246195788
2015-03-26T16:18:05.100000,9.729943391976263
2015-03-26T16:18:05.200000,9.724624483643504
2015-03-26T16:18:05.300000,9.728488175384006
2015-03-26T16:18:05.400000,9.7248328379613
2015-03-26T16:18:05.500000,9.707412448358085
2015-03-26T16:18:05.600000,9.725862687150492
2015-03-26T16:18:05.700000,9.738310566330345
2015-03-26T16:18:05.800000,9.732137431309498
2015-03-26T16:18:05.900000,9.725189361378836
2015-03-26T16:18:06.000000,9.71406682064488
2015-03-26T16:18:06.100000,9.70047685658586
2015-03-26T16:18:06.200000,9.689863076038044
2015-03-26T16:18:06.300000,9.711268711010256
2015-03-26T16:18:06.400000,9.728125089145262
2015-03-26T16:18:06.500000,9.737244604564976
2015-03-26T16:18:06.600000,9.733403738988892
2015-03-26T16:18:06.700000,9.712800531044548
2015-03-26T16:18:06.800000,9.709880963824524
2015-03-26T16:18:06.900000,9.718479044013767
2015-03-26T16:18:07.000000,9.71733242818794
2015-03-26T16:18:07.100000,9.724838835777891
2015-03-26T16:18:07.200000,9.72711842494651
2015-03-26T16:18:07.300000,9.73674883791748
2015-03-26T16:18:07.400000,9.7479268089343
2015-03-26T16:18:07.500000,9.747067368836811
2015-03-26T16:18:07.600000,9.747088542239387
2015-03-26T16:18:07.700000,9.74295015205014
2015-03-26T16:18:07.800000,9.755487870028835
2015-03-26T16:18:07.900000,9.7695309690531
2015-03-26T16:18:08.000000,9.747494359257905
2015-03-26T16:18:08.100000,9.752028511206545
2015-03-26T16:18:08.200000,9.77269062799311
2015-03-26T16:18:08.300000,9.765335241974704
2015-03-26T16:18:08.400000,9.765473501129874
2015-03-26T16:18:08.500000,9.765077118007143
2015-03-26T16:18:08.600000,9.763193715298057
2015-03-26T16:18:08.700000,9.774702364654312
2015-03-26T16:18:08.800000,9.768698272582917
2015-03-26T16:18:08.900000,9.755716747225152
2015-03-26T16:18:09.000000,9.746746835074184
2015-03-26T16:18:09.100000,9.743373932217922
2015-03-26T16:18:09.200000,9.75840038075973
2015-03-26T16:18:09.300000,9.754224135129006
2015-03-26T16:18:09.400000,9.753811249973484
2015-03-26T16:18:09.500000,9.759228270490846
2015-03-26T16:18:09.600000,9.747781793865167
2015-03-26T16:18:09.700000,9.739367948340025
2015-03-26T16:18:09.800000,9.730817578530042
2015-03-26T16:18:09.900000,9.73120250619332
2015-03-26T16:18:10.000000,9.742224491153072
2015-03-26T16:18:10.100000,9.757204674848431
2015-03-26T16:18:10.200000,9.750225661427098
2015-03-26T16:18:10.300000,9.739942977751992
2015-03-26T16:18:10.400000,9.736608902707609
2015-03-26T16:18:10.500000,9.732219878338444
2015-03-26T16:18:10.600000,9.7214581609406
2015-03-26T16:18:10.700000,9.712539529056302
2015-03-26T16:18:10.800000,9.705183922649082
2015-03-26T16:18:10.900000,9.71165598543692
2015-03-26T16:18:11.000000,9.732551780393262
2015-03-26T16:18:11.100000,9.724727173551702
2015-03-26T16:18:11.200000,9.715314517741186
2015-03-26T16:18:11.300000,9.712360005116055
2015-03-26T16:18:11.400000,9.717451543411446
2015-03-26T16:18:11.500000,9.7264473866219
2015-03-26T16:18:11.600000,9.71866266687966
2015-03-26T16:18:11.700000,9.72458352924944
2015-03-26T16:18:11.800000,9.73067953042401
2015-03-26T16:18:11.900000,9.7147274158846
2015-03-26T16:18:12.000000,9.723004980344024
2015-03-26T16:18:12.100000,9.732487108131131
2015-03-26T16:18:12.200000,9.733204820208018
2015-03-26T16:18:12.300000,9.74707979095582
2015-03-26T16:18:12.400000,9.722712985011537
2015-03-26T16:18:12.500000,9.72409325423559
2015-03-26T16:18:12.600000,9.748449075994998
2015-03-26T16:18:12.700000,9.766518117815307
2015-03-26T16:18:12.800000,9.769365228917184
2015-03-26T16:18:12.900000,9.748489569323109
2015-03-26T16:18:13.000000,9.731035604732876
2015-03-26T16:18:13.100000,9.739207531026947
2015-03-26T16:18:13.200000,9.76388126999099
2015-03-26T16:18:13.300000,9.771630521091977
2015-03-26T16:18:13.400000,9.766636386339762
2015-03-26T16:18:13.500000,9.755181612723222
2015-03-26T16:18:13.600000,9.7576768624276
2015-03-26T16:18:13.700000,9.779605466392184
2015-03-26T16:18:13.800000,9.774846093177835
2015-03-26T16:18:13.900000,9.75087652316668
2015-03-26T16:18:14.000000,9.753989210790465
2015-03-26T16:18:14.100000,9.7405129329161
2015-03-26T16:18:14.200000,9.749208343491407
2015-03-26T16:18:14.300000,9.774914444130513
2015-03-26T16:18:14.400000,9.756920253950234
2015-03-26T16:18:14.500000,9.746796517456808
2015-03-26T16:18:14.600000,9.760513103595372
2015-03-26T16:18:14.700000,9.755110107912408
2015-03-26T16:18:14.800000,9.75420363518954
2015-03-26T16:18:14.900000,9.74780329656323
2015-03-26T16:18:15.000000,9.7243233701701
2015-03-26T16:18:15.100000,9.728677810847175
2015-03-26T16:18:15.200000,9.744271485196288
2015-03-26T16:18:15.300000,9.731799444578328
2015-03-26T16:18:15.400000,9.734794908144456
2015-03-26T16:18:15.500000,9.74196600698777
2015-03-26T16:18:15.600000,9.721656880955512
2015-03-26T16:18:15.700000,9.721842747798854
2015-03-26T16:18:15.800000,9.73719081491858
2015-03-26T16:18:15.900000,9.751228836063415
2015-03-26T16:18:16.000000,9.74883022252437
2015-03-26T16:18:16.100000,9.737362506142675
2015-03-26T16:18:16.200000,9.730529459279198
2015-03-26T16:18:16.300000,9.732229155062615
2015-03-26T16:18:16.400000,9.736917711971303
2015-03-26T16:18:16.500000,9.72572238613927
2015-03-26T16:18:16.600000,9.721110620277065
2015-03-26T16:18:16.700000,9.735139362500316
2015-03-26T16:18:16.800000,9.737998184263535
2015-03-26T16:18:16.900000,9.742128561834974
2015-03-26T16:18:17.000000,9.740431044266415
2015-03-26T16:18:17.100000,9.72900364513197
2015-03-26T16:18:17.200000,9.706166406359005
2015-03-26T16:18:17.300000,9.707713272423728
2015-03-26T16:18:17.400000,9.746346512578048
2015-03-26T16:18:17.500000,9.748344996995632
2015-03-26T16:18:17.600000,9.739883860856438
2015-03-26T16:18:17.700000,9.738802644794507
2015-03-26T16:18:17.800000,9.742183743433536
2015-03-26T16:18:17.900000,9.760937012660984
2015-03-26T16:18:18.000000,9.755557739944775
2015-03-26T16:18:18.100000,9.736807187959684
2015-03-26T16:18:18.200000,9.736056398834329
2015-03-26T16:18:18.300000,9.741261125795011
2015-03-26T16:18:18.400000,9.74526116819327
2015-03-26T16:18:18.500000,9.756903584857714
2015-03-26T16:18:18.600000,9.741885869989208
2015-03-26T16:18:18.700000,9.732424551870391
2015-03-26T16:18:18.800000,9.757563761329267
2015-03-26T16:18:18.900000,9.760195985868338
2015-03-26T16:18:19.000000,9.74260029248006
2015-03-26T16:18:19.100000,9.743824266538128
2015-03-26T16:18:19.200000,9.75344751202129
2015-03-26T16:18:19.300000,9.765483174861142
2015-03-26T16:18:19.400000,9.754809394164344
2015-03-26T16:18:19.500000,9.750121102859412
2015-03-26T16:18:19.600000,9.779696273415569
2015-03-26T16:18:19.700000,9.770316554268607
2015-03-26T16:18:19.800000,9.745213536679378
2015-03-26T16:18:19.900000,9.738015175912926
2015-03-26T16:18:20.000000,9.753605927889344
2015-03-26T16:18:20.100000,9.751588309536858
2015-03-26T16:18:20.200000,9.749833541139193
2015-03-26T16:18:20.300000,9.758409100955282
2015-03-26T16:18:20.400000,9.753033059261671
2015-03-26T16:18:20.500000,9.758988469121146
2015-03-26T16:18:20.600000,9.74967185198229
2015-03-26T16:18:20.700000,9.75832104138244
2015-03-26T16:18:20.800000,9.76159622155941
2015-03-26T16:18:20.900000,9.74444452353618
2015-03-26T16:18:21.000000,9.758768058037772
2015-03-26T16:18:21.100000,9.75717550481342
2015-03-26T16:18:21.200000,9.748892460654377
2015-03-26T16:18:21.300000,9.76067440179602
2015-03-26T16:18:21.400000,9.755702572272344
2015-03-26T16:18:21.500000,9.74514992641188
2015-03-26T16:18:21.600000,9.736497946087487
2015-03-26T16:18:21.700000,9.72995469106602
2015-03-26T16:18:21.800000,9.740898522899558
2015-03-26T16:18:21.900000,9.75335027526987
2015-03-26T16:18:22.000000,9.747305890833466
2015-03-26T16:18:22.100000,9.737229129003657
2015-03-26T16:18:22.200000,9.730658467554582
2015-03-26T16:18:22.300000,9.731258005707874
2015-03-26T16:18:22.400000,9.738721432824727
2015-03-26T16:18:22.500000,9.712435054896623
2015-03-26T16:18:22.600000,9.7315982892808
2015-03-26T16:18:22.700000,9.764861044940895
2015-03-26T16:18:22.800000,9.729194380343612
2015-03-26T16:18:22.900000,9.725224610210336
2015-03-26T16:18:23.000000,9.732078625329654
2015-03-26T16:18:23.100000,9.730404595225965
2015-03-26T16:18:23.200000,9.742318697362691
2015-03-26T16:18:23.300000,9.740994840694054
2015-03-26T16:18:23.400000,9.723386427254514
2015-03-26T16:18:23.500000,9.72361410174332
2015-03-26T16:18:23.600000,9.733190514478864
2015-03-26T16:18:23.700000,9.733671651278147
2015-03-26T16:18:23.800000,9.737646647072689
2015-03-26T16:18:23.900000,9.741977698995836
2015-03-26T16:18:24.000000,9.732951857954047
2015-03-26T16:18:24.100000,9.71844448203375
2015-03-26T16:18:24.200000,9.731540899080755
2015-03-26T16:18:24.300000,9.731626691987564
2015-03-26T16:18:24.400000,9.727311904184614
2015-03-26T16:18:24.500000,9.738875621944231
2015-03-26T16:18:24.600000,9.741656905951013
2015-03-26T16:18:24.700000,9.745229199288207
2015-03-26T16:18:24.800000,9.74980122946854
2015-03-26T16:18:24.900000,9.730123032075856
2015-03-26T16:18:25.000000,9.712178042914651
2015-03-26T16:18:25.100000,9.733445803584178
2015-03-26T16:18:25.200000,9.739924159505977
2015-03-26T16:18:25.300000,9.733700026510297
2015-03-26T16:18:25.400000,9.739829659342618
2015-03-26T16:18:25.500000,9.741905464241972
2015-03-26T16:18:25.600000,9.740633898389186
2015-03-26T16:18:25.700000,9.745861137788683
2015-03-26T16:18:25.800000,9.74946465742587
2015-03-26T16:18:25.900000,9.738190725548767
2015-03-26T16:18:26.000000,9.744122295782004
2015-03-26T16:18:26.100000,9.772926366040544
2015-03-26T16:18:26.200000,9.773906129205088
2015-03-26T16:18:26.300000,9.752707701171731
2015-03-26T16:18:26.400000,9.760680965594563
2015-03-26T16:18:26.500000,9.752544614287228
2015-03-26T16:18:26.600000,9.730684914261566
2015-03-26T16:18:26.700000,9.746536889475506
2015-03-26T16:18:26.800000,9.754649515541178
2015-03-26T16:18:26.900000,9.750436298984852
2015-03-26T16:18:27.000000,9.743523646971502
2015-03-26T16:18:27.100000,9.724223376236926
2015-03-26T16:18:27.200000,9.730159050135429
2015-03-26T16:18:27.300000,9.72948477028117
2015-03-26T16:18:27.400000,9.737834506733916
2015-03-26T16:18:27.500000,9.763322323153206
2015-03-26T16:18:27.600000,9.757638660829134
2015-03-26T16:18:27.700000,9.751436162553928
2015-03-26T16:18:27.800000,9.733156184639917
2015-03-26T16:18:27.900000,9.722105479054186
2015-03-26T16:18:28.000000,9.74553178425141
2015-03-26T16:18:28.100000,9.739631134847883
2015-03-26T16:18:28.200000,9.736952811151731
2015-03-26T16:18:28.300000,9.753565009060477
2015-03-26T16:18:28.400000,9.745800064195125
2015-03-26T16:18:28.500000,9.75726078581433
2015-03-26T16:18:28.600000,9.762866213517494
2015-03-26T16:18:28.700000,9.741686493180012
2015-03-26T16:18:28.800000,9.749026500883712
2015-03-26T16:18:28.900000,9.770035810017044
2015-03-26T16:18:29.000000,9.763369612158565
2015-03-26T16:18:29.100000,9.754519021936252
2015-03-26T16:18:29.200000,9.750063438392576
2015-03-26T16:18:29.300000,9.748852937600349
2015-03-26T16:18:29.400000,9.7474329302934
2015-03-26T16:18:29.500000,9.73554044850548
2015-03-26T16:18:29.600000,9.7489502231591
2015-03-26T16:18:29.700000,9.768103369182205
2015-03-26T16:18:29.800000,9.749454320748304
2015-03-26T16:18:29.900000,9.745888227836204
2015-03-26T16:18:30.000000,9.74686284817927
2015-03-26T16:18:30.100000,9.75412973742849
2015-03-26T16:18:30.200000,9.746518201011602
2015-03-26T16:18:30.300000,9.72216907969606
2015-03-26T16:18:30.400000,9.728128652861637
2015-03-26T16:18:30.500000,9.741928638580964
2015-03-26T16:18:30.600000,9.745107320088335
2015-03-26T16:18:30.700000,9.740853805569936
2015-03-26T16:18:30.800000,9.749291047900211
2015-03-26T16:18:30.900000,9.748673851758127
2015-03-26T16:18:31.000000,9.728346143386489
2015-03-26T16:18:31.100000,9.744184092727124
2015-03-26T16:18:31.200000,9.763455398574276
2015-03-26T16:18:31.300000,9.757575855386268
2015-03-26T16:18:31.400000,9.754806140868467
2015-03-26T16:18:31.500000,9.742057531716414
2015-03-26T16:18:31.600000,9.725972736667314
2015-03-26T16:18:31.700000,9.738594644681738
2015-03-26T16:18:31.800000,9.749103142850506
2015-03-26T16:18:31.900000,9.720700248633804
2015-03-26T16:18:32.000000,9.710555986815116
2015-03-26T16:18:32.100000,9.733340032754876
2015-03-26T16:18:32.200000,9.750704056037724
2015-03-26T16:18:32.300000,9.7100555117351
2015-03-26T16:18:32.400000,9.702740014064185
2015-03-26T16:18:32.500000,9.728229677264595
2015-03-26T16:18:32.600000,9.728168295678245
2015-03-26T16:18:32.700000,9.724659873989395
2015-03-26T16:18:32.800000,9.717429563682368
2015-03-26T16:18:32.900000,9.723377124114457
2015-03-26T16:18:33.000000,9.728105898868924
2015-03-26T16:18:33.100000,9.712441149365592
2015-03-26T16:18:33.200000,9.711464134743782
2015-03-26T16:18:33.300000,9.734943489568677
2015-03-26T16:18:33.400000,9.73981251608988
2015-03-26T16:18:33.500000,9.72165061251758
2015-03-26T16:18:33.600000,9.720157721798373
2015-03-26T16:18:33.700000,9.738547965962953
2015-03-26T16:18:33.800000,9.736835065897576
2015-03-26T16:18:33.900000,9.734077536885328
2015-03-26T16:18:34.000000,9.734749930060907
2015-03-26T16:18:34.100000,9.730150680818982
2015-03-26T16:18:34.200000,9.737748033166572
2015-03-26T16:18:34.300000,9.7384546375202
2015-03-26T16:18:34.400000,9.72653205759023
2015-03-26T16:18:34.500000,9.734636712260116
2015-03-26T16:18:34.600000,9.729881801685517
2015-03-26T16:18:34.700000,9.727426288927113
2015-03-26T16:18:34.800000,9.73671680515952
2015-03-26T16:18:34.900000,9.733612617308037
2015-03-26T16:18:35.000000,9.735554923365914
2015-03-26T16:18:35.100000,9.738898760062376
2015-03-26T16:18:35.200000,9.746637047181157
2015-03-26T16:18:35.300000,9.74488680555066
2015-03-26T16:18:35.400000,9.74702118947754
2015-03-26T16:18:35.500000,9.75874008339523
2015-03-26T16:18:35.600000,9.75841630248117
2015-03-26T16:18:35.700000,9.764393992644427
2015-03-26T16:18:35.800000,9.762311336401082
2015-03-26T16:18:35.900000,9.738946517778285
2015-03-26T16:18:36.000000,9.750848467137455
2015-03-26T16:18:36.100000,9.779668978337735
2015-03-26T16:18:36.200000,9.772148344321891
2015-03-26T16:18:36.300000,9.753511481623669
2015-03-26T16:18:36.400000,9.741559892176571
2015-03-26T16:18:36.500000,9.728895308204816
2015-03-26T16:18:36.600000,9.751390207363624
2015-03-26T16:18:36.700000,9.762537827250002
2015-03-26T16:18:36.800000,9.740416017242882
2015-03-26T16:18:36.900000,9.741890316374956
2015-03-26T16:18:37.000000,9.75392825031195
2015-03-26T16:18:37.100000,9.760867193015669
2015-03-26T16:18:37.200000,9.748072519679331
2015-03-26T16:18:37.300000,9.752384024475283
2015-03-26T16:18:37.400000,9.752889007893046
2015-03-26T16:18:37.500000,9.725805528835297
2015-03-26T16:18:37.600000,9.724860536683613
2015-03-26T16:18:37.700000,9.747735087436386
2015-03-26T16:18:37.800000,9.756497190704303
2015-03-26T16:18:37.900000,9.749763866658055
2015-03-26T16:18:38.000000,9.747985991028742
2015-03-26T16:18:38.100000,9.74394650552576
2015-03-26T16:18:38.200000,9.729796732747888
2015-03-26T16:18:38.300000,9.734597485197398
2015-03-26T16:18:38.400000,9.769482530920175
2015-03-26T16:18:38.500000,9.765741592981096
2015-03-26T16:18:38.600000,9.753897296934104
2015-03-26T16:18:38.700000,9.735420019490338
2015-03-26T16:18:38.800000,9.73337130728596
2015-03-26T16:18:38.900000,9.748513063331474
2015-03-26T16:18:39.000000,9.734259132802883
2015-03-26T16:18:39.100000,9.736244727191762
2015-03-26T16:18:39.200000,9.746865945073024
2015-03-26T16:18:39.300000,9.763500609499072
2015-03-26T16:18:39.400000,9.74183916789183
2015-03-26T16:18:39.500000,9.724498910967425
2015-03-26T16:18:39.600000,9.728064167867378
2015-03-26T16:18:39.700000,9.73559377458066
2015-03-26T16:18:39.800000,9.734774680808837
2015-03-26T16:18:39.900000,9.73879556974843
2015-03-26T16:18:40.000000,9.734319813733087
2015-03-26T16:18:40.100000,9.723306987945923
2015-03-26T16:18:40.200000,9.750836738054382
2015-03-26T16:18:40.300000,9.747127267556056
2015-03-26T16:18:40.400000,9.726076278580576
2015-03-26T16:18:40.500000,9.727505733024856
2015-03-26T16:18:40.600000,9.73396769395804
2015-03-26T16:18:40.700000,9.723781089409826
2015-03-26T16:18:40.800000,9.731507647224632
2015-03-26T16:18:40.900000,9.738575552108438
2015-03-26T16:18:41.000000,9.734689301496289
2015-03-26T16:18:41.100000,9.72420681443509
2015-03-26T16:18:41.200000,9.725273234488547
2015-03-26T16:18:41.300000,9.744701517876171
2015-03-26T16:18:41.400000,9.741768779487272
2015-03-26T16:18:41.500000,9.730940612779037
2015-03-26T16:18:41.600000,9.743188493644158
2015-03-26T16:18:41.700000,9.756309401401277
2015-03-26T16:18:41.800000,9.75342613143432
2015-03-26T16:18:41.900000,9.750550230247203
2015-03-26T16:18:42.000000,9.74176910322242
2015-03-26T16:18:42.100000,9.740645277929852
2015-03-26T16:18:42.200000,9.740041622357449
2015-03-26T16:18:42.300000,9.724505705473026
2015-03-26T16:18:42.400000,9.723887738919764
2015-03-26T16:18:42.500000,9.724146262586853
2015-03-26T16:18:42.600000,9.733050828688397
2015-03-26T16:18:42.700000,9.739892003755797
2015-03-26T16:18:42.800000,9.74488412435092
2015-03-26T16:18:42.900000,9.759057171301595
2015-03-26T16:18:43.000000,9.755118062015589
2015-03-26T16:18:43.100000,9.740575246487412
2015-03-26T16:18:43.200000,9.739606480047913
2015-03-26T16:18:43.300000,9.749317019983977
2015-03-26T16:18:43.400000,9.750588706788667
2015-03-26T16:18:43.500000,9.765144843579906
2015-03-26T16:18:43.600000,9.751709531022964
2015-03-26T16:18:43.700000,9.73997803444418
2015-03-26T16:18:43.800000,9.744767893992703
2015-03-26T16:18:43.900000,9.74173318981224
2015-03-26T16:18:44.000000,9.746395530430457
2015-03-26T16:18:44.100000,9.756446282868868
2015-03-26T16:18:44.200000,9.778809923981566
2015-03-26T16:18:44.300000,9.775089075724344
2015-03-26T16:18:44.400000,9.753425945070276
2015-03-26T16:18:44.500000,9.76130358131977
2015-03-26T16:18:44.600000,9.763166672712652
2015-03-26T16:18:44.700000,9.74728490723465
2015-03-26T16:18:44.800000,9.742094972393684
2015-03-26T16:18:44.900000,9.738979425408136
2015-03-26T16:18:45.000000,9.762535194711749
2015-03-26T16:18:45.100000,9.764288406428026
2015-03-26T16:18:45.200000,9.746842050573855
2015-03-26T16:18:45.300000,9.77076703304973
2015-03-26T16:18:45.400000,9.766311122175964
2015-03-26T16:18:45.500000,9.732109971445144
2015-03-26T16:18:45.600000,9.724831416108612
2015-03-26T16:18:45.700000,9.736278757865758
2015-03-26T16:18:45.800000,9.746136660256957
2015-03-26T16:18:45.900000,9.740227598258327
2015-03-26T16:18:46.000000,9.733938179401605
2015-03-26T16:18:46.100000,9.729103172584804
2015-03-26T16:18:46.200000,9.725743839961948
2015-03-26T16:18:46.300000,9.736899688263568
2015-03-26T16:18:46.400000,9.728393788092257
2015-03-26T16:18:46.500000,9.709547510857009
2015-03-26T16:18:46.600000,9.69956611556591
2015-03-26T16:18:46.700000,9.71456280991089
2015-03-26T16:18:46.800000,9.723595649330283
2015-03-26T16:18:46.900000,9.717083780577047
2015-03-26T16:18:47.000000,9.730598324879686
2015-03-26T16:18:47.100000,9.734751775473894
2015-03-26T16:18:47.200000,9.734929509188534
2015-03-26T16:18:47.300000,9.734824510385366
2015-03-26T16:18:47.400000,9.723759997007871
2015-03-26T16:18:47.500000,9.736059517777536
2015-03-26T16:18:47.600000,9.721083822378988
2015-03-26T16:18:47.700000,9.709915812685404
2015-03-26T16:18:47.800000,9.723731557906792
2015-03-26T16:18:47.900000,9.729809936933831
2015-03-26T16:18:48.000000,9.722433003802806
2015-03-26T16:18:48.100000,9.735335763075575
2015-03-26T16:18:48.200000,9.74481038441656
2015-03-26T16:18:48.300000,9.739012127120558
2015-03-26T16:18:48.400000,9.743788912872246
2015-03-26T16:18:48.500000,9.741153775162507
2015-03-26T16:18:48.600000,9.735328133934622
2015-03-26T16:18:48.700000,9.734371162588983
2015-03-26T16:18:48.800000,9.757986003440902
2015-03-26T16:18:48.900000,9.762710413198082
2015-03-26T16:18:49.000000,9.758334247392517
2015-03-26T16:18:49.100000,9.768572346050696
2015-03-26T16:18:49.200000,9.777456666751396
2015-03-26T16:18:49.300000,9.764432483860556
2015-03-26T16:18:49.400000,9.751457173829396
2015-03-26T16:18:49.500000,9.747166152943649
2015-03-26T16:18:49.600000,9.744315413205516
2015-03-26T16:18:49.700000,9.764613305475216
2015-03-26T16:18:49.800000,9.779805887560402
2015-03-26T16:18:49.900000,9.752063466716038
2015-03-26T16:18:50.000000,9.7499152989232
2015-03-26T16:18:50.100000,9.765393725385888
2015-03-26T16:18:50.200000,9.75433122753467
2015-03-26T16:18:50.300000,9.75042691071564
2015-03-26T16:18:50.400000,9.749598440711054
2015-03-26T16:18:50.500000,9.764278139157437
2015-03-26T16:18:50.600000,9.776224685337938
2015-03-26T16:18:50.700000,9.7836620686691
2015-03-26T16:18:50.800000,9.7710036402304
2015-03-26T16:18:50.900000,9.754772120441643
2015-03-26T16:18:51.000000,9.758559746508054
2015-03-26T16:18:51.100000,9.760995436503263
2015-03-26T16:18:51.200000,9.754789085786774
2015-03-26T16:18:51.300000,9.74859138131898
2015-03-26T16:18:51.400000,9.752932432106627
2015-03-26T16:18:51.500000,9.736651207207826
2015-03-26T16:18:51.600000,9.725842227219086
2015-03-26T16:18:51.700000,9.730805672040471
2015-03-26T16:18:51.800000,9.728898361543322
2015-03-26T16:18:51.900000,9.727526570795648
2015-03-26T16:18:52.000000,9.723320949127402
2015-03-26T16:18:52.100000,9.723327155707642
2015-03-26T16:18:52.200000,9.713404943307514
2015-03-26T16:18:52.300000,9.723081788465253
2015-03-26T16:18:52.400000,9.734409341542756
2015-03-26T16:18:52.500000,9.734392753206835
2015-03-26T16:18:52.600000,9.747419338394444
2015-03-26T16:18:52.700000,9.739664564235886
2015-03-26T16:18:52.800000,9.733083515945804
2015-03-26T16:18:52.900000,9.737561010387983
2015-03-26T16:18:53.000000,9.742053569216583
2015-03-26T16:18:53.100000,9.732153975937312
2015-03-26T16:18:53.200000,9.715708054951628
2015-03-26T16:18:53.300000,9.707129668950577
2015-03-26T16:18:53.400000,9.720218299443818
2015-03-26T16:18:53.500000,9.738735245924117
2015-03-26T16:18:53.600000,9.746621645859763
2015-03-26T16:18:53.700000,9.734074364231608
2015-03-26T16:18:53.800000,9.73448814453996
2015-03-26T16:18:53.900000,9.743663596040014
2015-03-26T16:18:54.000000,9.730073011488924
2015-03-26T16:18:54.100000,9.73573242090234
2015-03-26T16:18:54.200000,9.758887224592709
2015-03-26T16:18:54.300000,9.76429435856429
2015-03-26T16:18:54.400000,9.763172177311342
2015-03-26T16:18:54.500000,9.761763098004344
2015-03-26T16:18:54.600000,9.764364678386452
2015-03-26T16:18:54.700000,9.76413027428392
2015-03-26T16:18:54.800000,9.752546525912352
2015-03-26T16:18:54.900000,9.743681529318224
2015-03-26T16:18:55.000000,9.748356017222305
2015-03-26T16:18:55.100000,9.741416974830964
2015-03-26T16:18:55.200000,9.740089768445229
2015-03-26T16:18:55.300000,9.758431419402566
2015-03-26T16:18:55.400000,9.760887934463245
2015-03-26T16:18:55.500000,9.752405694038847
2015-03-26T16:18:55.600000,9.75796188251399
2015-03-26T16:18:55.700000,9.763672493343597
2015-03-26T16:18:55.800000,9.749708888478732
2015-03-26T16:18:55.900000,9.731922794672696
2015-03-26T16:18:56.000000,9.734698491438678
2015-03-26T16:18:56.100000,9.733027384376433
2015-03-26T16:18:56.200000,9.730131239970271
2015-03-26T16:18:56.300000,9.747238215085886
2015-03-26T16:18:56.400000,9.74838314302203
2015-03-26T16:18:56.500000,9.739665707474847
2015-03-26T16:18:56.600000,9.740245867085273
2015-03-26T16:18:56.700000,9.740410337064352
2015-03-26T16:18:56.800000,9.737999046891533
2015-03-26T16:18:56.900000,9.740599713415556
2015-03-26T16:18:57.000000,9.743197988049564
2015-03-26T16:18:57.100000,9.74760024618652
2015-03-26T16:18:57.200000,9.74535841001105
2015-03-26T16:18:57.300000,9.735423365305596
2015-03-26T16:18:57.400000,9.709716318566176
2015-03-26T16:18:57.500000,9.70678830956299
2015-03-26T16:18:57.600000,9.723046488062472
2015-03-26T16:18:57.700000,9.715817020863811
2015-03-26T16:18:57.800000,9.704075432385888
2015-03-26T16:18:57.900000,9.718222322306966
2015-03-26T16:18:58.000000,9.726659761136052
2015-03-26T16:18:58.100000,9.714568057227169
2015-03-26T16:18:58.200000,9.708983105820812
2015-03-26T16:18:58.300000,9.71766661149257
2015-03-26T16:18:58.400000,9.718626161067236
2015-03-26T16:18:58.500000,9.710238961914536
2015-03-26T16:18:58.600000,9.720161604004709
2015-03-26T16:18:58.700000,9.725142355536802
2015-03-26T16:18:58.800000,9.715383963298072
2015-03-26T16:18:58.900000,9.721627453491791
2015-03-26T16:18:59.000000,9.722353283738313
2015-03-26T16:18:59.100000,9.720026566326467
2015-03-26T16:18:59.200000,9.734447487929934
2015-03-26T16:18:59.300000,9.76166803869055
2015-03-26T16:18:59.400000,9.762435857593715
2015-03-26T16:18:59.500000,9.74613783222955
2015-03-26T16:18:59.600000,9.748049897249674
2015-03-26T16:18:59.700000,9.757011926092208
2015-03-26T16:18:59.800000,9.771884449579002
2015-03-26T16:18:59.900000,9.760992156142882
2015-03-26T16:19:00.000000,9.745371719584876
2015-03-26T16:19:00.100000,9.757969410423978
2015-03-26T16:19:00.200000,9.767869911369347
2015-03-26T16:19:00.300000,9.773982633859472
2015-03-26T16:19:00.400000,9.781013223091891
2015-03-26T16:19:00.500000,9.76019802025965
2015-03-26T16:19:00.600000,9.740669576196773
2015-03-26T16:19:00.700000,9.749181605914067
2015-03-26T16:19:00.800000,9.7699486260661
2015-03-26T16:19:00.900000,9.770345143941856
2015-03-26T16:19:01.000000,9.75341329805797
2015-03-26T16:19:01.100000,9.73897974384787
2015-03-26T16:19:01.200000,9.743670051857205
2015-03-26T16:19:01.300000,9.763751435055934
2015-03-26T16:19:01.400000,9.771345942599888
2015-03-26T16:19:01.500000,9.76755665444073
2015-03-26T16:19:01.600000,9.760633854031903
2015-03-26T16:19:01.700000,9.763118560464257
2015-03-26T16:19:01.800000,9.767426411475055
2015-03-26T16:19:01.900000,9.767427188096958
2015-03-26T16:19:02.000000,9.7660324903482
2015-03-26T16:19:02.100000,9.753841046125544
2015-03-26T16:19:02.200000,9.740193399015654
2015-03-26T16:19:02.300000,9.739229243546696
2015-03-26T16:19:02.400000,9.75214816050201
2015-03-26T16:19:02.500000,9.756984634083198
2015-03-26T16:19:02.600000,9.7461212044936
2015-03-26T16:19:02.700000,9.732404247369566
2015-03-26T16:19:02.800000,9.739834156601312
2015-03-26T16:19:02.900000,9.740752149383349
2015-03-26T16:19:03.000000,9.728217809130491
2015-03-26T16:19:03.100000,9.733214395882516
2015-03-26T16:19:03.200000,9.732571536537304
2015-03-26T16:19:03.300000,9.73534054342092
2015-03-26T16:19:03.400000,9.725939276473005
2015-03-26T16:19:03.500000,9.715440741124
2015-03-26T16:19:03.600000,9.723425495374894
2015-03-26T16:19:03.700000,9.720194291825658
2015-03-26T16:19:03.800000,9.70961555052776
2015-03-26T16:19:03.900000,9.713789863081423
2015-03-26T16:19:04.000000,9.719810411583405
2015-03-26T16:19:04.100000,9.738384467446988
2015-03-26T16:19:04.200000,9.730367537996257
2015-03-26T16:19:04.300000,9.72891580051638
2015-03-26T16:19:04.400000,9.740643874045636
2015-03-26T16:19:04.500000,9.72124167712731
2015-03-26T16:19:04.600000,9.725038873331464
2015-03-26T16:19:04.700000,9.735092241435796
2015-03-26T16:19:04.800000,9.75008761047711
2015-03-26T16:19:04.900000,9.746655479508728
2015-03-26T16:19:05.000000,9.725778127597223
2015-03-26T16:19:05.100000,9.733418241394228
2015-03-26T16:19:05.200000,9.74037921060218
2015-03-26T16:19:05.300000,9.722332342861357
2015-03-26T16:19:05.400000,9.72992035706701
2015-03-26T16:19:05.500000,9.765261528657415
2015-03-26T16:19:05.600000,9.759924795646294
2015-03-26T16:19:05.700000,9.739483585591769
2015-03-26T16:19:05.800000,9.737479877858034
2015-03-26T16:19:05.900000,9.7429968452949
2015-03-26T16:19:06.000000,9.742196840180592
2015-03-26T16:19:06.100000,9.741078842590657
2015-03-26T16:19:06.200000,9.742664717104615
2015-03-26T16:19:06.300000,9.741998093833216
2015-03-26T16:19:06.400000,9.742036695970652
2015-03-26T16:19:06.500000,9.750633563394222
2015-03-26T16:19:06.600000,9.743376742109596
2015-03-26T16:19:06.700000,9.739952027943408
2015-03-26T16:19:06.800000,9.76645950602292
2015-03-26T16:19:06.900000,9.765200217832158
2015-03-26T16:19:07.000000,9.761439005656252
2015-03-26T16:19:07.100000,9.761313613083072
2015-03-26T16:19:07.200000,9.757779547703947
2015-03-26T16:19:07.300000,9.753462847729644
2015-03-26T16:19:07.400000,9.739222332658173
2015-03-26T16:19:07.500000,9.739700844757726
2015-03-26T16:19:07.600000,9.736253746172768
2015-03-26T16:19:07.700000,9.738583538664582
2015-03-26T16:19:07.800000,9.75825759973187
2015-03-26T16:19:07.900000,9.757628391020784
2015-03-26T16:19:08.000000,9.764590884697396
2015-03-26T16:19:08.100000,9.778499771881664
2015-03-26T16:19:08.200000,9.765573745684602
2015-03-26T16:19:08.300000,9.74678946117228
2015-03-26T16:19:08.400000,9.756989740210994
2015-03-26T16:19:08.500000,9.773523502970589
2015-03-26T16:19:08.600000,9.750738521257686
2015-03-26T16:19:08.700000,9.73358991760034
2015-03-26T16:19:08.800000,9.738131097188292
2015-03-26T16:19:08.900000,9.740922896747492
2015-03-26T16:19:09.000000,9.729008647732355
2015-03-26T16:19:09.100000,9.731619717527462
2015-03-26T16:19:09.200000,9.752980112822282
2015-03-26T16:19:09.300000,9.74192719230083
2015-03-26T16:19:09.400000,9.727285224193151
2015-03-26T16:19:09.500000,9.727122354379102
2015-03-26T16:19:09.600000,9.73944011441257
2015-03-26T16:19:09.700000,9.73853437454963
2015-03-26T16:19:09.800000,9.734947844202347
2015-03-26T16:19:09.900000,9.739722167568551
2015-03-26T16:19:10.000000,9.734049814181894
2015-03-26T16:19:10.100000,9.741359783635936
2015-03-26T16:19:10.200000,9.734793510670876
2015-03-26T16:19:10.300000,9.734845414375071
2015-03-26T16:19:10.400000,9.743688807849232
2015-03-26T16:19:10.500000,9.71556889241419
2015-03-26T16:19:10.600000,9.718616751143491
2015-03-26T16:19:10.700000,9.7404356124881
2015-03-26T16:19:10.800000,9.73758410436777
2015-03-26T16:19:10.900000,9.736531825707488
2015-03-26T16:19:11.000000,9.73388643648984
2015-03-26T16:19:11.100000,9.736161038657269
2015-03-26T16:19:11.200000,9.731437461980702
2015-03-26T16:19:11.300000,9.735410586335044
2015-03-26T16:19:11.400000,9.752882334659327
2015-03-26T16:19:11.500000,9.74635523058713
2015-03-26T16:19:11.600000,9.714301616403125
2015-03-26T16:19:11.700000,9.710644580321482
2015-03-26T16:19:11.800000,9.735241902825337
2015-03-26T16:19:11.900000,9.75239649601018
2015-03-26T16:19:12.000000,9.75172864860554
2015-03-26T16:19:12.100000,9.743020701731169
2015-03-26T16:19:12.200000,9.743507641189254
2015-03-26T16:19:12.300000,9.738544310265212
2015-03-26T16:19:12.400000,9.745264227910097
2015-03-26T16:19:12.500000,9.751336919816794
2015-03-26T16:19:12.600000,9.759743255307797
2015-03-26T16:19:12.700000,9.770904492578032
2015-03-26T16:19:12.800000,9.748798097637328
2015-03-26T16:19:12.900000,9.742465350720511
2015-03-26T16:19:13.000000,9.75613869613874
2015-03-26T16:19:13.100000,9.74221196535855
2015-03-26T16:19:13.200000,9.73140460431707
2015-03-26T16:19:13.300000,9.741910764557508
2015-03-26T16:19:13.400000,9.76366108565253
2015-03-26T16:19:13.500000,9.777846165811708
2015-03-26T16:19:13.600000,9.772434629018962
2015-03-26T16:19:13.700000,9.78337848021692
2015-03-26T16:19:13.800000,9.79333573239843
2015-03-26T16:19:13.900000,9.754107801196923
2015-03-26T16:19:14.000000,9.72872362537276
2015-03-26T16:19:14.100000,9.742444382675307
2015-03-26T16:19:14.200000,9.749303192681062
2015-03-26T16:19:14.300000,9.748140080925303
2015-03-26T16:19:14.400000,9.733823751598608
2015-03-26T16:19:14.500000,9.75073807641698
2015-03-26T16:19:14.600000,9.775615259614852
2015-03-26T16:19:14.700000,9.764483616021518
2015-03-26T16:19:14.800000,9.763400534686534
2015-03-26T16:19:14.900000,9.761428352170505
2015-03-26T16:19:15.000000,9.761034144486285
2015-03-26T16:19:15.100000,9.742169906910654
2015-03-26T16:19:15.200000,9.73370538041138
2015-03-26T16:19:15.300000,9.751380079385685
2015-03-26T16:19:15.400000,9.747606774283549
2015-03-26T16:19:15.500000,9.74979444492835
2015-03-26T16:19:15.600000,9.744377736578883
2015-03-26T16:19:15.700000,9.726847021448911
2015-03-26T16:19:15.800000,9.723485072853956
2015-03-26T16:19:15.900000,9.73823949819815
2015-03-26T16:19:16.000000,9.747739996276152
2015-03-26T16:19:16.100000,9.736511235598016
2015-03-26T16:19:16.200000,9.721244017248086
2015-03-26T16:19:16.300000,9.712048307677804
2015-03-26T16:19:16.400000,9.706279932187137
2015-03-26T16:19:16.500000,9.704607188823609
2015-03-26T16:19:16.600000,9.720635623431988
2015-03-26T16:19:16.700000,9.710980865768764
2015-03-26T16:19:16.800000,9.71843759283496
2015-03-26T16:19:16.900000,9.721975765242007
2015-03-26T16:19:17.000000,9.709075535086708
2015-03-26T16:19:17.100000,9.737895290957002
2015-03-26T16:19:17.200000,9.74955837396777
2015-03-26T16:19:17.300000,9.73250771335941
2015-03-26T16:19:17.400000,9.735550585962574
2015-03-26T16:19:17.500000,9.751399803823954
2015-03-26T16:19:17.600000,9.751618273352058
2015-03-26T16:19:17.700000,9.738348258065896
2015-03-26T16:19:17.800000,9.726821273309778
2015-03-26T16:19:17.900000,9.725992878325842
2015-03-26T16:19:18.000000,9.732442657338966
2015-03-26T16:19:18.100000,9.732519144181742
2015-03-26T16:19:18.200000,9.723193316646729
2015-03-26T16:19:18.300000,9.728783154413312
2015-03-26T16:19:18.400000,9.72112861667572
2015-03-26T16:19:18.500000,9.730118967985518
2015-03-26T16:19:18.600000,9.756465313377522
2015-03-26T16:19:18.700000,9.7511231163974
2015-03-26T16:19:18.800000,9.744275535251017
2015-03-26T16:19:18.900000,9.744230258203416
2015-03-26T16:19:19.000000,9.7563665202494
2015-03-26T16:19:19.100000,9.774038440066036
2015-03-26T16:19:19.200000,9.770319206571362
2015-03-26T16:19:19.300000,9.755535244780106
2015-03-26T16:19:19.400000,9.743426569081484
2015-03-26T16:19:19.500000,9.75452009259097
2015-03-26T16:19:19.600000,9.74702783628734
2015-03-26T16:19:19.700000,9.725473545320757
2015-03-26T16:19:19.800000,9.727928149117885
2015-03-26T16:19:19.900000,9.742476547287575
2015-03-26T16:19:20.000000,9.765743997679827
2015-03-26T16:19:20.100000,9.7518425738232
2015-03-26T16:19:20.200000,9.73497418347289
2015-03-26T16:19:20.300000,9.73840288326866
2015-03-26T16:19:20.400000,9.731818207053328
2015-03-26T16:19:20.500000,9.730683828065215
2015-03-26T16:19:20.600000,9.743593378220917
2015-03-26T16:19:20.700000,9.743745499461758
2015-03-26T16:19:20.800000,9.73674227459808
2015-03-26T16:19:20.900000,9.747372238660796
2015-03-26T16:19:21.000000,9.747100090553433
2015-03-26T16:19:21.100000,9.737325652917766
2015-03-26T16:19:21.200000,9.732238103988092
2015-03-26T16:19:21.300000,9.745120739231789
2015-03-26T16:19:21.400000,9.752618385728288
2015-03-26T16:19:21.500000,9.731943779433596
2015-03-26T16:19:21.600000,9.726939581386388
2015-03-26T16:19:21.700000,9.736922804747143
2015-03-26T16:19:21.800000,9.72350649869756
2015-03-26T16:19:21.900000,9.718312474569844
2015-03-26T16:19:22.000000,9.74204979691194
2015-03-26T16:19:22.100000,9.74955324566757
2015-03-26T16:19:22.200000,9.744145305011315
2015-03-26T16:19:22.300000,9.742514624814955
2015-03-26T16:19:22.400000,9.723710158647318
2015-03-26T16:19:22.500000,9.730328668629962
2015-03-26T16:19:22.600000,9.739853573382788
2015-03-26T16:19:22.700000,9.733538476947624
2015-03-26T16:19:22.800000,9.73638761382904
2015-03-26T16:19:22.900000,9.743601973347616
2015-03-26T16:19:23.000000,9.76251716330735
2015-03-26T16:19:23.100000,9.752709248312984
2015-03-26T16:19:23.200000,9.734911106044938
2015-03-26T16:19:23.300000,9.748880058347984
2015-03-26T16:19:23.400000,9.75413516726113
2015-03-26T16:19:23.500000,9.757425185751329
2015-03-26T16:19:23.600000,9.757530039543589
2015-03-26T16:19:23.700000,9.754356549565667
2015-03-26T16:19:23.800000,9.754883027949496
2015-03-26T16:19:23.900000,9.764064885312209
2015-03-26T16:19:24.000000,9.762509459472913
2015-03-26T16:19:24.100000,9.744273959362877
2015-03-26T16:19:24.200000,9.755356491506024
2015-03-26T16:19:24.300000,9.769298948850944
2015-03-26T16:19:24.400000,9.760734093148669
2015-03-26T16:19:24.500000,9.7423273471043
2015-03-26T16:19:24.600000,9.734760341149707
2015-03-26T16:19:24.700000,9.7466648804125
2015-03-26T16:19:24.800000,9.773868778020404
2015-03-26T16:19:24.900000,9.755680451159405
2015-03-26T16:19:25.000000,9.72972025317307
2015-03-26T16:19:25.100000,9.751413745275524
2015-03-26T16:19:25.200000,9.759301721163748
2015-03-26T16:19:25.300000,9.75720410156764
2015-03-26T16:19:25.400000,9.750050940901678
2015-03-26T16:19:25.500000,9.745801273707198
2015-03-26T16:19:25.600000,9.766404872755636
2015-03-26T16:19:25.700000,9.766378104121852
2015-03-26T16:19:25.800000,9.7496932547104
2015-03-26T16:19:25.900000,9.745255475006902
2015-03-26T16:19:26.000000,9.759161160509963
2015-03-26T16:19:26.100000,9.773373188386705
2015-03-26T16:19:26.200000,9.776498776177498
2015-03-26T16:19:26.300000,9.771370956940464
2015-03-26T16:19:26.400000,9.756876137552942
2015-03-26T16:19:26.500000,9.733194061496874
2015-03-26T16:19:26.600000,9.717687765916033
2015-03-26T16:19:26.700000,9.727321125668132
2015-03-26T16:19:26.800000,9.734430737929276
2015-03-26T16:19:26.900000,9.735151155590716
2015-03-26T16:19:27.000000,9.732282621773146
2015-03-26T16:19:27.100000,9.713936599129177
2015-03-26T16:19:27.200000,9.713003761379571
2015-03-26T16:19:27.300000,9.732053969135068
2015-03-26T16:19:27.400000,9.730573974011312
2015-03-26T16:19:27.500000,9.737450814653936
2015-03-26T16:19:27.600000,9.73379446150833
2015-03-26T16:19:27.700000,9.740476877861086
2015-03-26T16:19:27.800000,9.755104918300676
2015-03-26T16:19:27.900000,9.74244403164305
2015-03-26T16:19:28.000000,9.720976466274358
2015-03-26T16:19:28.100000,9.70875946072212
2015-03-26T16:19:28.200000,9.738699069544962
2015-03-26T16:19:28.300000,9.729185925647675
2015-03-26T16:19:28.400000,9.726826672629498
2015-03-26T16:19:28.500000,9.743418103650937
2015-03-26T16:19:28.600000,9.721875603549607
2015-03-26T16:19:28.700000,9.7243094368424
2015-03-26T16:19:28.800000,9.742889883931332
2015-03-26T16:19:28.900000,9.76608398566587
2015-03-26T16:19:29.000000,9.757051002435132
2015-03-26T16:19:29.100000,9.732063803773263
2015-03-26T16:19:29.200000,9.74419084288936
2015-03-26T16:19:29.300000,9.736338906050149
2015-03-26T16:19:29.400000,9.72894728842875
2015-03-26T16:19:29.500000,9.74465543608641
2015-03-26T16:19:29.600000,9.743848118354252
2015-03-26T16:19:29.700000,9.749702768697382
2015-03-26T16:19:29.800000,9.759465117563956
2015-03-26T16:19:29.900000,9.748436730277316
2015-03-26T16:19:30.000000,9.754889508808592
2015-03-26T16:19:30.100000,9.763193904817378
2015-03-26T16:19:30.200000,9.746751491113304
2015-03-26T16:19:30.300000,9.751718766060913
2015-03-26T16:19:30.400000,9.761418007819891
2015-03-26T16:19:30.500000,9.7641970292374
2015-03-26T16:19:30.600000,9.7774428550311
2015-03-26T16:19:30.700000,9.752009189767003
2015-03-26T16:19:30.800000,9.726964414446716
2015-03-26T16:19:30.900000,9.738110894292992
2015-03-26T16:19:31.000000,9.75298802550831
2015-03-26T16:19:31.100000,9.752411106750916
2015-03-26T16:19:31.200000,9.749259232794024
2015-03-26T16:19:31.300000,9.75709219111432
2015-03-26T16:19:31.400000,9.740606475777568
2015-03-26T16:19:31.500000,9.73183966524496
2015-03-26T16:19:31.600000,9.737530116564876
2015-03-26T16:19:31.700000,9.7448308262061
2015-03-26T16:19:31.800000,9.766211653926556
2015-03-26T16:19:31.900000,9.758963303008358
2015-03-26T16:19:32.000000,9.744608057810346
2015-03-26T16:19:32.100000,9.736238184881325
2015-03-26T16:19:32.200000,9.734402004358415
2015-03-26T16:19:32.300000,9.744506222185388
2015-03-26T16:19:32.400000,9.742991232346434
2015-03-26T16:19:32.500000,9.746679198474732
2015-03-26T16:19:32.600000,9.748667687885913
2015-03-26T16:19:32.700000,9.759437781006618
2015-03-26T16:19:32.800000,9.759627611623806
2015-03-26T16:19:32.900000,9.752779322064203
2015-03-26T16:19:33.000000,9.750416529523491
2015-03-26T16:19:33.100000,9.74231635361585
2015-03-26T16:19:33.200000,9.733043890333102
2015-03-26T16:19:33.300000,9.734296845708746
2015-03-26T16:19:33.400000,9.736239249557604
2015-03-26T16:19:33.500000,9.72669148811779
2015-03-26T16:19:33.600000,9.73169027854282
2015-03-26T16:19:33.700000,9.754608512775617
2015-03-26T16:19:33.800000,9.75752234012678
2015-03-26T16:19:33.900000,9.745892995383754
2015-03-26T16:19:34.000000,9.732913784951135
2015-03-26T16:19:34.100000,9.717201693789583
2015-03-26T16:19:34.200000,9.713916847084336
2015-03-26T16:19:34.300000,9.72103296186634
2015-03-26T16:19:34.400000,9.717427040527896
2015-03-26T16:19:34.500000,9.742139711053523
2015-03-26T16:19:34.600000,9.75239205092096
2015-03-26T16:19:34.700000,9.729548227294911
2015-03-26T16:19:34.800000,9.719798456246057
2015-03-26T16:19:34.900000,9.71949708264834
2015-03-26T16:19:35.000000,9.709997847747127
2015-03-26T16:19:35.100000,9.710243178960283
2015-03-26T16:19:35.200000,9.722063694398432
2015-03-26T16:19:35.300000,9.719230017706767
2015-03-26T16:19:35.400000,9.72735821661816
2015-03-26T16:19:35.500000,9.748114498638536
2015-03-26T16:19:35.600000,9.746418447739872
2015-03-26T16:19:35.700000,9.721629980446007
2015-03-26T16:19:35.800000,9.723049054563925
2015-03-26T16:19:35.900000,9.734867152017337
2015-03-26T16:19:36.000000,9.725145234755365
2015-03-26T16:19:36.100000,9.708139004971434
2015-03-26T16:19:36.200000,9.71068204148267
2015-03-26T16:19:36.300000,9.73029864635348
2015-03-26T16:19:36.400000,9.72448468015561
2015-03-26T16:19:36.500000,9.73145939323902
2015-03-26T16:19:36.600000,9.752243311131032
2015-03-26T16:19:36.700000,9.750605419698203
2015-03-26T16:19:36.800000,9.754156516361771
2015-03-26T16:19:36.900000,9.74101805060516
2015-03-26T16:19:37.000000,9.729179635038465
2015-03-26T16:19:37.100000,9.75266133803943
2015-03-26T16:19:37.200000,9.767245287650049
2015-03-26T16:19:37.300000,9.768713331236809
2015-03-26T16:19:37.400000,9.767895938193224
2015-03-26T16:19:37.500000,9.778701641151896
2015-03-26T16:19:37.600000,9.778303096105528
2015-03-26T16:19:37.700000,9.761887684631374
2015-03-26T16:19:37.800000,9.75757567711812
2015-03-26T16:19:37.900000,9.764218766782104
2015-03-26T16:19:38.000000,9.775957761806866
2015-03-26T16:19:38.100000,9.77377091038092
2015-03-26T16:19:38.200000,9.75573051268722
2015-03-26T16:19:38.300000,9.755286519528418
2015-03-26T16:19:38.400000,9.76762842389262
2015-03-26T16:19:38.500000,9.783465665163044
2015-03-26T16:19:38.600000,9.7700442343955
2015-03-26T16:19:38.700000,9.770289130095202
2015-03-26T16:19:38.800000,9.780567698471804
2015-03-26T16:19:38.900000,9.758742402831968
2015-03-26T16:19:39.000000,9.77566443126488
2015-03-26T16:19:39.100000,9.778438395331396
2015-03-26T16:19:39.200000,9.761530978143794
2015-03-26T16:19:39.300000,9.764375376698329
2015-03-26T16:19:39.400000,9.749689300239234
2015-03-26T16:19:39.500000,9.7481076694452
2015-03-26T16:19:39.600000,9.76490493970924
2015-03-26T16:19:39.700000,9.763933746629496
2015-03-26T16:19:39.800000,9.766373510537033
2015-03-26T16:19:39.900000,9.749992047436304
2015-03-26T16:19:40.000000,9.743588950170372
2015-03-26T16:19:40.100000,9.769299153664557
2015-03-26T16:19:40.200000,9.762400464242107
2015-03-26T16:19:40.300000,9.746000624833766
2015-03-26T16:19:40.400000,9.73617534694054
2015-03-26T16:19:40.500000,9.739282455750546
2015-03-26T16:19:40.600000,9.731233286422905
2015-03-26T16:19:40.700000,9.721332195997237
2015-03-26T16:19:40.800000,9.720612959785656
2015-03-26T16:19:40.900000,9.70983915071716
2015-03-26T16:19:41.000000,9.71586966966109
2015-03-26T16:19:41.100000,9.713546130650606
2015-03-26T16:19:41.200000,9.701480148599988
2015-03-26T16:19:41.300000,9.70983141302285
2015-03-26T16:19:41.400000,9.733510687764328
2015-03-26T16:19:41.500000,9.721949731524427
2015-03-26T16:19:41.600000,9.71764131400466
2015-03-26T16:19:41.700000,9.720286636298049
2015-03-26T16:19:41.800000,9.714024590953642
2015-03-26T16:19:41.900000,9.71602329131295
2015-03-26T16:19:42.000000,9.7155376751038
2015-03-26T16:19:42.100000,9.703076346032782
2015-03-26T16:19:42.200000,9.701179672513629
2015-03-26T16:19:42.300000,9.721044638533664
2015-03-26T16:19:42.400000,9.722035584046736
2015-03-26T16:19:42.500000,9.713841933018786
2015-03-26T16:19:42.600000,9.70725566719748
2015-03-26T16:19:42.700000,9.71562507549829
2015-03-26T16:19:42.800000,9.71894455853308
2015-03-26T16:19:42.900000,9.72213197627111
2015-03-26T16:19:43.000000,9.736410438621206
2015-03-26T16:19:43.100000,9.732757799037229
2015-03-26T16:19:43.200000,9.736371544784292
2015-03-26T16:19:43.300000,9.751411419714705
2015-03-26T16:19:43.400000,9.75990387299006
2015-03-26T16:19:43.500000,9.7638492713053
2015-03-26T16:19:43.600000,9.760242949276703
2015-03-26T16:19:43.700000,9.765615504928126
2015-03-26T16:19:43.800000,9.743557727495553
2015-03-26T16:19:43.900000,9.73858397141488
2015-03-26T16:19:44.000000,9.7576175609354
2015-03-26T16:19:44.100000,9.777053919160794
2015-03-26T16:19:44.200000,9.778030836390004
2015-03-26T16:19:44.300000,9.769495669214724
2015-03-26T16:19:44.400000,9.782837542713509
2015-03-26T16:19:44.500000,9.758766471236012
2015-03-26T16:19:44.600000,9.751918357179068
2015-03-26T16:19:44.700000,9.761893263590796
2015-03-26T16:19:44.800000,9.761775117333489
2015-03-26T16:19:44.900000,9.772574958890964
2015-03-26T16:19:45.000000,9.763267071585023
2015-03-26T16:19:45.100000,9.748193768326477
2015-03-26T16:19:45.200000,9.753938271381136
2015-03-26T16:19:45.300000,9.758322507599916
2015-03-26T16:19:45.400000,9.77878220235349
2015-03-26T16:19:45.500000,9.78006436577564
2015-03-26T16:19:45.600000,9.749724751003631
2015-03-26T16:19:45.700000,9.765016914354566
2015-03-26T16:19:45.800000,9.76435559863278
2015-03-26T16:19:45.900000,9.752340963306684
2015-03-26T16:19:46.000000,9.74609400719965
2015-03-26T16:19:46.100000,9.749012541033949
2015-03-26T16:19:46.200000,9.75624755442175
2015-03-26T16:19:46.300000,9.735286989333416
2015-03-26T16:19:46.400000,9.72690410166179
2015-03-26T16:19:46.500000,9.736006349676554
2015-03-26T16:19:46.600000,9.751185716917226
2015-03-26T16:19:46.700000,9.74050632153273
2015-03-26T16:19:46.800000,9.734708466879848
2015-03-26T16:19:46.900000,9.745980317800928
2015-03-26T16:19:47.000000,9.735931104506838
2015-03-26T16:19:47.100000,9.722460684897476
2015-03-26T16:19:47.200000,9.737377995200642
2015-03-26T16:19:47.300000,9.740931983266616
2015-03-26T16:19:47.400000,9.71623744605628
2015-03-26T16:19:47.500000,9.737309358628364
2015-03-26T16:19:47.600000,9.75540348609663
2015-03-26T16:19:47.700000,9.735026716627887
2015-03-26T16:19:47.800000,9.74386669538369
2015-03-26T16:19:47.900000,9.763264899894082
2015-03-26T16:19:48.000000,9.745583719750028
2015-03-26T16:19:48.100000,9.73344795889258
2015-03-26T16:19:48.200000,9.75375212571665
2015-03-26T16:19:48.300000,9.752595437067663
2015-03-26T16:19:48.400000,9.746281547875338
2015-03-26T16:19:48.500000,9.75323761326888
2015-03-26T16:19:48.600000,9.737192377090214
2015-03-26T16:19:48.700000,9.743925819500774
2015-03-26T16:19:48.800000,9.765499509626997
2015-03-26T16:19:48.900000,9.75962683607666
2015-03-26T16:19:49.000000,9.758805299136254
2015-03-26T16:19:49.100000,9.761241115131776
2015-03-26T16:19:49.200000,9.746478996465548
2015-03-26T16:19:49.300000,9.729315586337329
2015-03-26T16:19:49.400000,9.7380643526071
2015-03-26T16:19:49.500000,9.738740356321264
2015-03-26T16:19:49.600000,9.736443182227466
2015-03-26T16:19:49.700000,9.75339294107095
2015-03-26T16:19:49.800000,9.747651672857558
2015-03-26T16:19:49.900000,9.746654967690665
2015-03-26T16:19:50.000000,9.760566653422352
2015-03-26T16:19:50.100000,9.765672838851568
2015-03-26T16:19:50.200000,9.754945995485082
2015-03-26T16:19:50.300000,9.73498246014144
2015-03-26T16:19:50.400000,9.72950572696546
2015-03-26T16:19:50.500000,9.726142530879832
2015-03-26T16:19:50.600000,9.743146202538355
2015-03-26T16:19:50.700000,9.745142631840654
2015-03-26T16:19:50.800000,9.726344041538928
2015-03-26T16:19:50.900000,9.710099204959072
2015-03-26T16:19:51.000000,9.69828361136608
2015-03-26T16:19:51.100000,9.700332327895564
2015-03-26T16:19:51.200000,9.70651203168459
2015-03-26T16:19:51.300000,9.720436408902929
2015-03-26T16:19:51.400000,9.71568907194398
2015-03-26T16:19:51.500000,9.702247586716378
2015-03-26T16:19:51.600000,9.705298166996686
2015-03-26T16:19:51.700000,9.721889428791476
2015-03-26T16:19:51.800000,9.735639727313805
2015-03-26T16:19:51.900000,9.739532965863512
2015-03-26T16:19:52.000000,9.73508773872376
2015-03-26T16:19:52.100000,9.73987302470439
2015-03-26T16:19:52.200000,9.739074627672837
2015-03-26T16:19:52.300000,9.713808457173828
2015-03-26T16:19:52.400000,9.709496875984184
2015-03-26T16:19:52.500000,9.73732368344184
2015-03-26T16:19:52.600000,9.751938716293486
2015-03-26T16:19:52.700000,9.756346213982486
2015-03-26T16:19:52.800000,9.759416833383089
2015-03-26T16:19:52.900000,9.764152141824535
2015-03-26T16:19:53.000000,9.758116446928504
2015-03-26T16:19:53.100000,9.756378366296346
2015-03-26T16:19:53.200000,9.762222680482152
2015-03-26T16:19:53.300000,9.76927278677868
2015-03-26T16:19:53.400000,9.763238786185736
2015-03-26T16:19:53.500000,9.753166684985652
2015-03-26T16:19:53.600000,9.759611081370334
2015-03-26T16:19:53.700000,9.763635988748591
2015-03-26T16:19:53.800000,9.7697900152591
2015-03-26T16:19:53.900000,9.780252671170008
2015-03-26T16:19:54.000000,9.763115161411122
2015-03-26T16:19:54.100000,9.736534186713971
2015-03-26T16:19:54.200000,9.7377760444059
2015-03-26T16:19:54.300000,9.755103559037575
2015-03-26T16:19:54.400000,9.765216081530973
2015-03-26T16:19:54.500000,9.737853327987963
2015-03-26T16:19:54.600000,9.734139282936331
2015-03-26T16:19:54.700000,9.76474188658037
2015-03-26T16:19:54.800000,9.767101449687384
2015-03-26T16:19:54.900000,9.75140480349082
2015-03-26T16:19:55.000000,9.75835957533762
2015-03-26T16:19:55.100000,9.759860211688048
2015-03-26T16:19:55.200000,9.741473596768431
2015-03-26T16:19:55.300000,9.727427755757615
2015-03-26T16:19:55.400000,9.730019885498011
2015-03-26T16:19:55.500000,9.743017517356284
2015-03-26T16:19:55.600000,9.744251099954573
2015-03-26T16:19:55.700000,9.730956254950112
2015-03-26T16:19:55.800000,9.723350944995287
2015-03-26T16:19:55.900000,9.727039552129517
2015-03-26T16:19:56.000000,9.734671395329343
2015-03-26T16:19:56.100000,9.731002998638692
2015-03-26T16:19:56.200000,9.714486157619064
2015-03-26T16:19:56.300000,9.725375640728172
2015-03-26T16:19:56.400000,9.731277320635462
2015-03-26T16:19:56.500000,9.718649262805696
2015-03-26T16:19:56.600000,9.719242609751502
2015-03-26T16:19:56.700000,9.732697843491366
2015-03-26T16:19:56.800000,9.742178714853711
2015-03-26T16:19:56.900000,9.720476120313522
2015-03-26T16:19:57.000000,9.714851425927757
2015-03-26T16:19:57.100000,9.727246879174489
2015-03-26T16:19:57.200000,9.728669348797066
2015-03-26T16:19:57.300000,9.73828815760812
2015-03-26T16:19:57.400000,9.742456226993989
2015-03-26T16:19:57.500000,9.747125075131038
2015-03-26T16:19:57.600000,9.764914165605388
2015-03-26T16:19:57.700000,9.734822451905458
2015-03-26T16:19:57.800000,9.71538528109905
2015-03-26T16:19:57.900000,9.753644160514568
2015-03-26T16:19:58.000000,9.75965500038735
2015-03-26T16:19:58.100000,9.740799977131411
2015-03-26T16:19:58.200000,9.747818511824208
2015-03-26T16:19:58.300000,9.752898475134351
2015-03-26T16:19:58.400000,9.737256058213031
2015-03-26T16:19:58.500000,9.744201798756157
2015-03-26T16:19:58.600000,9.75731559522809
2015-03-26T16:19:58.700000,9.748869416065506
2015-03-26T16:19:58.800000,9.76000555320051
2015-03-26T16:19:58.900000,9.772042417046002
2015-03-26T16:19:59.000000,9.752441084855134
2015-03-26T16:19:59.100000,9.747339568194269
2015-03-26T16:19:59.200000,9.759803541485484
2015-03-26T16:19:59.300000,9.74437210529694
2015-03-26T16:19:59.400000,9.742907854782574
2015-03-26T16:19:59.500000,9.768927814769548
2015-03-26T16:19:59.600000,9.769827143558382
2015-03-26T16:19:59.700000,9.751531019925949
2015-03-26T16:19:59.800000,9.738686251466204
2015-03-26T16:19:59.900000,9.745418213172032
2015-03-26T16:20:00.000000,9.746154488198895
2015-03-26T16:20:00.100000,9.733264796944171
2015-03-26T16:20:00.200000,9.723347745387295
2015-03-26T16:20:00.300000,9.724568508041452
2015-03-26T16:20:00.400000,9.721943994587477
2015-03-26T16:20:00.500000,9.720093360100412
2015-03-26T16:20:00.600000,9.731468680405612
2015-03-26T16:20:00.700000,9.741950817714091
2015-03-26T16:20:00.800000,9.739982016028032
2015-03-26T16:20:00.900000,9.744170829648535
2015-03-26T16:20:01.000000,9.743739413070305
2015-03-26T16:20:01.100000,9.72315303347047
2015-03-26T16:20:01.200000,9.707845921454023
2015-03-26T16:20:01.300000,9.707950636891216
2015-03-26T16:20:01.400000,9.72106678153238
2015-03-26T16:20:01.500000,9.728462512300244
2015-03-26T16:20:01.600000,9.724803988336458
2015-03-26T16:20:01.700000,9.712850625287466
2015-03-26T16:20:01.800000,9.716435217580578
2015-03-26T16:20:01.900000,9.731359768096826
2015-03-26T16:20:02.000000,9.733829880722176
2015-03-26T16:20:02.100000,9.73288035405977
2015-03-26T16:20:02.200000,9.725898860372633
2015-03-26T16:20:02.300000,9.730096664184735
2015-03-26T16:20:02.400000,9.747638249352912
2015-03-26T16:20:02.500000,9.756629903161878
2015-03-26T16:20:02.600000,9.766482713355355
2015-03-26T16:20:02.700000,9.7702683363735
2015-03-26T16:20:02.800000,9.758782779241203
2015-03-26T16:20:02.900000,9.75798170205726
2015-03-26T16:20:03.000000,9.766592841596657
2015-03-26T16:20:03.100000,9.770959132140227
2015-03-26T16:20:03.200000,9.766925939060854
2015-03-26T16:20:03.300000,9.759398946399765
2015-03-26T16:20:03.400000,9.78183551162012
2015-03-26T16:20:03.500000,9.791832620072412
2015-03-26T16:20:03.600000,9.771058015956797
2015-03-26T16:20:03.700000,9.751821406193669
2015-03-26T16:20:03.800000,9.77443143288739
2015-03-26T16:20:03.900000,9.802548869321386
2015-03-26T16:20:04.000000,9.78344061173376
2015-03-26T16:20:04.100000,9.742177568447133
2015-03-26T16:20:04.200000,9.744397830395805
2015-03-26T16:20:04.300000,9.766870508520856
2015-03-26T16:20:04.400000,9.762894853934288
2015-03-26T16:20:04.500000,9.770940655145187
2015-03-26T16:20:04.600000,9.783627520609665
2015-03-26T16:20:04.700000,9.778867844378778
2015-03-26T16:20:04.800000,9.759892221634152
2015-03-26T16:20:04.900000,9.746004621987252
2015-03-26T16:20:05.000000,9.761593956538318
2015-03-26T16:20:05.100000,9.786212945464984
2015-03-26T16:20:05.200000,9.78043416423136
2015-03-26T16:20:05.300000,9.765099534160337
2015-03-26T16:20:05.400000,9.777051393644175
2015-03-26T16:20:05.500000,9.757007871724948
2015-03-26T16:20:05.600000,9.739842538588684
2015-03-26T16:20:05.700000,9.758232892685978
2015-03-26T16:20:05.800000,9.74267819344966
2015-03-26T16:20:05.900000,9.720073353867454
2015-03-26T16:20:06.000000,9.729638878561794
2015-03-26T16:20:06.100000,9.732136726319135
2015-03-26T16:20:06.200000,9.711603051239774
2015-03-26T16:20:06.300000,9.696029606659064
2015-03-26T16:20:06.400000,9.691885744517444
2015-03-26T16:20:06.500000,9.702560258892202
2015-03-26T16:20:06.600000,9.700247550538409
2015-03-26T16:20:06.700000,9.698024128562482
2015-03-26T16:20:06.800000,9.686231549657103
2015-03-26T16:20:06.900000,9.67574280966275
2015-03-26T16:20:07.000000,9.688236121670146
2015-03-26T16:20:07.100000,9.687981545209189
2015-03-26T16:20:07.200000,9.69374591476226
2015-03-26T16:20:07.300000,9.712042381848171
2015-03-26T16:20:07.400000,9.713053099868487
2015-03-26T16:20:07.500000,9.723691104833376
2015-03-26T16:20:07.600000,9.70897123503152
2015-03-26T16:20:07.700000,9.699955679753073
2015-03-26T16:20:07.800000,9.715973031089138
2015-03-26T16:20:07.900000,9.705130699984368
2015-03-26T16:20:08.000000,9.71743155336185
2015-03-26T16:20:08.100000,9.731325060785109
2015-03-26T16:20:08.200000,9.728543604058473
2015-03-26T16:20:08.300000,9.746705436611771
2015-03-26T16:20:08.400000,9.774620249055886
2015-03-26T16:20:08.500000,9.767118612562829
2015-03-26T16:20:08.600000,9.763584056006078
2015-03-26T16:20:08.700000,9.779284820545154
2015-03-26T16:20:08.800000,9.777361882939363
2015-03-26T16:20:08.900000,9.785969923024863
2015-03-26T16:20:09.000000,9.787522372630033
2015-03-26T16:20:09.100000,9.780753140546588
2015-03-26T16:20:09.200000,9.767364595705471
2015-03-26T16:20:09.300000,9.774614400004616
2015-03-26T16:20:09.400000,9.78337689456024
2015-03-26T16:20:09.500000,9.775768458227471
2015-03-26T16:20:09.600000,9.787922108236543
2015-03-26T16:20:09.700000,9.790467926691637
2015-03-26T16:20:09.800000,9.794066573247038
2015-03-26T16:20:09.900000,9.788870771393672
2015-03-26T16:20:10.000000,9.771882831023769
2015-03-26T16:20:10.100000,9.776569583349628
2015-03-26T16:20:10.200000,9.768656852103296
2015-03-26T16:20:10.300000,9.755230413170922
2015-03-26T16:20:10.400000,9.766647357753063
2015-03-26T16:20:10.500000,9.773854979346714
2015-03-26T16:20:10.600000,9.76754069504342
2015-03-26T16:20:10.700000,9.741080858889786
2015-03-26T16:20:10.800000,9.725616330401184
2015-03-26T16:20:10.900000,9.744487212548512
2015-03-26T16:20:11.000000,9.750172272446957
2015-03-26T16:20:11.100000,9.735562588163386
2015-03-26T16:20:11.200000,9.731655458519876
2015-03-26T16:20:11.300000,9.73537538304155
2015-03-26T16:20:11.400000,9.74091152358897
2015-03-26T16:20:11.500000,9.739113515615829
2015-03-26T16:20:11.600000,9.738519135468806
2015-03-26T16:20:11.700000,9.736365288617847
2015-03-26T16:20:11.800000,9.719720344784566
2015-03-26T16:20:11.900000,9.714277684168067
2015-03-26T16:20:12.000000,9.716366327477916
2015-03-26T16:20:12.100000,9.694164606367783
2015-03-26T16:20:12.200000,9.687885258609288
2015-03-26T16:20:12.300000,9.708317258166671
2015-03-26T16:20:12.400000,9.702475954888175
2015-03-26T16:20:12.500000,9.690828361412056
2015-03-26T16:20:12.600000,9.691234794444297
2015-03-26T16:20:12.700000,9.70072460635419
2015-03-26T16:20:12.800000,9.712543269361436
2015-03-26T16:20:12.900000,9.7194125041784
2015-03-26T16:20:13.000000,9.710395696992682
2015-03-26T16:20:13.100000,9.715065577299228
2015-03-26T16:20:13.200000,9.719150849230626
2015-03-26T16:20:13.300000,9.710981414722486
2015-03-26T16:20:13.400000,9.71374723726901
2015-03-26T16:20:13.500000,9.724802048732895
2015-03-26T16:20:13.600000,9.735664289631783
2015-03-26T16:20:13.700000,9.73317866018541
2015-03-26T16:20:13.800000,9.737507256601637
2015-03-26T16:20:13.900000,9.752656677213604
2015-03-26T16:20:14.000000,9.75301691276986
2015-03-26T16:20:14.100000,9.743262130454928
2015-03-26T16:20:14.200000,9.761197345211867
2015-03-26T16:20:14.300000,9.784849359067492
2015-03-26T16:20:14.400000,9.779830243590444
2015-03-26T16:20:14.500000,9.764024519088885
2015-03-26T16:20:14.600000,9.753239614966976
2015-03-26T16:20:14.700000,9.751336268485131
2015-03-26T16:20:14.800000,9.762959723107116
2015-03-26T16:20:14.900000,9.75016758818094
2015-03-26T16:20:15.000000,9.73201912745777
2015-03-26T16:20:15.100000,9.749192522796156
2015-03-26T16:20:15.200000,9.76981578299388
2015-03-26T16:20:15.300000,9.779116921231797
2015-03-26T16:20:15.400000,9.784946405487714
2015-03-26T16:20:15.500000,9.764483989302686
2015-03-26T16:20:15.600000,9.766613189943357
2015-03-26T16:20:15.700000,9.789321095820654
2015-03-26T16:20:15.800000,9.772148756167176
2015-03-26T16:20:15.900000,9.75846686637415
2015-03-26T16:20:16.000000,9.765107066166411
2015-03-26T16:20:16.100000,9.764878680849549
2015-03-26T16:20:16.200000,9.743083046103546
2015-03-26T16:20:16.300000,9.74628523609372
2015-03-26T16:20:16.400000,9.74600805969242
2015-03-26T16:20:16.500000,9.743952703309583
2015-03-26T16:20:16.600000,9.76015853022058
2015-03-26T16:20:16.700000,9.765864217660624
2015-03-26T16:20:16.800000,9.751732807483524
2015-03-26T16:20:16.900000,9.732565345503367
2015-03-26T16:20:17.000000,9.748517530011044
2015-03-26T16:20:17.100000,9.757376132701252
2015-03-26T16:20:17.200000,9.744306618407094
2015-03-26T16:20:17.300000,9.745520952496513
2015-03-26T16:20:17.400000,9.758639600427289
2015-03-26T16:20:17.500000,9.741272432108012
2015-03-26T16:20:17.600000,9.717254524978545
2015-03-26T16:20:17.700000,9.73066030409018
2015-03-26T16:20:17.800000,9.706253652351064
2015-03-26T16:20:17.900000,9.698212722491272
2015-03-26T16:20:18.000000,9.716093054976168
2015-03-26T16:20:18.100000,9.7253807108728
2015-03-26T16:20:18.200000,9.73611302094528
2015-03-26T16:20:18.300000,9.736429639592368
2015-03-26T16:20:18.400000,9.739035815449505
2015-03-26T16:20:18.500000,9.740769231955912
2015-03-26T16:20:18.600000,9.742806310557588
2015-03-26T16:20:18.700000,9.747463106846904
2015-03-26T16:20:18.800000,9.742559150979
2015-03-26T16:20:18.900000,9.738138358035949
2015-03-26T16:20:19.000000,9.743919708066976
2015-03-26T16:20:19.100000,9.74546082436188
2015-03-26T16:20:19.200000,9.725934295630571
2015-03-26T16:20:19.300000,9.708579679848231
2015-03-26T16:20:19.400000,9.734083763746456
2015-03-26T16:20:19.500000,9.733689077703083
2015-03-26T16:20:19.600000,9.719735177603807
2015-03-26T16:20:19.700000,9.739460037646149
2015-03-26T16:20:19.800000,9.738604441461526
2015-03-26T16:20:19.900000,9.73210203045948
2015-03-26T16:20:20.000000,9.749007706322178
2015-03-26T16:20:20.100000,9.740250499738384
2015-03-26T16:20:20.200000,9.73023116404483
2015-03-26T16:20:20.300000,9.750506285774014
2015-03-26T16:20:20.400000,9.73503780370828
2015-03-26T16:20:20.500000,9.720005304300344
2015-03-26T16:20:20.600000,9.74737926959511
2015-03-26T16:20:20.700000,9.769854954775742
2015-03-26T16:20:20.800000,9.768427848821256
2015-03-26T16:20:20.900000,9.76652505576948
2015-03-26T16:20:21.000000,9.753345996724986
2015-03-26T16:20:21.100000,9.743026675964522
2015-03-26T16:20:21.200000,9.745404161854417
2015-03-26T16:20:21.300000,9.743280278365722
2015-03-26T16:20:21.400000,9.743259576105531
2015-03-26T16:20:21.500000,9.751271049652772
2015-03-26T16:20:21.600000,9.744299656185172
2015-03-26T16:20:21.700000,9.723862079053452
2015-03-26T16:20:21.800000,9.722993820762602
2015-03-26T16:20:21.900000,9.737916176569485
2015-03-26T16:20:22.000000,9.748485131323472
2015-03-26T16:20:22.100000,9.74458985029431
2015-03-26T16:20:22.200000,9.746598338471994
2015-03-26T16:20:22.300000,9.731582040717694
2015-03-26T16:20:22.400000,9.71130823855714
2015-03-26T16:20:22.500000,9.71079484918643
2015-03-26T16:20:22.600000,9.717077081385142
2015-03-26T16:20:22.700000,9.721111327345673
2015-03-26T16:20:22.800000,9.73055422418374
2015-03-26T16:20:22.900000,9.727507740335597
2015-03-26T16:20:23.000000,9.713379768929268
2015-03-26T16:20:23.100000,9.710428777727186
2015-03-26T16:20:23.200000,9.7253817384786
2015-03-26T16:20:23.300000,9.734455984920835
2015-03-26T16:20:23.400000,9.728241919361484
2015-03-26T16:20:23.500000,9.72836066901421
2015-03-26T16:20:23.600000,9.73329573418404
2015-03-26T16:20:23.700000,9.728601077890175
2015-03-26T16:20:23.800000,9.73595669535352
2015-03-26T16:20:23.900000,9.737226223640452
2015-03-26T16:20:24.000000,9.728012072627832
2015-03-26T16:20:24.100000,9.745270395585894
2015-03-26T16:20:24.200000,9.74196917792903
2015-03-26T16:20:24.300000,9.723915375220686
2015-03-26T16:20:24.400000,9.737400747749236
2015-03-26T16:20:24.500000,9.762007350768066
2015-03-26T16:20:24.600000,9.747236544110882
2015-03-26T16:20:24.700000,9.72295784377268
2015-03-26T16:20:24.800000,9.74409608189982
2015-03-26T16:20:24.900000,9.765507420158247
2015-03-26T16:20:25.000000,9.766113973644424
2015-03-26T16:20:25.100000,9.774999720896728
2015-03-26T16:20:25.200000,9.759295709732369
2015-03-26T16:20:25.300000,9.748556798158727
2015-03-26T16:20:25.400000,9.74097799911173
2015-03-26T16:20:25.500000,9.729574031828246
2015-03-26T16:20:25.600000,9.743928863519796
2015-03-26T16:20:25.700000,9.743118823150096
2015-03-26T16:20:25.800000,9.751576204648808
2015-03-26T16:20:25.900000,9.766471793113189
2015-03-26T16:20:26.000000,9.73954786869552
2015-03-26T16:20:26.100000,9.72302813481802
2015-03-26T16:20:26.200000,9.740095183408725
2015-03-26T16:20:26.300000,9.75446549231443
2015-03-26T16:20:26.400000,9.735390566364469
2015-03-26T16:20:26.500000,9.724980130828074
2015-03-26T16:20:26.600000,9.75339549671117
2015-03-26T16:20:26.700000,9.753229733144131
2015-03-26T16:20:26.800000,9.742204065997376
2015-03-26T16:20:26.900000,9.743472955339652
2015-03-26T16:20:27.000000,9.747818312274772
2015-03-26T16:20:27.100000,9.760218722588956
2015-03-26T16:20:27.200000,9.752821760021511
2015-03-26T16:20:27.300000,9.729142949406915
2015-03-26T16:20:27.400000,9.74573796845856
2015-03-26T16:20:27.500000,9.758712017304871
2015-03-26T16:20:27.600000,9.731179737598897
2015-03-26T16:20:27.700000,9.7337051913341
2015-03-26T16:20:27.800000,9.74771647639544
2015-03-26T16:20:27.900000,9.754391584039013
2015-03-26T16:20:28.000000,9.740696314399225
2015-03-26T16:20:28.100000,9.725216006248877
2015-03-26T16:20:28.200000,9.730427675930706
2015-03-26T16:20:28.300000,9.74629211936923
2015-03-26T16:20:28.400000,9.74846898767848
2015-03-26T16:20:28.500000,9.755561604750122
2015-03-26T16:20:28.600000,9.74155183081514
2015-03-26T16:20:28.700000,9.733369282999252
2015-03-26T16:20:28.800000,9.756962192295656
2015-03-26T16:20:28.900000,9.731197903659634
2015-03-26T16:20:29.000000,9.71446871312852
2015-03-26T16:20:29.100000,9.710674044129624
2015-03-26T16:20:29.200000,9.721452006898708
2015-03-26T16:20:29.300000,9.739761228079637
2015-03-26T16:20:29.400000,9.73081933736752
2015-03-26T16:20:29.500000,9.728098560301792
2015-03-26T16:20:29.600000,9.734589540590369
2015-03-26T16:20:29.700000,9.746511372086164
2015-03-26T16:20:29.800000,9.756397052235457
2015-03-26T16:20:29.900000,9.744095416430705
2015-03-26T16:20:30.000000,9.71322245440587
2015-03-26T16:20:30.100000,9.71614523833212
2015-03-26T16:20:30.200000,9.709521599374504
2015-03-26T16:20:30.300000,9.703579266966466
2015-03-26T16:20:30.400000,9.73494594723982
2015-03-26T16:20:30.500000,9.741925210861195
2015-03-26T16:20:30.600000,9.754880863408289
2015-03-26T16:20:30.700000,9.771867249770528
2015-03-26T16:20:30.800000,9.757566967276524
2015-03-26T16:20:30.900000,9.745574332737698
2015-03-26T16:20:31.000000,9.744116834513443
2015-03-26T16:20:31.100000,9.736652224888132
2015-03-26T16:20:31.200000,9.73292019401716
2015-03-26T16:20:31.300000,9.742236083256962
2015-03-26T16:20:31.400000,9.744763333349168
2015-03-26T16:20:31.500000,9.745279559337089
2015-03-26T16:20:31.600000,9.755241046205304
2015-03-26T16:20:31.700000,9.764813881987669
2015-03-26T16:20:31.800000,9.765383784454407
2015-03-26T16:20:31.900000,9.7589095536741
2015-03-26T16:20:32.000000,9.746787963939925
2015-03-26T16:20:32.100000,9.72491007830378
2015-03-26T16:20:32.200000,9.711224059128456
2015-03-26T16:20:32.300000,9.727301932712232
2015-03-26T16:20:32.400000,9.737845740979024
2015-03-26T16:20:32.500000,9.723337659121636
2015-03-26T16:20:32.600000,9.712214001601108
2015-03-26T16:20:32.700000,9.717870463728792
2015-03-26T16:20:32.800000,9.728665723370977
2015-03-26T16:20:32.900000,9.750648610936642
2015-03-26T16:20:33.000000,9.75018311328964
2015-03-26T16:20:33.100000,9.740168356688471
2015-03-26T16:20:33.200000,9.732462976483852
2015-03-26T16:20:33.300000,9.743913937114248
2015-03-26T16:20:33.400000,9.750860912803374
2015-03-26T16:20:33.500000,9.737846549928388
2015-03-26T16:20:33.600000,9.745922286364912
2015-03-26T16:20:33.700000,9.747135357383662
2015-03-26T16:20:33.800000,9.736833540214583
2015-03-26T16:20:33.900000,9.736624509183684
2015-03-26T16:20:34.000000,9.74908213961488
2015-03-26T16:20:34.100000,9.75064843427949
2015-03-26T16:20:34.200000,9.74164759379509
2015-03-26T16:20:34.300000,9.746501200350556
2015-03-26T16:20:34.400000,9.74616467368416
2015-03-26T16:20:34.500000,9.743442615414294
2015-03-26T16:20:34.600000,9.74132227193478
2015-03-26T16:20:34.700000,9.735208337398904
2015-03-26T16:20:34.800000,9.74321153011144
2015-03-26T16:20:34.900000,9.742339727347552
2015-03-26T16:20:35.000000,9.741241609033455
2015-03-26T16:20:35.100000,9.75673974665166
2015-03-26T16:20:35.200000,9.743159498551162
2015-03-26T16:20:35.300000,9.727312276832444
2015-03-26T16:20:35.400000,9.75488470329073
2015-03-26T16:20:35.500000,9.784822258488854
2015-03-26T16:20:35.600000,9.785040056403524
2015-03-26T16:20:35.700000,9.760152270041496
2015-03-26T16:20:35.800000,9.745158734398457
2015-03-26T16:20:35.900000,9.753823038817435
2015-03-26T16:20:36.000000,9.768587745867965
2015-03-26T16:20:36.100000,9.762726514708238
2015-03-26T16:20:36.200000,9.743498370399458
2015-03-26T16:20:36.300000,9.739994859568556
2015-03-26T16:20:36.400000,9.746342782162264
2015-03-26T16:20:36.500000,9.762471230103817
2015-03-26T16:20:36.600000,9.752376506638797
2015-03-26T16:20:36.700000,9.74645315126637
2015-03-26T16:20:36.800000,9.75974594588592
2015-03-26T16:20:36.900000,9.732194128065885
2015-03-26T16:20:37.000000,9.722419689965342
2015-03-26T16:20:37.100000,9.750801349260817
2015-03-26T16:20:37.200000,9.754483758204715
2015-03-26T16:20:37.300000,9.743487304198268
2015-03-26T16:20:37.400000,9.751163104109953
2015-03-26T16:20:37.500000,9.745894316056503
2015-03-26T16:20:37.600000,9.750606476738344
2015-03-26T16:20:37.700000,9.747611095309418
2015-03-26T16:20:37.800000,9.711268012297516
2015-03-26T16:20:37.900000,9.734061358373362
2015-03-26T16:20:38.000000,9.743315509010982
2015-03-26T16:20:38.100000,9.718566510783248
2015-03-26T16:20:38.200000,9.712446255853704
2015-03-26T16:20:38.300000,9.708777372808594
2015-03-26T16:20:38.400000,9.712729299778625
2015-03-26T16:20:38.500000,9.71911604376731
2015-03-26T16:20:38.600000,9.72045357752713
2015-03-26T16:20:38.700000,9.723160734653412
2015-03-26T16:20:38.800000,9.720829256939409
2015-03-26T16:20:38.900000,9.710836023142493
2015-03-26T16:20:39.000000,9.698727417126351
2015-03-26T16:20:39.100000,9.70335677413221
2015-03-26T16:20:39.200000,9.715850579845192
2015-03-26T16:20:39.300000,9.720003480243914
2015-03-26T16:20:39.400000,9.721922171297946
2015-03-26T16:20:39.500000,9.734449219167184
2015-03-26T16:20:39.600000,9.745164024368956
2015-03-26T16:20:39.700000,9.744309736430248
2015-03-26T16:20:39.800000,9.742929783154464
2015-03-26T16:20:39.900000,9.741719945595165
2015-03-26T16:20:40.000000,9.740817860733332
2015-03-26T16:20:40.100000,9.74109005793383
2015-03-26T16:20:40.200000,9.737438764662295
2015-03-26T16:20:40.300000,9.73981220118555
2015-03-26T16:20:40.400000,9.759481867574731
2015-03-26T16:20:40.500000,9.757076987664318
2015-03-26T16:20:40.600000,9.755857780788336
2015-03-26T16:20:40.700000,9.77179427553389
2015-03-26T16:20:40.800000,9.76956066600379
2015-03-26T16:20:40.900000,9.777455796292104
2015-03-26T16:20:41.000000,9.760794050735669
2015-03-26T16:20:41.100000,9.737010024214646
2015-03-26T16:20:41.200000,9.76105729155322
2015-03-26T16:20:41.300000,9.787979193356724
2015-03-26T16:20:41.400000,9.783578161161753
2015-03-26T16:20:41.500000,9.77350860035876
2015-03-26T16:20:41.600000,9.784989332747529
2015-03-26T16:20:41.700000,9.78157924672816
2015-03-26T16:20:41.800000,9.77012581155309
2015-03-26T16:20:41.900000,9.76054033553146
2015-03-26T16:20:42.000000,9.74912015042572
2015-03-26T16:20:42.100000,9.755624010404375
2015-03-26T16:20:42.200000,9.762988868431991
2015-03-26T16:20:42.300000,9.756539600940354
2015-03-26T16:20:42.400000,9.738828380783374
2015-03-26T16:20:42.500000,9.728038802486989
2015-03-26T16:20:42.600000,9.743754170980775
2015-03-26T16:20:42.700000,9.760928762631314
2015-03-26T16:20:42.800000,9.75925891597157
2015-03-26T16:20:42.900000,9.735106094850629
2015-03-26T16:20:43.000000,9.7199085619683
2015-03-26T16:20:43.100000,9.72750800806202
2015-03-26T16:20:43.200000,9.753221914840628
2015-03-26T16:20:43.300000,9.753433929080504
2015-03-26T16:20:43.400000,9.729675205911647
2015-03-26T16:20:43.500000,9.710389880671883
2015-03-26T16:20:43.600000,9.714196914592826
2015-03-26T16:20:43.700000,9.727528840298614
2015-03-26T16:20:43.800000,9.715920946662
2015-03-26T16:20:43.900000,9.705152057110013
2015-03-26T16:20:44.000000,9.71120783357957
2015-03-26T16:20:44.100000,9.714635122459988
2015-03-26T16:20:44.200000,9.724904607373524
2015-03-26T16:20:44.300000,9.739450382790292
2015-03-26T16:20:44.400000,9.721597862089483
2015-03-26T16:20:44.500000,9.715594004620336
2015-03-26T16:20:44.600000,9.709129938967289
2015-03-26T16:20:44.700000,9.7159867577718
2015-03-26T16:20:44.800000,9.727426953586551
2015-03-26T16:20:44.900000,9.722571129602104
2015-03-26T16:20:45.000000,9.729059148695049
2015-03-26T16:20:45.100000,9.739713736022097
2015-03-26T16:20:45.200000,9.738124090565996
2015-03-26T16:20:45.300000,9.722813991768868
2015-03-26T16:20:45.400000,9.730426224570154
2015-03-26T16:20:45.500000,9.74994333998658
2015-03-26T16:20:45.600000,9.744916550185142
2015-03-26T16:20:45.700000,9.735414157661973
2015-03-26T16:20:45.800000,9.758764333343734
2015-03-26T16:20:45.900000,9.76916231684435
2015-03-26T16:20:46.000000,9.747717603043109
2015-03-26T16:20:46.100000,9.76215542531158
2015-03-26T16:20:46.200000,9.777560827315924
2015-03-26T16:20:46.300000,9.77293551239224
2015-03-26T16:20:46.400000,9.796227774486775
2015-03-26T16:20:46.500000,9.795815541404696
2015-03-26T16:20:46.600000,9.800754672497122
2015-03-26T16:20:46.700000,9.792889053570772
2015-03-26T16:20:46.800000,9.765484859607913
2015-03-26T16:20:46.900000,9.762141589203946
2015-03-26T16:20:47.000000,9.765852194992268
2015-03-26T16:20:47.100000,9.770565594746303
2015-03-26T16:20:47.200000,9.764417438782846
2015-03-26T16:20:47.300000,9.743843688056849
2015-03-26T16:20:47.400000,9.761041494329248
2015-03-26T16:20:47.500000,9.776499796827377
2015-03-26T16:20:47.600000,9.758922793534394
2015-03-26T16:20:47.700000,9.754151580097664
2015-03-26T16:20:47.800000,9.75682637238898
2015-03-26T16:20:47.900000,9.759538399779489
2015-03-26T16:20:48.000000,9.734729710217342
2015-03-26T16:20:48.100000,9.716772559528582
2015-03-26T16:20:48.200000,9.745472491151254
2015-03-26T16:20:48.300000,9.760906194169914
2015-03-26T16:20:48.400000,9.74260465250208
2015-03-26T16:20:48.500000,9.75147147778251
2015-03-26T16:20:48.600000,9.759629935476962
2015-03-26T16:20:48.700000,9.71669358724365
2015-03-26T16:20:48.800000,9.68435897161734
2015-03-26T16:20:48.900000,9.71916511609431
2015-03-26T16:20:49.000000,9.74030376658241
2015-03-26T16:20:49.100000,9.724744328531374
2015-03-26T16:20:49.200000,9.709776844665855
2015-03-26T16:20:49.300000,9.712569332631087
2015-03-26T16:20:49.400000,9.719294126631294
2015-03-26T16:20:49.500000,9.709152917055306
2015-03-26T16:20:49.600000,9.705860271071233
2015-03-26T16:20:49.700000,9.707867935123517
2015-03-26T16:20:49.800000,9.708947159826064
2015-03-26T16:20:49.900000,9.710236902768113
2015-03-26T16:20:50.000000,9.715116998031377
2015-03-26T16:20:50.100000,9.717371946011577
2015-03-26T16:20:50.200000,9.726293668975158
2015-03-26T16:20:50.300000,9.722141849506286
2015-03-26T16:20:50.400000,9.703791785093143
2015-03-26T16:20:50.500000,9.70028297004721
2015-03-26T16:20:50.600000,9.714421791880076
2015-03-26T16:20:50.700000,9.730330509650726
2015-03-26T16:20:50.800000,9.71964150860265
2015-03-26T16:20:50.900000,9.71546576281145
2015-03-26T16:20:51.000000,9.724133736542546
2015-03-26T16:20:51.100000,9.734421672232502
2015-03-26T16:20:51.200000,9.731755773708676
2015-03-26T16:20:51.300000,9.731225742103328
2015-03-26T16:20:51.400000,9.762356027681566
2015-03-26T16:20:51.500000,9.7757038069028
2015-03-26T16:20:51.600000,9.760515345861792
2015-03-26T16:20:51.700000,9.743703726853616
2015-03-26T16:20:51.800000,9.757739108186884
2015-03-26T16:20:51.900000,9.768453379615693
2015-03-26T16:20:52.000000,9.763911408634986
2015-03-26T16:20:52.100000,9.76507654453936
2015-03-26T16:20:52.200000,9.759129438263834
2015-03-26T16:20:52.300000,9.790953077318044
2015-03-26T16:20:52.400000,9.796638181522717
2015-03-26T16:20:52.500000,9.76522288195302
2015-03-26T16:20:52.600000,9.76510305241061
2015-03-26T16:20:52.700000,9.773149983327038
2015-03-26T16:20:52.800000,9.764746340290232
2015-03-26T16:20:52.900000,9.764324344789364
2015-03-26T16:20:53.000000,9.77487636339461
2015-03-26T16:20:53.100000,9.781009309218623
2015-03-26T16:20:53.200000,9.778662297171063
2015-03-26T16:20:53.300000,9.76993461325073
2015-03-26T16:20:53.400000,9.776090730549472
2015-03-26T16:20:53.500000,9.77729692998368
2015-03-26T16:20:53.600000,9.7675646595312
2015-03-26T16:20:53.700000,9.760505745660856
2015-03-26T16:20:53.800000,9.757584891124022
2015-03-26T16:20:53.900000,9.757955055178575
2015-03-26T16:20:54.000000,9.753168861881983
2015-03-26T16:20:54.100000,9.767105637141546
2015-03-26T16:20:54.200000,9.754987706443467
2015-03-26T16:20:54.300000,9.717369488949116
2015-03-26T16:20:54.400000,9.719151952096556
2015-03-26T16:20:54.500000,9.727440663166506
2015-03-26T16:20:54.600000,9.716142915198889
2015-03-26T16:20:54.700000,9.714065308837244
2015-03-26T16:20:54.800000,9.727471090001345
2015-03-26T16:20:54.900000,9.735127451825628
2015-03-26T16:20:55.000000,9.725068801957375
2015-03-26T16:20:55.100000,9.730684731896172
2015-03-26T16:20:55.200000,9.73883755642181
2015-03-26T16:20:55.300000,9.716024759823318
2015-03-26T16:20:55.400000,9.714872320420026
2015-03-26T16:20:55.500000,9.722846725967743
2015-03-26T16:20:55.600000,9.71396718752494
2015-03-26T16:20:55.700000,9.698839314415633
2015-03-26T16:20:55.800000,9.702525397282084
2015-03-26T16:20:55.900000,9.698832046120094
2015-03-26T16:20:56.000000,9.68714337553641
2015-03-26T16:20:56.100000,9.707506248962844
2015-03-26T16:20:56.200000,9.73746082170775
2015-03-26T16:20:56.300000,9.714193856338047
2015-03-26T16:20:56.400000,9.682548594269456
2015-03-26T16:20:56.500000,9.707533630376222
2015-03-26T16:20:56.600000,9.71448209518209
2015-03-26T16:20:56.700000,9.728079505793746
2015-03-26T16:20:56.800000,9.740142556111016
2015-03-26T16:20:56.900000,9.727403400590838
2015-03-26T16:20:57.000000,9.740485395695655
2015-03-26T16:20:57.100000,9.759914547779443
2015-03-26T16:20:57.200000,9.745110609684746
2015-03-26T16:20:57.300000,9.746366888085998
2015-03-26T16:20:57.400000,9.75784573421974
2015-03-26T16:20:57.500000,9.748308106402346
2015-03-26T16:20:57.600000,9.74244320201117
2015-03-26T16:20:57.700000,9.747889399479304
2015-03-26T16:20:57.800000,9.755487523339278
2015-03-26T16:20:57.900000,9.751830283216892
2015-03-26T16:20:58.000000,9.770868304558276
2015-03-26T16:20:58.100000,9.786889916464505
2015-03-26T16:20:58.200000,9.784139022928793
2015-03-26T16:20:58.300000,9.762919102608045
2015-03-26T16:20:58.400000,9.755951701181443
2015-03-26T16:20:58.500000,9.77494814700618
2015-03-26T16:20:58.600000,9.785279443426653
2015-03-26T16:20:58.700000,9.766882096356763
2015-03-26T16:20:58.800000,9.766947033763286
2015-03-26T16:20:58.900000,9.767428932532487
2015-03-26T16:20:59.000000,9.750980668669058
2015-03-26T16:20:59.100000,9.760244598572395
2015-03-26T16:20:59.200000,9.762413238949286
2015-03-26T16:20:59.300000,9.755737625959997
2015-03-26T16:20:59.400000,9.747321172182518
2015-03-26T16:20:59.500000,9.740755196638965
2015-03-26T16:20:59.600000,9.753485393522103
2015-03-26T16:20:59.700000,9.752351613945832
2015-03-26T16:20:59.800000,9.74218479515073
2015-03-26T16:20:59.900000,9.760902097730774
2015-03-26T16:21:00.000000,9.76692603564466
2015-03-26T16:21:00.100000,9.75529322077806
2015-03-26T16:21:00.200000,9.750635992431716
2015-03-26T16:21:00.300000,9.734599622545211
2015-03-26T16:21:00.400000,9.724588921144589
2015-03-26T16:21:00.500000,9.731051439874047
2015-03-26T16:21:00.600000,9.74124580416122
2015-03-26T16:21:00.700000,9.729550108779229
2015-03-26T16:21:00.800000,9.712677636809996
2015-03-26T16:21:00.900000,9.732309677486544
2015-03-26T16:21:01.000000,9.736063020494134
2015-03-26T16:21:01.100000,9.719830450426125
2015-03-26T16:21:01.200000,9.705434058807365
2015-03-26T16:21:01.300000,9.71836870166192
2015-03-26T16:21:01.400000,9.730541678773992
2015-03-26T16:21:01.500000,9.709814094854702
2015-03-26T16:21:01.600000,9.713834845722529
2015-03-26T16:21:01.700000,9.710079981620575
2015-03-26T16:21:01.800000,9.711822625015683
2015-03-26T16:21:01.900000,9.730629801075898
2015-03-26T16:21:02.000000,9.739370737875689
2015-03-26T16:21:02.100000,9.728403101638104
2015-03-26T16:21:02.200000,9.733660207577197
2015-03-26T16:21:02.300000,9.74597194838646
2015-03-26T16:21:02.400000,9.731863912733578
2015-03-26T16:21:02.500000,9.731639893608987
2015-03-26T16:21:02.600000,9.726547959494322
2015-03-26T16:21:02.700000,9.71532701495317
2015-03-26T16:21:02.800000,9.73673595891318
2015-03-26T16:21:02.900000,9.766395119930152
2015-03-26T16:21:03.000000,9.782002099748114
2015-03-26T16:21:03.100000,9.774048035467672
2015-03-26T16:21:03.200000,9.755306273530788
2015-03-26T16:21:03.300000,9.765500606573807
2015-03-26T16:21:03.400000,9.780029033796255
2015-03-26T16:21:03.500000,9.762898572605751
2015-03-26T16:21:03.600000,9.766279494032895
2015-03-26T16:21:03.700000,9.78026839959085
2015-03-26T16:21:03.800000,9.769099156731038
2015-03-26T16:21:03.900000,9.759418576210647
2015-03-26T16:21:04.000000,9.761696193079056
2015-03-26T16:21:04.100000,9.771288458866946
2015-03-26T16:21:04.200000,9.774048931335004
2015-03-26T16:21:04.300000,9.765365577239994
2015-03-26T16:21:04.400000,9.760778923177128
2015-03-26T16:21:04.500000,9.770127622209628
2015-03-26T16:21:04.600000,9.759423365513042
2015-03-26T16:21:04.700000,9.760586994014997
2015-03-26T16:21:04.800000,9.75621809584896
2015-03-26T16:21:04.900000,9.74189947909939
2015-03-26T16:21:05.000000,9.737775015841612
2015-03-26T16:21:05.100000,9.744191829884247
2015-03-26T16:21:05.200000,9.75357698845883
2015-03-26T16:21:05.300000,9.74732084611842
2015-03-26T16:21:05.400000,9.738451355907856
2015-03-26T16:21:05.500000,9.745196724829215
2015-03-26T16:21:05.600000,9.747008172515509
2015-03-26T16:21:05.700000,9.743361298597351
2015-03-26T16:21:05.800000,9.741431881717936
2015-03-26T16:21:05.900000,9.72816029167256
2015-03-26T16:21:06.000000,9.734012758078949
2015-03-26T16:21:06.100000,9.730878117724853
2015-03-26T16:21:06.200000,9.745926503849349
2015-03-26T16:21:06.300000,9.746005465838698
2015-03-26T16:21:06.400000,9.723540177935794
2015-03-26T16:21:06.500000,9.719024794634525
2015-03-26T16:21:06.600000,9.715978960532228
2015-03-26T16:21:06.700000,9.709282784354654
2015-03-26T16:21:06.800000,9.707442750880167
2015-03-26T16:21:06.900000,9.713093971192356
2015-03-26T16:21:07.000000,9.714385633835445
2015-03-26T16:21:07.100000,9.714551094588469
2015-03-26T16:21:07.200000,9.716497722170024
2015-03-26T16:21:07.300000,9.73047011876406
2015-03-26T16:21:07.400000,9.71771431540953
2015-03-26T16:21:07.500000,9.70426870802225
2015-03-26T16:21:07.600000,9.718811583656908
2015-03-26T16:21:07.700000,9.721971806792972
2015-03-26T16:21:07.800000,9.735020718847723
2015-03-26T16:21:07.900000,9.72648064809007
2015-03-26T16:21:08.000000,9.735705832021264
2015-03-26T16:21:08.100000,9.750340090955666
2015-03-26T16:21:08.200000,9.74803195380625
2015-03-26T16:21:08.300000,9.748946654666016
2015-03-26T16:21:08.400000,9.73887232349964
2015-03-26T16:21:08.500000,9.734896342148824
2015-03-26T16:21:08.600000,9.74396598075598
2015-03-26T16:21:08.700000,9.760558638868082
2015-03-26T16:21:08.800000,9.767379256284803
2015-03-26T16:21:08.900000,9.773906581953328
2015-03-26T16:21:09.000000,9.758440120146789
2015-03-26T16:21:09.100000,9.745190215848831
2015-03-26T16:21:09.200000,9.754949875826965
2015-03-26T16:21:09.300000,9.76691964578476
2015-03-26T16:21:09.400000,9.787685767519406
2015-03-26T16:21:09.500000,9.782744834868316
2015-03-26T16:21:09.600000,9.765619419155142
2015-03-26T16:21:09.700000,9.756208932139357
2015-03-26T16:21:09.800000,9.755572884179552
2015-03-26T16:21:09.900000,9.766114033281568
2015-03-26T16:21:10.000000,9.78049728935602
2015-03-26T16:21:10.100000,9.783760143635403
2015-03-26T16:21:10.200000,9.764866903849224
2015-03-26T16:21:10.300000,9.749147400480105
2015-03-26T16:21:10.400000,9.74986611989377
2015-03-26T16:21:10.500000,9.75630429238982
2015-03-26T16:21:10.600000,9.755306193665463
2015-03-26T16:21:10.700000,9.746135458950915
2015-03-26T16:21:10.800000,9.758980509323155
2015-03-26T16:21:10.900000,9.759121869513551
2015-03-26T16:21:11.000000,9.74343961818528
2015-03-26T16:21:11.100000,9.73621166878623
2015-03-26T16:21:11.200000,9.727171881286395
2015-03-26T16:21:11.300000,9.72756642325868
2015-03-26T16:21:11.400000,9.73466430225797
2015-03-26T16:21:11.500000,9.735235469424875
2015-03-26T16:21:11.600000,9.734299618003632
2015-03-26T16:21:11.700000,9.732633306399377
2015-03-26T16:21:11.800000,9.734983691886852
2015-03-26T16:21:11.900000,9.71771526693811
2015-03-26T16:21:12.000000,9.710164901658652
2015-03-26T16:21:12.100000,9.722789816831234
2015-03-26T16:21:12.200000,9.718904841858748
2015-03-26T16:21:12.300000,9.72910895245952
2015-03-26T16:21:12.400000,9.728835929065006
2015-03-26T16:21:12.500000,9.72640542897804
2015-03-26T16:21:12.600000,9.71792556767521
2015-03-26T16:21:12.700000,9.69966843378018
2015-03-26T16:21:12.800000,9.709409330921682
2015-03-26T16:21:12.900000,9.724739317476718
2015-03-26T16:21:13.000000,9.72161414650426
2015-03-26T16:21:13.100000,9.712896245474372
2015-03-26T16:21:13.200000,9.724429656419684
2015-03-26T16:21:13.300000,9.719644271263569
2015-03-26T16:21:13.400000,9.717961930535424
2015-03-26T16:21:13.500000,9.726049352563866
2015-03-26T16:21:13.600000,9.719067106272105
2015-03-26T16:21:13.700000,9.714456046786568
2015-03-26T16:21:13.800000,9.702908637716025
2015-03-26T16:21:13.900000,9.708500257888646
2015-03-26T16:21:14.000000,9.715026017845997
2015-03-26T16:21:14.100000,9.71045891383744
2015-03-26T16:21:14.200000,9.727640072322192
2015-03-26T16:21:14.300000,9.72928580645585
2015-03-26T16:21:14.400000,9.723793773469328
2015-03-26T16:21:14.500000,9.736643363519557
2015-03-26T16:21:14.600000,9.750993367936552
2015-03-26T16:21:14.700000,9.755697792430754
2015-03-26T16:21:14.800000,9.769661009480592
2015-03-26T16:21:14.900000,9.771413248300696
2015-03-26T16:21:15.000000,9.754049539065177
2015-03-26T16:21:15.100000,9.747987907548715
2015-03-26T16:21:15.200000,9.75495238222266
2015-03-26T16:21:15.300000,9.74934608480755
2015-03-26T16:21:15.400000,9.742210265253217
2015-03-26T16:21:15.500000,9.74273082203589
2015-03-26T16:21:15.600000,9.75531608291697
2015-03-26T16:21:15.700000,9.767395321679698
2015-03-26T16:21:15.800000,9.756319829727907
2015-03-26T16:21:15.900000,9.757751136106036
2015-03-26T16:21:16.000000,9.757130868118452
2015-03-26T16:21:16.100000,9.748011622239666
2015-03-26T16:21:16.200000,9.739983661475074
2015-03-26T16:21:16.300000,9.7537722540232
2015-03-26T16:21:16.400000,9.76397165604181
2015-03-26T16:21:16.500000,9.756518077483577
2015-03-26T16:21:16.600000,9.756542082593391
2015-03-26T16:21:16.700000,9.763687935911747
2015-03-26T16:21:16.800000,9.777903312955356
2015-03-26T16:21:16.900000,9.765085196588682
2015-03-26T16:21:17.000000,9.758647480943765
2015-03-26T16:21:17.100000,9.754686875397985
2015-03-26T16:21:17.200000,9.744921928163745
2015-03-26T16:21:17.300000,9.758749418015126
2015-03-26T16:21:17.400000,9.759292526236898
2015-03-26T16:21:17.500000,9.758846171953037
2015-03-26T16:21:17.600000,9.757024180920176
2015-03-26T16:21:17.700000,9.748457988411529
2015-03-26T16:21:17.800000,9.736957672671396
2015-03-26T16:21:17.900000,9.74185202317986
2015-03-26T16:21:18.000000,9.734661056449193
2015-03-26T16:21:18.100000,9.715865764376694
2015-03-26T16:21:18.200000,9.727114283095904
2015-03-26T16:21:18.300000,9.741563898149494
2015-03-26T16:21:18.400000,9.74488031949554
2015-03-26T16:21:18.500000,9.738727465961158
2015-03-26T16:21:18.600000,9.732574055740915
2015-03-26T16:21:18.700000,9.734981105225586
2015-03-26T16:21:18.800000,9.730735690460952
2015-03-26T16:21:18.900000,9.722721983054903
2015-03-26T16:21:19.000000,9.732380335732682
2015-03-26T16:21:19.100000,9.731398181154898
2015-03-26T16:21:19.200000,9.72901404376539
2015-03-26T16:21:19.300000,9.758253252632016
2015-03-26T16:21:19.400000,9.760253524249713
2015-03-26T16:21:19.500000,9.73692276138226
2015-03-26T16:21:19.600000,9.74442374943316
2015-03-26T16:21:19.700000,9.740601987836232
2015-03-26T16:21:19.800000,9.73743037388377
2015-03-26T16:21:19.900000,9.748618111860804
2015-03-26T16:21:20.000000,9.7533933817966
2015-03-26T16:21:20.100000,9.755027365751294
2015-03-26T16:21:20.200000,9.74250145546044
2015-03-26T16:21:20.300000,9.735660932887027
2015-03-26T16:21:20.400000,9.73671684074253
2015-03-26T16:21:20.500000,9.734316764204358
2015-03-26T16:21:20.600000,9.754151648461018
2015-03-26T16:21:20.700000,9.76628219307072
2015-03-26T16:21:20.800000,9.749837952713124
2015-03-26T16:21:20.900000,9.74348000136314
2015-03-26T16:21:21.000000,9.730703263377157
2015-03-26T16:21:21.100000,9.725810715908125
2015-03-26T16:21:21.200000,9.760064309645696
2015-03-26T16:21:21.300000,9.76973424135981
2015-03-26T16:21:21.400000,9.750919277755486
2015-03-26T16:21:21.500000,9.752088500476685
2015-03-26T16:21:21.600000,9.761640351201171
2015-03-26T16:21:21.700000,9.769096425479525
2015-03-26T16:21:21.800000,9.751553551437812
2015-03-26T16:21:21.900000,9.736964980063028
2015-03-26T16:21:22.000000,9.751535338055952
2015-03-26T16:21:22.100000,9.741555733255968
2015-03-26T16:21:22.200000,9.72624252938899
2015-03-26T16:21:22.300000,9.73557461918706
2015-03-26T16:21:22.400000,9.740830419997502
2015-03-26T16:21:22.500000,9.73510089904866
2015-03-26T16:21:22.600000,9.735985718242736
2015-03-26T16:21:22.700000,9.744599646835114
2015-03-26T16:21:22.800000,9.736507928701258
2015-03-26T16:21:22.900000,9.721096878652691
2015-03-26T16:21:23.000000,9.723654604558096
2015-03-26T16:21:23.100000,9.732311407126534
2015-03-26T16:21:23.200000,9.730777217992385
2015-03-26T16:21:23.300000,9.73364106686372
2015-03-26T16:21:23.400000,9.723116740374364
2015-03-26T16:21:23.500000,9.709665847499508
2015-03-26T16:21:23.600000,9.724512114934484
2015-03-26T16:21:23.700000,9.727509932296902
2015-03-26T16:21:23.800000,9.74387879639405
2015-03-26T16:21:23.900000,9.75404534564457
2015-03-26T16:21:24.000000,9.734012635813944
2015-03-26T16:21:24.100000,9.72710973072097
2015-03-26T16:21:24.200000,9.729712680227038
2015-03-26T16:21:24.300000,9.749146504689282
2015-03-26T16:21:24.400000,9.760411372229049
2015-03-26T16:21:24.500000,9.74472095638153
2015-03-26T16:21:24.600000,9.742331724915326
2015-03-26T16:21:24.700000,9.726717538028606
2015-03-26T16:21:24.800000,9.734435769726575
2015-03-26T16:21:24.900000,9.764015096219358
2015-03-26T16:21:25.000000,9.756100474004986
2015-03-26T16:21:25.100000,9.738855770461788
2015-03-26T16:21:25.200000,9.730264079719335
2015-03-26T16:21:25.300000,9.74119652521107
2015-03-26T16:21:25.400000,9.773416312844132
2015-03-26T16:21:25.500000,9.75266551392235
2015-03-26T16:21:25.600000,9.729590926694472
2015-03-26T16:21:25.700000,9.755003106200483
2015-03-26T16:21:25.800000,9.747467165946825
2015-03-26T16:21:25.900000,9.733495449306115
2015-03-26T16:21:26.000000,9.765404537512053
2015-03-26T16:21:26.100000,9.764427124914928
2015-03-26T16:21:26.200000,9.763680867169162
2015-03-26T16:21:26.300000,9.755537144094715
2015-03-26T16:21:26.400000,9.753668601224929
2015-03-26T16:21:26.500000,9.780526647738858
2015-03-26T16:21:26.600000,9.771058079519996
2015-03-26T16:21:26.700000,9.744394240691944
2015-03-26T16:21:26.800000,9.726426623733143
2015-03-26T16:21:26.900000,9.733452067791976
2015-03-26T16:21:27.000000,9.758349861438596
2015-03-26T16:21:27.100000,9.755234104862442
2015-03-26T16:21:27.200000,9.725352837105296
2015-03-26T16:21:27.300000,9.740138610975986
2015-03-26T16:21:27.400000,9.755730869783
2015-03-26T16:21:27.500000,9.744975496867433
2015-03-26T16:21:27.600000,9.735601840597427
2015-03-26T16:21:27.700000,9.733932545120831
2015-03-26T16:21:27.800000,9.743952001686512
2015-03-26T16:21:27.900000,9.736583914890623
2015-03-26T16:21:28.000000,9.737939109307048
2015-03-26T16:21:28.100000,9.745359364613716
2015-03-26T16:21:28.200000,9.7347140921553
2015-03-26T16:21:28.300000,9.729307459189368
2015-03-26T16:21:28.400000,9.72461313351038
2015-03-26T16:21:28.500000,9.718025748116585
2015-03-26T16:21:28.600000,9.716565150365213
2015-03-26T16:21:28.700000,9.715528787840276
2015-03-26T16:21:28.800000,9.732876436248397
2015-03-26T16:21:28.900000,9.737688310414605
2015-03-26T16:21:29.000000,9.737316031808598
2015-03-26T16:21:29.100000,9.735678692378132
2015-03-26T16:21:29.200000,9.72399518168173
2015-03-26T16:21:29.300000,9.735209480614698
2015-03-26T16:21:29.400000,9.751901127617357
2015-03-26T16:21:29.500000,9.735369918460648
2015-03-26T16:21:29.600000,9.720856830173114
2015-03-26T16:21:29.700000,9.724612303970558
2015-03-26T16:21:29.800000,9.74129494004178
2015-03-26T16:21:29.900000,9.751201976854404
2015-03-26T16:21:30.000000,9.73878622517873
2015-03-26T16:21:30.100000,9.749732923119405
2015-03-26T16:21:30.200000,9.760006829456382
2015-03-26T16:21:30.300000,9.742317907366752
2015-03-26T16:21:30.400000,9.732171100308014
2015-03-26T16:21:30.500000,9.732498181105123
2015-03-26T16:21:30.600000,9.749382362077656
2015-03-26T16:21:30.700000,9.766806456024234
2015-03-26T16:21:30.800000,9.769325169852966
2015-03-26T16:21:30.900000,9.747925950142983
2015-03-26T16:21:31.000000,9.742877581338991
2015-03-26T16:21:31.100000,9.763514921965989
2015-03-26T16:21:31.200000,9.757013662456776
2015-03-26T16:21:31.300000,9.732093441996517
2015-03-26T16:21:31.400000,9.729608365600972
2015-03-26T16:21:31.500000,9.727592169589164
2015-03-26T16:21:31.600000,9.733075031267395
2015-03-26T16:21:31.700000,9.736189668684007
2015-03-26T16:21:31.800000,9.744295035429486
2015-03-26T16:21:31.900000,9.74429947148188
2015-03-26T16:21:32.000000,9.75335052799532
2015-03-26T16:21:32.100000,9.752675948616009
2015-03-26T16:21:32.200000,9.710178239629412
2015-03-26T16:21:32.300000,9.715520278837044
2015-03-26T16:21:32.400000,9.740705496937156
2015-03-26T16:21:32.500000,9.731076903507988
2015-03-26T16:21:32.600000,9.733256393702227
2015-03-26T16:21:32.700000,9.737398762255047
2015-03-26T16:21:32.800000,9.724833228515472
2015-03-26T16:21:32.900000,9.730673348498366
2015-03-26T16:21:33.000000,9.7303703416195
2015-03-26T16:21:33.100000,9.721734693784564
2015-03-26T16:21:33.200000,9.719327607490436
2015-03-26T16:21:33.300000,9.723762114840143
2015-03-26T16:21:33.400000,9.730160388582403
2015-03-26T16:21:33.500000,9.74020822193718
2015-03-26T16:21:33.600000,9.738518864326856
2015-03-26T16:21:33.700000,9.733280627507169
2015-03-26T16:21:33.800000,9.734936814078708
2015-03-26T16:21:33.900000,9.730689943529482
2015-03-26T16:21:34.000000,9.732825574140596
2015-03-26T16:21:34.100000,9.7489565679765
2015-03-26T16:21:34.200000,9.734973330411965
2015-03-26T16:21:34.300000,9.729903329940075
2015-03-26T16:21:34.400000,9.739914617196794
2015-03-26T16:21:34.500000,9.739801758048449
2015-03-26T16:21:34.600000,9.7443323488162
2015-03-26T16:21:34.700000,9.752336991780032
2015-03-26T16:21:34.800000,9.75422261074868
2015-03-26T16:21:34.900000,9.746782959243813
2015-03-26T16:21:35.000000,9.746626063371307
2015-03-26T16:21:35.100000,9.744183882475436
2015-03-26T16:21:35.200000,9.749515429073044
2015-03-26T16:21:35.300000,9.76697224266966
2015-03-26T16:21:35.400000,9.777699712466184
2015-03-26T16:21:35.500000,9.750855994098808
2015-03-26T16:21:35.600000,9.74855459673922
2015-03-26T16:21:35.700000,9.771878893435698
2015-03-26T16:21:35.800000,9.76550439016608
2015-03-26T16:21:35.900000,9.765583130521891
2015-03-26T16:21:36.000000,9.769080179728228
2015-03-26T16:21:36.100000,9.769885674993288
2015-03-26T16:21:36.200000,9.759434633452974
2015-03-26T16:21:36.300000,9.744958858929955
2015-03-26T16:21:36.400000,9.741229262136612
2015-03-26T16:21:36.500000,9.741314001311082
2015-03-26T16:21:36.600000,9.741353885505909
2015-03-26T16:21:36.700000,9.757083811898656
2015-03-26T16:21:36.800000,9.774053352668563
2015-03-26T16:21:36.900000,9.767026874136052
2015-03-26T16:21:37.000000,9.756807487444496
2015-03-26T16:21:37.100000,9.73898287278977
2015-03-26T16:21:37.200000,9.74079082004982
2015-03-26T16:21:37.300000,9.768437111671943
2015-03-26T16:21:37.400000,9.749324116356505
2015-03-26T16:21:37.500000,9.731886148799584
2015-03-26T16:21:37.600000,9.72691805321044
2015-03-26T16:21:37.700000,9.71150516414636
2015-03-26T16:21:37.800000,9.717593522022604
2015-03-26T16:21:37.900000,9.737113699255062
2015-03-26T16:21:38.000000,9.72498862201956
2015-03-26T16:21:38.100000,9.726574065286632
2015-03-26T16:21:38.200000,9.746808494266944
2015-03-26T16:21:38.300000,9.736510997280988
2015-03-26T16:21:38.400000,9.726571482047689
2015-03-26T16:21:38.500000,9.734371049156172
2015-03-26T16:21:38.600000,9.756520460435192
2015-03-26T16:21:38.700000,9.735777279284312
2015-03-26T16:21:38.800000,9.70299882083662
2015-03-26T16:21:38.900000,9.72679491219017
2015-03-26T16:21:39.000000,9.737396911370636
2015-03-26T16:21:39.100000,9.723424443939171
2015-03-26T16:21:39.200000,9.722149929172517
2015-03-26T16:21:39.300000,9.732533500412943
2015-03-26T16:21:39.400000,9.727291479898025
2015-03-26T16:21:39.500000,9.744948472558576
2015-03-26T16:21:39.600000,9.737124822134072
2015-03-26T16:21:39.700000,9.739405274384042
2015-03-26T16:21:39.800000,9.722427767246126
2015-03-26T16:21:39.900000,9.707512522317238
2015-03-26T16:21:40.000000,9.737825660435792
2015-03-26T16:21:40.100000,9.744305531277202
2015-03-26T16:21:40.200000,9.744332822583385
2015-03-26T16:21:40.300000,9.729656279379574
2015-03-26T16:21:40.400000,9.727519085937836
2015-03-26T16:21:40.500000,9.746108021650166
2015-03-26T16:21:40.600000,9.74724345801904
2015-03-26T16:21:40.700000,9.734507703904866
2015-03-26T16:21:40.800000,9.739665469537554
2015-03-26T16:21:40.900000,9.748984576202588
2015-03-26T16:21:41.000000,9.768854678948196
2015-03-26T16:21:41.100000,9.76883735691185
2015-03-26T16:21:41.200000,9.748116313348616
2015-03-26T16:21:41.300000,9.753347625378922
2015-03-26T16:21:41.400000,9.754013121444062
2015-03-26T16:21:41.500000,9.7562992565132
2015-03-26T16:21:41.600000,9.760849161085217
2015-03-26T16:21:41.700000,9.761307549671152
2015-03-26T16:21:41.800000,9.756782437494037
2015-03-26T16:21:41.900000,9.740736154499263
2015-03-26T16:21:42.000000,9.741108581928923
2015-03-26T16:21:42.100000,9.737647282350949
2015-03-26T16:21:42.200000,9.738303876897348
2015-03-26T16:21:42.300000,9.760912280790976
2015-03-26T16:21:42.400000,9.772005962212637
2015-03-26T16:21:42.500000,9.766518003913491
2015-03-26T16:21:42.600000,9.751241529577507
2015-03-26T16:21:42.700000,9.75222788011254
2015-03-26T16:21:42.800000,9.757252305950477
2015-03-26T16:21:42.900000,9.760010708007448
2015-03-26T16:21:43.000000,9.758508374018255
2015-03-26T16:21:43.100000,9.755012693057315
2015-03-26T16:21:43.200000,9.749839197535662
2015-03-26T16:21:43.300000,9.743398930364505
2015-03-26T16:21:43.400000,9.734718382699583
2015-03-26T16:21:43.500000,9.732337586261844
2015-03-26T16:21:43.600000,9.75040477430468
2015-03-26T16:21:43.700000,9.738461542297514
2015-03-26T16:21:43.800000,9.706121566700372
2015-03-26T16:21:43.900000,9.71661881772384
2015-03-26T16:21:44.000000,9.75239266993992
2015-03-26T16:21:44.100000,9.748645756399847
2015-03-26T16:21:44.200000,9.736573864161326
2015-03-26T16:21:44.300000,9.7427392618811
2015-03-26T16:21:44.400000,9.73093282117878
2015-03-26T16:21:44.500000,9.733197647252656
2015-03-26T16:21:44.600000,9.727829581056522
2015-03-26T16:21:44.700000,9.729859606520684
2015-03-26T16:21:44.800000,9.756455121478186
2015-03-26T16:21:44.900000,9.742515048748713
2015-03-26T16:21:45.000000,9.725384762787598
2015-03-26T16:21:45.100000,9.725693925300044
2015-03-26T16:21:45.200000,9.725552293969857
2015-03-26T16:21:45.300000,9.7373478730558
2015-03-26T16:21:45.400000,9.731188752033232
2015-03-26T16:21:45.500000,9.72374665424086
2015-03-26T16:21:45.600000,9.723056934088994
2015-03-26T16:21:45.700000,9.731233152624872
2015-03-26T16:21:45.800000,9.74296488803143
2015-03-26T16:21:45.900000,9.73814548448208
2015-03-26T16:21:46.000000,9.746362168221207
2015-03-26T16:21:46.100000,9.736515743336724
2015-03-26T16:21:46.200000,9.730630074054094
2015-03-26T16:21:46.300000,9.735955168185887
2015-03-26T16:21:46.400000,9.73933904733855
2015-03-26T16:21:46.500000,9.750404736580997
2015-03-26T16:21:46.600000,9.743684624587928
2015-03-26T16:21:46.700000,9.734346454352512
2015-03-26T16:21:46.800000,9.75386550570536
2015-03-26T16:21:46.900000,9.748208380804924
2015-03-26T16:21:47.000000,9.73878313904641
2015-03-26T16:21:47.100000,9.749671050341378
2015-03-26T16:21:47.200000,9.74817814478546
2015-03-26T16:21:47.300000,9.73304632414566
2015-03-26T16:21:47.400000,9.729426050085536
2015-03-26T16:21:47.500000,9.74172822201528
2015-03-26T16:21:47.600000,9.743085958499622
2015-03-26T16:21:47.700000,9.75494430000663
2015-03-26T16:21:47.800000,9.755833971835711
2015-03-26T16:21:47.900000,9.7254475627218
2015-03-26T16:21:48.000000,9.734657231092744
2015-03-26T16:21:48.100000,9.751120090110632
2015-03-26T16:21:48.200000,9.751293328614503
2015-03-26T16:21:48.300000,9.759790817049392
2015-03-26T16:21:48.400000,9.75357730630135
2015-03-26T16:21:48.500000,9.741738938977155
2015-03-26T16:21:48.600000,9.730759008379891
2015-03-26T16:21:48.700000,9.727199254063136
2015-03-26T16:21:48.800000,9.7396664490734
2015-03-26T16:21:48.900000,9.74051548815975
2015-03-26T16:21:49.000000,9.730076950851688
2015-03-26T16:21:49.100000,9.745412857941847
2015-03-26T16:21:49.200000,9.730261194373274
2015-03-26T16:21:49.300000,9.723513670363632
2015-03-26T16:21:49.400000,9.7238630152329
2015-03-26T16:21:49.500000,9.722795483386935
2015-03-26T16:21:49.600000,9.728088098096494
2015-03-26T16:21:49.700000,9.731378084944032
2015-03-26T16:21:49.800000,9.75185884857409
2015-03-26T16:21:49.900000,9.749062950128785
2015-03-26T16:21:50.000000,9.759390443996711
2015-03-26T16:21:50.100000,9.76083785212758
2015-03-26T16:21:50.200000,9.738119591717703
2015-03-26T16:21:50.300000,9.737276995288592
2015-03-26T16:21:50.400000,9.7716625700601
2015-03-26T16:21:50.500000,9.770255567949166
2015-03-26T16:21:50.600000,9.744015169073446
2015-03-26T16:21:50.700000,9.744695086277046
2015-03-26T16:21:50.800000,9.738998350169688
2015-03-26T16:21:50.900000,9.730321891396938
2015-03-26T16:21:51.000000,9.727212645332663
2015-03-26T16:21:51.100000,9.724598579529912
2015-03-26T16:21:51.200000,9.732964663726516
2015-03-26T16:21:51.300000,9.745755097974854
2015-03-26T16:21:51.400000,9.75160826645086
2015-03-26T16:21:51.500000,9.756926166241533
2015-03-26T16:21:51.600000,9.752846370991817
2015-03-26T16:21:51.700000,9.732199124046796
2015-03-26T16:21:51.800000,9.724889607378277
2015-03-26T16:21:51.900000,9.716856432793191
2015-03-26T16:21:52.000000,9.743914498907088
2015-03-26T16:21:52.100000,9.762644905466804
2015-03-26T16:21:52.200000,9.755224467907702
2015-03-26T16:21:52.300000,9.75460398483627
2015-03-26T16:21:52.400000,9.742638748547533
2015-03-26T16:21:52.500000,9.739205512305215
2015-03-26T16:21:52.600000,9.737801632809
2015-03-26T16:21:52.700000,9.736034658484138
2015-03-26T16:21:52.800000,9.747576477606977
2015-03-26T16:21:52.900000,9.75626830740755
2015-03-26T16:21:53.000000,9.737303296647932
2015-03-26T16:21:53.100000,9.736812967493195
2015-03-26T16:21:53.200000,9.7613318755097
2015-03-26T16:21:53.300000,9.75559652346884
2015-03-26T16:21:53.400000,9.739341878881335
2015-03-26T16:21:53.500000,9.717305786666698
2015-03-26T16:21:53.600000,9.718353821141822
2015-03-26T16:21:53.700000,9.742832347955169
2015-03-26T16:21:53.800000,9.725181778718587
2015-03-26T16:21:53.900000,9.710663992273698
2015-03-26T16:21:54.000000,9.715275111306031
2015-03-26T16:21:54.100000,9.71554257055806
2015-03-26T16:21:54.200000,9.71601504848147
2015-03-26T16:21:54.300000,9.727993674111277
2015-03-26T16:21:54.400000,9.73352096944402
2015-03-26T16:21:54.500000,9.72834957616794
2015-03-26T16:21:54.600000,9.715464676490676
2015-03-26T16:21:54.700000,9.722887582909143
2015-03-26T16:21:54.800000,9.72977193646531
2015-03-26T16:21:54.900000,9.72895730507348
2015-03-26T16:21:55.000000,9.72614279432278
2015-03-26T16:21:55.100000,9.71614137987079
2015-03-26T16:21:55.200000,9.73117541339986
2015-03-26T16:21:55.300000,9.738582553132284
2015-03-26T16:21:55.400000,9.727012597377186
2015-03-26T16:21:55.500000,9.718383044189146
2015-03-26T16:21:55.600000,9.72713871492036
2015-03-26T16:21:55.700000,9.734226680064545
2015-03-26T16:21:55.800000,9.73422782393028
2015-03-26T16:21:55.900000,9.73941973995968
2015-03-26T16:21:56.000000,9.728712019481236
2015-03-26T16:21:56.100000,9.74274935031074
2015-03-26T16:21:56.200000,9.767910083219864
2015-03-26T16:21:56.300000,9.757222954361634
2015-03-26T16:21:56.400000,9.746737330705733
2015-03-26T16:21:56.500000,9.749782008449657
2015-03-26T16:21:56.600000,9.740255094554936
2015-03-26T16:21:56.700000,9.730981859188033
2015-03-26T16:21:56.800000,9.744731849181775
2015-03-26T16:21:56.900000,9.752030824209143
2015-03-26T16:21:57.000000,9.746123982560226
2015-03-26T16:21:57.100000,9.732422582374149
2015-03-26T16:21:57.200000,9.733938809663544
2015-03-26T16:21:57.300000,9.749457602168231
2015-03-26T16:21:57.400000,9.747810976251266
2015-03-26T16:21:57.500000,9.73726039184444
2015-03-26T16:21:57.600000,9.731738988536884
2015-03-26T16:21:57.700000,9.746042002901657
2015-03-26T16:21:57.800000,9.748714432621467
2015-03-26T16:21:57.900000,9.732531322821274
2015-03-26T16:21:58.000000,9.752463968286126
2015-03-26T16:21:58.100000,9.761885794375878
2015-03-26T16:21:58.200000,9.748641201334362
2015-03-26T16:21:58.300000,9.74588259846366
2015-03-26T16:21:58.400000,9.72950718072898
2015-03-26T16:21:58.500000,9.731462051690333
2015-03-26T16:21:58.600000,9.748189005163102
2015-03-26T16:21:58.700000,9.745835803807156
2015-03-26T16:21:58.800000,9.737448896109637
2015-03-26T16:21:58.900000,9.765492571964842
2015-03-26T16:21:59.000000,9.774234949512246
2015-03-26T16:21:59.100000,9.757328444838556
2015-03-26T16:21:59.200000,9.778677817310395
2015-03-26T16:21:59.300000,9.76925818551304
2015-03-26T16:21:59.400000,9.742715354992022
2015-03-26T16:21:59.500000,9.757053516001042
2015-03-26T16:21:59.600000,9.76142783022722
2015-03-26T16:21:59.700000,9.754543784915978
2015-03-26T16:21:59.800000,9.757991749629657
2015-03-26T16:21:59.900000,9.772283878679676
2015-03-26T16:22:00.000000,9.765225565840554
2015-03-26T16:22:00.100000,9.752302481377969
2015-03-26T16:22:00.200000,9.76714116078618
2015-03-26T16:22:00.300000,9.786876542064263
2015-03-26T16:22:00.400000,9.784567569040515
2015-03-26T16:22:00.500000,9.763558187917248
2015-03-26T16:22:00.600000,9.77124002406226
2015-03-26T16:22:00.700000,9.787879504885654
2015-03-26T16:22:00.800000,9.7917044387376
2015-03-26T16:22:00.900000,9.77497541737634
2015-03-26T16:22:01.000000,9.752764146123624
2015-03-26T16:22:01.100000,9.76741510310602
2015-03-26T16:22:01.200000,9.781668959550526
2015-03-26T16:22:01.300000,9.766861621822656
2015-03-26T16:22:01.400000,9.752466203876104
2015-03-26T16:22:01.500000,9.75218741470596
2015-03-26T16:22:01.600000,9.743738382626823
2015-03-26T16:22:01.700000,9.731977045804886
2015-03-26T16:22:01.800000,9.724972327774566
2015-03-26T16:22:01.900000,9.75273260739173
2015-03-26T16:22:02.000000,9.746724434711275
2015-03-26T16:22:02.100000,9.718958456027368
2015-03-26T16:22:02.200000,9.730396001900084
2015-03-26T16:22:02.300000,9.741523975016085
2015-03-26T16:22:02.400000,9.732789524749686
2015-03-26T16:22:02.500000,9.72606628376449
2015-03-26T16:22:02.600000,9.71124074717724
2015-03-26T16:22:02.700000,9.710868162234211
2015-03-26T16:22:02.800000,9.721049269832283
2015-03-26T16:22:02.900000,9.704322891329134
2015-03-26T16:22:03.000000,9.695198719799846
2015-03-26T16:22:03.100000,9.703855763089752
2015-03-26T16:22:03.200000,9.696359617279892
2015-03-26T16:22:03.300000,9.70266581856665
2015-03-26T16:22:03.400000,9.71548731292378
2015-03-26T16:22:03.500000,9.711566384205527
2015-03-26T16:22:03.600000,9.70966217221819
2015-03-26T16:22:03.700000,9.7072594340513
2015-03-26T16:22:03.800000,9.71696943096018
2015-03-26T16:22:03.900000,9.726192317029406
2015-03-26T16:22:04.000000,9.720011009065948
2015-03-26T16:22:04.100000,9.706846262791291
2015-03-26T16:22:04.200000,9.69267444724797
2015-03-26T16:22:04.300000,9.712834118310743
2015-03-26T16:22:04.400000,9.756910472695774
2015-03-26T16:22:04.500000,9.745041693497186
2015-03-26T16:22:04.600000,9.7318835951427
2015-03-26T16:22:04.700000,9.753740260739
2015-03-26T16:22:04.800000,9.728284509676335
2015-03-26T16:22:04.900000,9.718328999213307
2015-03-26T16:22:05.000000,9.749374407149208
2015-03-26T16:22:05.100000,9.76045192965032
2015-03-26T16:22:05.200000,9.748502926444306
2015-03-26T16:22:05.300000,9.742260001717325
2015-03-26T16:22:05.400000,9.74070630981344
2015-03-26T16:22:05.500000,9.759541398788928
2015-03-26T16:22:05.600000,9.778104628879015
2015-03-26T16:22:05.700000,9.760004113463427
2015-03-26T16:22:05.800000,9.763060183539311
2015-03-26T16:22:05.900000,9.768190226222789
2015-03-26T16:22:06.000000,9.769493739512283
2015-03-26T16:22:06.100000,9.752755019680814
2015-03-26T16:22:06.200000,9.755671726162968
2015-03-26T16:22:06.300000,9.767060367656198
2015-03-26T16:22:06.400000,9.766501372175023
2015-03-26T16:22:06.500000,9.77589017189523
2015-03-26T16:22:06.600000,9.783969901722523
2015-03-26T16:22:06.700000,9.78126660976281
2015-03-26T16:22:06.800000,9.767621094019669
2015-03-26T16:22:06.900000,9.746457657443532
2015-03-26T16:22:07.000000,9.7471205293221
2015-03-26T16:22:07.100000,9.745326399782916
2015-03-26T16:22:07.200000,9.748457142166076
2015-03-26T16:22:07.300000,9.748061800155355
2015-03-26T16:22:07.400000,9.748260188448118
2015-03-26T16:22:07.500000,9.765975331149228
2015-03-26T16:22:07.600000,9.760508904437946
2015-03-26T16:22:07.700000,9.748689967776254
2015-03-26T16:22:07.800000,9.743992024453144
2015-03-26T16:22:07.900000,9.756713375253062
2015-03-26T16:22:08.000000,9.755556143808638
2015-03-26T16:22:08.100000,9.747110359211714
2015-03-26T16:22:08.200000,9.738378932987388
2015-03-26T16:22:08.300000,9.71646719468566
2015-03-26T16:22:08.400000,9.725836690897497
2015-03-26T16:22:08.500000,9.724655434911616
2015-03-26T16:22:08.600000,9.726855709209609
2015-03-26T16:22:08.700000,9.73646555988013
2015-03-26T16:22:08.800000,9.735228313959126
2015-03-26T16:22:08.900000,9.736259210281093
2015-03-26T16:22:09.000000,9.730427094213455
2015-03-26T16:22:09.100000,9.725071959107888
2015-03-26T16:22:09.200000,9.730486528852046
2015-03-26T16:22:09.300000,9.75071512681258
2015-03-26T16:22:09.400000,9.736569840911896
2015-03-26T16:22:09.500000,9.715500503124067
2015-03-26T16:22:09.600000,9.741487911610111
2015-03-26T16:22:09.700000,9.7459487461635
2015-03-26T16:22:09.800000,9.72611902884488
2015-03-26T16:22:09.900000,9.72650167946062
2015-03-26T16:22:10.000000,9.744658265061265
2015-03-26T16:22:10.100000,9.73490560332341
2015-03-26T16:22:10.200000,9.714850401207558
2015-03-26T16:22:10.300000,9.729718061734776
2015-03-26T16:22:10.400000,9.740397714421038
2015-03-26T16:22:10.500000,9.732465394736655
2015-03-26T16:22:10.600000,9.730360491181496
2015-03-26T16:22:10.700000,9.74098591482107
2015-03-26T16:22:10.800000,9.740005260012234
2015-03-26T16:22:10.900000,9.74728539242451
2015-03-26T16:22:11.000000,9.745133655748395
2015-03-26T16:22:11.100000,9.734750457094508
2015-03-26T16:22:11.200000,9.737518466429892
2015-03-26T16:22:11.300000,9.752434104563406
2015-03-26T16:22:11.400000,9.753913135724256
2015-03-26T16:22:11.500000,9.757244120946645
2015-03-26T16:22:11.600000,9.7444298861
2015-03-26T16:22:11.700000,9.73412963740386
2015-03-26T16:22:11.800000,9.75391213696802
2015-03-26T16:22:11.900000,9.76369151262744
2015-03-26T16:22:12.000000,9.754855681756103
2015-03-26T16:22:12.100000,9.73751958046396
2015-03-26T16:22:12.200000,9.73180555177673
2015-03-26T16:22:12.300000,9.725794986337975
2015-03-26T16:22:12.400000,9.735130344512717
2015-03-26T16:22:12.500000,9.74265228899772
2015-03-26T16:22:12.600000,9.739576012916128
2015-03-26T16:22:12.700000,9.736239791132247
2015-03-26T16:22:12.800000,9.74313683843983
2015-03-26T16:22:12.900000,9.749451860218782
2015-03-26T16:22:13.000000,9.752489200219893
2015-03-26T16:22:13.100000,9.740585873596928
2015-03-26T16:22:13.200000,9.722718415876594
2015-03-26T16:22:13.300000,9.741010835607442
2015-03-26T16:22:13.400000,9.760653290735114
2015-03-26T16:22:13.500000,9.75595817383555
2015-03-26T16:22:13.600000,9.74184089070603
2015-03-26T16:22:13.700000,9.740369611112683
2015-03-26T16:22:13.800000,9.738712071663894
2015-03-26T16:22:13.900000,9.744170942978052
2015-03-26T16:22:14.000000,9.750192758796729
2015-03-26T16:22:14.100000,9.737109926712536
2015-03-26T16:22:14.200000,9.73479565222112
2015-03-26T16:22:14.300000,9.726678926941776
2015-03-26T16:22:14.400000,9.710963452577966
2015-03-26T16:22:14.500000,9.722515400624737
2015-03-26T16:22:14.600000,9.7387540556509
2015-03-26T16:22:14.700000,9.746542642663014
2015-03-26T16:22:14.800000,9.747281681997476
2015-03-26T16:22:14.900000,9.729801441750322
2015-03-26T16:22:15.000000,9.748524926004128
2015-03-26T16:22:15.100000,9.740867919669617
2015-03-26T16:22:15.200000,9.720430556903548
2015-03-26T16:22:15.300000,9.744733179495478
2015-03-26T16:22:15.400000,9.7375360274705
2015-03-26T16:22:15.500000,9.72190375595238
2015-03-26T16:22:15.600000,9.744606569684644
2015-03-26T16:22:15.700000,9.75137365434853
2015-03-26T16:22:15.800000,9.72530358560528
2015-03-26T16:22:15.900000,9.721091291919857
2015-03-26T16:22:16.000000,9.741658755181884
2015-03-26T16:22:16.100000,9.754112111749969
2015-03-26T16:22:16.200000,9.75541180332378
2015-03-26T16:22:16.300000,9.773774594681544
2015-03-26T16:22:16.400000,9.773903646598203
2015-03-26T16:22:16.500000,9.746616751228114
2015-03-26T16:22:16.600000,9.735765444613444
2015-03-26T16:22:16.700000,9.748710829424803
2015-03-26T16:22:16.800000,9.74516632975408
2015-03-26T16:22:16.900000,9.741112941244811
2015-03-26T16:22:17.000000,9.741806663267983
2015-03-26T16:22:17.100000,9.753186110518469
2015-03-26T16:22:17.200000,9.753446485980174
2015-03-26T16:22:17.300000,9.744995762246464
2015-03-26T16:22:17.400000,9.755275613657185
2015-03-26T16:22:17.500000,9.754255628854864
2015-03-26T16:22:17.600000,9.742284540973143
2015-03-26T16:22:17.700000,9.731905284039236
2015-03-26T16:22:17.800000,9.73063199386736
2015-03-26T16:22:17.900000,9.741930918102735
2015-03-26T16:22:18.000000,9.738150273213716
2015-03-26T16:22:18.100000,9.727721583393382
2015-03-26T16:22:18.200000,9.726202653902895
2015-03-26T16:22:18.300000,9.725069611247015
2015-03-26T16:22:18.400000,9.720770880672497
2015-03-26T16:22:18.500000,9.713957122835197
2015-03-26T16:22:18.600000,9.70276528147554
2015-03-26T16:22:18.700000,9.71818323687296
2015-03-26T16:22:18.800000,9.750661103605283
2015-03-26T16:22:18.900000,9.766138206715308
2015-03-26T16:22:19.000000,9.74370396955378
2015-03-26T16:22:19.100000,9.72547906316253
2015-03-26T16:22:19.200000,9.731028735058183
2015-03-26T16:22:19.300000,9.725272108500024
2015-03-26T16:22:19.400000,9.726610569743018
2015-03-26T16:22:19.500000,9.728022850422526
2015-03-26T16:22:19.600000,9.713411266031926
2015-03-26T16:22:19.700000,9.734779727981294
2015-03-26T16:22:19.800000,9.736770613598187
2015-03-26T16:22:19.900000,9.720577338459991
2015-03-26T16:22:20.000000,9.73498373667549
2015-03-26T16:22:20.100000,9.73926916794783
2015-03-26T16:22:20.200000,9.727977627616747
2015-03-26T16:22:20.300000,9.736048617376152
2015-03-26T16:22:20.400000,9.749567518485572
2015-03-26T16:22:20.500000,9.76021735371629
2015-03-26T16:22:20.600000,9.75417669764358
2015-03-26T16:22:20.700000,9.742905815593598
2015-03-26T16:22:20.800000,9.750428065280198
2015-03-26T16:22:20.900000,9.767772803294571
2015-03-26T16:22:21.000000,9.766030929143191
2015-03-26T16:22:21.100000,9.762184934443106
2015-03-26T16:22:21.200000,9.773547857520247
2015-03-26T16:22:21.300000,9.775728235228346
2015-03-26T16:22:21.400000,9.765355077335926
2015-03-26T16:22:21.500000,9.763960113908295
2015-03-26T16:22:21.600000,9.747168737923806
2015-03-26T16:22:21.700000,9.733408366862683
2015-03-26T16:22:21.800000,9.735111800993485
2015-03-26T16:22:21.900000,9.751945299217864
2015-03-26T16:22:22.000000,9.751165514794936
2015-03-26T16:22:22.100000,9.742574038358134
2015-03-26T16:22:22.200000,9.762919833890924
2015-03-26T16:22:22.300000,9.74053777214666
2015-03-26T16:22:22.400000,9.731681195038982
2015-03-26T16:22:22.500000,9.741373027124022
2015-03-26T16:22:22.600000,9.747199185058042
2015-03-26T16:22:22.700000,9.761681186826774
2015-03-26T16:22:22.800000,9.75758515664304
2015-03-26T16:22:22.900000,9.747627472788436
2015-03-26T16:22:23.000000,9.744587807818434
2015-03-26T16:22:23.100000,9.739436496296111
2015-03-26T16:22:23.200000,9.740107999364543
2015-03-26T16:22:23.300000,9.743529576393954
2015-03-26T16:22:23.400000,9.735512415793549
2015-03-26T16:22:23.500000,9.726954131257653
2015-03-26T16:22:23.600000,9.709944926538112
2015-03-26T16:22:23.700000,9.699364033538274
2015-03-26T16:22:23.800000,9.704308674246738
2015-03-26T16:22:23.900000,9.716220124560117
2015-03-26T16:22:24.000000,9.715385198179415
2015-03-26T16:22:24.100000,9.71518123250446
2015-03-26T16:22:24.200000,9.721710095961372
2015-03-26T16:22:24.300000,9.71802052856914
2015-03-26T16:22:24.400000,9.734646095091447
2015-03-26T16:22:24.500000,9.735483533031427
2015-03-26T16:22:24.600000,9.727529245743389
2015-03-26T16:22:24.700000,9.708380400887302
2015-03-26T16:22:24.800000,9.705416072316098
2015-03-26T16:22:24.900000,9.742341406339111
2015-03-26T16:22:25.000000,9.746106468411725
2015-03-26T16:22:25.100000,9.720709774019186
2015-03-26T16:22:25.200000,9.734993738681608
2015-03-26T16:22:25.300000,9.751896572312008
2015-03-26T16:22:25.400000,9.725298016090251
2015-03-26T16:22:25.500000,9.72341652039999
2015-03-26T16:22:25.600000,9.73007167825815
2015-03-26T16:22:25.700000,9.741097817481393
2015-03-26T16:22:25.800000,9.75849702965131
2015-03-26T16:22:25.900000,9.75803374973074
2015-03-26T16:22:26.000000,9.77143548171309
2015-03-26T16:22:26.100000,9.773516834160445
2015-03-26T16:22:26.200000,9.763150583254328
2015-03-26T16:22:26.300000,9.755905328320932
2015-03-26T16:22:26.400000,9.753721784412528
2015-03-26T16:22:26.500000,9.753961003152378
2015-03-26T16:22:26.600000,9.7507677344243
2015-03-26T16:22:26.700000,9.745329976763289
2015-03-26T16:22:26.800000,9.728056706886257
2015-03-26T16:22:26.900000,9.74329261304058
2015-03-26T16:22:27.000000,9.75586750311702
2015-03-26T16:22:27.100000,9.747221759394314
2015-03-26T16:22:27.200000,9.754062879907211
2015-03-26T16:22:27.300000,9.764752903767812
2015-03-26T16:22:27.400000,9.753636942379549
2015-03-26T16:22:27.500000,9.745819076729187
2015-03-26T16:22:27.600000,9.774422303673395
2015-03-26T16:22:27.700000,9.780919652746796
2015-03-26T16:22:27.800000,9.761107529558164
2015-03-26T16:22:27.900000,9.75550814465126
2015-03-26T16:22:28.000000,9.744549797916218
2015-03-26T16:22:28.100000,9.748981040050872
2015-03-26T16:22:28.200000,9.746838593416022
2015-03-26T16:22:28.300000,9.731357315359748
2015-03-26T16:22:28.400000,9.745234321384547
2015-03-26T16:22:28.500000,9.757421477103083
2015-03-26T16:22:28.600000,9.74574579529992
2015-03-26T16:22:28.700000,9.74583903729031
2015-03-26T16:22:28.800000,9.74266201116429
2015-03-26T16:22:28.900000,9.730303163906113
2015-03-26T16:22:29.000000,9.73146559373065
2015-03-26T16:22:29.100000,9.73410130503213
2015-03-26T16:22:29.200000,9.72937547408175
2015-03-26T16:22:29.300000,9.747449701111998
2015-03-26T16:22:29.400000,9.744774801227736
2015-03-26T16:22:29.500000,9.72703215953469
2015-03-26T16:22:29.600000,9.738274201626078
2015-03-26T16:22:29.700000,9.731093367519186
2015-03-26T16:22:29.800000,9.705696629974286
2015-03-26T16:22:29.900000,9.721833892538587
2015-03-26T16:22:30.000000,9.750945970965557
2015-03-26T16:22:30.100000,9.751445482549082
2015-03-26T16:22:30.200000,9.726538431383435
2015-03-26T16:22:30.300000,9.716640112571516
2015-03-26T16:22:30.400000,9.723078650135587
2015-03-26T16:22:30.500000,9.72240899899136
2015-03-26T16:22:30.600000,9.719287241461531
2015-03-26T16:22:30.700000,9.727864511175058
2015-03-26T16:22:30.800000,9.734642888645164
2015-03-26T16:22:30.900000,9.727835628785654
2015-03-26T16:22:31.000000,9.722792291774688
2015-03-26T16:22:31.100000,9.722796878668754
2015-03-26T16:22:31.200000,9.71729750109829
2015-03-26T16:22:31.300000,9.746150707539297
2015-03-26T16:22:31.400000,9.739638379369278
2015-03-26T16:22:31.500000,9.71179293971278
2015-03-26T16:22:31.600000,9.72465729127259
2015-03-26T16:22:31.700000,9.723050142154356
2015-03-26T16:22:31.800000,9.713660544205732
2015-03-26T16:22:31.900000,9.731540835920953
2015-03-26T16:22:32.000000,9.72384030332359
2015-03-26T16:22:32.100000,9.721533428182006
2015-03-26T16:22:32.200000,9.71613165766369
2015-03-26T16:22:32.300000,9.725505687637668
2015-03-26T16:22:32.400000,9.725627420746063
2015-03-26T16:22:32.500000,9.705965302294697
2015-03-26T16:22:32.600000,9.694536606673855
2015-03-26T16:22:32.700000,9.713241685746782
2015-03-26T16:22:32.800000,9.73222722003328
2015-03-26T16:22:32.900000,9.730273287358528
2015-03-26T16:22:33.000000,9.750282804216017
2015-03-26T16:22:33.100000,9.7506756278075
2015-03-26T16:22:33.200000,9.753695509049628
2015-03-26T16:22:33.300000,9.754270028285934
2015-03-26T16:22:33.400000,9.745376378204291
2015-03-26T16:22:33.500000,9.741380271386149
2015-03-26T16:22:33.600000,9.762593103562002
2015-03-26T16:22:33.700000,9.774835043969665
2015-03-26T16:22:33.800000,9.768103776614796
2015-03-26T16:22:33.900000,9.753132149137064
2015-03-26T16:22:34.000000,9.750702171432764
2015-03-26T16:22:34.100000,9.760802041093893
2015-03-26T16:22:34.200000,9.765565876525615
2015-03-26T16:22:34.300000,9.763946529628004
2015-03-26T16:22:34.400000,9.763752580730646
2015-03-26T16:22:34.500000,9.77677524791862
2015-03-26T16:22:34.600000,9.779987372804158
2015-03-26T16:22:34.700000,9.784419997203162
2015-03-26T16:22:34.800000,9.756860962242351
2015-03-26T16:22:34.900000,9.744311351835815
2015-03-26T16:22:35.000000,9.76463816420975
2015-03-26T16:22:35.100000,9.766445567881329
2015-03-26T16:22:35.200000,9.770131482611486
2015-03-26T16:22:35.300000,9.77825015702257
2015-03-26T16:22:35.400000,9.78749809636729
2015-03-26T16:22:35.500000,9.80196956189988
2015-03-26T16:22:35.600000,9.78797758771709
2015-03-26T16:22:35.700000,9.746761966883366
2015-03-26T16:22:35.800000,9.735933226466049
2015-03-26T16:22:35.900000,9.755584976425125
2015-03-26T16:22:36.000000,9.743216809396708
2015-03-26T16:22:36.100000,9.740295005123622
2015-03-26T16:22:36.200000,9.763395082638622
2015-03-26T16:22:36.300000,9.75006207310731
2015-03-26T16:22:36.400000,9.740019914797069
2015-03-26T16:22:36.500000,9.74471528427238
2015-03-26T16:22:36.600000,9.750012010271336
2015-03-26T16:22:36.700000,9.744449343628345
2015-03-26T16:22:36.800000,9.746896504250586
2015-03-26T16:22:36.900000,9.741180047563535
2015-03-26T16:22:37.000000,9.74731822314466
2015-03-26T16:22:37.100000,9.753392478889602
2015-03-26T16:22:37.200000,9.717099318084308
2015-03-26T16:22:37.300000,9.707527323617985
2015-03-26T16:22:37.400000,9.714818524303528
2015-03-26T16:22:37.500000,9.705300467375238
2015-03-26T16:22:37.600000,9.704464413627475
2015-03-26T16:22:37.700000,9.704179102668444
2015-03-26T16:22:37.800000,9.708270639994652
2015-03-26T16:22:37.900000,9.695093207617209
2015-03-26T16:22:38.000000,9.674054251165725
2015-03-26T16:22:38.100000,9.688524418915485
2015-03-26T16:22:38.200000,9.692735617112856
2015-03-26T16:22:38.300000,9.696783706111892
2015-03-26T16:22:38.400000,9.707474440830383
2015-03-26T16:22:38.500000,9.697860071210345
2015-03-26T16:22:38.600000,9.705521075806102
2015-03-26T16:22:38.700000,9.7003512770856
2015-03-26T16:22:38.800000,9.700898454798958
2015-03-26T16:22:38.900000,9.710573030326184
2015-03-26T16:22:39.000000,9.6913253683009
2015-03-26T16:22:39.100000,9.699805837564757
2015-03-26T16:22:39.200000,9.71764617912701
2015-03-26T16:22:39.300000,9.718802528689482
2015-03-26T16:22:39.400000,9.727008153817568
2015-03-26T16:22:39.500000,9.720524484949529
2015-03-26T16:22:39.600000,9.731194850261064
2015-03-26T16:22:39.700000,9.743197149915158
2015-03-26T16:22:39.800000,9.74661918533634
2015-03-26T16:22:39.900000,9.732046176218418
2015-03-26T16:22:40.000000,9.743504617157216
2015-03-26T16:22:40.100000,9.764758282381104
2015-03-26T16:22:40.200000,9.742105601552767
2015-03-26T16:22:40.300000,9.749919687721532
2015-03-26T16:22:40.400000,9.765151648537662
2015-03-26T16:22:40.500000,9.76334481240604
2015-03-26T16:22:40.600000,9.75450975816404
2015-03-26T16:22:40.700000,9.76109942766036
2015-03-26T16:22:40.800000,9.741801164073845
2015-03-26T16:22:40.900000,9.745594242759331
2015-03-26T16:22:41.000000,9.770054277062345
2015-03-26T16:22:41.100000,9.781677338286746
2015-03-26T16:22:41.200000,9.781187034185816
2015-03-26T16:22:41.300000,9.757520772691905
2015-03-26T16:22:41.400000,9.76406862585512
2015-03-26T16:22:41.500000,9.786101136015038
2015-03-26T16:22:41.600000,9.782839807522508
2015-03-26T16:22:41.700000,9.763810002930224
2015-03-26T16:22:41.800000,9.7621263932123
2015-03-26T16:22:41.900000,9.778860567788607
2015-03-26T16:22:42.000000,9.76841807728538
2015-03-26T16:22:42.100000,9.75209738327109
2015-03-26T16:22:42.200000,9.75990163510393
2015-03-26T16:22:42.300000,9.764913698370291
2015-03-26T16:22:42.400000,9.780091856632652
2015-03-26T16:22:42.500000,9.78757598805015
2015-03-26T16:22:42.600000,9.762984548612282
2015-03-26T16:22:42.700000,9.731075715014995
2015-03-26T16:22:42.800000,9.733492793716673
2015-03-26T16:22:42.900000,9.747220498427849
2015-03-26T16:22:43.000000,9.742852419769903
2015-03-26T16:22:43.100000,9.75371136976451
2015-03-26T16:22:43.200000,9.771352248183724
2015-03-26T16:22:43.300000,9.747844576218114
2015-03-26T16:22:43.400000,9.747262274851831
2015-03-26T16:22:43.500000,9.756439490688363
2015-03-26T16:22:43.600000,9.732130903077302
2015-03-26T16:22:43.700000,9.744491669426989
2015-03-26T16:22:43.800000,9.741295158442783
2015-03-26T16:22:43.900000,9.728937518454671
2015-03-26T16:22:44.000000,9.75185404810254
2015-03-26T16:22:44.100000,9.74629914407717
2015-03-26T16:22:44.200000,9.724057267564392
2015-03-26T16:22:44.300000,9.710682837458458
2015-03-26T16:22:44.400000,9.711432287338448
2015-03-26T16:22:44.500000,9.724364463158986
2015-03-26T16:22:44.600000,9.730586065712318
2015-03-26T16:22:44.700000,9.737396904230138
2015-03-26T16:22:44.800000,9.734142533898726
2015-03-26T16:22:44.900000,9.74256466014648
2015-03-26T16:22:45.000000,9.74041007474326
2015-03-26T16:22:45.100000,9.718517772634844
2015-03-26T16:22:45.200000,9.734308276241606
2015-03-26T16:22:45.300000,9.74228410013823
2015-03-26T16:22:45.400000,9.73045957287651
2015-03-26T16:22:45.500000,9.727616672436048
2015-03-26T16:22:45.600000,9.726813468259518
2015-03-26T16:22:45.700000,9.73504569274077
2015-03-26T16:22:45.800000,9.729044586481765
2015-03-26T16:22:45.900000,9.725008843861394
2015-03-26T16:22:46.000000,9.7281761378437
2015-03-26T16:22:46.100000,9.7347820185336
2015-03-26T16:22:46.200000,9.731710680708977
2015-03-26T16:22:46.300000,9.730547948484226
2015-03-26T16:22:46.400000,9.717292897521116
2015-03-26T16:22:46.500000,9.711423863523963
2015-03-26T16:22:46.600000,9.725010070374717
2015-03-26T16:22:46.700000,9.740812334168982
2015-03-26T16:22:46.800000,9.739690916713997
2015-03-26T16:22:46.900000,9.720273058651024
2015-03-26T16:22:47.000000,9.718784645043652
2015-03-26T16:22:47.100000,9.737804009857802
2015-03-26T16:22:47.200000,9.753656224417917
2015-03-26T16:22:47.300000,9.736926413825902
2015-03-26T16:22:47.400000,9.721932322459
2015-03-26T16:22:47.500000,9.721936710559245
2015-03-26T16:22:47.600000,9.735669393466017
2015-03-26T16:22:47.700000,9.752790004726291
2015-03-26T16:22:47.800000,9.752603754312595
2015-03-26T16:22:47.900000,9.76184394586376
2015-03-26T16:22:48.000000,9.760444458434748
2015-03-26T16:22:48.100000,9.745736742550172
2015-03-26T16:22:48.200000,9.73205658674562
2015-03-26T16:22:48.300000,9.734817626034696
2015-03-26T16:22:48.400000,9.745970127900891
2015-03-26T16:22:48.500000,9.746783020106458
2015-03-26T16:22:48.600000,9.754929086306616
2015-03-26T16:22:48.700000,9.746549001166557
2015-03-26T16:22:48.800000,9.763396196479874
2015-03-26T16:22:48.900000,9.778804462653198
2015-03-26T16:22:49.000000,9.749878963058343
2015-03-26T16:22:49.100000,9.75597429176417
2015-03-26T16:22:49.200000,9.7750857091495
2015-03-26T16:22:49.300000,9.756376079824298
2015-03-26T16:22:49.400000,9.746738169565925
2015-03-26T16:22:49.500000,9.758865574207508
2015-03-26T16:22:49.600000,9.761389041290691
2015-03-26T16:22:49.700000,9.754428562784776
2015-03-26T16:22:49.800000,9.743290145991978
2015-03-26T16:22:49.900000,9.73207621576019
2015-03-26T16:22:50.000000,9.735747217080808
2015-03-26T16:22:50.100000,9.745537557801194
2015-03-26T16:22:50.200000,9.733420539670364
2015-03-26T16:22:50.300000,9.743549422752912
2015-03-26T16:22:50.400000,9.741007607281952
2015-03-26T16:22:50.500000,9.74415974960613
2015-03-26T16:22:50.600000,9.753370029098226
2015-03-26T16:22:50.700000,9.753141437169608
2015-03-26T16:22:50.800000,9.752676843595198
2015-03-26T16:22:50.900000,9.727359774246912
2015-03-26T16:22:51.000000,9.723012802725885
2015-03-26T16:22:51.100000,9.737250432454234
2015-03-26T16:22:51.200000,9.745426034051954
2015-03-26T16:22:51.300000,9.744974330183132
2015-03-26T16:22:51.400000,9.718730665922248
2015-03-26T16:22:51.500000,9.70397057961092
2015-03-26T16:22:51.600000,9.706242078064015
2015-03-26T16:22:51.700000,9.711119179742642
2015-03-26T16:22:51.800000,9.71029845700788
2015-03-26T16:22:51.900000,9.723149062619727
2015-03-26T16:22:52.000000,9.721838916059246
2015-03-26T16:22:52.100000,9.717577980140614
2015-03-26T16:22:52.200000,9.74816562154282
2015-03-26T16:22:52.300000,9.74330463747851
2015-03-26T16:22:52.400000,9.74433669475057
2015-03-26T16:22:52.500000,9.736353828914076
2015-03-26T16:22:52.600000,9.73738462011664
2015-03-26T16:22:52.700000,9.745592932793627
2015-03-26T16:22:52.800000,9.72290698108272
2015-03-26T16:22:52.900000,9.71984300867971
2015-03-26T16:22:53.000000,9.74293434685764
2015-03-26T16:22:53.100000,9.732320430159882
2015-03-26T16:22:53.200000,9.720855605825564
2015-03-26T16:22:53.300000,9.715972435163748
2015-03-26T16:22:53.400000,9.73710811521445
2015-03-26T16:22:53.500000,9.76366006329406
2015-03-26T16:22:53.600000,9.753012754001537
2015-03-26T16:22:53.700000,9.746676885608618
2015-03-26T16:22:53.800000,9.736017487814822
2015-03-26T16:22:53.900000,9.750154975196796
2015-03-26T16:22:54.000000,9.760501048606947
2015-03-26T16:22:54.100000,9.757135388158462
2015-03-26T16:22:54.200000,9.75433184720833
2015-03-26T16:22:54.300000,9.767191042408438
2015-03-26T16:22:54.400000,9.76566018774876
2015-03-26T16:22:54.500000,9.746176956522342
2015-03-26T16:22:54.600000,9.73918794357609
2015-03-26T16:22:54.700000,9.75493781629336
2015-03-26T16:22:54.800000,9.762491536763426
2015-03-26T16:22:54.900000,9.759409608404347
2015-03-26T16:22:55.000000,9.749097751476398
2015-03-26T16:22:55.100000,9.759094047965178
2015-03-26T16:22:55.200000,9.763569667516142
2015-03-26T16:22:55.300000,9.738779080665491
2015-03-26T16:22:55.400000,9.73739087895911
2015-03-26T16:22:55.500000,9.750268803875136
2015-03-26T16:22:55.600000,9.748879529347114
2015-03-26T16:22:55.700000,9.731282538718316
2015-03-26T16:22:55.800000,9.72408105778534
2015-03-26T16:22:55.900000,9.730297101772427
2015-03-26T16:22:56.000000,9.740369416154111
2015-03-26T16:22:56.100000,9.763407110072022
2015-03-26T16:22:56.200000,9.740915952356744
2015-03-26T16:22:56.300000,9.708821502662412
2015-03-26T16:22:56.400000,9.719956261729289
2015-03-26T16:22:56.500000,9.72809312724606
2015-03-26T16:22:56.600000,9.73505816335192
2015-03-26T16:22:56.700000,9.749938874104483
2015-03-26T16:22:56.800000,9.744127018305042
2015-03-26T16:22:56.900000,9.731281936354067
2015-03-26T16:22:57.000000,9.70100472165491
2015-03-26T16:22:57.100000,9.727166331959728
2015-03-26T16:22:57.200000,9.751944343865214
2015-03-26T16:22:57.300000,9.735710847346848
2015-03-26T16:22:57.400000,9.73844094310214
2015-03-26T16:22:57.500000,9.736138925021647
2015-03-26T16:22:57.600000,9.738209538614106
2015-03-26T16:22:57.700000,9.749482010138058
2015-03-26T16:22:57.800000,9.737610817008449
2015-03-26T16:22:57.900000,9.741418303078236
2015-03-26T16:22:58.000000,9.75053182262827
2015-03-26T16:22:58.100000,9.75733156943291
2015-03-26T16:22:58.200000,9.74319009436969
2015-03-26T16:22:58.300000,9.72782942155368
2015-03-26T16:22:58.400000,9.728137146638373
2015-03-26T16:22:58.500000,9.72993124633777
2015-03-26T16:22:58.600000,9.739786810035191
2015-03-26T16:22:58.700000,9.769812301781348
2015-03-26T16:22:58.800000,9.762014551061243
2015-03-26T16:22:58.900000,9.754544004040127
2015-03-26T16:22:59.000000,9.763138787548876
2015-03-26T16:22:59.100000,9.74117353335632
2015-03-26T16:22:59.200000,9.733482085322873
2015-03-26T16:22:59.300000,9.749218667276288
2015-03-26T16:22:59.400000,9.748508672491187
2015-03-26T16:22:59.500000,9.748765213013558
2015-03-26T16:22:59.600000,9.752535599346798
2015-03-26T16:22:59.700000,9.754350982527344
2015-03-26T16:22:59.800000,9.74749055633248
2015-03-26T16:22:59.900000,9.746595630632848
2015-03-26T16:23:00.000000,9.746412409387712
2015-03-26T16:23:00.100000,9.757949039447253
2015-03-26T16:23:00.200000,9.756332986711232
2015-03-26T16:23:00.300000,9.737804585670425
2015-03-26T16:23:00.400000,9.73883426501834
2015-03-26T16:23:00.500000,9.746476758215154
2015-03-26T16:23:00.600000,9.72377702900134
2015-03-26T16:23:00.700000,9.722222279513993
2015-03-26T16:23:00.800000,9.732023950859077
2015-03-26T16:23:00.900000,9.729058627985252
2015-03-26T16:23:01.000000,9.738114112763077
2015-03-26T16:23:01.100000,9.73713485137223
2015-03-26T16:23:01.200000,9.71571534597106
2015-03-26T16:23:01.300000,9.70117334279549
2015-03-26T16:23:01.400000,9.712888157191935
2015-03-26T16:23:01.500000,9.716734487578762
2015-03-26T16:23:01.600000,9.722895109385416
2015-03-26T16:23:01.700000,9.729655626810803
2015-03-26T16:23:01.800000,9.717996727806174
2015-03-26T16:23:01.900000,9.724570340885498
2015-03-26T16:23:02.000000,9.724333378406689
2015-03-26T16:23:02.100000,9.72164928916146
2015-03-26T16:23:02.200000,9.733331387101126
2015-03-26T16:23:02.300000,9.72636188737984
2015-03-26T16:23:02.400000,9.708689127305558
2015-03-26T16:23:02.500000,9.720641186415993
2015-03-26T16:23:02.600000,9.735839090815018
2015-03-26T16:23:02.700000,9.737899296814495
2015-03-26T16:23:02.800000,9.745950742306228
2015-03-26T16:23:02.900000,9.735277056707794
2015-03-26T16:23:03.000000,9.72331662437448
2015-03-26T16:23:03.100000,9.727706994994923
2015-03-26T16:23:03.200000,9.736713667500002
2015-03-26T16:23:03.300000,9.72962080274506
2015-03-26T16:23:03.400000,9.752198948239892
2015-03-26T16:23:03.500000,9.756838627959336
2015-03-26T16:23:03.600000,9.749347673529254
2015-03-26T16:23:03.700000,9.748966430852557
2015-03-26T16:23:03.800000,9.741542594240236
2015-03-26T16:23:03.900000,9.749552078846522
2015-03-26T16:23:04.000000,9.758155126650138
2015-03-26T16:23:04.100000,9.757057461641784
2015-03-26T16:23:04.200000,9.757748640243994
2015-03-26T16:23:04.300000,9.747502044699706
2015-03-26T16:23:04.400000,9.753079394056304
2015-03-26T16:23:04.500000,9.77437424233677
2015-03-26T16:23:04.600000,9.753029678499644
2015-03-26T16:23:04.700000,9.756769608688645
2015-03-26T16:23:04.800000,9.771220956918665
2015-03-26T16:23:04.900000,9.77806593315948
2015-03-26T16:23:05.000000,9.765608827811336
2015-03-26T16:23:05.100000,9.75914066894452
2015-03-26T16:23:05.200000,9.768732875315076
2015-03-26T16:23:05.300000,9.764289772946348
2015-03-26T16:23:05.400000,9.753470457108946
2015-03-26T16:23:05.500000,9.74819848168154
2015-03-26T16:23:05.600000,9.746141361569446
2015-03-26T16:23:05.700000,9.750850978404692
2015-03-26T16:23:05.800000,9.742924171145503
2015-03-26T16:23:05.900000,9.737127123750144
2015-03-26T16:23:06.000000,9.742826463977558
2015-03-26T16:23:06.100000,9.754233297787426
2015-03-26T16:23:06.200000,9.75467225889062
2015-03-26T16:23:06.300000,9.757151592724572
2015-03-26T16:23:06.400000,9.74152485791956
2015-03-26T16:23:06.500000,9.730819518877432
2015-03-26T16:23:06.600000,9.70962027719136
2015-03-26T16:23:06.700000,9.690621776832714
2015-03-26T16:23:06.800000,9.70986729805677
2015-03-26T16:23:06.900000,9.73656469947756
2015-03-26T16:23:07.000000,9.747157479084391
2015-03-26T16:23:07.100000,9.757845374766616
2015-03-26T16:23:07.200000,9.74727054437524
2015-03-26T16:23:07.300000,9.73073821813142
2015-03-26T16:23:07.400000,9.73411370334729
2015-03-26T16:23:07.500000,9.755491033225251
2015-03-26T16:23:07.600000,9.753783583309728
2015-03-26T16:23:07.700000,9.730711443367674
2015-03-26T16:23:07.800000,9.724778982130196
2015-03-26T16:23:07.900000,9.723207011054807
2015-03-26T16:23:08.000000,9.737466245570278
2015-03-26T16:23:08.100000,9.73428209001896
2015-03-26T16:23:08.200000,9.730479740802146
2015-03-26T16:23:08.300000,9.743217473408569
2015-03-26T16:23:08.400000,9.736029544448412
2015-03-26T16:23:08.500000,9.731746402556196
2015-03-26T16:23:08.600000,9.7434059893003
2015-03-26T16:23:08.700000,9.736468727231795
2015-03-26T16:23:08.800000,9.737687484995044
2015-03-26T16:23:08.900000,9.738434572933162
2015-03-26T16:23:09.000000,9.756913404481992
2015-03-26T16:23:09.100000,9.777224519560544
2015-03-26T16:23:09.200000,9.756868020747463
2015-03-26T16:23:09.300000,9.744529644090738
2015-03-26T16:23:09.400000,9.732918572451144
2015-03-26T16:23:09.500000,9.720153801390357
2015-03-26T16:23:09.600000,9.73829607310205
2015-03-26T16:23:09.700000,9.764520224917092
2015-03-26T16:23:09.800000,9.77006080648771
2015-03-26T16:23:09.900000,9.754658898040049
2015-03-26T16:23:10.000000,9.75496210936842
2015-03-26T16:23:10.100000,9.760418967215733
2015-03-26T16:23:10.200000,9.750849232545663
2015-03-26T16:23:10.300000,9.744386627000608
2015-03-26T16:23:10.400000,9.749534374832438
2015-03-26T16:23:10.500000,9.745874756873972
2015-03-26T16:23:10.600000,9.72814754855561
2015-03-26T16:23:10.700000,9.72461677015487
2015-03-26T16:23:10.800000,9.730861570139716
2015-03-26T16:23:10.900000,9.740084862089224
2015-03-26T16:23:11.000000,9.723076304326382
2015-03-26T16:23:11.100000,9.73031044219533
2015-03-26T16:23:11.200000,9.740278041411962
2015-03-26T16:23:11.300000,9.71758495407654
2015-03-26T16:23:11.400000,9.718335002929855
2015-03-26T16:23:11.500000,9.73724412091447
2015-03-26T16:23:11.600000,9.740208676528033
2015-03-26T16:23:11.700000,9.724434008635432
2015-03-26T16:23:11.800000,9.72728169609206
2015-03-26T16:23:11.900000,9.732575588367164
2015-03-26T16:23:12.000000,9.747163925356638
2015-03-26T16:23:12.100000,9.76274596156432
2015-03-26T16:23:12.200000,9.75427018117832
2015-03-26T16:23:12.300000,9.74847965888824
2015-03-26T16:23:12.400000,9.753049727730955
2015-03-26T16:23:12.500000,9.748100119149315
2015-03-26T16:23:12.600000,9.761452465094427
2015-03-26T16:23:12.700000,9.75793724191388
2015-03-26T16:23:12.800000,9.722418172586458
2015-03-26T16:23:12.900000,9.727106892979888
2015-03-26T16:23:13.000000,9.738690734974702
2015-03-26T16:23:13.100000,9.748593188101475
2015-03-26T16:23:13.200000,9.762159946687342
2015-03-26T16:23:13.300000,9.76328830320436
2015-03-26T16:23:13.400000,9.756984892034966
2015-03-26T16:23:13.500000,9.745491983737333
2015-03-26T16:23:13.600000,9.745456118497696
2015-03-26T16:23:13.700000,9.745191310883394
2015-03-26T16:23:13.800000,9.745574673703922
2015-03-26T16:23:13.900000,9.754309553336295
2015-03-26T16:23:14.000000,9.753221797403125
2015-03-26T16:23:14.100000,9.74842975188968
2015-03-26T16:23:14.200000,9.764955183231994
2015-03-26T16:23:14.300000,9.761448536932017
2015-03-26T16:23:14.400000,9.737315754535292
2015-03-26T16:23:14.500000,9.739996065699223
2015-03-26T16:23:14.600000,9.747259788492524
2015-03-26T16:23:14.700000,9.729707499332685
2015-03-26T16:23:14.800000,9.735096463837213
2015-03-26T16:23:14.900000,9.756738653805153
2015-03-26T16:23:15.000000,9.751882785386815
2015-03-26T16:23:15.100000,9.744658084510435
2015-03-26T16:23:15.200000,9.725694274658446
2015-03-26T16:23:15.300000,9.721712746934154
2015-03-26T16:23:15.400000,9.740132278800663
2015-03-26T16:23:15.500000,9.747360284864916
2015-03-26T16:23:15.600000,9.72711323805421
2015-03-26T16:23:15.700000,9.710799428210375
2015-03-26T16:23:15.800000,9.721745860346616
2015-03-26T16:23:15.900000,9.736574299290274
2015-03-26T16:23:16.000000,9.741689239803405
2015-03-26T16:23:16.100000,9.730082849102018
2015-03-26T16:23:16.200000,9.7381478830155
2015-03-26T16:23:16.300000,9.743997379893072
2015-03-26T16:23:16.400000,9.742612025630145
2015-03-26T16:23:16.500000,9.736280860092648
2015-03-26T16:23:16.600000,9.718482516480911
2015-03-26T16:23:16.700000,9.715759382338018
2015-03-26T16:23:16.800000,9.720022242417697
2015-03-26T16:23:16.900000,9.725735479964378
2015-03-26T16:23:17.000000,9.730432477088256
2015-03-26T16:23:17.100000,9.733991338705186
2015-03-26T16:23:17.200000,9.746408379811664
2015-03-26T16:23:17.300000,9.72973791183767
2015-03-26T16:23:17.400000,9.721292288186673
2015-03-26T16:23:17.500000,9.742008188709534
2015-03-26T16:23:17.600000,9.74203700501009
2015-03-26T16:23:17.700000,9.7354400105947
2015-03-26T16:23:17.800000,9.717037282227167
2015-03-26T16:23:17.900000,9.725334607445474
2015-03-26T16:23:18.000000,9.75813474996698
2015-03-26T16:23:18.100000,9.748833368156706
2015-03-26T16:23:18.200000,9.744842778759256
2015-03-26T16:23:18.300000,9.745149182231469
2015-03-26T16:23:18.400000,9.745705576664182
2015-03-26T16:23:18.500000,9.77014092103675
2015-03-26T16:23:18.600000,9.774606193627775
2015-03-26T16:23:18.700000,9.752646302765609
2015-03-26T16:23:18.800000,9.742908435587887
2015-03-26T16:23:18.900000,9.753968775019958
2015-03-26T16:23:19.000000,9.73988940209178
2015-03-26T16:23:19.100000,9.746589496772064
2015-03-26T16:23:19.200000,9.73159336958896
2015-03-26T16:23:19.300000,9.73313099523804
2015-03-26T16:23:19.400000,9.75050250569856
2015-03-26T16:23:19.500000,9.750167361833428
2015-03-26T16:23:19.600000,9.733744767856782
2015-03-26T16:23:19.700000,9.739748284406303
2015-03-26T16:23:19.800000,9.737300560861152
2015-03-26T16:23:19.900000,9.718796735975834
2015-03-26T16:23:20.000000,9.74062286455066
2015-03-26T16:23:20.100000,9.750287063171386
2015-03-26T16:23:20.200000,9.732566987143102
2015-03-26T16:23:20.300000,9.720168784902905
2015-03-26T16:23:20.400000,9.72240029138108
2015-03-26T16:23:20.500000,9.727339386276634
2015-03-26T16:23:20.600000,9.735473355006157
2015-03-26T16:23:20.700000,9.71773236247525
2015-03-26T16:23:20.800000,9.706280422536546
2015-03-26T16:23:20.900000,9.729390763407324
2015-03-26T16:23:21.000000,9.72124735495822
2015-03-26T16:23:21.100000,9.722442105729304
2015-03-26T16:23:21.200000,9.73682271988454
2015-03-26T16:23:21.300000,9.72827213459862
2015-03-26T16:23:21.400000,9.725878325577588
2015-03-26T16:23:21.500000,9.72873419956774
2015-03-26T16:23:21.600000,9.730350450118138
2015-03-26T16:23:21.700000,9.73212561341578
2015-03-26T16:23:21.800000,9.743579410545216
2015-03-26T16:23:21.900000,9.739610905460854
2015-03-26T16:23:22.000000,9.755164094492226
2015-03-26T16:23:22.100000,9.756977864846062
2015-03-26T16:23:22.200000,9.736516367200808
2015-03-26T16:23:22.300000,9.735178238088835
2015-03-26T16:23:22.400000,9.74973693558873
2015-03-26T16:23:22.500000,9.758000077751728
2015-03-26T16:23:22.600000,9.745823691654085
2015-03-26T16:23:22.700000,9.747628751046935
2015-03-26T16:23:22.800000,9.779614889123176
2015-03-26T16:23:22.900000,9.794373462876615
2015-03-26T16:23:23.000000,9.771070110128612
2015-03-26T16:23:23.100000,9.757864583857168
2015-03-26T16:23:23.200000,9.761664354116702
2015-03-26T16:23:23.300000,9.773114120922836
2015-03-26T16:23:23.400000,9.776390598295754
2015-03-26T16:23:23.500000,9.763457900518969
2015-03-26T16:23:23.600000,9.75590250391
2015-03-26T16:23:23.700000,9.74829433173859
2015-03-26T16:23:23.800000,9.748258059996363
2015-03-26T16:23:23.900000,9.753608386291091
2015-03-26T16:23:24.000000,9.772972260753631
2015-03-26T16:23:24.100000,9.770068935144096
2015-03-26T16:23:24.200000,9.76098302016883
2015-03-26T16:23:24.300000,9.768342396102206
2015-03-26T16:23:24.400000,9.77408881218622
2015-03-26T16:23:24.500000,9.7665282648159
2015-03-26T16:23:24.600000,9.739912129212724
2015-03-26T16:23:24.700000,9.721489099572938
2015-03-26T16:23:24.800000,9.734559310036795
2015-03-26T16:23:24.900000,9.74161116360224
2015-03-26T16:23:25.000000,9.739054216897555
2015-03-26T16:23:25.100000,9.731061686763768
2015-03-26T16:23:25.200000,9.72883851675499
2015-03-26T16:23:25.300000,9.73804592521467
2015-03-26T16:23:25.400000,9.726827701631766
2015-03-26T16:23:25.500000,9.718395724769588
2015-03-26T16:23:25.600000,9.72792467302346
2015-03-26T16:23:25.700000,9.73172234598675
2015-03-26T16:23:25.800000,9.727297657013075
2015-03-26T16:23:25.900000,9.723051815673944
2015-03-26T16:23:26.000000,9.703724378706422
2015-03-26T16:23:26.100000,9.707692915860983
2015-03-26T16:23:26.200000,9.724821839134728
2015-03-26T16:23:26.300000,9.735713263595327
2015-03-26T16:23:26.400000,9.7362803776197
2015-03-26T16:23:26.500000,9.723503066814647
2015-03-26T16:23:26.600000,9.723484454262463
2015-03-26T16:23:26.700000,9.721876924707656
2015-03-26T16:23:26.800000,9.733816838295102
2015-03-26T16:23:26.900000,9.741351452568594
2015-03-26T16:23:27.000000,9.715247721593345
2015-03-26T16:23:27.100000,9.703267218236808
2015-03-26T16:23:27.200000,9.713676698584267
2015-03-26T16:23:27.300000,9.722050349885675
2015-03-26T16:23:27.400000,9.735907719279064
2015-03-26T16:23:27.500000,9.747776907722413
2015-03-26T16:23:27.600000,9.742625865945158
2015-03-26T16:23:27.700000,9.732234786107515
2015-03-26T16:23:27.800000,9.736392424089516
2015-03-26T16:23:27.900000,9.73968623759285
2015-03-26T16:23:28.000000,9.74490457733981
2015-03-26T16:23:28.100000,9.748791173528245
2015-03-26T16:23:28.200000,9.761889989333737
2015-03-26T16:23:28.300000,9.767181504073635
2015-03-26T16:23:28.400000,9.755451849839234
2015-03-26T16:23:28.500000,9.76032468199974
2015-03-26T16:23:28.600000,9.773893585668144
2015-03-26T16:23:28.700000,9.772571438387272
2015-03-26T16:23:28.800000,9.763514228272877
2015-03-26T16:23:28.900000,9.757182208984128
2015-03-26T16:23:29.000000,9.775128163650711
2015-03-26T16:23:29.100000,9.779455702848066
2015-03-26T16:23:29.200000,9.773069168936344
2015-03-26T16:23:29.300000,9.747218821355515
2015-03-26T16:23:29.400000,9.766394710718464
2015-03-26T16:23:29.500000,9.788064571038133
2015-03-26T16:23:29.600000,9.777055842640037
2015-03-26T16:23:29.700000,9.7699938319428
2015-03-26T16:23:29.800000,9.779657939789438
2015-03-26T16:23:29.900000,9.764813953938011
2015-03-26T16:23:30.000000,9.75258346261716
2015-03-26T16:23:30.100000,9.760530538567023
2015-03-26T16:23:30.200000,9.765331829521422
2015-03-26T16:23:30.300000,9.767644317633009
2015-03-26T16:23:30.400000,9.762429942617
2015-03-26T16:23:30.500000,9.756717468116298
2015-03-26T16:23:30.600000,9.764636197753752
2015-03-26T16:23:30.700000,9.762626148845898
2015-03-26T16:23:30.800000,9.74956385491376
2015-03-26T16:23:30.900000,9.721016689421758
2015-03-26T16:23:31.000000,9.733090607249313
2015-03-26T16:23:31.100000,9.74419966214232
2015-03-26T16:23:31.200000,9.71572681819277
2015-03-26T16:23:31.300000,9.714391062282246
2015-03-26T16:23:31.400000,9.73279267531074
2015-03-26T16:23:31.500000,9.740256166421906
2015-03-26T16:23:31.600000,9.72161363591708
2015-03-26T16:23:31.700000,9.699575379358627
2015-03-26T16:23:31.800000,9.693389978789352
2015-03-26T16:23:31.900000,9.715390605869588
2015-03-26T16:23:32.000000,9.719342269390731
2015-03-26T16:23:32.100000,9.713294332267289
2015-03-26T16:23:32.200000,9.694061768330204
2015-03-26T16:23:32.300000,9.70539996743262
2015-03-26T16:23:32.400000,9.720839174108695
2015-03-26T16:23:32.500000,9.71625826942632
2015-03-26T16:23:32.600000,9.735631038693915
2015-03-26T16:23:32.700000,9.73242453198964
2015-03-26T16:23:32.800000,9.714192202851278
2015-03-26T16:23:32.900000,9.724876556528418
2015-03-26T16:23:33.000000,9.716068628416837
2015-03-26T16:23:33.100000,9.722617544136904
2015-03-26T16:23:33.200000,9.721995647380847
2015-03-26T16:23:33.300000,9.731170496632163
2015-03-26T16:23:33.400000,9.74016284809147
2015-03-26T16:23:33.500000,9.740141021944066
2015-03-26T16:23:33.600000,9.749337102762489
2015-03-26T16:23:33.700000,9.748249162299254
2015-03-26T16:23:33.800000,9.736498998471038
2015-03-26T16:23:33.900000,9.747506353224122
2015-03-26T16:23:34.000000,9.748478443277444
2015-03-26T16:23:34.100000,9.747927728197691
2015-03-26T16:23:34.200000,9.753253780665466
2015-03-26T16:23:34.300000,9.758003578819594
2015-03-26T16:23:34.400000,9.781293477651234
2015-03-26T16:23:34.500000,9.7847560728949
2015-03-26T16:23:34.600000,9.771558558167778
2015-03-26T16:23:34.700000,9.75954787742346
2015-03-26T16:23:34.800000,9.764013949190604
2015-03-26T16:23:34.900000,9.785613154310443
2015-03-26T16:23:35.000000,9.780506976989985
2015-03-26T16:23:35.100000,9.768876624149224
2015-03-26T16:23:35.200000,9.755683125499122
2015-03-26T16:23:35.300000,9.761867576432598
2015-03-26T16:23:35.400000,9.773509849639494
2015-03-26T16:23:35.500000,9.76699856424676
2015-03-26T16:23:35.600000,9.743190693970694
2015-03-26T16:23:35.700000,9.751516838316933
2015-03-26T16:23:35.800000,9.760774389947024
2015-03-26T16:23:35.900000,9.742275131331525
2015-03-26T16:23:36.000000,9.730841116494744
2015-03-26T16:23:36.100000,9.712633896538703
2015-03-26T16:23:36.200000,9.721096810050918
2015-03-26T16:23:36.300000,9.760143353049964
2015-03-26T16:23:36.400000,9.754166645510226
2015-03-26T16:23:36.500000,9.757915753472378
2015-03-26T16:23:36.600000,9.751196948809577
2015-03-26T16:23:36.700000,9.728399179272396
2015-03-26T16:23:36.800000,9.724547166552044
2015-03-26T16:23:36.900000,9.72841108169502
2015-03-26T16:23:37.000000,9.73574487448368
2015-03-26T16:23:37.100000,9.723613348364022
2015-03-26T16:23:37.200000,9.720865695527351
2015-03-26T16:23:37.300000,9.74121499386264
2015-03-26T16:23:37.400000,9.742524641548826
2015-03-26T16:23:37.500000,9.73574415856353
2015-03-26T16:23:37.600000,9.715922774998283
2015-03-26T16:23:37.700000,9.707236756230223
2015-03-26T16:23:37.800000,9.71380667855175
2015-03-26T16:23:37.900000,9.723216687819734
2015-03-26T16:23:38.000000,9.729450268988408
2015-03-26T16:23:38.100000,9.742338974374086
2015-03-26T16:23:38.200000,9.736059026506211
2015-03-26T16:23:38.300000,9.73701406284811
2015-03-26T16:23:38.400000,9.743129804757992
2015-03-26T16:23:38.500000,9.732558107315308
2015-03-26T16:23:38.600000,9.728078493715945
2015-03-26T16:23:38.700000,9.741449861372567
2015-03-26T16:23:38.800000,9.75843655181209
2015-03-26T16:23:38.900000,9.75003986039723
2015-03-26T16:23:39.000000,9.756689780419723
2015-03-26T16:23:39.100000,9.763349005347784
2015-03-26T16:23:39.200000,9.748932654589826
2015-03-26T16:23:39.300000,9.750161558921588
2015-03-26T16:23:39.400000,9.753766609968904
2015-03-26T16:23:39.500000,9.745644401864851
2015-03-26T16:23:39.600000,9.755975089766483
2015-03-26T16:23:39.700000,9.769107909215686
2015-03-26T16:23:39.800000,9.762373112765022
2015-03-26T16:23:39.900000,9.769750769103345
2015-03-26T16:23:40.000000,9.77635561934386
2015-03-26T16:23:40.100000,9.761396629461672
2015-03-26T16:23:40.200000,9.757008538472473
2015-03-26T16:23:40.300000,9.754669837776357
2015-03-26T16:23:40.400000,9.757876136713152
2015-03-26T16:23:40.500000,9.75577976928422
2015-03-26T16:23:40.600000,9.73335247971758
2015-03-26T16:23:40.700000,9.746633406782395
2015-03-26T16:23:40.800000,9.758030303515422
2015-03-26T16:23:40.900000,9.758306134743904
2015-03-26T16:23:41.000000,9.751315298507365
2015-03-26T16:23:41.100000,9.750872640135064
2015-03-26T16:23:41.200000,9.752196591972652
2015-03-26T16:23:41.300000,9.75705480694642
2015-03-26T16:23:41.400000,9.749914053371986
2015-03-26T16:23:41.500000,9.729354955305404
2015-03-26T16:23:41.600000,9.726158925827058
2015-03-26T16:23:41.700000,9.71633436963068
2015-03-26T16:23:41.800000,9.724769497509495
2015-03-26T16:23:41.900000,9.729422268277396
2015-03-26T16:23:42.000000,9.72720977827039
2015-03-26T16:23:42.100000,9.740450726419272
2015-03-26T16:23:42.200000,9.72939614330716
2015-03-26T16:23:42.300000,9.71208017680678
2015-03-26T16:23:42.400000,9.72275156044399
2015-03-26T16:23:42.500000,9.735591438210824
2015-03-26T16:23:42.600000,9.731525492816978
2015-03-26T16:23:42.700000,9.727480967406814
2015-03-26T16:23:42.800000,9.71401999000143
2015-03-26T16:23:42.900000,9.718340484800816
2015-03-26T16:23:43.000000,9.724035243391628
2015-03-26T16:23:43.100000,9.72554832147646
2015-03-26T16:23:43.200000,9.726234948501578
2015-03-26T16:23:43.300000,9.709728172350577
2015-03-26T16:23:43.400000,9.705351773046816
2015-03-26T16:23:43.500000,9.721982049007565
2015-03-26T16:23:43.600000,9.726497842655045
2015-03-26T16:23:43.700000,9.695274667107157
2015-03-26T16:23:43.800000,9.7134689580346
2015-03-26T16:23:43.900000,9.741113073142127
2015-03-26T16:23:44.000000,9.73543164047536
2015-03-26T16:23:44.100000,9.72477186689083
2015-03-26T16:23:44.200000,9.737160740591593
2015-03-26T16:23:44.300000,9.753357000798315
2015-03-26T16:23:44.400000,9.745226275763423
2015-03-26T16:23:44.500000,9.753700721928691
2015-03-26T16:23:44.600000,9.752463514647944
2015-03-26T16:23:44.700000,9.728925147221576
2015-03-26T16:23:44.800000,9.736398422798104
2015-03-26T16:23:44.900000,9.736408352907349
2015-03-26T16:23:45.000000,9.74587066014407
2015-03-26T16:23:45.100000,9.76137771642227
2015-03-26T16:23:45.200000,9.773825171265456
2015-03-26T16:23:45.300000,9.768544318225786
2015-03-26T16:23:45.400000,9.746224905675373
2015-03-26T16:23:45.500000,9.75365509846511
2015-03-26T16:23:45.600000,9.766972010629566
2015-03-26T16:23:45.700000,9.764763208719463
2015-03-26T16:23:45.800000,9.769644270156254
2015-03-26T16:23:45.900000,9.768805244537752
2015-03-26T16:23:46.000000,9.75792443806174
2015-03-26T16:23:46.100000,9.744351823114142
2015-03-26T16:23:46.200000,9.748156968839368
2015-03-26T16:23:46.300000,9.742408915787587
2015-03-26T16:23:46.400000,9.747280987101297
2015-03-26T16:23:46.500000,9.77087272503833
2015-03-26T16:23:46.600000,9.776587880262232
2015-03-26T16:23:46.700000,9.76499771666011
2015-03-26T16:23:46.800000,9.750474734038562
2015-03-26T16:23:46.900000,9.751138089283977
2015-03-26T16:23:47.000000,9.748617840187253
2015-03-26T16:23:47.100000,9.749190050907728
2015-03-26T16:23:47.200000,9.76084886399609
2015-03-26T16:23:47.300000,9.763860968883208
2015-03-26T16:23:47.400000,9.750971889087053
2015-03-26T16:23:47.500000,9.737949987796153
2015-03-26T16:23:47.600000,9.735665004775749
2015-03-26T16:23:47.700000,9.74776787374647
2015-03-26T16:23:47.800000,9.737491264287662
2015-03-26T16:23:47.900000,9.708865982581658
2015-03-26T16:23:48.000000,9.711786597174203
2015-03-26T16:23:48.100000,9.719527819609445
2015-03-26T16:23:48.200000,9.705658721671398
2015-03-26T16:23:48.300000,9.714303456347372
2015-03-26T16:23:48.400000,9.731562769111395
2015-03-26T16:23:48.500000,9.723587999987428
2015-03-26T16:23:48.600000,9.722047780371543
2015-03-26T16:23:48.700000,9.723358198465515
2015-03-26T16:23:48.800000,9.70909163150978
2015-03-26T16:23:48.900000,9.723959900419311
2015-03-26T16:23:49.000000,9.72160459349704
2015-03-26T16:23:49.100000,9.727752131885332
2015-03-26T16:23:49.200000,9.72310901013025
2015-03-26T16:23:49.300000,9.723220464084845
2015-03-26T16:23:49.400000,9.732907558254617
2015-03-26T16:23:49.500000,9.73282881991964
2015-03-26T16:23:49.600000,9.729856694919128
2015-03-26T16:23:49.700000,9.726995936796056
2015-03-26T16:23:49.800000,9.746606364772092
2015-03-26T16:23:49.900000,9.76521615832307
2015-03-26T16:23:50.000000,9.76354162963278
2015-03-26T16:23:50.100000,9.759737756564212
2015-03-26T16:23:50.200000,9.74757912902925
2015-03-26T16:23:50.300000,9.74919094951675
2015-03-26T16:23:50.400000,9.760164706650238
2015-03-26T16:23:50.500000,9.75519687769904
2015-03-26T16:23:50.600000,9.764646990324776
2015-03-26T16:23:50.700000,9.771135376185232
2015-03-26T16:23:50.800000,9.760985380786524
2015-03-26T16:23:50.900000,9.764993329762568
2015-03-26T16:23:51.000000,9.764502544699036
2015-03-26T16:23:51.100000,9.75716047658809
2015-03-26T16:23:51.200000,9.739141715827992
2015-03-26T16:23:51.300000,9.745419095073654
2015-03-26T16:23:51.400000,9.766330260084333
2015-03-26T16:23:51.500000,9.764921917402695
2015-03-26T16:23:51.600000,9.764943619244464
2015-03-26T16:23:51.700000,9.749668048929056
2015-03-26T16:23:51.800000,9.733069210801558
2015-03-26T16:23:51.900000,9.75430405589478
2015-03-26T16:23:52.000000,9.756440117680324
2015-03-26T16:23:52.100000,9.764954975188717
2015-03-26T16:23:52.200000,9.76928701497274
2015-03-26T16:23:52.300000,9.730337271067238
2015-03-26T16:23:52.400000,9.737147759266444
2015-03-26T16:23:52.500000,9.726418954551333
2015-03-26T16:23:52.600000,9.722230653741024
2015-03-26T16:23:52.700000,9.74647541259744
2015-03-26T16:23:52.800000,9.743935575673852
2015-03-26T16:23:52.900000,9.762601514682988
2015-03-26T16:23:53.000000,9.754722998393914
2015-03-26T16:23:53.100000,9.745318968493478
2015-03-26T16:23:53.200000,9.747820628334896
2015-03-26T16:23:53.300000,9.734818780637278
2015-03-26T16:23:53.400000,9.739316965343372
2015-03-26T16:23:53.500000,9.730813791837909
2015-03-26T16:23:53.600000,9.738637930698175
2015-03-26T16:23:53.700000,9.74703395649933
2015-03-26T16:23:53.800000,9.716526551824662
2015-03-26T16:23:53.900000,9.715900352056362
2015-03-26T16:23:54.000000,9.730264873092947
2015-03-26T16:23:54.100000,9.721609458547244
2015-03-26T16:23:54.200000,9.736857024710096
2015-03-26T16:23:54.300000,9.723410944838404
2015-03-26T16:23:54.400000,9.70286968437795
2015-03-26T16:23:54.500000,9.729185274184823
2015-03-26T16:23:54.600000,9.754275477577403
2015-03-26T16:23:54.700000,9.75398532674746
2015-03-26T16:23:54.800000,9.749452781579
2015-03-26T16:23:54.900000,9.75229216684004
2015-03-26T16:23:55.000000,9.751460106193312
2015-03-26T16:23:55.100000,9.745369009657676
2015-03-26T16:23:55.200000,9.7476684255274
2015-03-26T16:23:55.300000,9.743438381830597
2015-03-26T16:23:55.400000,9.744511483972286
2015-03-26T16:23:55.500000,9.77098855234962
2015-03-26T16:23:55.600000,9.76501101973368
2015-03-26T16:23:55.700000,9.745278405116734
2015-03-26T16:23:55.800000,9.72715801535434
2015-03-26T16:23:55.900000,9.731410879513929
2015-03-26T16:23:56.000000,9.752539063991454
2015-03-26T16:23:56.100000,9.763314691445611
2015-03-26T16:23:56.200000,9.740143974705012
2015-03-26T16:23:56.300000,9.732712509870304
2015-03-26T16:23:56.400000,9.754704560788372
2015-03-26T16:23:56.500000,9.74186739287646
2015-03-26T16:23:56.600000,9.72149315570338
2015-03-26T16:23:56.700000,9.735932404022488
2015-03-26T16:23:56.800000,9.742479246988388
2015-03-26T16:23:56.900000,9.732463608394085
2015-03-26T16:23:57.000000,9.729823180147466
2015-03-26T16:23:57.100000,9.747091366332176
2015-03-26T16:23:57.200000,9.749805072479877
2015-03-26T16:23:57.300000,9.7324024406251
2015-03-26T16:23:57.400000,9.745900260749057
2015-03-26T16:23:57.500000,9.759034126164751
2015-03-26T16:23:57.600000,9.753850969075978
2015-03-26T16:23:57.700000,9.748995083698734
2015-03-26T16:23:57.800000,9.71956326518508
2015-03-26T16:23:57.900000,9.71104877151711
2015-03-26T16:23:58.000000,9.737621512951227
2015-03-26T16:23:58.100000,9.759105706496888
2015-03-26T16:23:58.200000,9.75153644107858
2015-03-26T16:23:58.300000,9.735786194046316
2015-03-26T16:23:58.400000,9.735071409813722
2015-03-26T16:23:58.500000,9.748338675715486
2015-03-26T16:23:58.600000,9.73350865160339
2015-03-26T16:23:58.700000,9.73293065741856
2015-03-26T16:23:58.800000,9.752254219468924
2015-03-26T16:23:58.900000,9.755751295591937
2015-03-26T16:23:59.000000,9.744601493246986
2015-03-26T16:23:59.100000,9.752303955875222
2015-03-26T16:23:59.200000,9.749238059278458
2015-03-26T16:23:59.300000,9.72210865711239
2015-03-26T16:23:59.400000,9.729202130383475
2015-03-26T16:23:59.500000,9.733543779793472
2015-03-26T16:23:59.600000,9.737929919574077
2015-03-26T16:23:59.700000,9.757434236080488
2015-03-26T16:23:59.800000,9.748030396921887
2015-03-26T16:23:59.900000,9.76062686589595
2015-03-26T16:24:00.000000,9.786601336673332
2015-03-26T16:24:00.100000,9.765480315263035
2015-03-26T16:24:00.200000,9.768462506046372
2015-03-26T16:24:00.300000,9.759057558651577
2015-03-26T16:24:00.400000,9.752079368063852
2015-03-26T16:24:00.500000,9.756879238851113
2015-03-26T16:24:00.600000,9.737584476247214
2015-03-26T16:24:00.700000,9.728714220564394
2015-03-26T16:24:00.800000,9.750054937715904
2015-03-26T16:24:00.900000,9.75046877475306
2015-03-26T16:24:01.000000,9.741525371969525
2015-03-26T16:24:01.100000,9.748892397797151
2015-03-26T16:24:01.200000,9.765075035158354
2015-03-26T16:24:01.300000,9.765754240352456
2015-03-26T16:24:01.400000,9.745477322395114
2015-03-26T16:24:01.500000,9.740142911878731
2015-03-26T16:24:01.600000,9.740470160109712
2015-03-26T16:24:01.700000,9.733910165714462
2015-03-26T16:24:01.800000,9.744442037175842
2015-03-26T16:24:01.900000,9.746432326666126
2015-03-26T16:24:02.000000,9.729473639432404
2015-03-26T16:24:02.100000,9.72654306570395
2015-03-26T16:24:02.200000,9.741438094132866
2015-03-26T16:24:02.300000,9.726040545206995
2015-03-26T16:24:02.400000,9.73214914116117
2015-03-26T16:24:02.500000,9.735026815393182
2015-03-26T16:24:02.600000,9.716381040399128
2015-03-26T16:24:02.700000,9.726493834117706
2015-03-26T16:24:02.800000,9.738554956022435
2015-03-26T16:24:02.900000,9.742980012254588
2015-03-26T16:24:03.000000,9.740696628117206
2015-03-26T16:24:03.100000,9.723794966705448
2015-03-26T16:24:03.200000,9.714618952452224
2015-03-26T16:24:03.300000,9.720707514420464
2015-03-26T16:24:03.400000,9.733513720625863
2015-03-26T16:24:03.500000,9.726987467604006
2015-03-26T16:24:03.600000,9.734246115263709
2015-03-26T16:24:03.700000,9.726003456379294
2015-03-26T16:24:03.800000,9.713279787947052
2015-03-26T16:24:03.900000,9.721619289422865
2015-03-26T16:24:04.000000,9.737526323674944
2015-03-26T16:24:04.100000,9.72865654072633
2015-03-26T16:24:04.200000,9.72376387229817
2015-03-26T16:24:04.300000,9.741359193892386
2015-03-26T16:24:04.400000,9.74257852309785
2015-03-26T16:24:04.500000,9.72623026749764
2015-03-26T16:24:04.600000,9.746773811387513
2015-03-26T16:24:04.700000,9.785717253562284
2015-03-26T16:24:04.800000,9.777073570912036
2015-03-26T16:24:04.900000,9.77197143267605
2015-03-26T16:24:05.000000,9.7745938392269
2015-03-26T16:24:05.100000,9.766581651306566
2015-03-26T16:24:05.200000,9.759467631238165
2015-03-26T16:24:05.300000,9.767107643323843
2015-03-26T16:24:05.400000,9.771261417086018
2015-03-26T16:24:05.500000,9.748723949656444
2015-03-26T16:24:05.600000,9.752828611433335
2015-03-26T16:24:05.700000,9.774668316189304
2015-03-26T16:24:05.800000,9.757394871501589
2015-03-26T16:24:05.900000,9.748118673984434
2015-03-26T16:24:06.000000,9.733110198971945
2015-03-26T16:24:06.100000,9.737781450479323
2015-03-26T16:24:06.200000,9.755865043357447
2015-03-26T16:24:06.300000,9.74723615605404
2015-03-26T16:24:06.400000,9.762695106264818
2015-03-26T16:24:06.500000,9.7599141279326
2015-03-26T16:24:06.600000,9.74347611902118
2015-03-26T16:24:06.700000,9.729653266564062
2015-03-26T16:24:06.800000,9.730925265507675
2015-03-26T16:24:06.900000,9.733985152680791
2015-03-26T16:24:07.000000,9.715951732730504
2015-03-26T16:24:07.100000,9.712941372719715
2015-03-26T16:24:07.200000,9.72499669165218
2015-03-26T16:24:07.300000,9.72856102377424
2015-03-26T16:24:07.400000,9.730615892272365
2015-03-26T16:24:07.500000,9.718740736968472
2015-03-26T16:24:07.600000,9.711491887197385
2015-03-26T16:24:07.700000,9.709808990740228
2015-03-26T16:24:07.800000,9.711928109117627
2015-03-26T16:24:07.900000,9.742979865881164
2015-03-26T16:24:08.000000,9.741146307603533
2015-03-26T16:24:08.100000,9.748415294314103
2015-03-26T16:24:08.200000,9.748135740723969
2015-03-26T16:24:08.300000,9.731049689923193
2015-03-26T16:24:08.400000,9.722238264176116
2015-03-26T16:24:08.500000,9.71495250299197
2015-03-26T16:24:08.600000,9.72981176494284
2015-03-26T16:24:08.700000,9.752026879030437
2015-03-26T16:24:08.800000,9.75108927396188
2015-03-26T16:24:08.900000,9.737893638216994
2015-03-26T16:24:09.000000,9.7387178698522
2015-03-26T16:24:09.100000,9.73472347492231
2015-03-26T16:24:09.200000,9.752024136582907
2015-03-26T16:24:09.300000,9.772985785871269
2015-03-26T16:24:09.400000,9.764286515724448
2015-03-26T16:24:09.500000,9.756344003539708
2015-03-26T16:24:09.600000,9.741812605336175
2015-03-26T16:24:09.700000,9.740815343761918
2015-03-26T16:24:09.800000,9.735647948114018
2015-03-26T16:24:09.900000,9.745275033872232
2015-03-26T16:24:10.000000,9.765220359334204
2015-03-26T16:24:10.100000,9.764921536984598
2015-03-26T16:24:10.200000,9.781099293020942
2015-03-26T16:24:10.300000,9.790243319367974
2015-03-26T16:24:10.400000,9.770143682201804
2015-03-26T16:24:10.500000,9.758520904643348
2015-03-26T16:24:10.600000,9.75740380427936
2015-03-26T16:24:10.700000,9.753201744504011
2015-03-26T16:24:10.800000,9.760772900788394
2015-03-26T16:24:10.900000,9.754521656796513
2015-03-26T16:24:11.000000,9.73964694855655
2015-03-26T16:24:11.100000,9.738069103162234
2015-03-26T16:24:11.200000,9.744412916848669
2015-03-26T16:24:11.300000,9.728802321379906
2015-03-26T16:24:11.400000,9.71131759696624
2015-03-26T16:24:11.500000,9.732933872709951
2015-03-26T16:24:11.600000,9.746269753095984
2015-03-26T16:24:11.700000,9.754474546376033
2015-03-26T16:24:11.800000,9.739372358976237
2015-03-26T16:24:11.900000,9.729974569137374
2015-03-26T16:24:12.000000,9.74500922215782
2015-03-26T16:24:12.100000,9.745388320796057
2015-03-26T16:24:12.200000,9.736226526786195
2015-03-26T16:24:12.300000,9.751099700371178
2015-03-26T16:24:12.400000,9.749155236107551
2015-03-26T16:24:12.500000,9.718117303952326
2015-03-26T16:24:12.600000,9.713839038651615
2015-03-26T16:24:12.700000,9.722540770989768
2015-03-26T16:24:12.800000,9.720097021165524
2015-03-26T16:24:12.900000,9.71271582470122
2015-03-26T16:24:13.000000,9.719054374255862
2015-03-26T16:24:13.100000,9.719646384810485
2015-03-26T16:24:13.200000,9.7139922723099
2015-03-26T16:24:13.300000,9.70939697467641
2015-03-26T16:24:13.400000,9.710487604000033
2015-03-26T16:24:13.500000,9.70901590019498
2015-03-26T16:24:13.600000,9.722068881043375
2015-03-26T16:24:13.700000,9.723908003006947
2015-03-26T16:24:13.800000,9.720922414303226
2015-03-26T16:24:13.900000,9.730612756445174
2015-03-26T16:24:14.000000,9.742543242499885
2015-03-26T16:24:14.100000,9.73540818007198
2015-03-26T16:24:14.200000,9.724433214268704
2015-03-26T16:24:14.300000,9.732202370035958
2015-03-26T16:24:14.400000,9.73858524320463
2015-03-26T16:24:14.500000,9.741623571540693
2015-03-26T16:24:14.600000,9.759263015732454
2015-03-26T16:24:14.700000,9.74706588921114
2015-03-26T16:24:14.800000,9.747283352868916
2015-03-26T16:24:14.900000,9.773428310845736
2015-03-26T16:24:15.000000,9.759336497097646
2015-03-26T16:24:15.100000,9.754316681445664
2015-03-26T16:24:15.200000,9.75865951085805
2015-03-26T16:24:15.300000,9.75499368954448
2015-03-26T16:24:15.400000,9.762811083456992
2015-03-26T16:24:15.500000,9.772955072429909
2015-03-26T16:24:15.600000,9.773120534772964
2015-03-26T16:24:15.700000,9.756107084724588
2015-03-26T16:24:15.800000,9.742844141551084
2015-03-26T16:24:15.900000,9.74598732582253
2015-03-26T16:24:16.000000,9.747925866301127
2015-03-26T16:24:16.100000,9.743852353725346
2015-03-26T16:24:16.200000,9.735971870327132
2015-03-26T16:24:16.300000,9.74004242410485
2015-03-26T16:24:16.400000,9.734347028431886
2015-03-26T16:24:16.500000,9.733774239840589
2015-03-26T16:24:16.600000,9.759387768377538
2015-03-26T16:24:16.700000,9.758201923225023
2015-03-26T16:24:16.800000,9.741972184111876
2015-03-26T16:24:16.900000,9.73206625685704
2015-03-26T16:24:17.000000,9.747192134708312
2015-03-26T16:24:17.100000,9.755936429133282
2015-03-26T16:24:17.200000,9.751728727406537
2015-03-26T16:24:17.300000,9.743548278639864
2015-03-26T16:24:17.400000,9.747202373675025
2015-03-26T16:24:17.500000,9.750947605035616
2015-03-26T16:24:17.600000,9.752469607702231
2015-03-26T16:24:17.700000,9.750581461558289
2015-03-26T16:24:17.800000,9.75470483991248
2015-03-26T16:24:17.900000,9.766160053769914
2015-03-26T16:24:18.000000,9.785786924079089
2015-03-26T16:24:18.100000,9.757624142096253
2015-03-26T16:24:18.200000,9.733111468600637
2015-03-26T16:24:18.300000,9.740126783526696
2015-03-26T16:24:18.400000,9.747529178608392
2015-03-26T16:24:18.500000,9.740016312439408
2015-03-26T16:24:18.600000,9.738845463197462
2015-03-26T16:24:18.700000,9.73781985026943
2015-03-26T16:24:18.800000,9.73223192399927
2015-03-26T16:24:18.900000,9.747500227280268
2015-03-26T16:24:19.000000,9.73743041506988
2015-03-26T16:24:19.100000,9.716798726658258
2015-03-26T16:24:19.200000,9.72018223030198
2015-03-26T16:24:19.300000,9.756629292880133
2015-03-26T16:24:19.400000,9.745665531792689
2015-03-26T16:24:19.500000,9.735330975827544
2015-03-26T16:24:19.600000,9.747102222934284
2015-03-26T16:24:19.700000,9.758724719012152
2015-03-26T16:24:19.800000,9.758385557329555
2015-03-26T16:24:19.900000,9.757168385872292
2015-03-26T16:24:20.000000,9.756159164277664
2015-03-26T16:24:20.100000,9.739561639603812
2015-03-26T16:24:20.200000,9.727755024999302
2015-03-26T16:24:20.300000,9.728508387745723
2015-03-26T16:24:20.400000,9.699616736125508
2015-03-26T16:24:20.500000,9.71890980377642
2015-03-26T16:24:20.600000,9.742883774524715
2015-03-26T16:24:20.700000,9.73259444887894
2015-03-26T16:24:20.800000,9.718595081431824
2015-03-26T16:24:20.900000,9.72548923949902
2015-03-26T16:24:21.000000,9.74715473450897
2015-03-26T16:24:21.100000,9.740019617999405
2015-03-26T16:24:21.200000,9.737559353180062
2015-03-26T16:24:21.300000,9.701964212985878
2015-03-26T16:24:21.400000,9.694935276870185
2015-03-26T16:24:21.500000,9.741307087434173
2015-03-26T16:24:21.600000,9.743108087070585
2015-03-26T16:24:21.700000,9.73076615615362
2015-03-26T16:24:21.800000,9.73106870104633
2015-03-26T16:24:21.900000,9.717617814087667
2015-03-26T16:24:22.000000,9.708369319732048
2015-03-26T16:24:22.100000,9.712375897984945
2015-03-26T16:24:22.200000,9.71778697949634
2015-03-26T16:24:22.300000,9.717580094021356
2015-03-26T16:24:22.400000,9.705679566999354
2015-03-26T16:24:22.500000,9.713316293706985
2015-03-26T16:24:22.600000,9.7172346216739
2015-03-26T16:24:22.700000,9.72623036305496
2015-03-26T16:24:22.800000,9.73797963637185
2015-03-26T16:24:22.900000,9.725535962429731
2015-03-26T16:24:23.000000,9.73354237642626
2015-03-26T16:24:23.100000,9.736644689313804
2015-03-26T16:24:23.200000,9.733811745375274
2015-03-26T16:24:23.300000,9.74691032708889
2015-03-26T16:24:23.400000,9.754890655200152
2015-03-26T16:24:23.500000,9.75989231832429
2015-03-26T16:24:23.600000,9.753877219650104
2015-03-26T16:24:23.700000,9.752354191721311
2015-03-26T16:24:23.800000,9.760220676298031
2015-03-26T16:24:23.900000,9.765764860572745
2015-03-26T16:24:24.000000,9.768225275635796
2015-03-26T16:24:24.100000,9.781964145669054
2015-03-26T16:24:24.200000,9.768823979678707
2015-03-26T16:24:24.300000,9.76698800676528
2015-03-26T16:24:24.400000,9.76304544664598
2015-03-26T16:24:24.500000,9.770650802668348
2015-03-26T16:24:24.600000,9.776686361362795
2015-03-26T16:24:24.700000,9.761928740035636
2015-03-26T16:24:24.800000,9.77416879935962
2015-03-26T16:24:24.900000,9.760690554191328
2015-03-26T16:24:25.000000,9.75540821148594
2015-03-26T16:24:25.100000,9.761277754798014
2015-03-26T16:24:25.200000,9.779681818203676
2015-03-26T16:24:25.300000,9.77223623441988
2015-03-26T16:24:25.400000,9.763569362857304
2015-03-26T16:24:25.500000,9.751613956492722
2015-03-26T16:24:25.600000,9.74621509046896
2015-03-26T16:24:25.700000,9.759705259547054
2015-03-26T16:24:25.800000,9.75391649421594
2015-03-26T16:24:25.900000,9.736486564355149
2015-03-26T16:24:26.000000,9.73572962012063
2015-03-26T16:24:26.100000,9.735483030065968
2015-03-26T16:24:26.200000,9.739773670655858
2015-03-26T16:24:26.300000,9.73769405494269
2015-03-26T16:24:26.400000,9.72319002056458
2015-03-26T16:24:26.500000,9.714221277129726
2015-03-26T16:24:26.600000,9.717819143476923
2015-03-26T16:24:26.700000,9.718507726734604
2015-03-26T16:24:26.800000,9.715635446496622
2015-03-26T16:24:26.900000,9.731592889918824
2015-03-26T16:24:27.000000,9.724242462078234
2015-03-26T16:24:27.100000,9.713817729538826
2015-03-26T16:24:27.200000,9.717086382350196
2015-03-26T16:24:27.300000,9.703116381861784
2015-03-26T16:24:27.400000,9.704253865405445
2015-03-26T16:24:27.500000,9.703585056133864
2015-03-26T16:24:27.600000,9.703050997334213
2015-03-26T16:24:27.700000,9.715133232982108
2015-03-26T16:24:27.800000,9.736755700413935
2015-03-26T16:24:27.900000,9.739206175726787
2015-03-26T16:24:28.000000,9.724842413089506
2015-03-26T16:24:28.100000,9.73770381940412
2015-03-26T16:24:28.200000,9.733737194634877
2015-03-26T16:24:28.300000,9.71442534735442
2015-03-26T16:24:28.400000,9.715844086927488
2015-03-26T16:24:28.500000,9.737251327367352
2015-03-26T16:24:28.600000,9.73751854359548
2015-03-26T16:24:28.700000,9.73166679877914
2015-03-26T16:24:28.800000,9.74406703595981
2015-03-26T16:24:28.900000,9.734570941276438
2015-03-26T16:24:29.000000,9.748281744279542
2015-03-26T16:24:29.100000,9.744954458968843
2015-03-26T16:24:29.200000,9.74408488752718
2015-03-26T16:24:29.300000,9.74119821636871
2015-03-26T16:24:29.400000,9.74143746031162
2015-03-26T16:24:29.500000,9.74983421580719
2015-03-26T16:24:29.600000,9.751665443827491
2015-03-26T16:24:29.700000,9.745532265277292
2015-03-26T16:24:29.800000,9.74271166100432
2015-03-26T16:24:29.900000,9.770634672084556
2015-03-26T16:24:30.000000,9.774814137340032
2015-03-26T16:24:30.100000,9.75672309994253
2015-03-26T16:24:30.200000,9.78353718617742
2015-03-26T16:24:30.300000,9.801533209168896
2015-03-26T16:24:30.400000,9.76148904325964
2015-03-26T16:24:30.500000,9.749721959731648
2015-03-26T16:24:30.600000,9.768189117633446
2015-03-26T16:24:30.700000,9.760139516711291
2015-03-26T16:24:30.800000,9.759480448417127
2015-03-26T16:24:30.900000,9.761476772852266
2015-03-26T16:24:31.000000,9.781843049936922
2015-03-26T16:24:31.100000,9.778978928340775
2015-03-26T16:24:31.200000,9.76998121386594
2015-03-26T16:24:31.300000,9.755856051724344
2015-03-26T16:24:31.400000,9.749911707487868
2015-03-26T16:24:31.500000,9.758431058804286
2015-03-26T16:24:31.600000,9.767967462494926
2015-03-26T16:24:31.700000,9.765845086279892
2015-03-26T16:24:31.800000,9.752503765125764
2015-03-26T16:24:31.900000,9.75026669218697
2015-03-26T16:24:32.000000,9.7559024185172
2015-03-26T16:24:32.100000,9.736731675619964
2015-03-26T16:24:32.200000,9.736731209323992
2015-03-26T16:24:32.300000,9.74934357695121
2015-03-26T16:24:32.400000,9.736503398620512
2015-03-26T16:24:32.500000,9.728177943734256
2015-03-26T16:24:32.600000,9.728617423972151
2015-03-26T16:24:32.700000,9.718158954628416
2015-03-26T16:24:32.800000,9.721630309596124
2015-03-26T16:24:32.900000,9.726025537128722
2015-03-26T16:24:33.000000,9.70855516712973
2015-03-26T16:24:33.100000,9.707693054429308
2015-03-26T16:24:33.200000,9.702244792986615
2015-03-26T16:24:33.300000,9.714491296687482
2015-03-26T16:24:33.400000,9.729716442635183
2015-03-26T16:24:33.500000,9.723768962423735
2015-03-26T16:24:33.600000,9.732933789480294
2015-03-26T16:24:33.700000,9.737593838597029
2015-03-26T16:24:33.800000,9.737868613383403
2015-03-26T16:24:33.900000,9.737158514359871
2015-03-26T16:24:34.000000,9.71722056171513
2015-03-26T16:24:34.100000,9.72061820120647
2015-03-26T16:24:34.200000,9.743651529397674
2015-03-26T16:24:34.300000,9.742254595354057
2015-03-26T16:24:34.400000,9.73344840340217
2015-03-26T16:24:34.500000,9.740922314349918
2015-03-26T16:24:34.600000,9.739464281615886
2015-03-26T16:24:34.700000,9.72193411358924
2015-03-26T16:24:34.800000,9.730305084353423
2015-03-26T16:24:34.900000,9.743245571259202
2015-03-26T16:24:35.000000,9.754793998727566
2015-03-26T16:24:35.100000,9.75757733300209
2015-03-26T16:24:35.200000,9.775109823713215
2015-03-26T16:24:35.300000,9.767947935057224
2015-03-26T16:24:35.400000,9.755419213938971
2015-03-26T16:24:35.500000,9.765883958022195
2015-03-26T16:24:35.600000,9.760934792762232
2015-03-26T16:24:35.700000,9.75131357090942
2015-03-26T16:24:35.800000,9.73833088366518
2015-03-26T16:24:35.900000,9.746143368619924
2015-03-26T16:24:36.000000,9.751757582760538
2015-03-26T16:24:36.100000,9.747909856556795
2015-03-26T16:24:36.200000,9.766371465572323
2015-03-26T16:24:36.300000,9.773214855389773
2015-03-26T16:24:36.400000,9.774797103171569
2015-03-26T16:24:36.500000,9.787652564116122
2015-03-26T16:24:36.600000,9.776255850103096
2015-03-26T16:24:36.700000,9.753861313546835
2015-03-26T16:24:36.800000,9.742768922600677
2015-03-26T16:24:36.900000,9.743329534682688
2015-03-26T16:24:37.000000,9.74427440980902
2015-03-26T16:24:37.100000,9.75037764613895
2015-03-26T16:24:37.200000,9.752760574559918
2015-03-26T16:24:37.300000,9.737011606875544
2015-03-26T16:24:37.400000,9.738517175167845
2015-03-26T16:24:37.500000,9.75473080254972
2015-03-26T16:24:37.600000,9.739023958197826
2015-03-26T16:24:37.700000,9.748347430706934
2015-03-26T16:24:37.800000,9.747721913267496
2015-03-26T16:24:37.900000,9.72989768868759
2015-03-26T16:24:38.000000,9.718792785201488
2015-03-26T16:24:38.100000,9.7001033868229
2015-03-26T16:24:38.200000,9.702293684695835
2015-03-26T16:24:38.300000,9.716831752834937
2015-03-26T16:24:38.400000,9.724181461546788
2015-03-26T16:24:38.500000,9.725931160484675
2015-03-26T16:24:38.600000,9.730336685753285
2015-03-26T16:24:38.700000,9.721150380472844
2015-03-26T16:24:38.800000,9.740201899636332
2015-03-26T16:24:38.900000,9.739862191975202
2015-03-26T16:24:39.000000,9.71761871892486
2015-03-26T16:24:39.100000,9.727929970742794
2015-03-26T16:24:39.200000,9.752078778972708
2015-03-26T16:24:39.300000,9.758289489859136
2015-03-26T16:24:39.400000,9.747177868447736
2015-03-26T16:24:39.500000,9.749219162771723
2015-03-26T16:24:39.600000,9.742376551651164
2015-03-26T16:24:39.700000,9.742215615199802
2015-03-26T16:24:39.800000,9.737233593422266
2015-03-26T16:24:39.900000,9.749432786804968
2015-03-26T16:24:40.000000,9.756812020532074
2015-03-26T16:24:40.100000,9.734352567823844
2015-03-26T16:24:40.200000,9.745497055211732
2015-03-26T16:24:40.300000,9.753814335698085
2015-03-26T16:24:40.400000,9.743387992112137
2015-03-26T16:24:40.500000,9.744614328624785
2015-03-26T16:24:40.600000,9.753743626894668
2015-03-26T16:24:40.700000,9.76076527706806
2015-03-26T16:24:40.800000,9.759112613175876
2015-03-26T16:24:40.900000,9.737949707659654
2015-03-26T16:24:41.000000,9.734401060884
2015-03-26T16:24:41.100000,9.740222691714049
2015-03-26T16:24:41.200000,9.751390056889177
2015-03-26T16:24:41.300000,9.758012059852495
2015-03-26T16:24:41.400000,9.7733887773174
2015-03-26T16:24:41.500000,9.766507254335329
2015-03-26T16:24:41.600000,9.751864734736492
2015-03-26T16:24:41.700000,9.760540012396048
2015-03-26T16:24:41.800000,9.75417062429174
2015-03-26T16:24:41.900000,9.76397069966912
2015-03-26T16:24:42.000000,9.767569237929164
2015-03-26T16:24:42.100000,9.762887649000296
2015-03-26T16:24:42.200000,9.76480425213014
2015-03-26T16:24:42.300000,9.766780436463698
2015-03-26T16:24:42.400000,9.759126839149603
2015-03-26T16:24:42.500000,9.74505517930728
2015-03-26T16:24:42.600000,9.747941417713616
2015-03-26T16:24:42.700000,9.743494767148489
2015-03-26T16:24:42.800000,9.74122828033447
2015-03-26T16:24:42.900000,9.75225742502264
2015-03-26T16:24:43.000000,9.75389239639769
2015-03-26T16:24:43.100000,9.750773592579524
2015-03-26T16:24:43.200000,9.715947775746203
2015-03-26T16:24:43.300000,9.705783455602257
2015-03-26T16:24:43.400000,9.728222687313936
2015-03-26T16:24:43.500000,9.727303811188795
2015-03-26T16:24:43.600000,9.724000744296912
2015-03-26T16:24:43.700000,9.71508195193575
2015-03-26T16:24:43.800000,9.709484760460285
2015-03-26T16:24:43.900000,9.721019458101877
2015-03-26T16:24:44.000000,9.713890634503622
2015-03-26T16:24:44.100000,9.706944033209025
2015-03-26T16:24:44.200000,9.709011714488788
2015-03-26T16:24:44.300000,9.71597421356712
2015-03-26T16:24:44.400000,9.70728044423902
2015-03-26T16:24:44.500000,9.721815530736333
2015-03-26T16:24:44.600000,9.740853226157508
2015-03-26T16:24:44.700000,9.719900668562625
2015-03-26T16:24:44.800000,9.714561628065892
2015-03-26T16:24:44.900000,9.72603462147904
2015-03-26T16:24:45.000000,9.754605002544269
2015-03-26T16:24:45.100000,9.75747139984248
2015-03-26T16:24:45.200000,9.735632793750998
2015-03-26T16:24:45.300000,9.73671401840314
2015-03-26T16:24:45.400000,9.733901134883144
2015-03-26T16:24:45.500000,9.739756405422602
2015-03-26T16:24:45.600000,9.762993108879485
2015-03-26T16:24:45.700000,9.754661967081525
2015-03-26T16:24:45.800000,9.727614527792207
2015-03-26T16:24:45.900000,9.729600134661876
2015-03-26T16:24:46.000000,9.739736876888744
2015-03-26T16:24:46.100000,9.745135060200214
2015-03-26T16:24:46.200000,9.746086177298604
2015-03-26T16:24:46.300000,9.7414348767475
2015-03-26T16:24:46.400000,9.749025659388842
2015-03-26T16:24:46.500000,9.75090930860403
2015-03-26T16:24:46.600000,9.764128970387304
2015-03-26T16:24:46.700000,9.76043880864786
2015-03-26T16:24:46.800000,9.752519047408423
2015-03-26T16:24:46.900000,9.75692400814478
2015-03-26T16:24:47.000000,9.776775822055653
2015-03-26T16:24:47.100000,9.774692853133828
2015-03-26T16:24:47.200000,9.763951964134872
2015-03-26T16:24:47.300000,9.771062641406528
2015-03-26T16:24:47.400000,9.773956771822991
2015-03-26T16:24:47.500000,9.781106914495206
2015-03-26T16:24:47.600000,9.7867602813042
2015-03-26T16:24:47.700000,9.779994457451007
2015-03-26T16:24:47.800000,9.785350672648658
2015-03-26T16:24:47.900000,9.780591357808373
2015-03-26T16:24:48.000000,9.752934884782904
2015-03-26T16:24:48.100000,9.756709850353824
2015-03-26T16:24:48.200000,9.773878938318893
2015-03-26T16:24:48.300000,9.77473491595525
2015-03-26T16:24:48.400000,9.760113539474922
2015-03-26T16:24:48.500000,9.765781431479589
2015-03-26T16:24:48.600000,9.756367810816371
2015-03-26T16:24:48.700000,9.7594760352787
2015-03-26T16:24:48.800000,9.750027919035585
2015-03-26T16:24:48.900000,9.743433476077136
2015-03-26T16:24:49.000000,9.73873556258991
2015-03-26T16:24:49.100000,9.730635785280516
2015-03-26T16:24:49.200000,9.713430673005885
2015-03-26T16:24:49.300000,9.72837445210956
2015-03-26T16:24:49.400000,9.742096188969136
2015-03-26T16:24:49.500000,9.7276180818467
2015-03-26T16:24:49.600000,9.721025907271937
2015-03-26T16:24:49.700000,9.708920038151485
2015-03-26T16:24:49.800000,9.714459779776677
2015-03-26T16:24:49.900000,9.72918642647363
2015-03-26T16:24:50.000000,9.717107942294206
2015-03-26T16:24:50.100000,9.718550582967191
2015-03-26T16:24:50.200000,9.712732221264387
2015-03-26T16:24:50.300000,9.720036061385612
2015-03-26T16:24:50.400000,9.732673571329492
2015-03-26T16:24:50.500000,9.731788927151708
2015-03-26T16:24:50.600000,9.71549895591945
2015-03-26T16:24:50.700000,9.71483477618313
2015-03-26T16:24:50.800000,9.735840982208364
2015-03-26T16:24:50.900000,9.733840350289563
2015-03-26T16:24:51.000000,9.72655488922804
2015-03-26T16:24:51.100000,9.721366417820771
2015-03-26T16:24:51.200000,9.737280185795576
2015-03-26T16:24:51.300000,9.75233185329411
2015-03-26T16:24:51.400000,9.744380921962902
2015-03-26T16:24:51.500000,9.76506943032546
2015-03-26T16:24:51.600000,9.762018628925674
2015-03-26T16:24:51.700000,9.743646905488433
2015-03-26T16:24:51.800000,9.744070412166666
2015-03-26T16:24:51.900000,9.741877316443167
2015-03-26T16:24:52.000000,9.75424408714184
2015-03-26T16:24:52.100000,9.73701826369917
2015-03-26T16:24:52.200000,9.727575392541064
2015-03-26T16:24:52.300000,9.737311452330784
2015-03-26T16:24:52.400000,9.754878163039972
2015-03-26T16:24:52.500000,9.763094190965752
2015-03-26T16:24:52.600000,9.753108090514408
2015-03-26T16:24:52.700000,9.750246249437192
2015-03-26T16:24:52.800000,9.753593653586828
2015-03-26T16:24:52.900000,9.739291275292302
2015-03-26T16:24:53.000000,9.742137760098824
2015-03-26T16:24:53.100000,9.739783235924232
2015-03-26T16:24:53.200000,9.744094018251904
2015-03-26T16:24:53.300000,9.757964116344066
2015-03-26T16:24:53.400000,9.77123048875231
2015-03-26T16:24:53.500000,9.761388826157631
2015-03-26T16:24:53.600000,9.753489732831977
2015-03-26T16:24:53.700000,9.74428364763969
2015-03-26T16:24:53.800000,9.737097219303331
2015-03-26T16:24:53.900000,9.767797833401737
2015-03-26T16:24:54.000000,9.773918218732405
2015-03-26T16:24:54.100000,9.748856464013574
2015-03-26T16:24:54.200000,9.745793687821273
2015-03-26T16:24:54.300000,9.747600549147172
2015-03-26T16:24:54.400000,9.763789680857927
2015-03-26T16:24:54.500000,9.73732889935237
2015-03-26T16:24:54.600000,9.732125688511193
2015-03-26T16:24:54.700000,9.742587002620954
2015-03-26T16:24:54.800000,9.722509564871796
2015-03-26T16:24:54.900000,9.738259571988264
2015-03-26T16:24:55.000000,9.737786468604892
2015-03-26T16:24:55.100000,9.719463781375907
2015-03-26T16:24:55.200000,9.721177294314362
2015-03-26T16:24:55.300000,9.72936120988628
2015-03-26T16:24:55.400000,9.741839751502736
2015-03-26T16:24:55.500000,9.729574053499064
2015-03-26T16:24:55.600000,9.730979805079876
2015-03-26T16:24:55.700000,9.722959958531163
2015-03-26T16:24:55.800000,9.699934434993116
2015-03-26T16:24:55.900000,9.71031225444082
2015-03-26T16:24:56.000000,9.721879954617586
2015-03-26T16:24:56.100000,9.72766791924864
2015-03-26T16:24:56.200000,9.72337417920029
2015-03-26T16:24:56.300000,9.724520297186125
2015-03-26T16:24:56.400000,9.744480585907926
2015-03-26T16:24:56.500000,9.754502234974929
2015-03-26T16:24:56.600000,9.758090548880196
2015-03-26T16:24:56.700000,9.75016179270433
2015-03-26T16:24:56.800000,9.758355974255675
2015-03-26T16:24:56.900000,9.756098153634476
2015-03-26T16:24:57.000000,9.751962966711092
2015-03-26T16:24:57.100000,9.752015344102492
2015-03-26T16:24:57.200000,9.74930530463924
2015-03-26T16:24:57.300000,9.77411866852932
2015-03-26T16:24:57.400000,9.779579834410336
2015-03-26T16:24:57.500000,9.754219309213896
2015-03-26T16:24:57.600000,9.766972379865273
2015-03-26T16:24:57.700000,9.774392104327996
2015-03-26T16:24:57.800000,9.78860748914722
2015-03-26T16:24:57.900000,9.782778264418203
2015-03-26T16:24:58.000000,9.752279336094322
2015-03-26T16:24:58.100000,9.73197346627112
2015-03-26T16:24:58.200000,9.751010914338138
2015-03-26T16:24:58.300000,9.768022483080191
2015-03-26T16:24:58.400000,9.750754072116871
2015-03-26T16:24:58.500000,9.749182578253796
2015-03-26T16:24:58.600000,9.731818626480733
2015-03-26T16:24:58.700000,9.738894025324408
2015-03-26T16:24:58.800000,9.75649443854408
2015-03-26T16:24:58.900000,9.739049730663693
2015-03-26T16:24:59.000000,9.762220101518457
2015-03-26T16:24:59.100000,9.771355062297332
2015-03-26T16:24:59.200000,9.76919250284262
2015-03-26T16:24:59.300000,9.75588342098012
2015-03-26T16:24:59.400000,9.751408587203306
2015-03-26T16:24:59.500000,9.750509899253055
2015-03-26T16:24:59.600000,9.74018930010965
2015-03-26T16:24:59.700000,9.734112239436271
2015-03-26T16:24:59.800000,9.732605634556316
2015-03-26T16:24:59.900000,9.740744384986126
2015-03-26T16:25:00.000000,9.732731119026354
2015-03-26T16:25:00.100000,9.742890664740576
2015-03-26T16:25:00.200000,9.724012558406972
2015-03-26T16:25:00.300000,9.725837892953246
2015-03-26T16:25:00.400000,9.73180235348307
2015-03-26T16:25:00.500000,9.732566654163174
2015-03-26T16:25:00.600000,9.743886349496254
2015-03-26T16:25:00.700000,9.731686896440932
2015-03-26T16:25:00.800000,9.70559907732178
2015-03-26T16:25:00.900000,9.711340031297317
2015-03-26T16:25:01.000000,9.713591157847718
2015-03-26T16:25:01.100000,9.730696737581187
2015-03-26T16:25:01.200000,9.744050988915784
2015-03-26T16:25:01.300000,9.732161062993034
2015-03-26T16:25:01.400000,9.717409876728142
2015-03-26T16:25:01.500000,9.721796265122574
2015-03-26T16:25:01.600000,9.741802218462244
2015-03-26T16:25:01.700000,9.742495679618898
2015-03-26T16:25:01.800000,9.730099491683378
2015-03-26T16:25:01.900000,9.746283382966151
2015-03-26T16:25:02.000000,9.75400354333548
2015-03-26T16:25:02.100000,9.737674019600284
2015-03-26T16:25:02.200000,9.726871594912712
2015-03-26T16:25:02.300000,9.726463742280858
2015-03-26T16:25:02.400000,9.731127855344049
2015-03-26T16:25:02.500000,9.7330466878928
2015-03-26T16:25:02.600000,9.72426594742493
2015-03-26T16:25:02.700000,9.72607501020758
2015-03-26T16:25:02.800000,9.73898372489023
2015-03-26T16:25:02.900000,9.730033502111478
2015-03-26T16:25:03.000000,9.729389607931289
2015-03-26T16:25:03.100000,9.74218795877058
2015-03-26T16:25:03.200000,9.730761334372158
2015-03-26T16:25:03.300000,9.734954770367755
2015-03-26T16:25:03.400000,9.723397844237017
2015-03-26T16:25:03.500000,9.73069385859922
2015-03-26T16:25:03.600000,9.766385593450236
2015-03-26T16:25:03.700000,9.75625191825644
2015-03-26T16:25:03.800000,9.742022137802078
2015-03-26T16:25:03.900000,9.747950988962623
2015-03-26T16:25:04.000000,9.751312094163245
2015-03-26T16:25:04.100000,9.751509493910756
2015-03-26T16:25:04.200000,9.747864139759772
2015-03-26T16:25:04.300000,9.740227812081246
2015-03-26T16:25:04.400000,9.74819920700709
2015-03-26T16:25:04.500000,9.757609297179728
2015-03-26T16:25:04.600000,9.750600007317509
2015-03-26T16:25:04.700000,9.761678326362318
2015-03-26T16:25:04.800000,9.748390198086131
2015-03-26T16:25:04.900000,9.742540332661628
2015-03-26T16:25:05.000000,9.74852785410135
2015-03-26T16:25:05.100000,9.753981504847555
2015-03-26T16:25:05.200000,9.76695308668767
2015-03-26T16:25:05.300000,9.77387727616494
2015-03-26T16:25:05.400000,9.764280307806803
2015-03-26T16:25:05.500000,9.74122013085698
2015-03-26T16:25:05.600000,9.752647918078589
2015-03-26T16:25:05.700000,9.74394550763118
2015-03-26T16:25:05.800000,9.736253568894206
2015-03-26T16:25:05.900000,9.737084865276351
2015-03-26T16:25:06.000000,9.761884137389494
2015-03-26T16:25:06.100000,9.77421869636039
2015-03-26T16:25:06.200000,9.7719277417841
2015-03-26T16:25:06.300000,9.76625326051683
2015-03-26T16:25:06.400000,9.7664786245475
2015-03-26T16:25:06.500000,9.753006619664731
2015-03-26T16:25:06.600000,9.751458197529562
2015-03-26T16:25:06.700000,9.753817550338498
2015-03-26T16:25:06.800000,9.74585295283309
2015-03-26T16:25:06.900000,9.752945891146076
2015-03-26T16:25:07.000000,9.749114554710228
2015-03-26T16:25:07.100000,9.746280210120974
2015-03-26T16:25:07.200000,9.751272812799858
2015-03-26T16:25:07.300000,9.745795156554186
2015-03-26T16:25:07.400000,9.762474960807502
2015-03-26T16:25:07.500000,9.76336462956608
2015-03-26T16:25:07.600000,9.73414079258321
2015-03-26T16:25:07.700000,9.72892184957097
2015-03-26T16:25:07.800000,9.710883126483155
2015-03-26T16:25:07.900000,9.714910920321696
2015-03-26T16:25:08.000000,9.740377193458432
2015-03-26T16:25:08.100000,9.732430382851463
2015-03-26T16:25:08.200000,9.71666197305698
2015-03-26T16:25:08.300000,9.727615276196785
2015-03-26T16:25:08.400000,9.738905447091089
2015-03-26T16:25:08.500000,9.724637780176389
2015-03-26T16:25:08.600000,9.730779501684625
2015-03-26T16:25:08.700000,9.71424816495662
2015-03-26T16:25:08.800000,9.721301495070769
2015-03-26T16:25:08.900000,9.722776053526411
2015-03-26T16:25:09.000000,9.72314462943189
2015-03-26T16:25:09.100000,9.731222672492583
2015-03-26T16:25:09.200000,9.714054704649936
2015-03-26T16:25:09.300000,9.712591413032357
2015-03-26T16:25:09.400000,9.728875666862937
2015-03-26T16:25:09.500000,9.73455292362144
2015-03-26T16:25:09.600000,9.728993605325988
2015-03-26T16:25:09.700000,9.731083204871114
2015-03-26T16:25:09.800000,9.723167665888722
2015-03-26T16:25:09.900000,9.725006160993424
2015-03-26T16:25:10.000000,9.744390902906355
2015-03-26T16:25:10.100000,9.748763155429284
2015-03-26T16:25:10.200000,9.752867144391294
2015-03-26T16:25:10.300000,9.744088862434523
2015-03-26T16:25:10.400000,9.738806782917935
2015-03-26T16:25:10.500000,9.745537225542009
2015-03-26T16:25:10.600000,9.735352668511624
2015-03-26T16:25:10.700000,9.721837786391747
2015-03-26T16:25:10.800000,9.731265196369684
2015-03-26T16:25:10.900000,9.741800715769749
2015-03-26T16:25:11.000000,9.729871439674149
2015-03-26T16:25:11.100000,9.74449653440648
2015-03-26T16:25:11.200000,9.751240985745962
2015-03-26T16:25:11.300000,9.75790576383869
2015-03-26T16:25:11.400000,9.75462181716125
2015-03-26T16:25:11.500000,9.746574703958062
2015-03-26T16:25:11.600000,9.762712789123682
2015-03-26T16:25:11.700000,9.773530363036532
2015-03-26T16:25:11.800000,9.766081058848853
2015-03-26T16:25:11.900000,9.73954680349584
2015-03-26T16:25:12.000000,9.715706865376154
2015-03-26T16:25:12.100000,9.71467971901128
2015-03-26T16:25:12.200000,9.744571883439146
2015-03-26T16:25:12.300000,9.762317917940104
2015-03-26T16:25:12.400000,9.74894498294812
2015-03-26T16:25:12.500000,9.74144845699436
2015-03-26T16:25:12.600000,9.741744068962296
2015-03-26T16:25:12.700000,9.7309948389608
2015-03-26T16:25:12.800000,9.735728458089984
2015-03-26T16:25:12.900000,9.75431870147297
2015-03-26T16:25:13.000000,9.74614232566466
2015-03-26T16:25:13.100000,9.751542438119913
2015-03-26T16:25:13.200000,9.76322691899326
2015-03-26T16:25:13.300000,9.747486204058296
2015-03-26T16:25:13.400000,9.738829164544278
2015-03-26T16:25:13.500000,9.746937431265165
2015-03-26T16:25:13.600000,9.748471350936988
2015-03-26T16:25:13.700000,9.737645067322772
2015-03-26T16:25:13.800000,9.739191359757044
2015-03-26T16:25:13.900000,9.735358276957824
2015-03-26T16:25:14.000000,9.73623896352114
2015-03-26T16:25:14.100000,9.759408974937442
2015-03-26T16:25:14.200000,9.76986079110275
2015-03-26T16:25:14.300000,9.772600976729192
2015-03-26T16:25:14.400000,9.775914045013447
2015-03-26T16:25:14.500000,9.776731812672445
2015-03-26T16:25:14.600000,9.779687980613664
2015-03-26T16:25:14.700000,9.76669849819526
2015-03-26T16:25:14.800000,9.753441025878734
2015-03-26T16:25:14.900000,9.7428278055191
2015-03-26T16:25:15.000000,9.75497594453817
2015-03-26T16:25:15.100000,9.759315447258176
2015-03-26T16:25:15.200000,9.76998682575696
2015-03-26T16:25:15.300000,9.777248139256432
2015-03-26T16:25:15.400000,9.76752776099988
2015-03-26T16:25:15.500000,9.774457850661662
2015-03-26T16:25:15.600000,9.776071896843709
2015-03-26T16:25:15.700000,9.75460423489742
2015-03-26T16:25:15.800000,9.751191767627144
2015-03-26T16:25:15.900000,9.729551193876055
2015-03-26T16:25:16.000000,9.713513476649082
2015-03-26T16:25:16.100000,9.71030343770099
2015-03-26T16:25:16.200000,9.72311894097968
2015-03-26T16:25:16.300000,9.736941045867557
2015-03-26T16:25:16.400000,9.734486616047644
2015-03-26T16:25:16.500000,9.746882380988092
2015-03-26T16:25:16.600000,9.734272198899278
2015-03-26T16:25:16.700000,9.732055123062931
2015-03-26T16:25:16.800000,9.73944554467162
2015-03-26T16:25:16.900000,9.723125799776502
2015-03-26T16:25:17.000000,9.74584080319963
2015-03-26T16:25:17.100000,9.755831860400448
2015-03-26T16:25:17.200000,9.74504925331926
2015-03-26T16:25:17.300000,9.738476546194375
2015-03-26T16:25:17.400000,9.73974959000432
2015-03-26T16:25:17.500000,9.730117553331835
2015-03-26T16:25:17.600000,9.714467232151634
2015-03-26T16:25:17.700000,9.702003955555874
2015-03-26T16:25:17.800000,9.724851447417006
2015-03-26T16:25:17.900000,9.716880823904784
2015-03-26T16:25:18.000000,9.710096165009354
2015-03-26T16:25:18.100000,9.723767808358756
2015-03-26T16:25:18.200000,9.731212407562026
2015-03-26T16:25:18.300000,9.723537027472696
2015-03-26T16:25:18.400000,9.694689839241816
2015-03-26T16:25:18.500000,9.708610997733905
2015-03-26T16:25:18.600000,9.722893490221251
2015-03-26T16:25:18.700000,9.742229023421949
2015-03-26T16:25:18.800000,9.741682256471496
2015-03-26T16:25:18.900000,9.73084750373309
2015-03-26T16:25:19.000000,9.729534629133765
2015-03-26T16:25:19.100000,9.72572925078516
2015-03-26T16:25:19.200000,9.720528087859485
2015-03-26T16:25:19.300000,9.724370787566537
2015-03-26T16:25:19.400000,9.737691502101358
2015-03-26T16:25:19.500000,9.7481323106617
2015-03-26T16:25:19.600000,9.753008201945432
2015-03-26T16:25:19.700000,9.73807861657276
2015-03-26T16:25:19.800000,9.726054825806196
2015-03-26T16:25:19.900000,9.74458958746874
2015-03-26T16:25:20.000000,9.751601079001098
2015-03-26T16:25:20.100000,9.750159816527544
2015-03-26T16:25:20.200000,9.772790196796375
2015-03-26T16:25:20.300000,9.766097937685284
2015-03-26T16:25:20.400000,9.740418265621743
2015-03-26T16:25:20.500000,9.763302032793248
2015-03-26T16:25:20.600000,9.776481524248764
2015-03-26T16:25:20.700000,9.768480675139854
2015-03-26T16:25:20.800000,9.778540636176071
2015-03-26T16:25:20.900000,9.762627490327697
2015-03-26T16:25:21.000000,9.76803580609766
2015-03-26T16:25:21.100000,9.763033232381863
2015-03-26T16:25:21.200000,9.753581969760292
2015-03-26T16:25:21.300000,9.75348205917535
2015-03-26T16:25:21.400000,9.763818304710242
2015-03-26T16:25:21.500000,9.757342133683604
2015-03-26T16:25:21.600000,9.755751868967664
2015-03-26T16:25:21.700000,9.773284060638364
2015-03-26T16:25:21.800000,9.758642154109998
2015-03-26T16:25:21.900000,9.752977552769073
2015-03-26T16:25:22.000000,9.763474223303058
2015-03-26T16:25:22.100000,9.75929369963688
2015-03-26T16:25:22.200000,9.745750130364067
2015-03-26T16:25:22.300000,9.751332516477722
2015-03-26T16:25:22.400000,9.748125936346568
2015-03-26T16:25:22.500000,9.738610367180566
2015-03-26T16:25:22.600000,9.733885750162496
2015-03-26T16:25:22.700000,9.74351100557369
2015-03-26T16:25:22.800000,9.756190257590054
2015-03-26T16:25:22.900000,9.759478555384494
2015-03-26T16:25:23.000000,9.7480332695717
2015-03-26T16:25:23.100000,9.752122478145449
2015-03-26T16:25:23.200000,9.736543980674382
2015-03-26T16:25:23.300000,9.73776492925737
2015-03-26T16:25:23.400000,9.749064178584383
2015-03-26T16:25:23.500000,9.73800411838507
2015-03-26T16:25:23.600000,9.710470077946075
2015-03-26T16:25:23.700000,9.71056360554093
2015-03-26T16:25:23.800000,9.712401866194035
2015-03-26T16:25:23.900000,9.715925132635038
2015-03-26T16:25:24.000000,9.724460419242623
2015-03-26T16:25:24.100000,9.728596801853032
2015-03-26T16:25:24.200000,9.736835443960416
2015-03-26T16:25:24.300000,9.724796833709522
2015-03-26T16:25:24.400000,9.720937667291938
2015-03-26T16:25:24.500000,9.731494367160304
2015-03-26T16:25:24.600000,9.737976073777638
2015-03-26T16:25:24.700000,9.731361060719385
2015-03-26T16:25:24.800000,9.716410674943551
2015-03-26T16:25:24.900000,9.704151471006211
2015-03-26T16:25:25.000000,9.695081667766113
2015-03-26T16:25:25.100000,9.695236953951603
2015-03-26T16:25:25.200000,9.714169222032844
2015-03-26T16:25:25.300000,9.723329259157616
2015-03-26T16:25:25.400000,9.729941922657472
2015-03-26T16:25:25.500000,9.724391269523949
2015-03-26T16:25:25.600000,9.715703136217464
2015-03-26T16:25:25.700000,9.717062831898469
2015-03-26T16:25:25.800000,9.725173475244135
2015-03-26T16:25:25.900000,9.754130576383536
2015-03-26T16:25:26.000000,9.761432299752864
2015-03-26T16:25:26.100000,9.74640686224908
2015-03-26T16:25:26.200000,9.735841334310654
2015-03-26T16:25:26.300000,9.755495850856876
2015-03-26T16:25:26.400000,9.76139716842252
2015-03-26T16:25:26.500000,9.770873932343056
2015-03-26T16:25:26.600000,9.768514338795802
2015-03-26T16:25:26.700000,9.769331652365311
2015-03-26T16:25:26.800000,9.777391722099615
2015-03-26T16:25:26.900000,9.766589665000144
2015-03-26T16:25:27.000000,9.7700854626781
2015-03-26T16:25:27.100000,9.779515791673
2015-03-26T16:25:27.200000,9.769251627312425
2015-03-26T16:25:27.300000,9.766863471684792
2015-03-26T16:25:27.400000,9.76092818340509
2015-03-26T16:25:27.500000,9.761951870678349
2015-03-26T16:25:27.600000,9.767397565849466
2015-03-26T16:25:27.700000,9.7643849798589
2015-03-26T16:25:27.800000,9.77179725162143
2015-03-26T16:25:27.900000,9.761181146604544
2015-03-26T16:25:28.000000,9.739908778375485
2015-03-26T16:25:28.100000,9.754345220233295
2015-03-26T16:25:28.200000,9.771403145750408
2015-03-26T16:25:28.300000,9.784240423425782
2015-03-26T16:25:28.400000,9.783980671181558
2015-03-26T16:25:28.500000,9.754640590759866
2015-03-26T16:25:28.600000,9.751055749736146
2015-03-26T16:25:28.700000,9.746827562264192
2015-03-26T16:25:28.800000,9.728969796250375
2015-03-26T16:25:28.900000,9.739355283240704
2015-03-26T16:25:29.000000,9.73113945808788
2015-03-26T16:25:29.100000,9.710407539282071
2015-03-26T16:25:29.200000,9.701313448699892
2015-03-26T16:25:29.300000,9.698007247629151
2015-03-26T16:25:29.400000,9.687101373380028
2015-03-26T16:25:29.500000,9.701506626081173
2015-03-26T16:25:29.600000,9.716567097836718
2015-03-26T16:25:29.700000,9.714873058855195
2015-03-26T16:25:29.800000,9.744096743788536
2015-03-26T16:25:29.900000,9.735319314139856
2015-03-26T16:25:30.000000,9.721339124441592
2015-03-26T16:25:30.100000,9.722028544434862
2015-03-26T16:25:30.200000,9.719340075306548
2015-03-26T16:25:30.300000,9.719980436572763
2015-03-26T16:25:30.400000,9.714255343806563
2015-03-26T16:25:30.500000,9.698963829671378
2015-03-26T16:25:30.600000,9.704852727655672
2015-03-26T16:25:30.700000,9.717796488363623
2015-03-26T16:25:30.800000,9.700922148069225
2015-03-26T16:25:30.900000,9.694549662818968
2015-03-26T16:25:31.000000,9.72555702192152
2015-03-26T16:25:31.100000,9.743127335376142
2015-03-26T16:25:31.200000,9.746306862270806
2015-03-26T16:25:31.300000,9.737608654752531
2015-03-26T16:25:31.400000,9.736848252125837
2015-03-26T16:25:31.500000,9.740719854326676
2015-03-26T16:25:31.600000,9.752166231386193
2015-03-26T16:25:31.700000,9.754125228845243
2015-03-26T16:25:31.800000,9.745520378361302
2015-03-26T16:25:31.900000,9.759866859982743
2015-03-26T16:25:32.000000,9.775554952439505
2015-03-26T16:25:32.100000,9.75261002224882
2015-03-26T16:25:32.200000,9.747983595027913
2015-03-26T16:25:32.300000,9.76205983511517
2015-03-26T16:25:32.400000,9.767283623255784
2015-03-26T16:25:32.500000,9.774614907412705
2015-03-26T16:25:32.600000,9.77526467519186
2015-03-26T16:25:32.700000,9.772908502457437
2015-03-26T16:25:32.800000,9.76836279745346
2015-03-26T16:25:32.900000,9.778464437622802
2015-03-26T16:25:33.000000,9.777324793083608
2015-03-26T16:25:33.100000,9.774014959318702
2015-03-26T16:25:33.200000,9.767963444624352
2015-03-26T16:25:33.300000,9.772407928008064
2015-03-26T16:25:33.400000,9.777705450427923
2015-03-26T16:25:33.500000,9.772550154501728
2015-03-26T16:25:33.600000,9.764137990230877
2015-03-26T16:25:33.700000,9.768256244410308
2015-03-26T16:25:33.800000,9.771356789127532
2015-03-26T16:25:33.900000,9.7450839437371
2015-03-26T16:25:34.000000,9.72793742025076
2015-03-26T16:25:34.100000,9.73116955399714
2015-03-26T16:25:34.200000,9.724793949754783
2015-03-26T16:25:34.300000,9.722162010599366
2015-03-26T16:25:34.400000,9.728424388242024
2015-03-26T16:25:34.500000,9.735266536282415
2015-03-26T16:25:34.600000,9.717205423986009
2015-03-26T16:25:34.700000,9.707374253997603
2015-03-26T16:25:34.800000,9.708673384464676
2015-03-26T16:25:34.900000,9.689995517878092
2015-03-26T16:25:35.000000,9.68077458666801
2015-03-26T16:25:35.100000,9.696556548402462
2015-03-26T16:25:35.200000,9.722409762628324
2015-03-26T16:25:35.300000,9.721615228000555
2015-03-26T16:25:35.400000,9.722639541983192
2015-03-26T16:25:35.500000,9.70877942516804
2015-03-26T16:25:35.600000,9.712227270048936
2015-03-26T16:25:35.700000,9.712855032746177
2015-03-26T16:25:35.800000,9.70928372213194
2015-03-26T16:25:35.900000,9.717481756112743
2015-03-26T16:25:36.000000,9.711154927198807
2015-03-26T16:25:36.100000,9.720364613112968
2015-03-26T16:25:36.200000,9.736702297421443
2015-03-26T16:25:36.300000,9.73966368970822
2015-03-26T16:25:36.400000,9.73899713116969
2015-03-26T16:25:36.500000,9.737046008870823
2015-03-26T16:25:36.600000,9.731881430388531
2015-03-26T16:25:36.700000,9.726110727105846
2015-03-26T16:25:36.800000,9.733449002509069
2015-03-26T16:25:36.900000,9.73503829839863
2015-03-26T16:25:37.000000,9.757765858953183
2015-03-26T16:25:37.100000,9.741242085372042
2015-03-26T16:25:37.200000,9.734936512532803
2015-03-26T16:25:37.300000,9.75534145258939
2015-03-26T16:25:37.400000,9.781664085608249
2015-03-26T16:25:37.500000,9.778049860931024
2015-03-26T16:25:37.600000,9.764962815949318
2015-03-26T16:25:37.700000,9.766404409010676
2015-03-26T16:25:37.800000,9.769177270989292
2015-03-26T16:25:37.900000,9.763614107758825
2015-03-26T16:25:38.000000,9.751075979132487
2015-03-26T16:25:38.100000,9.77880996710264
2015-03-26T16:25:38.200000,9.786419945077736
2015-03-26T16:25:38.300000,9.763716769809628
2015-03-26T16:25:38.400000,9.75933503853066
2015-03-26T16:25:38.500000,9.757517621790464
2015-03-26T16:25:38.600000,9.769520490111608
2015-03-26T16:25:38.700000,9.764313705778234
2015-03-26T16:25:38.800000,9.753199524195049
2015-03-26T16:25:38.900000,9.753664102086942
2015-03-26T16:25:39.000000,9.743071230175511
2015-03-26T16:25:39.100000,9.73932569096498
2015-03-26T16:25:39.200000,9.758256000804924
2015-03-26T16:25:39.300000,9.7555318518278
2015-03-26T16:25:39.400000,9.744627807299151
2015-03-26T16:25:39.500000,9.753631288145687
2015-03-26T16:25:39.600000,9.751216772317116
2015-03-26T16:25:39.700000,9.759672628821011
2015-03-26T16:25:39.800000,9.765674751577304
2015-03-26T16:25:39.900000,9.744780465833538
2015-03-26T16:25:40.000000,9.732043655097057
2015-03-26T16:25:40.100000,9.740165377066436
2015-03-26T16:25:40.200000,9.737243724450575
2015-03-26T16:25:40.300000,9.71793170510415
2015-03-26T16:25:40.400000,9.71243599308
2015-03-26T16:25:40.500000,9.704466031592377
2015-03-26T16:25:40.600000,9.703385636191088
2015-03-26T16:25:40.700000,9.691386871610268
2015-03-26T16:25:40.800000,9.69124557064505
2015-03-26T16:25:40.900000,9.701288499988904
2015-03-26T16:25:41.000000,9.70804233356474
2015-03-26T16:25:41.100000,9.709089456408504
2015-03-26T16:25:41.200000,9.692989633142414
2015-03-26T16:25:41.300000,9.699083280817623
2015-03-26T16:25:41.400000,9.710544713369302
2015-03-26T16:25:41.500000,9.706732170963232
2015-03-26T16:25:41.600000,9.700471610774397
2015-03-26T16:25:41.700000,9.704111577332306
2015-03-26T16:25:41.800000,9.700879299953131
2015-03-26T16:25:41.900000,9.720249454144245
2015-03-26T16:25:42.000000,9.730809141705056
2015-03-26T16:25:42.100000,9.7213000061893
2015-03-26T16:25:42.200000,9.724284841342229
2015-03-26T16:25:42.300000,9.737210520514154
2015-03-26T16:25:42.400000,9.735565937414878
2015-03-26T16:25:42.500000,9.728429180364907
2015-03-26T16:25:42.600000,9.737151538794672
2015-03-26T16:25:42.700000,9.73228865761969
2015-03-26T16:25:42.800000,9.733730376594242
2015-03-26T16:25:42.900000,9.753466121731536
2015-03-26T16:25:43.000000,9.750482259075843
2015-03-26T16:25:43.100000,9.7418378331247
2015-03-26T16:25:43.200000,9.762179045710358
2015-03-26T16:25:43.300000,9.779897227326437
2015-03-26T16:25:43.400000,9.767217715077338
2015-03-26T16:25:43.500000,9.765772484228826
2015-03-26T16:25:43.600000,9.769737333402777
2015-03-26T16:25:43.700000,9.777207447248294
2015-03-26T16:25:43.800000,9.791622086209069
2015-03-26T16:25:43.900000,9.781641039544526
2015-03-26T16:25:44.000000,9.771352342243082
2015-03-26T16:25:44.100000,9.77709278986612
2015-03-26T16:25:44.200000,9.765782340440904
2015-03-26T16:25:44.300000,9.7481260564932
2015-03-26T16:25:44.400000,9.75032382823304
2015-03-26T16:25:44.500000,9.772394245142465
2015-03-26T16:25:44.600000,9.776550668138896
2015-03-26T16:25:44.700000,9.78657742177562
2015-03-26T16:25:44.800000,9.776954285581198
2015-03-26T16:25:44.900000,9.76510544804412
2015-03-26T16:25:45.000000,9.75059185017345
2015-03-26T16:25:45.100000,9.753851600316803
2015-03-26T16:25:45.200000,9.767944995424465
2015-03-26T16:25:45.300000,9.74824514124031
2015-03-26T16:25:45.400000,9.731922445577752
2015-03-26T16:25:45.500000,9.747491872429814
2015-03-26T16:25:45.600000,9.76673518925803
2015-03-26T16:25:45.700000,9.772225750882797
2015-03-26T16:25:45.800000,9.76063607193546
2015-03-26T16:25:45.900000,9.75313495187273
2015-03-26T16:25:46.000000,9.761266671876614
2015-03-26T16:25:46.100000,9.741231513741834
2015-03-26T16:25:46.200000,9.728767644822208
2015-03-26T16:25:46.300000,9.744719970817115
2015-03-26T16:25:46.400000,9.73773446970302
2015-03-26T16:25:46.500000,9.719506825753372
2015-03-26T16:25:46.600000,9.728822821428505
2015-03-26T16:25:46.700000,9.725410058044664
2015-03-26T16:25:46.800000,9.717449526644929
2015-03-26T16:25:46.900000,9.721822440924802
2015-03-26T16:25:47.000000,9.725829733995011
2015-03-26T16:25:47.100000,9.73102952631745
2015-03-26T16:25:47.200000,9.732862814563044
2015-03-26T16:25:47.300000,9.71849276834896
2015-03-26T16:25:47.400000,9.716991952079525
2015-03-26T16:25:47.500000,9.730923683433256
2015-03-26T16:25:47.600000,9.72664561022802
2015-03-26T16:25:47.700000,9.724644483651494
2015-03-26T16:25:47.800000,9.700520050989017
2015-03-26T16:25:47.900000,9.701106284635818
2015-03-26T16:25:48.000000,9.717166969895352
2015-03-26T16:25:48.100000,9.704611870796075
2015-03-26T16:25:48.200000,9.716881886260316
2015-03-26T16:25:48.300000,9.7337903949558
2015-03-26T16:25:48.400000,9.73540495936533
2015-03-26T16:25:48.500000,9.737868788352122
2015-03-26T16:25:48.600000,9.723081493613211
2015-03-26T16:25:48.700000,9.721406443188796
2015-03-26T16:25:48.800000,9.722160276963484
2015-03-26T16:25:48.900000,9.717344277928458
2015-03-26T16:25:49.000000,9.761079635539046
2015-03-26T16:25:49.100000,9.758953382622444
2015-03-26T16:25:49.200000,9.740760325810852
2015-03-26T16:25:49.300000,9.74101466641836
2015-03-26T16:25:49.400000,9.757491127666688
2015-03-26T16:25:49.500000,9.765621982812457
2015-03-26T16:25:49.600000,9.757478705670426
2015-03-26T16:25:49.700000,9.74713789925036
2015-03-26T16:25:49.800000,9.7827497221418
2015-03-26T16:25:49.900000,9.757697958062042
2015-03-26T16:25:50.000000,9.74307231562632
2015-03-26T16:25:50.100000,9.747847748180329
2015-03-26T16:25:50.200000,9.758648101480992
2015-03-26T16:25:50.300000,9.744940535844226
2015-03-26T16:25:50.400000,9.728899733511392
2015-03-26T16:25:50.500000,9.733271210648322
2015-03-26T16:25:50.600000,9.731835192314936
2015-03-26T16:25:50.700000,9.741564809007803
2015-03-26T16:25:50.800000,9.727989390527744
2015-03-26T16:25:50.900000,9.723690469270627
2015-03-26T16:25:51.000000,9.746023504688257
2015-03-26T16:25:51.100000,9.75797083916308
2015-03-26T16:25:51.200000,9.755262279258735
2015-03-26T16:25:51.300000,9.74939844896642
2015-03-26T16:25:51.400000,9.73556824730551
2015-03-26T16:25:51.500000,9.716962518958486
2015-03-26T16:25:51.600000,9.71876410218611
2015-03-26T16:25:51.700000,9.735694263855354
2015-03-26T16:25:51.800000,9.725263991893367
2015-03-26T16:25:51.900000,9.724398114622582
2015-03-26T16:25:52.000000,9.748336001354122
2015-03-26T16:25:52.100000,9.745752030326216
2015-03-26T16:25:52.200000,9.735923552154706
2015-03-26T16:25:52.300000,9.740654135305986
2015-03-26T16:25:52.400000,9.738809367185915
2015-03-26T16:25:52.500000,9.73380011251968
2015-03-26T16:25:52.600000,9.722611577633945
2015-03-26T16:25:52.700000,9.737598641488
2015-03-26T16:25:52.800000,9.755652255860136
2015-03-26T16:25:52.900000,9.75602672141392
2015-03-26T16:25:53.000000,9.739969872561506
2015-03-26T16:25:53.100000,9.753566356958766
2015-03-26T16:25:53.200000,9.761409229863192
2015-03-26T16:25:53.300000,9.752028054433511
2015-03-26T16:25:53.400000,9.75462635818188
2015-03-26T16:25:53.500000,9.740131431796188
2015-03-26T16:25:53.600000,9.741843933313024
2015-03-26T16:25:53.700000,9.757314799714235
2015-03-26T16:25:53.800000,9.756065077529286
2015-03-26T16:25:53.900000,9.752211452635503
2015-03-26T16:25:54.000000,9.73422818966968
2015-03-26T16:25:54.100000,9.741862941237084
2015-03-26T16:25:54.200000,9.739359022934623
2015-03-26T16:25:54.300000,9.746559862368734
2015-03-26T16:25:54.400000,9.760861423561169
2015-03-26T16:25:54.500000,9.763074124348908
2015-03-26T16:25:54.600000,9.76093183429676
2015-03-26T16:25:54.700000,9.753153789616746
2015-03-26T16:25:54.800000,9.748886932205956
2015-03-26T16:25:54.900000,9.73471998175866
2015-03-26T16:25:55.000000,9.730207286016435
2015-03-26T16:25:55.100000,9.73661070674869
2015-03-26T16:25:55.200000,9.750104476651993
2015-03-26T16:25:55.300000,9.742036940783706
2015-03-26T16:25:55.400000,9.742043658320188
2015-03-26T16:25:55.500000,9.761447519379711
2015-03-26T16:25:55.600000,9.73535464198369
2015-03-26T16:25:55.700000,9.728670916244653
2015-03-26T16:25:55.800000,9.749428767691985
2015-03-26T16:25:55.900000,9.740232360715387
2015-03-26T16:25:56.000000,9.735180840923976
2015-03-26T16:25:56.100000,9.720817416200855
2015-03-26T16:25:56.200000,9.719129462689247
2015-03-26T16:25:56.300000,9.72344399945908
2015-03-26T16:25:56.400000,9.717821220489377
2015-03-26T16:25:56.500000,9.72425220352978
2015-03-26T16:25:56.600000,9.740238950902608
2015-03-26T16:25:56.700000,9.738968097361598
2015-03-26T16:25:56.800000,9.708759370723724
2015-03-26T16:25:56.900000,9.71054211443022
2015-03-26T16:25:57.000000,9.73937550269375
2015-03-26T16:25:57.100000,9.736475788579982
2015-03-26T16:25:57.200000,9.71238123316386
2015-03-26T16:25:57.300000,9.720605312507756
2015-03-26T16:25:57.400000,9.732513887659184
2015-03-26T16:25:57.500000,9.739065232403286
2015-03-26T16:25:57.600000,9.73804933376025
2015-03-26T16:25:57.700000,9.73140193404533
2015-03-26T16:25:57.800000,9.73933611245321
2015-03-26T16:25:57.900000,9.728723254692804
2015-03-26T16:25:58.000000,9.708265821161648
2015-03-26T16:25:58.100000,9.708732107721888
2015-03-26T16:25:58.200000,9.724540877132249
2015-03-26T16:25:58.300000,9.71519079214428
2015-03-26T16:25:58.400000,9.731895680183753
2015-03-26T16:25:58.500000,9.725626005637906
2015-03-26T16:25:58.600000,9.73538209166693
2015-03-26T16:25:58.700000,9.7477242279719
2015-03-26T16:25:58.800000,9.7318194336251
2015-03-26T16:25:58.900000,9.734250347650567
2015-03-26T16:25:59.000000,9.740368582521045
2015-03-26T16:25:59.100000,9.729752953355206
2015-03-26T16:25:59.200000,9.7586078273578
2015-03-26T16:25:59.300000,9.77966716770369
2015-03-26T16:25:59.400000,9.761985046438944
2015-03-26T16:25:59.500000,9.750593696758054
2015-03-26T16:25:59.600000,9.76247880664256
2015-03-26T16:25:59.700000,9.788096382646312
2015-03-26T16:25:59.800000,9.787897684365946
2015-03-26T16:25:59.900000,9.755111388509428
2015-03-26T16:26:00.000000,9.747259176168722
2015-03-26T16:26:00.100000,9.752587755681368
2015-03-26T16:26:00.200000,9.758694066404315
2015-03-26T16:26:00.300000,9.784333278946056
2015-03-26T16:26:00.400000,9.76394691215954
2015-03-26T16:26:00.500000,9.74628665416875
2015-03-26T16:26:00.600000,9.749810431401643
2015-03-26T16:26:00.700000,9.761605157653538
2015-03-26T16:26:00.800000,9.760993043617948
2015-03-26T16:26:00.900000,9.754689308134909
2015-03-26T16:26:01.000000,9.747915515032052
2015-03-26T16:26:01.100000,9.748339371762876
2015-03-26T16:26:01.200000,9.737368543844076
2015-03-26T16:26:01.300000,9.746913762601652
2015-03-26T16:26:01.400000,9.75787706246466
2015-03-26T16:26:01.500000,9.752800233021816
2015-03-26T16:26:01.600000,9.75812995429336
2015-03-26T16:26:01.700000,9.758081706138434
2015-03-26T16:26:01.800000,9.73879528397646
2015-03-26T16:26:01.900000,9.71614599166039
2015-03-26T16:26:02.000000,9.733670966750047
2015-03-26T16:26:02.100000,9.744887601802509
2015-03-26T16:26:02.200000,9.749640209674162
2015-03-26T16:26:02.300000,9.764174034888246
2015-03-26T16:26:02.400000,9.748009869779198
2015-03-26T16:26:02.500000,9.738555800965576
2015-03-26T16:26:02.600000,9.72850584816696
2015-03-26T16:26:02.700000,9.71901891104986
2015-03-26T16:26:02.800000,9.73397762093113
2015-03-26T16:26:02.900000,9.73132624149427
2015-03-26T16:26:03.000000,9.723641108276702
2015-03-26T16:26:03.100000,9.732212078397357
2015-03-26T16:26:03.200000,9.74559377087623
2015-03-26T16:26:03.300000,9.720261208720766
2015-03-26T16:26:03.400000,9.71490884334067
2015-03-26T16:26:03.500000,9.74011531519032
2015-03-26T16:26:03.600000,9.735759166834551
2015-03-26T16:26:03.700000,9.701820855210798
2015-03-26T16:26:03.800000,9.72179919225535
2015-03-26T16:26:03.900000,9.72862556865857
2015-03-26T16:26:04.000000,9.718894492686204
2015-03-26T16:26:04.100000,9.733579971531505
2015-03-26T16:26:04.200000,9.746133933646218
2015-03-26T16:26:04.300000,9.745952235174933
2015-03-26T16:26:04.400000,9.737622708104498
2015-03-26T16:26:04.500000,9.74033262746415
2015-03-26T16:26:04.600000,9.73214225907308
2015-03-26T16:26:04.700000,9.731438798759587
2015-03-26T16:26:04.800000,9.750765121385225
2015-03-26T16:26:04.900000,9.754609800952412
2015-03-26T16:26:05.000000,9.736026134032262
2015-03-26T16:26:05.100000,9.730372915798592
2015-03-26T16:26:05.200000,9.7417576618226
2015-03-26T16:26:05.300000,9.755168649729267
2015-03-26T16:26:05.400000,9.764782106627411
2015-03-26T16:26:05.500000,9.755480736228533
2015-03-26T16:26:05.600000,9.761054681822053
2015-03-26T16:26:05.700000,9.764775505360006
2015-03-26T16:26:05.800000,9.761374272021666
2015-03-26T16:26:05.900000,9.77777484603213
2015-03-26T16:26:06.000000,9.778977372121057
2015-03-26T16:26:06.100000,9.774456717730995
2015-03-26T16:26:06.200000,9.762206335256511
2015-03-26T16:26:06.300000,9.74822045399843
2015-03-26T16:26:06.400000,9.736124810559382
2015-03-26T16:26:06.500000,9.730260803702985
2015-03-26T16:26:06.600000,9.74067349752733
2015-03-26T16:26:06.700000,9.730437547499264
2015-03-26T16:26:06.800000,9.736592326043894
2015-03-26T16:26:06.900000,9.75290521821182
2015-03-26T16:26:07.000000,9.7384454565583
2015-03-26T16:26:07.100000,9.740286239478625
2015-03-26T16:26:07.200000,9.731706236639218
2015-03-26T16:26:07.300000,9.745064545009104
2015-03-26T16:26:07.400000,9.76181060130494
2015-03-26T16:26:07.500000,9.73677003650365
2015-03-26T16:26:07.600000,9.732935527332804
2015-03-26T16:26:07.700000,9.733460158472942
2015-03-26T16:26:07.800000,9.71855782655614
2015-03-26T16:26:07.900000,9.712184438823442
2015-03-26T16:26:08.000000,9.716127732847688
2015-03-26T16:26:08.100000,9.723359705861853
2015-03-26T16:26:08.200000,9.7132368450891
2015-03-26T16:26:08.300000,9.72365595458053
2015-03-26T16:26:08.400000,9.729261640744062
2015-03-26T16:26:08.500000,9.699587607394964
2015-03-26T16:26:08.600000,9.711329790993693
2015-03-26T16:26:08.700000,9.728024366259548
2015-03-26T16:26:08.800000,9.702487642146997
2015-03-26T16:26:08.900000,9.705035893267391
2015-03-26T16:26:09.000000,9.736699644996396
2015-03-26T16:26:09.100000,9.727799197417356
2015-03-26T16:26:09.200000,9.720829990420354
2015-03-26T16:26:09.300000,9.722321311733028
2015-03-26T16:26:09.400000,9.718314699787332
2015-03-26T16:26:09.500000,9.722490886454974
2015-03-26T16:26:09.600000,9.726207407278132
2015-03-26T16:26:09.700000,9.727600044261353
2015-03-26T16:26:09.800000,9.744937075513077
2015-03-26T16:26:09.900000,9.756546081267896
2015-03-26T16:26:10.000000,9.745932204716588
2015-03-26T16:26:10.100000,9.763623425546497
2015-03-26T16:26:10.200000,9.741101235304985
2015-03-26T16:26:10.300000,9.737028900915655
2015-03-26T16:26:10.400000,9.766768777086716
2015-03-26T16:26:10.500000,9.753429029333336
2015-03-26T16:26:10.600000,9.743577199704191
2015-03-26T16:26:10.700000,9.760425777082288
2015-03-26T16:26:10.800000,9.762984105331595
2015-03-26T16:26:10.900000,9.764729120819998
2015-03-26T16:26:11.000000,9.764333714401369
2015-03-26T16:26:11.100000,9.761603739435351
2015-03-26T16:26:11.200000,9.767074973613129
2015-03-26T16:26:11.300000,9.778073193370826
2015-03-26T16:26:11.400000,9.783121715795684
2015-03-26T16:26:11.500000,9.772026451114398
2015-03-26T16:26:11.600000,9.75294409015523
2015-03-26T16:26:11.700000,9.754579569856576
2015-03-26T16:26:11.800000,9.752749931579292
2015-03-26T16:26:11.900000,9.769357887940672
2015-03-26T16:26:12.000000,9.782254518135671
2015-03-26T16:26:12.100000,9.760354298228576
2015-03-26T16:26:12.200000,9.753201826916776
2015-03-26T16:26:12.300000,9.753984197778449
2015-03-26T16:26:12.400000,9.751298744963346
2015-03-26T16:26:12.500000,9.75154910788694
2015-03-26T16:26:12.600000,9.750421136572548
2015-03-26T16:26:12.700000,9.74925222095202
2015-03-26T16:26:12.800000,9.75588201863019
2015-03-26T16:26:12.900000,9.74058097016255
2015-03-26T16:26:13.000000,9.722637431133712
2015-03-26T16:26:13.100000,9.735478110330488
2015-03-26T16:26:13.200000,9.75622025942524
2015-03-26T16:26:13.300000,9.745713679151573
2015-03-26T16:26:13.400000,9.738659745803863
2015-03-26T16:26:13.500000,9.738047029764791
2015-03-26T16:26:13.600000,9.706369932903614
2015-03-26T16:26:13.700000,9.731275034477624
2015-03-26T16:26:13.800000,9.739709282473909
2015-03-26T16:26:13.900000,9.73792543946784
2015-03-26T16:26:14.000000,9.719320036203316
2015-03-26T16:26:14.100000,9.728479234455726
2015-03-26T16:26:14.200000,9.746476886067637
2015-03-26T16:26:14.300000,9.731591335724902
2015-03-26T16:26:14.400000,9.734756248680371
2015-03-26T16:26:14.500000,9.730286513617918
2015-03-26T16:26:14.600000,9.728343036144867
2015-03-26T16:26:14.700000,9.722485529156106
2015-03-26T16:26:14.800000,9.718115435067348
2015-03-26T16:26:14.900000,9.72451183638836
2015-03-26T16:26:15.000000,9.730239524386258
2015-03-26T16:26:15.100000,9.75699886900926
2015-03-26T16:26:15.200000,9.75474408891295
2015-03-26T16:26:15.300000,9.745754984679218
2015-03-26T16:26:15.400000,9.738835835912177
2015-03-26T16:26:15.500000,9.73455715226388
2015-03-26T16:26:15.600000,9.723587325881384
2015-03-26T16:26:15.700000,9.741617808804593
2015-03-26T16:26:15.800000,9.764629119025315
2015-03-26T16:26:15.900000,9.742697573752944
2015-03-26T16:26:16.000000,9.736643477885837
2015-03-26T16:26:16.100000,9.759261369632656
2015-03-26T16:26:16.200000,9.776686488602426
2015-03-26T16:26:16.300000,9.769752985248854
2015-03-26T16:26:16.400000,9.737715999277816
2015-03-26T16:26:16.500000,9.741721643463032
2015-03-26T16:26:16.600000,9.757259592489936
2015-03-26T16:26:16.700000,9.760340920435205
2015-03-26T16:26:16.800000,9.767402908512752
2015-03-26T16:26:16.900000,9.774654490727572
2015-03-26T16:26:17.000000,9.774867485444284
2015-03-26T16:26:17.100000,9.770502526109556
2015-03-26T16:26:17.200000,9.766248153101664
2015-03-26T16:26:17.300000,9.748123193261293
2015-03-26T16:26:17.400000,9.74388362137724
2015-03-26T16:26:17.500000,9.74108135325542
2015-03-26T16:26:17.600000,9.747513514343169
2015-03-26T16:26:17.700000,9.76031706180332
2015-03-26T16:26:17.800000,9.755883969048623
2015-03-26T16:26:17.900000,9.74784586649436
2015-03-26T16:26:18.000000,9.735148109212512
2015-03-26T16:26:18.100000,9.73571855706048
2015-03-26T16:26:18.200000,9.744783893805366
2015-03-26T16:26:18.300000,9.740335515282952
2015-03-26T16:26:18.400000,9.747213524747432
2015-03-26T16:26:18.500000,9.75835201512486
2015-03-26T16:26:18.600000,9.74733977278878
2015-03-26T16:26:18.700000,9.733024406860828
2015-03-26T16:26:18.800000,9.736729637366675
2015-03-26T16:26:18.900000,9.716545262197233
2015-03-26T16:26:19.000000,9.719073218144333
2015-03-26T16:26:19.100000,9.74316385521601
2015-03-26T16:26:19.200000,9.733209133797178
2015-03-26T16:26:19.300000,9.73519186369465
2015-03-26T16:26:19.400000,9.736159779832644
2015-03-26T16:26:19.500000,9.744299219606786
2015-03-26T16:26:19.600000,9.751395460485284
2015-03-26T16:26:19.700000,9.74077429290883
2015-03-26T16:26:19.800000,9.72700466076944
2015-03-26T16:26:19.900000,9.726289520737012
2015-03-26T16:26:20.000000,9.728084102594206
2015-03-26T16:26:20.100000,9.73038128071123
2015-03-26T16:26:20.200000,9.744202789547687
2015-03-26T16:26:20.300000,9.745436426097674
2015-03-26T16:26:20.400000,9.725408410743963
2015-03-26T16:26:20.500000,9.718398007820191
2015-03-26T16:26:20.600000,9.7411289393621
2015-03-26T16:26:20.700000,9.765971289614791
2015-03-26T16:26:20.800000,9.760374135509046
2015-03-26T16:26:20.900000,9.720453955749338
2015-03-26T16:26:21.000000,9.743500861266892
2015-03-26T16:26:21.100000,9.765222190270928
2015-03-26T16:26:21.200000,9.745553971117
2015-03-26T16:26:21.300000,9.739268202777094
2015-03-26T16:26:21.400000,9.747655790773166
2015-03-26T16:26:21.500000,9.757926506674028
2015-03-26T16:26:21.600000,9.7529773833701
2015-03-26T16:26:21.700000,9.729026098356089
2015-03-26T16:26:21.800000,9.749772638934658
2015-03-26T16:26:21.900000,9.770715070672162
2015-03-26T16:26:22.000000,9.749183367064564
2015-03-26T16:26:22.100000,9.72754076851752
2015-03-26T16:26:22.200000,9.739631901864133
2015-03-26T16:26:22.300000,9.751519205098388
2015-03-26T16:26:22.400000,9.753320649489725
2015-03-26T16:26:22.500000,9.747641302855708
2015-03-26T16:26:22.600000,9.74309228520218
2015-03-26T16:26:22.700000,9.732164008377415
2015-03-26T16:26:22.800000,9.733410595709
2015-03-26T16:26:22.900000,9.749994229758649
2015-03-26T16:26:23.000000,9.741103178449592
2015-03-26T16:26:23.100000,9.726209249029216
2015-03-26T16:26:23.200000,9.723844265301617
2015-03-26T16:26:23.300000,9.723504451345557
2015-03-26T16:26:23.400000,9.717776494752629
2015-03-26T16:26:23.500000,9.72702834458875
2015-03-26T16:26:23.600000,9.715471741598568
2015-03-26T16:26:23.700000,9.710381830293452
2015-03-26T16:26:23.800000,9.728112861038758
2015-03-26T16:26:23.900000,9.722978463474774
2015-03-26T16:26:24.000000,9.726191566397477
2015-03-26T16:26:24.100000,9.735036735037982
2015-03-26T16:26:24.200000,9.723288669057656
2015-03-26T16:26:24.300000,9.721449440859883
2015-03-26T16:26:24.400000,9.71695939924161
2015-03-26T16:26:24.500000,9.711304685442308
2015-03-26T16:26:24.600000,9.729754833186728
2015-03-26T16:26:24.700000,9.745188214044632
2015-03-26T16:26:24.800000,9.739322729891525
2015-03-26T16:26:24.900000,9.720720687123992
2015-03-26T16:26:25.000000,9.707746094631382
2015-03-26T16:26:25.100000,9.71961562059254
2015-03-26T16:26:25.200000,9.736752456073503
2015-03-26T16:26:25.300000,9.729152277039333
2015-03-26T16:26:25.400000,9.738255176004415
2015-03-26T16:26:25.500000,9.758002708282405
2015-03-26T16:26:25.600000,9.755898867699218
2015-03-26T16:26:25.700000,9.765225706019883
2015-03-26T16:26:25.800000,9.770343671082038
2015-03-26T16:26:25.900000,9.768116920531428
2015-03-26T16:26:26.000000,9.785184802004522
2015-03-26T16:26:26.100000,9.768164117843044
2015-03-26T16:26:26.200000,9.75772661877658
2015-03-26T16:26:26.300000,9.778337633421453
2015-03-26T16:26:26.400000,9.770961295347822
2015-03-26T16:26:26.500000,9.753904981364638
2015-03-26T16:26:26.600000,9.74321714334972
2015-03-26T16:26:26.700000,9.743815492002916
2015-03-26T16:26:26.800000,9.765180331791392
2015-03-26T16:26:26.900000,9.768412941500085
2015-03-26T16:26:27.000000,9.755351947051098
2015-03-26T16:26:27.100000,9.738086564105936
2015-03-26T16:26:27.200000,9.722138218533672
2015-03-26T16:26:27.300000,9.738978507955242
2015-03-26T16:26:27.400000,9.748050155165362
2015-03-26T16:26:27.500000,9.74628458318499
2015-03-26T16:26:27.600000,9.77380335355398
2015-03-26T16:26:27.700000,9.766740046852709
2015-03-26T16:26:27.800000,9.755200266020896
2015-03-26T16:26:27.900000,9.7513724571588
2015-03-26T16:26:28.000000,9.745828116860142
2015-03-26T16:26:28.100000,9.742608319937371
2015-03-26T16:26:28.200000,9.746665923150264
2015-03-26T16:26:28.300000,9.753133657418209
2015-03-26T16:26:28.400000,9.716452103910749
2015-03-26T16:26:28.500000,9.70934390435474
2015-03-26T16:26:28.600000,9.7169883163739
2015-03-26T16:26:28.700000,9.710509244964124
2015-03-26T16:26:28.800000,9.707576415087258
2015-03-26T16:26:28.900000,9.706782676714864
2015-03-26T16:26:29.000000,9.69181917639348
2015-03-26T16:26:29.100000,9.697133245264212
2015-03-26T16:26:29.200000,9.708582169017133
2015-03-26T16:26:29.300000,9.711745436366376
2015-03-26T16:26:29.400000,9.691882858162522
2015-03-26T16:26:29.500000,9.668383137434455
2015-03-26T16:26:29.600000,9.691262055674828
2015-03-26T16:26:29.700000,9.704252793905331
2015-03-26T16:26:29.800000,9.702337860178323
2015-03-26T16:26:29.900000,9.70700010341351
2015-03-26T16:26:30.000000,9.71727043943543
2015-03-26T16:26:30.100000,9.723128434399936
2015-03-26T16:26:30.200000,9.719853865023882
2015-03-26T16:26:30.300000,9.73784270186659
2015-03-26T16:26:30.400000,9.751940405604538
2015-03-26T16:26:30.500000,9.7398620721281
2015-03-26T16:26:30.600000,9.751859451184307
2015-03-26T16:26:30.700000,9.748412857064608
2015-03-26T16:26:30.800000,9.75089450436074
2015-03-26T16:26:30.900000,9.743245410855486
2015-03-26T16:26:31.000000,9.770275251993386
2015-03-26T16:26:31.100000,9.785224048953276
2015-03-26T16:26:31.200000,9.77322830031878
2015-03-26T16:26:31.300000,9.762864713027833
2015-03-26T16:26:31.400000,9.764139474686647
2015-03-26T16:26:31.500000,9.767156247292204
2015-03-26T16:26:31.600000,9.787167331014333
2015-03-26T16:26:31.700000,9.786902736974906
2015-03-26T16:26:31.800000,9.761657462914243
2015-03-26T16:26:31.900000,9.762307454734309
2015-03-26T16:26:32.000000,9.75873794294668
2015-03-26T16:26:32.100000,9.768597201579626
2015-03-26T16:26:32.200000,9.760562513284713
2015-03-26T16:26:32.300000,9.75362037351608
2015-03-26T16:26:32.400000,9.764980123202644
2015-03-26T16:26:32.500000,9.759113300505115
2015-03-26T16:26:32.600000,9.76347398425236
2015-03-26T16:26:32.700000,9.77118779237013
2015-03-26T16:26:32.800000,9.758230233392268
2015-03-26T16:26:32.900000,9.75288709243754
2015-03-26T16:26:33.000000,9.752262477147273
2015-03-26T16:26:33.100000,9.728136786142905
2015-03-26T16:26:33.200000,9.72647562237124
2015-03-26T16:26:33.300000,9.726246344015724
2015-03-26T16:26:33.400000,9.75904714072135
2015-03-26T16:26:33.500000,9.766376131829997
2015-03-26T16:26:33.600000,9.7215669956767
2015-03-26T16:26:33.700000,9.72019878720933
2015-03-26T16:26:33.800000,9.73341777491236
2015-03-26T16:26:33.900000,9.726689397920262
2015-03-26T16:26:34.000000,9.727573110662336
2015-03-26T16:26:34.100000,9.737676615670468
2015-03-26T16:26:34.200000,9.734333301426767
2015-03-26T16:26:34.300000,9.714942536790277
2015-03-26T16:26:34.400000,9.71084373635557
2015-03-26T16:26:34.500000,9.714266459846144
2015-03-26T16:26:34.600000,9.71984767566383
2015-03-26T16:26:34.700000,9.691450679524207
2015-03-26T16:26:34.800000,9.694693770078093
2015-03-26T16:26:34.900000,9.706363151572136
2015-03-26T16:26:35.000000,9.716343285726657
2015-03-26T16:26:35.100000,9.72580267777274
2015-03-26T16:26:35.200000,9.706848329672493
2015-03-26T16:26:35.300000,9.696232226821111
2015-03-26T16:26:35.400000,9.716613800187986
2015-03-26T16:26:35.500000,9.733712938477836
2015-03-26T16:26:35.600000,9.702209512645602
2015-03-26T16:26:35.700000,9.700406044052958
2015-03-26T16:26:35.800000,9.726348291531792
2015-03-26T16:26:35.900000,9.738158467271282
2015-03-26T16:26:36.000000,9.73430042004194
2015-03-26T16:26:36.100000,9.724448233461274
2015-03-26T16:26:36.200000,9.738396370020636
2015-03-26T16:26:36.300000,9.746745250924004
2015-03-26T16:26:36.400000,9.73928035860907
2015-03-26T16:26:36.500000,9.736883305594832
2015-03-26T16:26:36.600000,9.74885838232852
2015-03-26T16:26:36.700000,9.75828279469429
2015-03-26T16:26:36.800000,9.75849468935861
2015-03-26T16:26:36.900000,9.776046689317846
2015-03-26T16:26:37.000000,9.782305778052743
2015-03-26T16:26:37.100000,9.7705978763193
2015-03-26T16:26:37.200000,9.75496278320044
2015-03-26T16:26:37.300000,9.746202090500043
2015-03-26T16:26:37.400000,9.74197661232476
2015-03-26T16:26:37.500000,9.741347178135165
2015-03-26T16:26:37.600000,9.765555223122645
2015-03-26T16:26:37.700000,9.78395551012364
2015-03-26T16:26:37.800000,9.771890685571307
2015-03-26T16:26:37.900000,9.763468802492476
2015-03-26T16:26:38.000000,9.768626115806596
2015-03-26T16:26:38.100000,9.770766087821398
2015-03-26T16:26:38.200000,9.764875041278612
2015-03-26T16:26:38.300000,9.785979192002047
2015-03-26T16:26:38.400000,9.78946612283307
2015-03-26T16:26:38.500000,9.76967332933542
2015-03-26T16:26:38.600000,9.76459908941854
2015-03-26T16:26:38.700000,9.750860070388304
2015-03-26T16:26:38.800000,9.7541980670942
2015-03-26T16:26:38.900000,9.781087625861504
2015-03-26T16:26:39.000000,9.778502160672234
2015-03-26T16:26:39.100000,9.760114126685234
2015-03-26T16:26:39.200000,9.74947835332622
2015-03-26T16:26:39.300000,9.748660931399645
2015-03-26T16:26:39.400000,9.744590384652296
2015-03-26T16:26:39.500000,9.736337040038556
2015-03-26T16:26:39.600000,9.732011788701652
2015-03-26T16:26:39.700000,9.75371467409594
2015-03-26T16:26:39.800000,9.751854336890924
2015-03-26T16:26:39.900000,9.726045498759412
2015-03-26T16:26:40.000000,9.7168901865719
2015-03-26T16:26:40.100000,9.72398957300266
2015-03-26T16:26:40.200000,9.733199811970058
2015-03-26T16:26:40.300000,9.7380805303333
2015-03-26T16:26:40.400000,9.72154745240261
2015-03-26T16:26:40.500000,9.721230309423596
2015-03-26T16:26:40.600000,9.740691511660938
2015-03-26T16:26:40.700000,9.73589919797853
2015-03-26T16:26:40.800000,9.735501119524878
2015-03-26T16:26:40.900000,9.757120674247018
2015-03-26T16:26:41.000000,9.750901900663951
2015-03-26T16:26:41.100000,9.72020928055531
2015-03-26T16:26:41.200000,9.706797759219732
2015-03-26T16:26:41.300000,9.709338146795282
2015-03-26T16:26:41.400000,9.727218069839664
2015-03-26T16:26:41.500000,9.732500329409625
2015-03-26T16:26:41.600000,9.72122097535702
2015-03-26T16:26:41.700000,9.73669686755419
2015-03-26T16:26:41.800000,9.743318291405652
2015-03-26T16:26:41.900000,9.729622297968437
2015-03-26T16:26:42.000000,9.72033024599446
2015-03-26T16:26:42.100000,9.730968893934044
2015-03-26T16:26:42.200000,9.723413570254689
2015-03-26T16:26:42.300000,9.719333372225366
2015-03-26T16:26:42.400000,9.732630918765157
2015-03-26T16:26:42.500000,9.7430999771155
2015-03-26T16:26:42.600000,9.734235097807586
2015-03-26T16:26:42.700000,9.742060304577397
2015-03-26T16:26:42.800000,9.740431556178544
2015-03-26T16:26:42.900000,9.727313570197738
2015-03-26T16:26:43.000000,9.725890516162986
2015-03-26T16:26:43.100000,9.716237087999104
2015-03-26T16:26:43.200000,9.718432293650803
2015-03-26T16:26:43.300000,9.718592257014988
2015-03-26T16:26:43.400000,9.733939532153236
2015-03-26T16:26:43.500000,9.736756507302587
2015-03-26T16:26:43.600000,9.738937408693486
2015-03-26T16:26:43.700000,9.754213124842249
2015-03-26T16:26:43.800000,9.742934968318908
2015-03-26T16:26:43.900000,9.739993609451773
2015-03-26T16:26:44.000000,9.728064163592224
2015-03-26T16:26:44.100000,9.716017109011734
2015-03-26T16:26:44.200000,9.721841064376012
2015-03-26T16:26:44.300000,9.715221473765636
2015-03-26T16:26:44.400000,9.722361389130118
2015-03-26T16:26:44.500000,9.73717794145043
2015-03-26T16:26:44.600000,9.730696569517905
2015-03-26T16:26:44.700000,9.710964620767
2015-03-26T16:26:44.800000,9.720503757731748
2015-03-26T16:26:44.900000,9.74809411440088
2015-03-26T16:26:45.000000,9.740236937494196
2015-03-26T16:26:45.100000,9.734046131371588
2015-03-26T16:26:45.200000,9.738486223111726
2015-03-26T16:26:45.300000,9.76108991955004
2015-03-26T16:26:45.400000,9.775770461061056
2015-03-26T16:26:45.500000,9.77305014167212
2015-03-26T16:26:45.600000,9.75336834622228
2015-03-26T16:26:45.700000,9.750606972413708
2015-03-26T16:26:45.800000,9.757955843979394
2015-03-26T16:26:45.900000,9.760314734211128
2015-03-26T16:26:46.000000,9.780592546960836
2015-03-26T16:26:46.100000,9.775511365445784
2015-03-26T16:26:46.200000,9.771917223954349
2015-03-26T16:26:46.300000,9.764185525195977
2015-03-26T16:26:46.400000,9.77759942231794
2015-03-26T16:26:46.500000,9.77317830017091
2015-03-26T16:26:46.600000,9.755736367384015
2015-03-26T16:26:46.700000,9.76611081585341
2015-03-26T16:26:46.800000,9.775387656154177
2015-03-26T16:26:46.900000,9.771113679997868
2015-03-26T16:26:47.000000,9.741164350115472
2015-03-26T16:26:47.100000,9.747296771109747
2015-03-26T16:26:47.200000,9.761873275129211
2015-03-26T16:26:47.300000,9.787427890533014
2015-03-26T16:26:47.400000,9.78506208226501
2015-03-26T16:26:47.500000,9.756395742600589
2015-03-26T16:26:47.600000,9.762856930995312
2015-03-26T16:26:47.700000,9.735364718446723
2015-03-26T16:26:47.800000,9.737139831126653
2015-03-26T16:26:47.900000,9.77529668215805
2015-03-26T16:26:48.000000,9.761348118415688
2015-03-26T16:26:48.100000,9.728259051795147
2015-03-26T16:26:48.200000,9.743680499621778
2015-03-26T16:26:48.300000,9.774812595606493
2015-03-26T16:26:48.400000,9.760559251709228
2015-03-26T16:26:48.500000,9.738286294934849
2015-03-26T16:26:48.600000,9.730258601829144
2015-03-26T16:26:48.700000,9.730043122837367
2015-03-26T16:26:48.800000,9.727169366412094
2015-03-26T16:26:48.900000,9.726587797568632
2015-03-26T16:26:49.000000,9.719586475547992
2015-03-26T16:26:49.100000,9.708171800851112
2015-03-26T16:26:49.200000,9.705830457688691
2015-03-26T16:26:49.300000,9.713876906993082
2015-03-26T16:26:49.400000,9.73238380924656
2015-03-26T16:26:49.500000,9.731815673331171
2015-03-26T16:26:49.600000,9.720398365203115
2015-03-26T16:26:49.700000,9.724399586602404
2015-03-26T16:26:49.800000,9.743316319250864
2015-03-26T16:26:49.900000,9.722378117449836
2015-03-26T16:26:50.000000,9.712486729994316
2015-03-26T16:26:50.100000,9.724389035081575
2015-03-26T16:26:50.200000,9.71879440280203
2015-03-26T16:26:50.300000,9.711527816575003
2015-03-26T16:26:50.400000,9.704154576225978
2015-03-26T16:26:50.500000,9.715837010316417
2015-03-26T16:26:50.600000,9.712078858376248
2015-03-26T16:26:50.700000,9.711726444421243
2015-03-26T16:26:50.800000,9.719973812644364
2015-03-26T16:26:50.900000,9.724876681880115
2015-03-26T16:26:51.000000,9.7218131395179
2015-03-26T16:26:51.100000,9.711749904461598
2015-03-26T16:26:51.200000,9.713858603573923
2015-03-26T16:26:51.300000,9.735251571752512
2015-03-26T16:26:51.400000,9.752786095489231
2015-03-26T16:26:51.500000,9.7558496240436
2015-03-26T16:26:51.600000,9.739195503560667
2015-03-26T16:26:51.700000,9.73961330242425
2015-03-26T16:26:51.800000,9.748155344803251
2015-03-26T16:26:51.900000,9.740615946967656
2015-03-26T16:26:52.000000,9.74794371575175
2015-03-26T16:26:52.100000,9.743802289270173
2015-03-26T16:26:52.200000,9.760007788318196
2015-03-26T16:26:52.300000,9.753177270061586
2015-03-26T16:26:52.400000,9.753175652581964
2015-03-26T16:26:52.500000,9.776740740270412
2015-03-26T16:26:52.600000,9.75927149762261
2015-03-26T16:26:52.700000,9.747339803320878
2015-03-26T16:26:52.800000,9.749514707258411
2015-03-26T16:26:52.900000,9.780821074196622
2015-03-26T16:26:53.000000,9.792813480145472
2015-03-26T16:26:53.100000,9.784661000478094
2015-03-26T16:26:53.200000,9.76951981363612
2015-03-26T16:26:53.300000,9.767668121622394
2015-03-26T16:26:53.400000,9.777843983337762
2015-03-26T16:26:53.500000,9.767085569413938
2015-03-26T16:26:53.600000,9.765783850041815
2015-03-26T16:26:53.700000,9.758036266723373
2015-03-26T16:26:53.800000,9.765602275893723
2015-03-26T16:26:53.900000,9.766531462518085
2015-03-26T16:26:54.000000,9.757392933538409
2015-03-26T16:26:54.100000,9.761949344146409
2015-03-26T16:26:54.200000,9.758257802411633
2015-03-26T16:26:54.300000,9.758841372034816
2015-03-26T16:26:54.400000,9.753294940570392
2015-03-26T16:26:54.500000,9.740548797482688
2015-03-26T16:26:54.600000,9.751540218870748
2015-03-26T16:26:54.700000,9.7442466459174
2015-03-26T16:26:54.800000,9.74537962327063
2015-03-26T16:26:54.900000,9.736708869716368
2015-03-26T16:26:55.000000,9.735621630130485
2015-03-26T16:26:55.100000,9.739706975934595
2015-03-26T16:26:55.200000,9.730864893069755
2015-03-26T16:26:55.300000,9.729590726070096
2015-03-26T16:26:55.400000,9.756893430215838
2015-03-26T16:26:55.500000,9.766825047437504
2015-03-26T16:26:55.600000,9.742912379251928
2015-03-26T16:26:55.700000,9.757438739181907
2015-03-26T16:26:55.800000,9.758633363891985
2015-03-26T16:26:55.900000,9.7546712800019
2015-03-26T16:26:56.000000,9.762324617651036
2015-03-26T16:26:56.100000,9.752734472397108
2015-03-26T16:26:56.200000,9.743531820134107
2015-03-26T16:26:56.300000,9.76132184762784
2015-03-26T16:26:56.400000,9.75474045498863
2015-03-26T16:26:56.500000,9.728530422038816
2015-03-26T16:26:56.600000,9.734705792957111
2015-03-26T16:26:56.700000,9.745658105641132
2015-03-26T16:26:56.800000,9.746359794834683
2015-03-26T16:26:56.900000,9.720979392347552
2015-03-26T16:26:57.000000,9.734180649409264
2015-03-26T16:26:57.100000,9.755472813027067
2015-03-26T16:26:57.200000,9.7300024602315
2015-03-26T16:26:57.300000,9.715979723371955
2015-03-26T16:26:57.400000,9.7320853627119
2015-03-26T16:26:57.500000,9.764975204535451
2015-03-26T16:26:57.600000,9.75835675819092
2015-03-26T16:26:57.700000,9.74475696373718
2015-03-26T16:26:57.800000,9.753660855949644
2015-03-26T16:26:57.900000,9.767017409882085
2015-03-26T16:26:58.000000,9.75906023102574
2015-03-26T16:26:58.100000,9.755278531922016
2015-03-26T16:26:58.200000,9.73953496122503
2015-03-26T16:26:58.300000,9.73119822490594
2015-03-26T16:26:58.400000,9.743683538549083
2015-03-26T16:26:58.500000,9.729745907173651
2015-03-26T16:26:58.600000,9.72946528405985
2015-03-26T16:26:58.700000,9.729885169032128
2015-03-26T16:26:58.800000,9.727329815767286
2015-03-26T16:26:58.900000,9.756425645806246
2015-03-26T16:26:59.000000,9.75713206057133
2015-03-26T16:26:59.100000,9.72983467997143
2015-03-26T16:26:59.200000,9.73551156434062
2015-03-26T16:26:59.300000,9.741602962095882
2015-03-26T16:26:59.400000,9.73468808063485
2015-03-26T16:26:59.500000,9.733910842843876
2015-03-26T16:26:59.600000,9.733449464973178
2015-03-26T16:26:59.700000,9.734565234748809
2015-03-26T16:26:59.800000,9.744676486698287
2015-03-26T16:26:59.900000,9.76148116839507
2015-03-26T16:27:00.000000,9.747768180480245
2015-03-26T16:27:00.100000,9.7331184299955
2015-03-26T16:27:00.200000,9.73583188402953
2015-03-26T16:27:00.300000,9.719482709974953
2015-03-26T16:27:00.400000,9.710492925821448
2015-03-26T16:27:00.500000,9.720816400420356
2015-03-26T16:27:00.600000,9.722270591336144
2015-03-26T16:27:00.700000,9.744503174628267
2015-03-26T16:27:00.800000,9.757488534058009
2015-03-26T16:27:00.900000,9.73393846739534
2015-03-26T16:27:01.000000,9.714519738350772
2015-03-26T16:27:01.100000,9.72123706061568
2015-03-26T16:27:01.200000,9.743847784360836
2015-03-26T16:27:01.300000,9.739662003291006
2015-03-26T16:27:01.400000,9.73458915664605
2015-03-26T16:27:01.500000,9.733743043831296
2015-03-26T16:27:01.600000,9.729474183804411
2015-03-26T16:27:01.700000,9.73248605017502
2015-03-26T16:27:01.800000,9.742610899755254
2015-03-26T16:27:01.900000,9.736141601532848
2015-03-26T16:27:02.000000,9.744956441841126
2015-03-26T16:27:02.100000,9.74087316795665
2015-03-26T16:27:02.200000,9.730186761619263
2015-03-26T16:27:02.300000,9.729582184101943
2015-03-26T16:27:02.400000,9.734331461037922
2015-03-26T16:27:02.500000,9.726740461845376
2015-03-26T16:27:02.600000,9.730941059958056
2015-03-26T16:27:02.700000,9.740919280604611
2015-03-26T16:27:02.800000,9.765543390477898
2015-03-26T16:27:02.900000,9.75841989395036
2015-03-26T16:27:03.000000,9.740967103092188
2015-03-26T16:27:03.100000,9.752057729748817
2015-03-26T16:27:03.200000,9.761756035473574
2015-03-26T16:27:03.300000,9.747637991073772
2015-03-26T16:27:03.400000,9.773141328046018
2015-03-26T16:27:03.500000,9.79001867149699
2015-03-26T16:27:03.600000,9.784016180196588
2015-03-26T16:27:03.700000,9.784701446226276
2015-03-26T16:27:03.800000,9.762469411337358
2015-03-26T16:27:03.900000,9.751854842024086
2015-03-26T16:27:04.000000,9.74536805787757
2015-03-26T16:27:04.100000,9.734072468380756
2015-03-26T16:27:04.200000,9.74593526183856
2015-03-26T16:27:04.300000,9.766960922865623
2015-03-26T16:27:04.400000,9.76332190366749
2015-03-26T16:27:04.500000,9.759383575203396
2015-03-26T16:27:04.600000,9.755838118750336
2015-03-26T16:27:04.700000,9.773604745156709
2015-03-26T16:27:04.800000,9.75596932778297
2015-03-26T16:27:04.900000,9.745429657969286
2015-03-26T16:27:05.000000,9.758359000617917
2015-03-26T16:27:05.100000,9.739308948783698
2015-03-26T16:27:05.200000,9.72180456823065
2015-03-26T16:27:05.300000,9.746643599574927
2015-03-26T16:27:05.400000,9.76058101629537
2015-03-26T16:27:05.500000,9.74187671809699
2015-03-26T16:27:05.600000,9.739325745407069
2015-03-26T16:27:05.700000,9.731425184331712
2015-03-26T16:27:05.800000,9.733329943203566
2015-03-26T16:27:05.900000,9.75117833125398
2015-03-26T16:27:06.000000,9.739791543421266
2015-03-26T16:27:06.100000,9.730110751108237
2015-03-26T16:27:06.200000,9.720516875011729
2015-03-26T16:27:06.300000,9.713023790480824
2015-03-26T16:27:06.400000,9.71866974062807
2015-03-26T16:27:06.500000,9.729537234896805
2015-03-26T16:27:06.600000,9.744441168645093
2015-03-26T16:27:06.700000,9.723663262158103
2015-03-26T16:27:06.800000,9.718249549341888
2015-03-26T16:27:06.900000,9.723767582651798
2015-03-26T16:27:07.000000,9.715636923039154
2015-03-26T16:27:07.100000,9.714310503408322
2015-03-26T16:27:07.200000,9.709625582786655
2015-03-26T16:27:07.300000,9.721630847647
2015-03-26T16:27:07.400000,9.718553133705225
2015-03-26T16:27:07.500000,9.721691627931955
2015-03-26T16:27:07.600000,9.727824740811336
2015-03-26T16:27:07.700000,9.736999965252808
2015-03-26T16:27:07.800000,9.761596652669656
2015-03-26T16:27:07.900000,9.753660839653357
2015-03-26T16:27:08.000000,9.751727922339091
2015-03-26T16:27:08.100000,9.755634194531012
2015-03-26T16:27:08.200000,9.732704013509466
2015-03-26T16:27:08.300000,9.728717500307926
2015-03-26T16:27:08.400000,9.744557476686817
2015-03-26T16:27:08.500000,9.755695684415643
2015-03-26T16:27:08.600000,9.747816556068583
2015-03-26T16:27:08.700000,9.743336339909265
2015-03-26T16:27:08.800000,9.743695941924122
2015-03-26T16:27:08.900000,9.745307960602137
2015-03-26T16:27:09.000000,9.741287696544356
2015-03-26T16:27:09.100000,9.728685697015884
2015-03-26T16:27:09.200000,9.726937892572382
2015-03-26T16:27:09.300000,9.744857532581634
2015-03-26T16:27:09.400000,9.758191593369304
2015-03-26T16:27:09.500000,9.741863480189329
2015-03-26T16:27:09.600000,9.730666805814549
2015-03-26T16:27:09.700000,9.746790389763763
2015-03-26T16:27:09.800000,9.736749822947194
2015-03-26T16:27:09.900000,9.743514958152254
2015-03-26T16:27:10.000000,9.750643446103297
2015-03-26T16:27:10.100000,9.768917714919878
2015-03-26T16:27:10.200000,9.751739668852869
2015-03-26T16:27:10.300000,9.738194053934995
2015-03-26T16:27:10.400000,9.754815408323465
2015-03-26T16:27:10.500000,9.784586832380011
2015-03-26T16:27:10.600000,9.76165071809877
2015-03-26T16:27:10.700000,9.744207883748397
2015-03-26T16:27:10.800000,9.749276063320083
2015-03-26T16:27:10.900000,9.735895809824806
2015-03-26T16:27:11.000000,9.724761370475033
2015-03-26T16:27:11.100000,9.736884863266688
2015-03-26T16:27:11.200000,9.745514404720716
2015-03-26T16:27:11.300000,9.727949963347369
2015-03-26T16:27:11.400000,9.728017284373916
2015-03-26T16:27:11.500000,9.740910357883008
2015-03-26T16:27:11.600000,9.735145203469337
2015-03-26T16:27:11.700000,9.73915107430795
2015-03-26T16:27:11.800000,9.733020172709358
2015-03-26T16:27:11.900000,9.731290273092336
2015-03-26T16:27:12.000000,9.74035214284693
2015-03-26T16:27:12.100000,9.760154990700622
2015-03-26T16:27:12.200000,9.74152183266015
2015-03-26T16:27:12.300000,9.735262370725165
2015-03-26T16:27:12.400000,9.738879352287954
2015-03-26T16:27:12.500000,9.74381725136807
2015-03-26T16:27:12.600000,9.743649049199004
2015-03-26T16:27:12.700000,9.733686939962682
2015-03-26T16:27:12.800000,9.745416162172733
2015-03-26T16:27:12.900000,9.730522280534563
2015-03-26T16:27:13.000000,9.721224923242104
2015-03-26T16:27:13.100000,9.739565188610676
2015-03-26T16:27:13.200000,9.74018076913832
2015-03-26T16:27:13.300000,9.749393112870283
2015-03-26T16:27:13.400000,9.731349537253616
2015-03-26T16:27:13.500000,9.704771851879835
2015-03-26T16:27:13.600000,9.727172878483362
2015-03-26T16:27:13.700000,9.731044518598097
2015-03-26T16:27:13.800000,9.742721774272898
2015-03-26T16:27:13.900000,9.755148153586855
2015-03-26T16:27:14.000000,9.744401808462738
2015-03-26T16:27:14.100000,9.75354289593978
2015-03-26T16:27:14.200000,9.7475572290867
2015-03-26T16:27:14.300000,9.735632617499272
2015-03-26T16:27:14.400000,9.743935033028276
2015-03-26T16:27:14.500000,9.754913556801368
2015-03-26T16:27:14.600000,9.754201475604454
2015-03-26T16:27:14.700000,9.769334248334244
2015-03-26T16:27:14.800000,9.767871548224065
2015-03-26T16:27:14.900000,9.757439909683784
2015-03-26T16:27:15.000000,9.757725730577356
2015-03-26T16:27:15.100000,9.758376929246142
2015-03-26T16:27:15.200000,9.774333063476664
2015-03-26T16:27:15.300000,9.757423329659462
2015-03-26T16:27:15.400000,9.753149115290972
2015-03-26T16:27:15.500000,9.772553871632756
2015-03-26T16:27:15.600000,9.753768450421878
2015-03-26T16:27:15.700000,9.74866483834534
2015-03-26T16:27:15.800000,9.747111494117624
2015-03-26T16:27:15.900000,9.755834875609146
2015-03-26T16:27:16.000000,9.743666739366772
2015-03-26T16:27:16.100000,9.75240721730295
2015-03-26T16:27:16.200000,9.75217726252104
2015-03-26T16:27:16.300000,9.74463034603732
2015-03-26T16:27:16.400000,9.750678880992265
2015-03-26T16:27:16.500000,9.74068276466308
2015-03-26T16:27:16.600000,9.745337299698084
2015-03-26T16:27:16.700000,9.757688150046596
2015-03-26T16:27:16.800000,9.762798571603264
2015-03-26T16:27:16.900000,9.76739113688926
2015-03-26T16:27:17.000000,9.77158971661261
2015-03-26T16:27:17.100000,9.781845992096263
2015-03-26T16:27:17.200000,9.764501140085532
2015-03-26T16:27:17.300000,9.746405355088196
2015-03-26T16:27:17.400000,9.745321378317009
2015-03-26T16:27:17.500000,9.746522295554158
2015-03-26T16:27:17.600000,9.72302073335353
2015-03-26T16:27:17.700000,9.70737520116534
2015-03-26T16:27:17.800000,9.716657320761854
2015-03-26T16:27:17.900000,9.723640153640789
2015-03-26T16:27:18.000000,9.712343910381351
2015-03-26T16:27:18.100000,9.712162619207852
2015-03-26T16:27:18.200000,9.711557466526468
2015-03-26T16:27:18.300000,9.701116861969345
