datetime,VN1005_acc_d_m/s/s
2015-03-26T16:00:00.000000,9.769873738437616
2015-03-26T16:00:00.100000,9.799030803937228
2015-03-26T16:00:00.200000,9.8059505608874
2015-03-26T16:00:00.300000,9.784411441766492
2015-03-26T16:00:00.400000,9.77444372842684
2015-03-26T16:00:00.500000,9.787759217335454
2015-03-26T16:00:00.600000,9.78801207667395
2015-03-26T16:00:00.700000,9.78459273424271
2015-03-26T16:00:00.800000,9.79882337767907
2015-03-26T16:00:00.900000,9.802752081503122
2015-03-26T16:00:01.000000,9.780971448730591
2015-03-26T16:00:01.100000,9.789973074506504
2015-03-26T16:00:01.200000,9.78215202589024
2015-03-26T16:00:01.300000,9.784464627076044
2015-03-26T16:00:01.400000,9.765913985232356
2015-03-26T16:00:01.500000,9.77703801540594
2015-03-26T16:00:01.600000,9.800213230049469
2015-03-26T16:00:01.700000,9.782547433273614
2015-03-26T16:00:01.800000,9.780790872649971
2015-03-26T16:00:01.900000,9.770599509804184
2015-03-26T16:00:02.000000,9.770358508402683
2015-03-26T16:00:02.100000,9.757198440232097
2015-03-26T16:00:02.200000,9.756506558492571
2015-03-26T16:00:02.300000,9.76206531286216
2015-03-26T16:00:02.400000,9.753998977208216
2015-03-26T16:00:02.500000,9.736575175404404
2015-03-26T16:00:02.600000,9.752358018161956
2015-03-26T16:00:02.700000,9.7408973245369
2015-03-26T16:00:02.800000,9.7433248962975
2015-03-26T16:00:02.900000,9.728299368747674
2015-03-26T16:00:03.000000,9.736285850272951
2015-03-26T16:00:03.100000,9.723251673863896
2015-03-26T16:00:03.200000,9.741773240770035
2015-03-26T16:00:03.300000,9.73013578787448
2015-03-26T16:00:03.400000,9.724673083767936
2015-03-26T16:00:03.500000,9.726244479065656
2015-03-26T16:00:03.600000,9.7411008931732
2015-03-26T16:00:03.700000,9.738349360906849
2015-03-26T16:00:03.800000,9.730204850860217
2015-03-26T16:00:03.900000,9.740762634983565
2015-03-26T16:00:04.000000,9.731474157242149
2015-03-26T16:00:04.100000,9.741278878383008
2015-03-26T16:00:04.200000,9.731340316735576
2015-03-26T16:00:04.300000,9.76527607302501
2015-03-26T16:00:04.400000,9.759986585894572
2015-03-26T16:00:04.500000,9.744415709940004
2015-03-26T16:00:04.600000,9.770477518976026
2015-03-26T16:00:04.700000,9.775704281644131
2015-03-26T16:00:04.800000,9.777719269542288
2015-03-26T16:00:04.900000,9.77434870673696
2015-03-26T16:00:05.000000,9.772044405804472
2015-03-26T16:00:05.100000,9.805652257005905
2015-03-26T16:00:05.200000,9.785257351179329
2015-03-26T16:00:05.300000,9.781389143347935
2015-03-26T16:00:05.400000,9.785873536885582
2015-03-26T16:00:05.500000,9.78826826083564
2015-03-26T16:00:05.600000,9.78321830563914
2015-03-26T16:00:05.700000,9.78787109575302
2015-03-26T16:00:05.800000,9.78268009956477
2015-03-26T16:00:05.900000,9.776711381421578
2015-03-26T16:00:06.000000,9.786880435508364
2015-03-26T16:00:06.100000,9.79885750711478
2015-03-26T16:00:06.200000,9.794584728432088
2015-03-26T16:00:06.300000,9.788082651343167
2015-03-26T16:00:06.400000,9.779249832483591
2015-03-26T16:00:06.500000,9.807381117588598
2015-03-26T16:00:06.600000,9.791195553554946
2015-03-26T16:00:06.700000,9.793047824835073
2015-03-26T16:00:06.800000,9.794570178356055
2015-03-26T16:00:06.900000,9.785767951163423
2015-03-26T16:00:07.000000,9.788857393008998
2015-03-26T16:00:07.100000,9.780470197128045
2015-03-26T16:00:07.200000,9.77030001578534
2015-03-26T16:00:07.300000,9.7534170117467
2015-03-26T16:00:07.400000,9.760696494964876
2015-03-26T16:00:07.500000,9.770583544797486
2015-03-26T16:00:07.600000,9.743238647326583
2015-03-26T16:00:07.700000,9.747788889091288
2015-03-26T16:00:07.800000,9.755707148626453
2015-03-26T16:00:07.900000,9.760643098400298
2015-03-26T16:00:08.000000,9.75331767357514
2015-03-26T16:00:08.100000,9.76090656242648
2015-03-26T16:00:08.200000,9.739661145510684
2015-03-26T16:00:08.300000,9.74828697512899
2015-03-26T16:00:08.400000,9.74397389384999
2015-03-26T16:00:08.500000,9.738303287701273
2015-03-26T16:00:08.600000,9.751710996725167
2015-03-26T16:00:08.700000,9.766633974115887
2015-03-26T16:00:08.800000,9.763138312365308
2015-03-26T16:00:08.900000,9.75821965919521
2015-03-26T16:00:09.000000,9.742876920157688
2015-03-26T16:00:09.100000,9.717148055905335
2015-03-26T16:00:09.200000,9.728021311464154
2015-03-26T16:00:09.300000,9.750354046589432
2015-03-26T16:00:09.400000,9.763340427777296
2015-03-26T16:00:09.500000,9.764163128497405
2015-03-26T16:00:09.600000,9.755860680349327
2015-03-26T16:00:09.700000,9.755660628013434
2015-03-26T16:00:09.800000,9.762018912703583
2015-03-26T16:00:09.900000,9.749709852745058
2015-03-26T16:00:10.000000,9.78826200730009
2015-03-26T16:00:10.100000,9.76385606749346
2015-03-26T16:00:10.200000,9.752517784007717
2015-03-26T16:00:10.300000,9.762695588022163
2015-03-26T16:00:10.400000,9.767818956900804
2015-03-26T16:00:10.500000,9.787656738504069
2015-03-26T16:00:10.600000,9.776835894584988
2015-03-26T16:00:10.700000,9.790352661269592
2015-03-26T16:00:10.800000,9.794378559602436
2015-03-26T16:00:10.900000,9.79002013512834
2015-03-26T16:00:11.000000,9.77414923245429
2015-03-26T16:00:11.100000,9.760779719113454
2015-03-26T16:00:11.200000,9.78059934297341
2015-03-26T16:00:11.300000,9.787312869075151
2015-03-26T16:00:11.400000,9.803548774455765
2015-03-26T16:00:11.500000,9.795264172721431
2015-03-26T16:00:11.600000,9.76867465261263
2015-03-26T16:00:11.700000,9.772716950347084
2015-03-26T16:00:11.800000,9.779814543508651
2015-03-26T16:00:11.900000,9.78931041732559
2015-03-26T16:00:12.000000,9.783740314604614
2015-03-26T16:00:12.100000,9.798017540849155
2015-03-26T16:00:12.200000,9.771413456939833
2015-03-26T16:00:12.300000,9.778216765824428
2015-03-26T16:00:12.400000,9.780639153999838
2015-03-26T16:00:12.500000,9.759586040085502
2015-03-26T16:00:12.600000,9.76769255032577
2015-03-26T16:00:12.700000,9.785160234357305
2015-03-26T16:00:12.800000,9.7507175169334
2015-03-26T16:00:12.900000,9.77345655154594
2015-03-26T16:00:13.000000,9.74803777438694
2015-03-26T16:00:13.100000,9.755738776292514
2015-03-26T16:00:13.200000,9.732464860557402
2015-03-26T16:00:13.300000,9.75109723519921
2015-03-26T16:00:13.400000,9.769771536991268
2015-03-26T16:00:13.500000,9.733755864145492
2015-03-26T16:00:13.600000,9.751549876291286
2015-03-26T16:00:13.700000,9.740674395358552
2015-03-26T16:00:13.800000,9.751302698428171
2015-03-26T16:00:13.900000,9.760805963964389
2015-03-26T16:00:14.000000,9.758018829690242
2015-03-26T16:00:14.100000,9.744512766403616
2015-03-26T16:00:14.200000,9.736717494723615
2015-03-26T16:00:14.300000,9.746976685419892
2015-03-26T16:00:14.400000,9.742508423417789
2015-03-26T16:00:14.500000,9.758813948227193
2015-03-26T16:00:14.600000,9.744602121851209
2015-03-26T16:00:14.700000,9.759983933252943
2015-03-26T16:00:14.800000,9.758396178813042
2015-03-26T16:00:14.900000,9.77291050621641
2015-03-26T16:00:15.000000,9.775264254995584
2015-03-26T16:00:15.100000,9.770131463967978
2015-03-26T16:00:15.200000,9.76445480637542
2015-03-26T16:00:15.300000,9.765747237198312
2015-03-26T16:00:15.400000,9.78708734904513
2015-03-26T16:00:15.500000,9.783661588344389
2015-03-26T16:00:15.600000,9.782812929885251
2015-03-26T16:00:15.700000,9.784975463713092
2015-03-26T16:00:15.800000,9.782621828344425
2015-03-26T16:00:15.900000,9.788614437053988
2015-03-26T16:00:16.000000,9.775424972224048
2015-03-26T16:00:16.100000,9.791912015777116
2015-03-26T16:00:16.200000,9.785153360455894
2015-03-26T16:00:16.300000,9.785832618471252
2015-03-26T16:00:16.400000,9.785908376814564
2015-03-26T16:00:16.500000,9.81820743155442
2015-03-26T16:00:16.600000,9.79031553000141
2015-03-26T16:00:16.700000,9.79106690869928
2015-03-26T16:00:16.800000,9.779456576871093
2015-03-26T16:00:16.900000,9.78323565491929
2015-03-26T16:00:17.000000,9.779897789527237
2015-03-26T16:00:17.100000,9.793947426069714
2015-03-26T16:00:17.200000,9.784134934416246
2015-03-26T16:00:17.300000,9.78104354419266
2015-03-26T16:00:17.400000,9.761743261623543
2015-03-26T16:00:17.500000,9.765814995357784
2015-03-26T16:00:17.600000,9.76074450816216
2015-03-26T16:00:17.700000,9.780144569212093
2015-03-26T16:00:17.800000,9.749974642534443
2015-03-26T16:00:17.900000,9.742074946330952
2015-03-26T16:00:18.000000,9.735301652221583
2015-03-26T16:00:18.100000,9.743009400787445
2015-03-26T16:00:18.200000,9.740472024249396
2015-03-26T16:00:18.300000,9.74323343006219
2015-03-26T16:00:18.400000,9.737638565912537
2015-03-26T16:00:18.500000,9.73612921939617
2015-03-26T16:00:18.600000,9.744082638379702
2015-03-26T16:00:18.700000,9.725668382354868
2015-03-26T16:00:18.800000,9.755235411708163
2015-03-26T16:00:18.900000,9.724804118031434
2015-03-26T16:00:19.000000,9.74741070181295
2015-03-26T16:00:19.100000,9.736189902409272
2015-03-26T16:00:19.200000,9.73806853906581
2015-03-26T16:00:19.300000,9.74045462582323
2015-03-26T16:00:19.400000,9.76785950908799
2015-03-26T16:00:19.500000,9.734982660227674
2015-03-26T16:00:19.600000,9.742618624362276
2015-03-26T16:00:19.700000,9.750254938237749
2015-03-26T16:00:19.800000,9.75397196415802
2015-03-26T16:00:19.900000,9.747176861127205
2015-03-26T16:00:20.000000,9.762598260362228
2015-03-26T16:00:20.100000,9.767382963228483
2015-03-26T16:00:20.200000,9.761824384908325
2015-03-26T16:00:20.300000,9.745428754611622
2015-03-26T16:00:20.400000,9.760435346430762
2015-03-26T16:00:20.500000,9.775432484876736
2015-03-26T16:00:20.600000,9.78343316639171
2015-03-26T16:00:20.700000,9.779724012648307
2015-03-26T16:00:20.800000,9.792043033340926
2015-03-26T16:00:20.900000,9.800797380955112
2015-03-26T16:00:21.000000,9.794885408083706
2015-03-26T16:00:21.100000,9.788199547608198
2015-03-26T16:00:21.200000,9.786995052864754
2015-03-26T16:00:21.300000,9.798822709815443
2015-03-26T16:00:21.400000,9.792015237029547
2015-03-26T16:00:21.500000,9.778696042140146
2015-03-26T16:00:21.600000,9.7660013648762
2015-03-26T16:00:21.700000,9.768184683329752
2015-03-26T16:00:21.800000,9.770690429542796
2015-03-26T16:00:21.900000,9.778749133686684
2015-03-26T16:00:22.000000,9.777103435957342
2015-03-26T16:00:22.100000,9.793660323058024
2015-03-26T16:00:22.200000,9.796959620757704
2015-03-26T16:00:22.300000,9.781053268746652
2015-03-26T16:00:22.400000,9.773434617579971
2015-03-26T16:00:22.500000,9.790728307167727
2015-03-26T16:00:22.600000,9.788587366994472
2015-03-26T16:00:22.700000,9.782883558176946
2015-03-26T16:00:22.800000,9.77169818268002
2015-03-26T16:00:22.900000,9.770163892938896
2015-03-26T16:00:23.000000,9.772042577654569
2015-03-26T16:00:23.100000,9.770140681517674
2015-03-26T16:00:23.200000,9.766595961100462
2015-03-26T16:00:23.300000,9.772599314037803
2015-03-26T16:00:23.400000,9.766809007566076
2015-03-26T16:00:23.500000,9.751718415442236
2015-03-26T16:00:23.600000,9.764210233891736
2015-03-26T16:00:23.700000,9.747167786432607
2015-03-26T16:00:23.800000,9.737617069155393
2015-03-26T16:00:23.900000,9.743125627006402
2015-03-26T16:00:24.000000,9.748634223551274
2015-03-26T16:00:24.100000,9.729546649663746
2015-03-26T16:00:24.200000,9.733548771279832
2015-03-26T16:00:24.300000,9.733388083611056
2015-03-26T16:00:24.400000,9.732470532505683
2015-03-26T16:00:24.500000,9.742416350443005
2015-03-26T16:00:24.600000,9.764684980803455
2015-03-26T16:00:24.700000,9.744882506883908
2015-03-26T16:00:24.800000,9.752785524506184
2015-03-26T16:00:24.900000,9.74491030779705
2015-03-26T16:00:25.000000,9.74256911079317
2015-03-26T16:00:25.100000,9.749185721451518
2015-03-26T16:00:25.200000,9.75538137338512
2015-03-26T16:00:25.300000,9.765016995645205
2015-03-26T16:00:25.400000,9.777766996465912
2015-03-26T16:00:25.500000,9.759742277722752
2015-03-26T16:00:25.600000,9.75594640681862
2015-03-26T16:00:25.700000,9.754796142117463
2015-03-26T16:00:25.800000,9.774031320376956
2015-03-26T16:00:25.900000,9.77869465637507
2015-03-26T16:00:26.000000,9.776029544761062
2015-03-26T16:00:26.100000,9.782281725395409
2015-03-26T16:00:26.200000,9.760237355740236
2015-03-26T16:00:26.300000,9.751749588721284
2015-03-26T16:00:26.400000,9.739361750648184
2015-03-26T16:00:26.500000,9.74750794801977
2015-03-26T16:00:26.600000,9.75565593943032
2015-03-26T16:00:26.700000,9.776457423534756
2015-03-26T16:00:26.800000,9.777515490014398
2015-03-26T16:00:26.900000,9.754822488023692
2015-03-26T16:00:27.000000,9.765481199240876
2015-03-26T16:00:27.100000,9.7713079297061
2015-03-26T16:00:27.200000,9.77509149804802
2015-03-26T16:00:27.300000,9.763101100364375
2015-03-26T16:00:27.400000,9.757171657526602
2015-03-26T16:00:27.500000,9.749730010723107
2015-03-26T16:00:27.600000,9.752124431661963
2015-03-26T16:00:27.700000,9.754080876394536
2015-03-26T16:00:27.800000,9.77608212860614
2015-03-26T16:00:27.900000,9.770672512656828
2015-03-26T16:00:28.000000,9.764987645381757
2015-03-26T16:00:28.100000,9.767705795496388
2015-03-26T16:00:28.200000,9.780803369340616
2015-03-26T16:00:28.300000,9.750996426521008
2015-03-26T16:00:28.400000,9.776407442579316
2015-03-26T16:00:28.500000,9.749220844371004
2015-03-26T16:00:28.600000,9.77193326987648
2015-03-26T16:00:28.700000,9.76690176029384
2015-03-26T16:00:28.800000,9.76528694285548
2015-03-26T16:00:28.900000,9.750346535341924
2015-03-26T16:00:29.000000,9.748220177664631
2015-03-26T16:00:29.100000,9.776959657199678
2015-03-26T16:00:29.200000,9.775094855133206
2015-03-26T16:00:29.300000,9.757759109590811
2015-03-26T16:00:29.400000,9.753167826887132
2015-03-26T16:00:29.500000,9.773374412435686
2015-03-26T16:00:29.600000,9.78944629102433
2015-03-26T16:00:29.700000,9.78896334174346
2015-03-26T16:00:29.800000,9.788614374931344
2015-03-26T16:00:29.900000,9.794919733501551
2015-03-26T16:00:30.000000,9.801223447002563
2015-03-26T16:00:30.100000,9.798433318592627
2015-03-26T16:00:30.200000,9.777394504626129
2015-03-26T16:00:30.300000,9.766220769769667
2015-03-26T16:00:30.400000,9.766525800870827
2015-03-26T16:00:30.500000,9.766312543184194
2015-03-26T16:00:30.600000,9.76589430428212
2015-03-26T16:00:30.700000,9.765484747271389
2015-03-26T16:00:30.800000,9.769108755489444
2015-03-26T16:00:30.900000,9.77273093382085
2015-03-26T16:00:31.000000,9.775573832524064
2015-03-26T16:00:31.100000,9.77721770577407
2015-03-26T16:00:31.200000,9.782662078535942
2015-03-26T16:00:31.300000,9.778015772263036
2015-03-26T16:00:31.400000,9.77200876257947
2015-03-26T16:00:31.500000,9.765678945958374
2015-03-26T16:00:31.600000,9.765833323339535
2015-03-26T16:00:31.700000,9.756545635689545
2015-03-26T16:00:31.800000,9.758671474131669
2015-03-26T16:00:31.900000,9.771553235687476
2015-03-26T16:00:32.000000,9.761729051305108
2015-03-26T16:00:32.100000,9.767932525675182
2015-03-26T16:00:32.200000,9.77364164489993
2015-03-26T16:00:32.300000,9.754122675815776
2015-03-26T16:00:32.400000,9.7425079586734
2015-03-26T16:00:32.500000,9.767371707601892
2015-03-26T16:00:32.600000,9.75617553468208
2015-03-26T16:00:32.700000,9.741058391639145
2015-03-26T16:00:32.800000,9.744976970484997
2015-03-26T16:00:32.900000,9.73946757338533
2015-03-26T16:00:33.000000,9.740757069905154
2015-03-26T16:00:33.100000,9.732172085107347
2015-03-26T16:00:33.200000,9.723073446219772
2015-03-26T16:00:33.300000,9.741450832640952
2015-03-26T16:00:33.400000,9.746265191097768
2015-03-26T16:00:33.500000,9.75617841045249
2015-03-26T16:00:33.600000,9.766467549680309
2015-03-26T16:00:33.700000,9.744451594172132
2015-03-26T16:00:33.800000,9.735468563882868
2015-03-26T16:00:33.900000,9.734657249900453
2015-03-26T16:00:34.000000,9.756159037805572
2015-03-26T16:00:34.100000,9.765370210851612
2015-03-26T16:00:34.200000,9.773621087501018
2015-03-26T16:00:34.300000,9.773523972818694
2015-03-26T16:00:34.400000,9.77669511515515
2015-03-26T16:00:34.500000,9.764658297482445
2015-03-26T16:00:34.600000,9.768606084815682
2015-03-26T16:00:34.700000,9.765517074602425
2015-03-26T16:00:34.800000,9.775810225262896
2015-03-26T16:00:34.900000,9.808682532974032
2015-03-26T16:00:35.000000,9.778534903333012
2015-03-26T16:00:35.100000,9.776281182640448
2015-03-26T16:00:35.200000,9.787721297459106
2015-03-26T16:00:35.300000,9.795272767430886
2015-03-26T16:00:35.400000,9.790809697633602
2015-03-26T16:00:35.500000,9.789813413818155
2015-03-26T16:00:35.600000,9.787585193541066
2015-03-26T16:00:35.700000,9.783013449278322
2015-03-26T16:00:35.800000,9.786472971781468
2015-03-26T16:00:35.900000,9.793141951767272
2015-03-26T16:00:36.000000,9.791867617445508
2015-03-26T16:00:36.100000,9.78801242601422
2015-03-26T16:00:36.200000,9.77972675939107
2015-03-26T16:00:36.300000,9.78907984738694
2015-03-26T16:00:36.400000,9.770410636014065
2015-03-26T16:00:36.500000,9.756413432384674
2015-03-26T16:00:36.600000,9.76393568315867
2015-03-26T16:00:36.700000,9.778016987357605
2015-03-26T16:00:36.800000,9.781902502291857
2015-03-26T16:00:36.900000,9.783128444417931
2015-03-26T16:00:37.000000,9.74865338691179
2015-03-26T16:00:37.100000,9.75486141158895
2015-03-26T16:00:37.200000,9.734572589909735
2015-03-26T16:00:37.300000,9.753948362818326
2015-03-26T16:00:37.400000,9.752881827292638
2015-03-26T16:00:37.500000,9.74854864724033
2015-03-26T16:00:37.600000,9.742026655417812
2015-03-26T16:00:37.700000,9.753710614190805
2015-03-26T16:00:37.800000,9.748423766987052
2015-03-26T16:00:37.900000,9.758909405332588
2015-03-26T16:00:38.000000,9.760928120942328
2015-03-26T16:00:38.100000,9.721871495609532
2015-03-26T16:00:38.200000,9.738050684408634
2015-03-26T16:00:38.300000,9.754227623222702
2015-03-26T16:00:38.400000,9.764686868080029
2015-03-26T16:00:38.500000,9.76155999551943
2015-03-26T16:00:38.600000,9.74363474895488
2015-03-26T16:00:38.700000,9.725127176019674
2015-03-26T16:00:38.800000,9.741395234768268
2015-03-26T16:00:38.900000,9.750529925505278
2015-03-26T16:00:39.000000,9.752849123840546
2015-03-26T16:00:39.100000,9.74139597847675
2015-03-26T16:00:39.200000,9.768919476300413
2015-03-26T16:00:39.300000,9.75324127924408
2015-03-26T16:00:39.400000,9.743899401671689
2015-03-26T16:00:39.500000,9.747042409514036
2015-03-26T16:00:39.600000,9.753469948387488
2015-03-26T16:00:39.700000,9.78306974151509
2015-03-26T16:00:39.800000,9.789556159576366
2015-03-26T16:00:39.900000,9.782803684160408
2015-03-26T16:00:40.000000,9.773027696301574
2015-03-26T16:00:40.100000,9.766174263917838
2015-03-26T16:00:40.200000,9.793104182827763
2015-03-26T16:00:40.300000,9.778942057173204
2015-03-26T16:00:40.400000,9.779813776641848
2015-03-26T16:00:40.500000,9.756491508524272
2015-03-26T16:00:40.600000,9.828122313671065
2015-03-26T16:00:40.700000,9.8072853062125
2015-03-26T16:00:40.800000,9.789054079787007
2015-03-26T16:00:40.900000,9.777951325825768
2015-03-26T16:00:41.000000,9.768758332414402
2015-03-26T16:00:41.100000,9.762454392876942
2015-03-26T16:00:41.200000,9.777332994752795
2015-03-26T16:00:41.300000,9.79249076208047
2015-03-26T16:00:41.400000,9.81020989953837
2015-03-26T16:00:41.500000,9.814978516023812
2015-03-26T16:00:41.600000,9.79429256647161
2015-03-26T16:00:41.700000,9.795735519064468
2015-03-26T16:00:41.800000,9.799835886237153
2015-03-26T16:00:41.900000,9.789152842137655
2015-03-26T16:00:42.000000,9.770178355561464
2015-03-26T16:00:42.100000,9.772924747797996
2015-03-26T16:00:42.200000,9.777118883745509
2015-03-26T16:00:42.300000,9.776247965940303
2015-03-26T16:00:42.400000,9.776011199859834
2015-03-26T16:00:42.500000,9.78675390132909
2015-03-26T16:00:42.600000,9.80036193884197
2015-03-26T16:00:42.700000,9.789318141289986
2015-03-26T16:00:42.800000,9.789188772082737
2015-03-26T16:00:42.900000,9.749040263535688
2015-03-26T16:00:43.000000,9.774439479409702
2015-03-26T16:00:43.100000,9.754192883415344
2015-03-26T16:00:43.200000,9.759921227210375
2015-03-26T16:00:43.300000,9.7732109401865
2015-03-26T16:00:43.400000,9.777329720172888
2015-03-26T16:00:43.500000,9.749828354052196
2015-03-26T16:00:43.600000,9.7538110283885
2015-03-26T16:00:43.700000,9.76212610809756
2015-03-26T16:00:43.800000,9.77044700785766
2015-03-26T16:00:43.900000,9.7486932923099
2015-03-26T16:00:44.000000,9.74984121578591
2015-03-26T16:00:44.100000,9.747231592052218
2015-03-26T16:00:44.200000,9.754433204071496
2015-03-26T16:00:44.300000,9.759497096858956
2015-03-26T16:00:44.400000,9.742637871314612
2015-03-26T16:00:44.500000,9.734288539146297
2015-03-26T16:00:44.600000,9.746869728398185
2015-03-26T16:00:44.700000,9.751864030379688
2015-03-26T16:00:44.800000,9.732119384476936
2015-03-26T16:00:44.900000,9.747087249961847
2015-03-26T16:00:45.000000,9.738217748125228
2015-03-26T16:00:45.100000,9.740689169188895
2015-03-26T16:00:45.200000,9.741574607862496
2015-03-26T16:00:45.300000,9.748233641657832
2015-03-26T16:00:45.400000,9.768415336739531
2015-03-26T16:00:45.500000,9.764704638640826
2015-03-26T16:00:45.600000,9.76648806001193
2015-03-26T16:00:45.700000,9.755018224866369
2015-03-26T16:00:45.800000,9.75893676143702
2015-03-26T16:00:45.900000,9.761884841746229
2015-03-26T16:00:46.000000,9.76523058835811
2015-03-26T16:00:46.100000,9.774866880849338
2015-03-26T16:00:46.200000,9.785634926781585
2015-03-26T16:00:46.300000,9.773217766827312
2015-03-26T16:00:46.400000,9.77321399003574
2015-03-26T16:00:46.500000,9.794922492360644
2015-03-26T16:00:46.600000,9.806265191613862
2015-03-26T16:00:46.700000,9.78268454170937
2015-03-26T16:00:46.800000,9.78066000862438
2015-03-26T16:00:46.900000,9.804426101895586
2015-03-26T16:00:47.000000,9.77772888781268
2015-03-26T16:00:47.100000,9.790323871354651
2015-03-26T16:00:47.200000,9.802214293885644
2015-03-26T16:00:47.300000,9.80444005824424
2015-03-26T16:00:47.400000,9.796212452073409
2015-03-26T16:00:47.500000,9.7817897691393
2015-03-26T16:00:47.600000,9.780123024658725
2015-03-26T16:00:47.700000,9.793476847774697
2015-03-26T16:00:47.800000,9.796694570213392
2015-03-26T16:00:47.900000,9.820605423438458
2015-03-26T16:00:48.000000,9.812003499985408
2015-03-26T16:00:48.100000,9.787906633709833
2015-03-26T16:00:48.200000,9.787944529901113
2015-03-26T16:00:48.300000,9.775994102821276
2015-03-26T16:00:48.400000,9.774615770382011
2015-03-26T16:00:48.500000,9.769176147264773
2015-03-26T16:00:48.600000,9.76997359001046
2015-03-26T16:00:48.700000,9.775949713853285
2015-03-26T16:00:48.800000,9.766170158262003
2015-03-26T16:00:48.900000,9.7769097638929
2015-03-26T16:00:49.000000,9.783188480592312
2015-03-26T16:00:49.100000,9.772190057387608
2015-03-26T16:00:49.200000,9.758811370826264
2015-03-26T16:00:49.300000,9.745842278122524
2015-03-26T16:00:49.400000,9.7677104013861
2015-03-26T16:00:49.500000,9.768032180110048
2015-03-26T16:00:49.600000,9.752136008186728
2015-03-26T16:00:49.700000,9.771635654461711
2015-03-26T16:00:49.800000,9.750712255914634
2015-03-26T16:00:49.900000,9.74411521066765
2015-03-26T16:00:50.000000,9.76317989758306
2015-03-26T16:00:50.100000,9.731958484625396
2015-03-26T16:00:50.200000,9.746910630821688
2015-03-26T16:00:50.300000,9.737680717619826
2015-03-26T16:00:50.400000,9.732053296573406
2015-03-26T16:00:50.500000,9.741323984278246
2015-03-26T16:00:50.600000,9.742070618483371
2015-03-26T16:00:50.700000,9.723975883142112
2015-03-26T16:00:50.800000,9.748770559431184
2015-03-26T16:00:50.900000,9.735618243259056
2015-03-26T16:00:51.000000,9.745716423139903
2015-03-26T16:00:51.100000,9.73770789611631
2015-03-26T16:00:51.200000,9.752506897710848
2015-03-26T16:00:51.300000,9.76360610235955
2015-03-26T16:00:51.400000,9.761593977295192
2015-03-26T16:00:51.500000,9.740524458556928
2015-03-26T16:00:51.600000,9.731316891992371
2015-03-26T16:00:51.700000,9.740170951091985
2015-03-26T16:00:51.800000,9.73431958326516
2015-03-26T16:00:51.900000,9.749360429487576
2015-03-26T16:00:52.000000,9.758731344859129
2015-03-26T16:00:52.100000,9.733109590467189
2015-03-26T16:00:52.200000,9.752302024394467
2015-03-26T16:00:52.300000,9.765709456493775
2015-03-26T16:00:52.400000,9.770069041283428
2015-03-26T16:00:52.500000,9.769515195432234
2015-03-26T16:00:52.600000,9.77746426403895
2015-03-26T16:00:52.700000,9.767584090337868
2015-03-26T16:00:52.800000,9.763738504033835
2015-03-26T16:00:52.900000,9.78849032642404
2015-03-26T16:00:53.000000,9.79251950757572
2015-03-26T16:00:53.100000,9.79621105732859
2015-03-26T16:00:53.200000,9.792233721223052
2015-03-26T16:00:53.300000,9.79961940923897
2015-03-26T16:00:53.400000,9.769521522607835
2015-03-26T16:00:53.500000,9.776301267515374
2015-03-26T16:00:53.600000,9.783971519487162
2015-03-26T16:00:53.700000,9.793692995259596
2015-03-26T16:00:53.800000,9.799246239859414
2015-03-26T16:00:53.900000,9.79502461887474
2015-03-26T16:00:54.000000,9.77817309915354
2015-03-26T16:00:54.100000,9.79374927929511
2015-03-26T16:00:54.200000,9.793594215259414
2015-03-26T16:00:54.300000,9.770507020466738
2015-03-26T16:00:54.400000,9.795257405214462
2015-03-26T16:00:54.500000,9.779660292694912
2015-03-26T16:00:54.600000,9.77586973996238
2015-03-26T16:00:54.700000,9.796220983036315
2015-03-26T16:00:54.800000,9.795176665253368
2015-03-26T16:00:54.900000,9.798027535486233
2015-03-26T16:00:55.000000,9.798125725233362
2015-03-26T16:00:55.100000,9.80279875947205
2015-03-26T16:00:55.200000,9.772233831859046
2015-03-26T16:00:55.300000,9.785550621797295
2015-03-26T16:00:55.400000,9.75664832730759
2015-03-26T16:00:55.500000,9.766413024347894
2015-03-26T16:00:55.600000,9.783593297547746
2015-03-26T16:00:55.700000,9.782098639665469
2015-03-26T16:00:55.800000,9.749173047098031
2015-03-26T16:00:55.900000,9.751077526820549
2015-03-26T16:00:56.000000,9.747591426726338
2015-03-26T16:00:56.100000,9.75584521590663
2015-03-26T16:00:56.200000,9.78198844529438
2015-03-26T16:00:56.300000,9.75429703467077
2015-03-26T16:00:56.400000,9.743868203821323
2015-03-26T16:00:56.500000,9.763319784618664
2015-03-26T16:00:56.600000,9.764270655874624
2015-03-26T16:00:56.700000,9.76430886739191
2015-03-26T16:00:56.800000,9.740820216422104
2015-03-26T16:00:56.900000,9.749254979036582
2015-03-26T16:00:57.000000,9.761807028513733
2015-03-26T16:00:57.100000,9.75351884436866
2015-03-26T16:00:57.200000,9.754044973744769
2015-03-26T16:00:57.300000,9.768600575937864
2015-03-26T16:00:57.400000,9.741727184759034
2015-03-26T16:00:57.500000,9.738395306921865
2015-03-26T16:00:57.600000,9.780416149140132
2015-03-26T16:00:57.700000,9.762602223402576
2015-03-26T16:00:57.800000,9.770827830477938
2015-03-26T16:00:57.900000,9.743981961518662
2015-03-26T16:00:58.000000,9.75347212805225
2015-03-26T16:00:58.100000,9.762957143996712
2015-03-26T16:00:58.200000,9.749701628544086
2015-03-26T16:00:58.300000,9.739376127842664
2015-03-26T16:00:58.400000,9.75480316912392
2015-03-26T16:00:58.500000,9.756733741436936
2015-03-26T16:00:58.600000,9.763695660703169
2015-03-26T16:00:58.700000,9.771496881797498
2015-03-26T16:00:58.800000,9.777664919803692
2015-03-26T16:00:58.900000,9.768702538406638
2015-03-26T16:00:59.000000,9.763046663256144
2015-03-26T16:00:59.100000,9.760912839061607
2015-03-26T16:00:59.200000,9.772854455086456
2015-03-26T16:00:59.300000,9.772454540581824
2015-03-26T16:00:59.400000,9.774215274284316
2015-03-26T16:00:59.500000,9.777903514306509
2015-03-26T16:00:59.600000,9.774570985034138
2015-03-26T16:00:59.700000,9.768270500116309
2015-03-26T16:00:59.800000,9.762267098195696
2015-03-26T16:00:59.900000,9.773667732773358
2015-03-26T16:01:00.000000,9.77239219681225
2015-03-26T16:01:00.100000,9.774762246927036
2015-03-26T16:01:00.200000,9.778316763042106
2015-03-26T16:01:00.300000,9.77198954867862
2015-03-26T16:01:00.400000,9.772362175413011
2015-03-26T16:01:00.500000,9.817165976133154
2015-03-26T16:01:00.600000,9.804610683877678
2015-03-26T16:01:00.700000,9.78229553441872
2015-03-26T16:01:00.800000,9.776853399037936
2015-03-26T16:01:00.900000,9.771417311981102
2015-03-26T16:01:01.000000,9.798139221437168
2015-03-26T16:01:01.100000,9.782235230386064
2015-03-26T16:01:01.200000,9.77900188856149
2015-03-26T16:01:01.300000,9.782208692954168
2015-03-26T16:01:01.400000,9.773692458291793
2015-03-26T16:01:01.500000,9.773428094763265
2015-03-26T16:01:01.600000,9.75482559123974
2015-03-26T16:01:01.700000,9.766729333691734
2015-03-26T16:01:01.800000,9.760664421844622
2015-03-26T16:01:01.900000,9.769580136803288
2015-03-26T16:01:02.000000,9.76672018876767
2015-03-26T16:01:02.100000,9.76249873558087
2015-03-26T16:01:02.200000,9.758804554094116
2015-03-26T16:01:02.300000,9.75734001133134
2015-03-26T16:01:02.400000,9.761635241409042
2015-03-26T16:01:02.500000,9.754461205060895
2015-03-26T16:01:02.600000,9.765999557534238
2015-03-26T16:01:02.700000,9.741868928812668
2015-03-26T16:01:02.800000,9.738510215320256
2015-03-26T16:01:02.900000,9.751989495842864
2015-03-26T16:01:03.000000,9.766860913822793
2015-03-26T16:01:03.100000,9.751846682489257
2015-03-26T16:01:03.200000,9.747627662281731
2015-03-26T16:01:03.300000,9.75381834861644
2015-03-26T16:01:03.400000,9.769837820225971
2015-03-26T16:01:03.500000,9.77190711427856
2015-03-26T16:01:03.600000,9.773215470799071
2015-03-26T16:01:03.700000,9.754830185550162
2015-03-26T16:01:03.800000,9.77573691508443
2015-03-26T16:01:03.900000,9.76195459542144
2015-03-26T16:01:04.000000,9.756378115444983
2015-03-26T16:01:04.100000,9.762372278992226
2015-03-26T16:01:04.200000,9.777708810791395
2015-03-26T16:01:04.300000,9.766476606921945
2015-03-26T16:01:04.400000,9.7647488933302
2015-03-26T16:01:04.500000,9.786385530979276
2015-03-26T16:01:04.600000,9.782740568175049
2015-03-26T16:01:04.700000,9.766470974554048
2015-03-26T16:01:04.800000,9.769455401126343
2015-03-26T16:01:04.900000,9.772640731973546
2015-03-26T16:01:05.000000,9.77743000143492
2015-03-26T16:01:05.100000,9.7810825302915
2015-03-26T16:01:05.200000,9.7729234906993
2015-03-26T16:01:05.300000,9.766857238991872
2015-03-26T16:01:05.400000,9.769716941655831
2015-03-26T16:01:05.500000,9.772690250943416
2015-03-26T16:01:05.600000,9.7819593178416
2015-03-26T16:01:05.700000,9.776548359582511
2015-03-26T16:01:05.800000,9.77958820772376
2015-03-26T16:01:05.900000,9.77934784873317
2015-03-26T16:01:06.000000,9.763266715295396
2015-03-26T16:01:06.100000,9.773618394952411
2015-03-26T16:01:06.200000,9.777769474054455
2015-03-26T16:01:06.300000,9.781421733723253
2015-03-26T16:01:06.400000,9.778422690892072
2015-03-26T16:01:06.500000,9.775422356429088
2015-03-26T16:01:06.600000,9.775186315804628
2015-03-26T16:01:06.700000,9.784488494035283
2015-03-26T16:01:06.800000,9.782837624566149
2015-03-26T16:01:06.900000,9.78084011383108
2015-03-26T16:01:07.000000,9.775782434749177
2015-03-26T16:01:07.100000,9.770356618007307
2015-03-26T16:01:07.200000,9.761029216886907
2015-03-26T16:01:07.300000,9.794059313641824
2015-03-26T16:01:07.400000,9.78421496179054
2015-03-26T16:01:07.500000,9.780257609686831
2015-03-26T16:01:07.600000,9.768047824086052
2015-03-26T16:01:07.700000,9.756299923509603
2015-03-26T16:01:07.800000,9.759316097958472
2015-03-26T16:01:07.900000,9.762325533925749
2015-03-26T16:01:08.000000,9.763612312093992
2015-03-26T16:01:08.100000,9.760831500526647
2015-03-26T16:01:08.200000,9.764338791652705
2015-03-26T16:01:08.300000,9.777543484269597
2015-03-26T16:01:08.400000,9.785302265864605
2015-03-26T16:01:08.500000,9.764060949570124
2015-03-26T16:01:08.600000,9.752792735817678
2015-03-26T16:01:08.700000,9.75305585382362
2015-03-26T16:01:08.800000,9.765418169345734
2015-03-26T16:01:08.900000,9.765685410378872
2015-03-26T16:01:09.000000,9.771410221455207
2015-03-26T16:01:09.100000,9.76658279065204
2015-03-26T16:01:09.200000,9.763981892263343
2015-03-26T16:01:09.300000,9.753001376398732
2015-03-26T16:01:09.400000,9.73337905823401
2015-03-26T16:01:09.500000,9.756823029584831
2015-03-26T16:01:09.600000,9.76235395126516
2015-03-26T16:01:09.700000,9.751647396142662
2015-03-26T16:01:09.800000,9.781174271296004
2015-03-26T16:01:09.900000,9.768791153783472
2015-03-26T16:01:10.000000,9.745788402560214
2015-03-26T16:01:10.100000,9.75423612587808
2015-03-26T16:01:10.200000,9.756157232802382
2015-03-26T16:01:10.300000,9.768351844012646
2015-03-26T16:01:10.400000,9.773711482081122
2015-03-26T16:01:10.500000,9.745794780346676
2015-03-26T16:01:10.600000,9.753002490088951
2015-03-26T16:01:10.700000,9.767977201327575
2015-03-26T16:01:10.800000,9.758354068842737
2015-03-26T16:01:10.900000,9.750953599261637
2015-03-26T16:01:11.000000,9.754941556431
2015-03-26T16:01:11.100000,9.76413130759232
2015-03-26T16:01:11.200000,9.766007047055137
2015-03-26T16:01:11.300000,9.755108751743093
2015-03-26T16:01:11.400000,9.777668307865936
2015-03-26T16:01:11.500000,9.760756317296927
2015-03-26T16:01:11.600000,9.761074519008051
2015-03-26T16:01:11.700000,9.77656554154006
2015-03-26T16:01:11.800000,9.767365596369608
2015-03-26T16:01:11.900000,9.764722390476589
2015-03-26T16:01:12.000000,9.796020138380513
2015-03-26T16:01:12.100000,9.75514933358357
2015-03-26T16:01:12.200000,9.76606584215928
2015-03-26T16:01:12.300000,9.782102760368224
2015-03-26T16:01:12.400000,9.780997664088323
2015-03-26T16:01:12.500000,9.782802664908656
2015-03-26T16:01:12.600000,9.784982443449763
2015-03-26T16:01:12.700000,9.782976443259129
2015-03-26T16:01:12.800000,9.761219736752212
2015-03-26T16:01:12.900000,9.762198413018414
2015-03-26T16:01:13.000000,9.76742189431236
2015-03-26T16:01:13.100000,9.758575964604116
2015-03-26T16:01:13.200000,9.78817314542411
2015-03-26T16:01:13.300000,9.76577967721953
2015-03-26T16:01:13.400000,9.776462877213174
2015-03-26T16:01:13.500000,9.774329409480782
2015-03-26T16:01:13.600000,9.762753682121112
2015-03-26T16:01:13.700000,9.76950194638066
2015-03-26T16:01:13.800000,9.76806172479588
2015-03-26T16:01:13.900000,9.758920532460166
2015-03-26T16:01:14.000000,9.745121217316411
2015-03-26T16:01:14.100000,9.754050920929911
2015-03-26T16:01:14.200000,9.774006088243366
2015-03-26T16:01:14.300000,9.77345648035057
2015-03-26T16:01:14.400000,9.774003276298616
2015-03-26T16:01:14.500000,9.764810197252334
2015-03-26T16:01:14.600000,9.755959474690677
2015-03-26T16:01:14.700000,9.755104332035277
2015-03-26T16:01:14.800000,9.756016279543694
2015-03-26T16:01:14.900000,9.76429507404906
2015-03-26T16:01:15.000000,9.77336806921529
2015-03-26T16:01:15.100000,9.773455711617103
2015-03-26T16:01:15.200000,9.77354413900427
2015-03-26T16:01:15.300000,9.773489219212482
2015-03-26T16:01:15.400000,9.7699744365994
2015-03-26T16:01:15.500000,9.766460555184334
2015-03-26T16:01:15.600000,9.770611359908392
2015-03-26T16:01:15.700000,9.767495329106572
2015-03-26T16:01:15.800000,9.777635203177656
2015-03-26T16:01:15.900000,9.761172338947388
2015-03-26T16:01:16.000000,9.74587789038993
2015-03-26T16:01:16.100000,9.773408952424392
2015-03-26T16:01:16.200000,9.782020088112324
2015-03-26T16:01:16.300000,9.789569885533384
2015-03-26T16:01:16.400000,9.78364430588389
2015-03-26T16:01:16.500000,9.762230734582268
2015-03-26T16:01:16.600000,9.789417521852249
2015-03-26T16:01:16.700000,9.77938057185033
2015-03-26T16:01:16.800000,9.770709566085612
2015-03-26T16:01:16.900000,9.7593010095711
2015-03-26T16:01:17.000000,9.766880466820997
2015-03-26T16:01:17.100000,9.764792626482286
2015-03-26T16:01:17.200000,9.76230426350684
2015-03-26T16:01:17.300000,9.78193480627172
2015-03-26T16:01:17.400000,9.776775657917671
2015-03-26T16:01:17.500000,9.775412935747312
2015-03-26T16:01:17.600000,9.76775345998789
2015-03-26T16:01:17.700000,9.759576052041108
2015-03-26T16:01:17.800000,9.74915791205222
2015-03-26T16:01:17.900000,9.746786936135182
2015-03-26T16:01:18.000000,9.75178354469836
2015-03-26T16:01:18.100000,9.765760045878023
2015-03-26T16:01:18.200000,9.7698316960871
2015-03-26T16:01:18.300000,9.751304839465377
2015-03-26T16:01:18.400000,9.729966028908414
2015-03-26T16:01:18.500000,9.768840134426744
2015-03-26T16:01:18.600000,9.768022114410694
2015-03-26T16:01:18.700000,9.75270082563142
2015-03-26T16:01:18.800000,9.757831972322103
2015-03-26T16:01:18.900000,9.762332732733702
2015-03-26T16:01:19.000000,9.754145332397204
2015-03-26T16:01:19.100000,9.779066247493132
2015-03-26T16:01:19.200000,9.73594538925005
2015-03-26T16:01:19.300000,9.739645978468497
2015-03-26T16:01:19.400000,9.76809976060106
2015-03-26T16:01:19.500000,9.773660836955226
2015-03-26T16:01:19.600000,9.76042416977756
2015-03-26T16:01:19.700000,9.765512983707875
2015-03-26T16:01:19.800000,9.778622313197054
2015-03-26T16:01:19.900000,9.776410200879935
2015-03-26T16:01:20.000000,9.769369535869348
2015-03-26T16:01:20.100000,9.764087878803378
2015-03-26T16:01:20.200000,9.770545301127513
2015-03-26T16:01:20.300000,9.770143802127771
2015-03-26T16:01:20.400000,9.759733263545648
2015-03-26T16:01:20.500000,9.783445624946216
2015-03-26T16:01:20.600000,9.78749545306135
2015-03-26T16:01:20.700000,9.783507098933828
2015-03-26T16:01:20.800000,9.781175966536278
2015-03-26T16:01:20.900000,9.77981647765024
2015-03-26T16:01:21.000000,9.788753655749804
2015-03-26T16:01:21.100000,9.79532738808896
2015-03-26T16:01:21.200000,9.8089958700029
2015-03-26T16:01:21.300000,9.770382600430771
2015-03-26T16:01:21.400000,9.787709181680947
2015-03-26T16:01:21.500000,9.796550334840443
2015-03-26T16:01:21.600000,9.797677395617734
2015-03-26T16:01:21.700000,9.777503314346228
2015-03-26T16:01:21.800000,9.776326161836456
2015-03-26T16:01:21.900000,9.790220869287896
2015-03-26T16:01:22.000000,9.785134239010851
2015-03-26T16:01:22.100000,9.792083638060603
2015-03-26T16:01:22.200000,9.799530411573029
2015-03-26T16:01:22.300000,9.79342499135202
2015-03-26T16:01:22.400000,9.76979929293581
2015-03-26T16:01:22.500000,9.775251753522053
2015-03-26T16:01:22.600000,9.78714559752602
2015-03-26T16:01:22.700000,9.771499490430772
2015-03-26T16:01:22.800000,9.771666574695644
2015-03-26T16:01:22.900000,9.771995730862622
2015-03-26T16:01:23.000000,9.774464673634348
2015-03-26T16:01:23.100000,9.77492659804873
2015-03-26T16:01:23.200000,9.76035724362251
2015-03-26T16:01:23.300000,9.752427247741675
2015-03-26T16:01:23.400000,9.746700149355323
2015-03-26T16:01:23.500000,9.74876066790623
2015-03-26T16:01:23.600000,9.749513259808127
2015-03-26T16:01:23.700000,9.741519636364046
2015-03-26T16:01:23.800000,9.742710532375638
2015-03-26T16:01:23.900000,9.744185598226805
2015-03-26T16:01:24.000000,9.745661033833628
2015-03-26T16:01:24.100000,9.747137183198284
2015-03-26T16:01:24.200000,9.74861437639466
2015-03-26T16:01:24.300000,9.750092450370172
2015-03-26T16:01:24.400000,9.75989190887533
2015-03-26T16:01:24.500000,9.756335060736737
2015-03-26T16:01:24.600000,9.752125101379708
2015-03-26T16:01:24.700000,9.743121504545982
2015-03-26T16:01:24.800000,9.752593628397246
2015-03-26T16:01:24.900000,9.763705911349598
2015-03-26T16:01:25.000000,9.76123008419962
2015-03-26T16:01:25.100000,9.755055549167626
2015-03-26T16:01:25.200000,9.755109514630924
2015-03-26T16:01:25.300000,9.762166545993663
2015-03-26T16:01:25.400000,9.75628449672872
2015-03-26T16:01:25.500000,9.762878715281364
2015-03-26T16:01:25.600000,9.751063177174366
2015-03-26T16:01:25.700000,9.771784468127311
2015-03-26T16:01:25.800000,9.75655267325082
2015-03-26T16:01:25.900000,9.760444273083891
2015-03-26T16:01:26.000000,9.759537565242116
2015-03-26T16:01:26.100000,9.771440569827323
2015-03-26T16:01:26.200000,9.773665160281782
2015-03-26T16:01:26.300000,9.755455487473627
2015-03-26T16:01:26.400000,9.774563028811588
2015-03-26T16:01:26.500000,9.755059946853958
2015-03-26T16:01:26.600000,9.763781337269672
2015-03-26T16:01:26.700000,9.769181296115882
2015-03-26T16:01:26.800000,9.775073595464647
2015-03-26T16:01:26.900000,9.780435946827447
2015-03-26T16:01:27.000000,9.78443476496902
2015-03-26T16:01:27.100000,9.787005209591385
2015-03-26T16:01:27.200000,9.780234288192172
2015-03-26T16:01:27.300000,9.785280803332318
2015-03-26T16:01:27.400000,9.7813385622402
2015-03-26T16:01:27.500000,9.783378689774656
2015-03-26T16:01:27.600000,9.783649131238631
2015-03-26T16:01:27.700000,9.786686741715954
2015-03-26T16:01:27.800000,9.789961005253751
2015-03-26T16:01:27.900000,9.77594065217406
2015-03-26T16:01:28.000000,9.768730970328935
2015-03-26T16:01:28.100000,9.805507457654707
2015-03-26T16:01:28.200000,9.784876466558918
2015-03-26T16:01:28.300000,9.78977991209939
2015-03-26T16:01:28.400000,9.791457642083277
2015-03-26T16:01:28.500000,9.79313599557329
2015-03-26T16:01:28.600000,9.79092164309121
2015-03-26T16:01:28.700000,9.783249610278428
2015-03-26T16:01:28.800000,9.782185901309486
2015-03-26T16:01:28.900000,9.780025037808128
2015-03-26T16:01:29.000000,9.777453854656532
2015-03-26T16:01:29.100000,9.782058055511351
2015-03-26T16:01:29.200000,9.78522129352964
2015-03-26T16:01:29.300000,9.774772934478142
2015-03-26T16:01:29.400000,9.771833761281837
2015-03-26T16:01:29.500000,9.763229490112636
2015-03-26T16:01:29.600000,9.754984360543416
2015-03-26T16:01:29.700000,9.753856799461074
2015-03-26T16:01:29.800000,9.751539941466223
2015-03-26T16:01:29.900000,9.753770427855027
2015-03-26T16:01:30.000000,9.779004079658185
2015-03-26T16:01:30.100000,9.780640177194838
2015-03-26T16:01:30.200000,9.74841612138635
2015-03-26T16:01:30.300000,9.72560372394421
2015-03-26T16:01:30.400000,9.76290157261252
2015-03-26T16:01:30.500000,9.77003242877356
2015-03-26T16:01:30.600000,9.762044522699412
2015-03-26T16:01:30.700000,9.726793355512706
2015-03-26T16:01:30.800000,9.73286835253183
2015-03-26T16:01:30.900000,9.731739970906489
2015-03-26T16:01:31.000000,9.723865833357774
2015-03-26T16:01:31.100000,9.75508636929714
2015-03-26T16:01:31.200000,9.75278696722393
2015-03-26T16:01:31.300000,9.730841418860772
2015-03-26T16:01:31.400000,9.736395767462373
2015-03-26T16:01:31.500000,9.75742692846242
2015-03-26T16:01:31.600000,9.749859282051029
2015-03-26T16:01:31.700000,9.740320794421006
2015-03-26T16:01:31.800000,9.761718375014576
2015-03-26T16:01:31.900000,9.75601993010105
2015-03-26T16:01:32.000000,9.751683452684947
2015-03-26T16:01:32.100000,9.742304680168978
2015-03-26T16:01:32.200000,9.723990470328436
2015-03-26T16:01:32.300000,9.737690789840086
2015-03-26T16:01:32.400000,9.730439878803526
2015-03-26T16:01:32.500000,9.76575663076986
2015-03-26T16:01:32.600000,9.754850835570132
2015-03-26T16:01:32.700000,9.741234820102049
2015-03-26T16:01:32.800000,9.759498532583086
2015-03-26T16:01:32.900000,9.745611959453724
2015-03-26T16:01:33.000000,9.7674666654433
2015-03-26T16:01:33.100000,9.744470182772233
2015-03-26T16:01:33.200000,9.772643695833834
2015-03-26T16:01:33.300000,9.786864596967488
2015-03-26T16:01:33.400000,9.785069443113809
2015-03-26T16:01:33.500000,9.788928801023175
2015-03-26T16:01:33.600000,9.788691197529502
2015-03-26T16:01:33.700000,9.790049985962382
2015-03-26T16:01:33.800000,9.803415757278948
2015-03-26T16:01:33.900000,9.806694709935917
2015-03-26T16:01:34.000000,9.785430013355237
2015-03-26T16:01:34.100000,9.795587735165832
2015-03-26T16:01:34.200000,9.786122200985798
2015-03-26T16:01:34.300000,9.795190826674162
2015-03-26T16:01:34.400000,9.783055603656909
2015-03-26T16:01:34.500000,9.81042247271161
2015-03-26T16:01:34.600000,9.80560491063208
2015-03-26T16:01:34.700000,9.80524108941827
2015-03-26T16:01:34.800000,9.80382016305466
2015-03-26T16:01:34.900000,9.79887813963092
2015-03-26T16:01:35.000000,9.794429384728977
2015-03-26T16:01:35.100000,9.79390446522978
2015-03-26T16:01:35.200000,9.805048510819148
2015-03-26T16:01:35.300000,9.802671423213535
2015-03-26T16:01:35.400000,9.783790795419872
2015-03-26T16:01:35.500000,9.827462779098523
2015-03-26T16:01:35.600000,9.79115764851768
2015-03-26T16:01:35.700000,9.783035059418454
2015-03-26T16:01:35.800000,9.7732724192337
2015-03-26T16:01:35.900000,9.77895942143712
2015-03-26T16:01:36.000000,9.751625255835334
2015-03-26T16:01:36.100000,9.765076470191016
2015-03-26T16:01:36.200000,9.761064796954198
2015-03-26T16:01:36.300000,9.763483483502592
2015-03-26T16:01:36.400000,9.77154976193378
2015-03-26T16:01:36.500000,9.755279190608642
2015-03-26T16:01:36.600000,9.759012786987732
2015-03-26T16:01:36.700000,9.742938760952656
2015-03-26T16:01:36.800000,9.73336936562552
2015-03-26T16:01:36.900000,9.748324083594436
2015-03-26T16:01:37.000000,9.747130134393378
2015-03-26T16:01:37.100000,9.731219951911203
2015-03-26T16:01:37.200000,9.72599870514345
2015-03-26T16:01:37.300000,9.736653943078398
2015-03-26T16:01:37.400000,9.714914576096314
2015-03-26T16:01:37.500000,9.737646418901562
2015-03-26T16:01:37.600000,9.741934846785425
2015-03-26T16:01:37.700000,9.74487032841579
2015-03-26T16:01:37.800000,9.741296321927178
2015-03-26T16:01:37.900000,9.741708447045154
2015-03-26T16:01:38.000000,9.7385726467411
2015-03-26T16:01:38.100000,9.740067977036157
2015-03-26T16:01:38.200000,9.73781379688376
2015-03-26T16:01:38.300000,9.735551220968931
2015-03-26T16:01:38.400000,9.73425402178886
2015-03-26T16:01:38.500000,9.73365914170504
2015-03-26T16:01:38.600000,9.74059872728836
2015-03-26T16:01:38.700000,9.767215615224377
2015-03-26T16:01:38.800000,9.762619440693632
2015-03-26T16:01:38.900000,9.75466614174429
2015-03-26T16:01:39.000000,9.74158499443196
2015-03-26T16:01:39.100000,9.765666533802252
2015-03-26T16:01:39.200000,9.7681653897973
2015-03-26T16:01:39.300000,9.775220516855368
2015-03-26T16:01:39.400000,9.758443585667306
2015-03-26T16:01:39.500000,9.768184953261404
2015-03-26T16:01:39.600000,9.779269069268318
2015-03-26T16:01:39.700000,9.787526605899838
2015-03-26T16:01:39.800000,9.771065429287392
2015-03-26T16:01:39.900000,9.804095955897465
2015-03-26T16:01:40.000000,9.802104951798492
2015-03-26T16:01:40.100000,9.818663368182296
2015-03-26T16:01:40.200000,9.803596100312944
2015-03-26T16:01:40.300000,9.795807733693216
2015-03-26T16:01:40.400000,9.806590925338837
2015-03-26T16:01:40.500000,9.812893254287047
2015-03-26T16:01:40.600000,9.807646796876858
2015-03-26T16:01:40.700000,9.81233640214584
2015-03-26T16:01:40.800000,9.792391801597374
2015-03-26T16:01:40.900000,9.80278591649796
2015-03-26T16:01:41.000000,9.79481706055799
2015-03-26T16:01:41.100000,9.787215852389496
2015-03-26T16:01:41.200000,9.797211841062808
2015-03-26T16:01:41.300000,9.81794990722338
2015-03-26T16:01:41.400000,9.790321720847151
2015-03-26T16:01:41.500000,9.788237532969427
2015-03-26T16:01:41.600000,9.799444864029256
2015-03-26T16:01:41.700000,9.777938258457082
2015-03-26T16:01:41.800000,9.77778283906062
2015-03-26T16:01:41.900000,9.746791929281724
2015-03-26T16:01:42.000000,9.776125727958824
2015-03-26T16:01:42.100000,9.773195609984173
2015-03-26T16:01:42.200000,9.770256141168517
2015-03-26T16:01:42.300000,9.76082714561144
2015-03-26T16:01:42.400000,9.75219475096635
2015-03-26T16:01:42.500000,9.758246948440076
2015-03-26T16:01:42.600000,9.758112381366642
2015-03-26T16:01:42.700000,9.767907618426658
2015-03-26T16:01:42.800000,9.747799387113398
2015-03-26T16:01:42.900000,9.749842006595124
2015-03-26T16:01:43.000000,9.732539126424031
2015-03-26T16:01:43.100000,9.726758034105249
2015-03-26T16:01:43.200000,9.74111334473962
2015-03-26T16:01:43.300000,9.752822029179242
2015-03-26T16:01:43.400000,9.731163133122816
2015-03-26T16:01:43.500000,9.746983973504468
2015-03-26T16:01:43.600000,9.74800010508495
2015-03-26T16:01:43.700000,9.757342314375268
2015-03-26T16:01:43.800000,9.74974917039559
2015-03-26T16:01:43.900000,9.753941517763996
2015-03-26T16:01:44.000000,9.741669277271503
2015-03-26T16:01:44.100000,9.753942709351907
2015-03-26T16:01:44.200000,9.72488190559779
2015-03-26T16:01:44.300000,9.71665050036754
2015-03-26T16:01:44.400000,9.743108712271956
2015-03-26T16:01:44.500000,9.729491513077102
2015-03-26T16:01:44.600000,9.743179415721205
2015-03-26T16:01:44.700000,9.753835529118032
2015-03-26T16:01:44.800000,9.74639396639532
2015-03-26T16:01:44.900000,9.754509355015337
2015-03-26T16:01:45.000000,9.739275464738366
2015-03-26T16:01:45.100000,9.752337836430296
2015-03-26T16:01:45.200000,9.761871825475811
2015-03-26T16:01:45.300000,9.758349240287249
2015-03-26T16:01:45.400000,9.775684880420036
2015-03-26T16:01:45.500000,9.776806345480038
2015-03-26T16:01:45.600000,9.760513735578586
2015-03-26T16:01:45.700000,9.768713336945964
2015-03-26T16:01:45.800000,9.765268449663049
2015-03-26T16:01:45.900000,9.761063815805809
2015-03-26T16:01:46.000000,9.761416375093322
2015-03-26T16:01:46.100000,9.784078323368536
2015-03-26T16:01:46.200000,9.79219625566538
2015-03-26T16:01:46.300000,9.782000987526986
2015-03-26T16:01:46.400000,9.788993427761232
2015-03-26T16:01:46.500000,9.77866398849534
2015-03-26T16:01:46.600000,9.780476655637363
2015-03-26T16:01:46.700000,9.81371324353118
2015-03-26T16:01:46.800000,9.80122899977018
2015-03-26T16:01:46.900000,9.78534202972269
2015-03-26T16:01:47.000000,9.780527183024994
2015-03-26T16:01:47.100000,9.781369160257007
2015-03-26T16:01:47.200000,9.794939500583808
2015-03-26T16:01:47.300000,9.804556378235649
2015-03-26T16:01:47.400000,9.80097366857669
2015-03-26T16:01:47.500000,9.797172728482485
2015-03-26T16:01:47.600000,9.790792573818266
2015-03-26T16:01:47.700000,9.787743699478751
2015-03-26T16:01:47.800000,9.760513352859745
2015-03-26T16:01:47.900000,9.757147603060366
2015-03-26T16:01:48.000000,9.769507166234488
2015-03-26T16:01:48.100000,9.793465839773932
2015-03-26T16:01:48.200000,9.78712901503084
2015-03-26T16:01:48.300000,9.783370717894806
2015-03-26T16:01:48.400000,9.775179550085667
2015-03-26T16:01:48.500000,9.775333630155956
2015-03-26T16:01:48.600000,9.767141905217011
2015-03-26T16:01:48.700000,9.750484885264452
2015-03-26T16:01:48.800000,9.749243985875806
2015-03-26T16:01:48.900000,9.751663597412769
2015-03-26T16:01:49.000000,9.742845746292147
2015-03-26T16:01:49.100000,9.745241076402056
2015-03-26T16:01:49.200000,9.754192209049446
2015-03-26T16:01:49.300000,9.76547026814999
2015-03-26T16:01:49.400000,9.774269715551188
2015-03-26T16:01:49.500000,9.743330963448273
2015-03-26T16:01:49.600000,9.746793551154362
2015-03-26T16:01:49.700000,9.749897072868654
2015-03-26T16:01:49.800000,9.728374775894132
2015-03-26T16:01:49.900000,9.736778660773853
2015-03-26T16:01:50.000000,9.75514878251174
2015-03-26T16:01:50.100000,9.75368199964335
2015-03-26T16:01:50.200000,9.75131877520561
2015-03-26T16:01:50.300000,9.740916919025445
2015-03-26T16:01:50.400000,9.743971644663212
2015-03-26T16:01:50.500000,9.748454876529546
2015-03-26T16:01:50.600000,9.765396030639645
2015-03-26T16:01:50.700000,9.758370843286546
2015-03-26T16:01:50.800000,9.760505066450373
2015-03-26T16:01:50.900000,9.76339044636609
2015-03-26T16:01:51.000000,9.76677214324947
2015-03-26T16:01:51.100000,9.7524225059023
2015-03-26T16:01:51.200000,9.739078389889016
2015-03-26T16:01:51.300000,9.761867716446051
2015-03-26T16:01:51.400000,9.78914376602321
2015-03-26T16:01:51.500000,9.75390030565975
2015-03-26T16:01:51.600000,9.774550638366248
2015-03-26T16:01:51.700000,9.781359577231513
2015-03-26T16:01:51.800000,9.803644519758988
2015-03-26T16:01:51.900000,9.800422735623409
2015-03-26T16:01:52.000000,9.790879873769056
2015-03-26T16:01:52.100000,9.773304657984312
2015-03-26T16:01:52.200000,9.773985313103736
2015-03-26T16:01:52.300000,9.782202656347474
2015-03-26T16:01:52.400000,9.784057859233208
2015-03-26T16:01:52.500000,9.782624114365465
2015-03-26T16:01:52.600000,9.772913709916832
2015-03-26T16:01:52.700000,9.781749118714512
2015-03-26T16:01:52.800000,9.796815861536322
2015-03-26T16:01:52.900000,9.794933398213876
2015-03-26T16:01:53.000000,9.789278451316322
2015-03-26T16:01:53.100000,9.75376413326214
2015-03-26T16:01:53.200000,9.768451348315777
2015-03-26T16:01:53.300000,9.781255270492371
2015-03-26T16:01:53.400000,9.77905578040101
2015-03-26T16:01:53.500000,9.779128968812678
2015-03-26T16:01:53.600000,9.75635477798196
2015-03-26T16:01:53.700000,9.742678164204223
2015-03-26T16:01:53.800000,9.785940903876616
2015-03-26T16:01:53.900000,9.77608874217786
2015-03-26T16:01:54.000000,9.766695267740143
2015-03-26T16:01:54.100000,9.765714706876192
2015-03-26T16:01:54.200000,9.754648365092384
2015-03-26T16:01:54.300000,9.756430804021418
2015-03-26T16:01:54.400000,9.746831435889929
2015-03-26T16:01:54.500000,9.74806770851034
2015-03-26T16:01:54.600000,9.75746730116316
2015-03-26T16:01:54.700000,9.741256124387634
2015-03-26T16:01:54.800000,9.748012554310268
2015-03-26T16:01:54.900000,9.755827247538928
2015-03-26T16:01:55.000000,9.742267410482814
2015-03-26T16:01:55.100000,9.754572079901706
2015-03-26T16:01:55.200000,9.787802033555389
2015-03-26T16:01:55.300000,9.770806559136007
2015-03-26T16:01:55.400000,9.771608283088543
2015-03-26T16:01:55.500000,9.772410418709509
2015-03-26T16:01:55.600000,9.773213076051702
2015-03-26T16:01:55.700000,9.770423759990258
2015-03-26T16:01:55.800000,9.758388063700934
2015-03-26T16:01:55.900000,9.745577883001303
2015-03-26T16:01:56.000000,9.752072924079703
2015-03-26T16:01:56.100000,9.78619212061206
2015-03-26T16:01:56.200000,9.769495207076814
2015-03-26T16:01:56.300000,9.76544533924944
2015-03-26T16:01:56.400000,9.75944471888168
2015-03-26T16:01:56.500000,9.753444070366555
2015-03-26T16:01:56.600000,9.77046893642839
2015-03-26T16:01:56.700000,9.77116006704659
2015-03-26T16:01:56.800000,9.766094561223465
2015-03-26T16:01:56.900000,9.758340365259174
2015-03-26T16:01:57.000000,9.772519830720013
2015-03-26T16:01:57.100000,9.78596145850926
2015-03-26T16:01:57.200000,9.800569407416242
2015-03-26T16:01:57.300000,9.763303158348906
2015-03-26T16:01:57.400000,9.765589082391806
2015-03-26T16:01:57.500000,9.77207480404058
2015-03-26T16:01:57.600000,9.77914748569018
2015-03-26T16:01:57.700000,9.787542955981166
2015-03-26T16:01:57.800000,9.79187076164222
2015-03-26T16:01:57.900000,9.786706066243664
2015-03-26T16:01:58.000000,9.781541477728238
2015-03-26T16:01:58.100000,9.776377162459593
2015-03-26T16:01:58.200000,9.771213154995792
2015-03-26T16:01:58.300000,9.766049455337123
2015-03-26T16:01:58.400000,9.761279692349548
2015-03-26T16:01:58.500000,9.757904669832191
2015-03-26T16:01:58.600000,9.756228005320292
2015-03-26T16:01:58.700000,9.748780863962478
2015-03-26T16:01:58.800000,9.778274171575225
2015-03-26T16:01:58.900000,9.767448265443983
2015-03-26T16:01:59.000000,9.755792229447913
2015-03-26T16:01:59.100000,9.744131349331084
2015-03-26T16:01:59.200000,9.737620473076896
2015-03-26T16:01:59.300000,9.743730557209004
2015-03-26T16:01:59.400000,9.748172212075335
2015-03-26T16:01:59.500000,9.747851504288333
2015-03-26T16:01:59.600000,9.747529837771989
2015-03-26T16:01:59.700000,9.746394229050958
2015-03-26T16:01:59.800000,9.743748646253922
2015-03-26T16:01:59.900000,9.744601601804716
2015-03-26T16:02:00.000000,9.785949084907616
2015-03-26T16:02:00.100000,9.785433110161003
2015-03-26T16:02:00.200000,9.760349238236056
2015-03-26T16:02:00.300000,9.745139592882293
2015-03-26T16:02:00.400000,9.741366274879764
2015-03-26T16:02:00.500000,9.745749397553997
2015-03-26T16:02:00.600000,9.762127304362766
2015-03-26T16:02:00.700000,9.75549205809756
2015-03-26T16:02:00.800000,9.78055208082413
2015-03-26T16:02:00.900000,9.77148891479639
2015-03-26T16:02:01.000000,9.774604754032556
2015-03-26T16:02:01.100000,9.783732980097938
2015-03-26T16:02:01.200000,9.795411132223215
2015-03-26T16:02:01.300000,9.789150995712584
2015-03-26T16:02:01.400000,9.790254014517616
2015-03-26T16:02:01.500000,9.792295755814898
2015-03-26T16:02:01.600000,9.788493045025342
2015-03-26T16:02:01.700000,9.799886940991383
2015-03-26T16:02:01.800000,9.79193195924748
2015-03-26T16:02:01.900000,9.784087210672324
2015-03-26T16:02:02.000000,9.77779184795703
2015-03-26T16:02:02.100000,9.78916088473404
2015-03-26T16:02:02.200000,9.78838791710196
2015-03-26T16:02:02.300000,9.795103395355747
2015-03-26T16:02:02.400000,9.793920777279672
2015-03-26T16:02:02.500000,9.817280756295077
2015-03-26T16:02:02.600000,9.819759105834136
2015-03-26T16:02:02.700000,9.789406926912031
2015-03-26T16:02:02.800000,9.77421693864694
2015-03-26T16:02:02.900000,9.771695435848752
2015-03-26T16:02:03.000000,9.78060720848877
2015-03-26T16:02:03.100000,9.790568237883232
2015-03-26T16:02:03.200000,9.777728173196234
2015-03-26T16:02:03.300000,9.778252493483595
2015-03-26T16:02:03.400000,9.778252519213057
2015-03-26T16:02:03.500000,9.76565067055891
2015-03-26T16:02:03.600000,9.755093437775766
2015-03-26T16:02:03.700000,9.751471091124184
2015-03-26T16:02:03.800000,9.7425717127918
2015-03-26T16:02:03.900000,9.755884560990491
2015-03-26T16:02:04.000000,9.743455991044147
2015-03-26T16:02:04.100000,9.752653508844965
2015-03-26T16:02:04.200000,9.735891956180442
2015-03-26T16:02:04.300000,9.75526454527758
2015-03-26T16:02:04.400000,9.717455721899093
2015-03-26T16:02:04.500000,9.745304061247792
2015-03-26T16:02:04.600000,9.740323662693983
2015-03-26T16:02:04.700000,9.737729910019937
2015-03-26T16:02:04.800000,9.746422109894397
2015-03-26T16:02:04.900000,9.73483103790918
2015-03-26T16:02:05.000000,9.732893961369124
2015-03-26T16:02:05.100000,9.718380584839837
2015-03-26T16:02:05.200000,9.72697363711302
2015-03-26T16:02:05.300000,9.734891417584484
2015-03-26T16:02:05.400000,9.76136572490095
2015-03-26T16:02:05.500000,9.752105199284642
2015-03-26T16:02:05.600000,9.741566072614695
2015-03-26T16:02:05.700000,9.737805213799772
2015-03-26T16:02:05.800000,9.744983079298166
2015-03-26T16:02:05.900000,9.750045524639214
2015-03-26T16:02:06.000000,9.739697272513618
2015-03-26T16:02:06.100000,9.737490140840022
2015-03-26T16:02:06.200000,9.752736603903063
2015-03-26T16:02:06.300000,9.739730577170937
2015-03-26T16:02:06.400000,9.753719742053132
2015-03-26T16:02:06.500000,9.767708953199104
2015-03-26T16:02:06.600000,9.783062280228116
2015-03-26T16:02:06.700000,9.784253304579728
2015-03-26T16:02:06.800000,9.785665374833409
2015-03-26T16:02:06.900000,9.756587465659484
2015-03-26T16:02:07.000000,9.778374356508216
2015-03-26T16:02:07.100000,9.787765685512662
2015-03-26T16:02:07.200000,9.77818054070848
2015-03-26T16:02:07.300000,9.77906673455804
2015-03-26T16:02:07.400000,9.791539710356624
2015-03-26T16:02:07.500000,9.807761105876883
2015-03-26T16:02:07.600000,9.808368137464193
2015-03-26T16:02:07.700000,9.796168436380214
2015-03-26T16:02:07.800000,9.798501892739043
2015-03-26T16:02:07.900000,9.803776284395305
2015-03-26T16:02:08.000000,9.789199469952855
2015-03-26T16:02:08.100000,9.80953832175431
2015-03-26T16:02:08.200000,9.805215699492743
2015-03-26T16:02:08.300000,9.819562697915169
2015-03-26T16:02:08.400000,9.821440729831613
2015-03-26T16:02:08.500000,9.816255530324828
2015-03-26T16:02:08.600000,9.792680819980124
2015-03-26T16:02:08.700000,9.77583853035506
2015-03-26T16:02:08.800000,9.783473166310264
2015-03-26T16:02:08.900000,9.781040186360196
2015-03-26T16:02:09.000000,9.7915953623149
2015-03-26T16:02:09.100000,9.763764193573524
2015-03-26T16:02:09.200000,9.7714055139423
2015-03-26T16:02:09.300000,9.771170417550724
2015-03-26T16:02:09.400000,9.7702166731272
2015-03-26T16:02:09.500000,9.769131804875183
2015-03-26T16:02:09.600000,9.75593252338886
2015-03-26T16:02:09.700000,9.769621948289911
2015-03-26T16:02:09.800000,9.759556544430463
2015-03-26T16:02:09.900000,9.759226442179177
2015-03-26T16:02:10.000000,9.746547692309262
2015-03-26T16:02:10.100000,9.745190504773714
2015-03-26T16:02:10.200000,9.742640653675377
2015-03-26T16:02:10.300000,9.744938727315024
2015-03-26T16:02:10.400000,9.727861906124888
2015-03-26T16:02:10.500000,9.732030202554656
2015-03-26T16:02:10.600000,9.76090879250834
2015-03-26T16:02:10.700000,9.753988705922607
2015-03-26T16:02:10.800000,9.750690535099348
2015-03-26T16:02:10.900000,9.739720885711218
2015-03-26T16:02:11.000000,9.7476216124999
2015-03-26T16:02:11.100000,9.739889056402331
2015-03-26T16:02:11.200000,9.74322935168702
2015-03-26T16:02:11.300000,9.743858231469748
2015-03-26T16:02:11.400000,9.736602078067088
2015-03-26T16:02:11.500000,9.755083326836976
2015-03-26T16:02:11.600000,9.74357734866061
2015-03-26T16:02:11.700000,9.744011195028742
2015-03-26T16:02:11.800000,9.758616447085604
2015-03-26T16:02:11.900000,9.757241530958323
2015-03-26T16:02:12.000000,9.750285275153049
2015-03-26T16:02:12.100000,9.747965873579917
2015-03-26T16:02:12.200000,9.75249893853435
2015-03-26T16:02:12.300000,9.75836917629766
2015-03-26T16:02:12.400000,9.752075710321355
2015-03-26T16:02:12.500000,9.782964338166568
2015-03-26T16:02:12.600000,9.771873802405604
2015-03-26T16:02:12.700000,9.779899403183103
2015-03-26T16:02:12.800000,9.76194965305084
2015-03-26T16:02:12.900000,9.772632094175332
2015-03-26T16:02:13.000000,9.790236796381828
2015-03-26T16:02:13.100000,9.794998668245224
2015-03-26T16:02:13.200000,9.803550741482344
2015-03-26T16:02:13.300000,9.803439268778614
2015-03-26T16:02:13.400000,9.788726458769592
2015-03-26T16:02:13.500000,9.782748393358071
2015-03-26T16:02:13.600000,9.787058459695643
2015-03-26T16:02:13.700000,9.802993962548294
2015-03-26T16:02:13.800000,9.795556974002896
2015-03-26T16:02:13.900000,9.801349809005028
2015-03-26T16:02:14.000000,9.79497405853937
2015-03-26T16:02:14.100000,9.7824328101365
2015-03-26T16:02:14.200000,9.787992730104015
2015-03-26T16:02:14.300000,9.78401103163044
2015-03-26T16:02:14.400000,9.78083227790167
2015-03-26T16:02:14.500000,9.781825083728863
2015-03-26T16:02:14.600000,9.78280949873226
2015-03-26T16:02:14.700000,9.774529296127142
2015-03-26T16:02:14.800000,9.769754078952872
2015-03-26T16:02:14.900000,9.777257306863032
2015-03-26T16:02:15.000000,9.754725292862611
2015-03-26T16:02:15.100000,9.77265850434578
2015-03-26T16:02:15.200000,9.762338076836617
2015-03-26T16:02:15.300000,9.77299396241438
2015-03-26T16:02:15.400000,9.769907333008316
2015-03-26T16:02:15.500000,9.769825350907924
2015-03-26T16:02:15.600000,9.761839961663084
2015-03-26T16:02:15.700000,9.746991160714796
2015-03-26T16:02:15.800000,9.770529353329122
2015-03-26T16:02:15.900000,9.765328450413158
2015-03-26T16:02:16.000000,9.748695157884535
2015-03-26T16:02:16.100000,9.744440000564568
2015-03-26T16:02:16.200000,9.752120528648138
2015-03-26T16:02:16.300000,9.753209039658014
2015-03-26T16:02:16.400000,9.736845656489937
2015-03-26T16:02:16.500000,9.744965220655509
2015-03-26T16:02:16.600000,9.757059933459592
2015-03-26T16:02:16.700000,9.765330114785227
2015-03-26T16:02:16.800000,9.745284155167685
2015-03-26T16:02:16.900000,9.753656167579832
2015-03-26T16:02:17.000000,9.753957056194286
2015-03-26T16:02:17.100000,9.790735934904047
2015-03-26T16:02:17.200000,9.770905070774283
2015-03-26T16:02:17.300000,9.79814058179122
2015-03-26T16:02:17.400000,9.760085172283548
2015-03-26T16:02:17.500000,9.771033317363504
2015-03-26T16:02:17.600000,9.784506936632454
2015-03-26T16:02:17.700000,9.786011816175002
2015-03-26T16:02:17.800000,9.755061569219183
2015-03-26T16:02:17.900000,9.748002263373486
2015-03-26T16:02:18.000000,9.749428461076716
2015-03-26T16:02:18.100000,9.75085445315564
2015-03-26T16:02:18.200000,9.754420257902986
2015-03-26T16:02:18.300000,9.758006026287232
2015-03-26T16:02:18.400000,9.763516403293067
2015-03-26T16:02:18.500000,9.778200779141084
2015-03-26T16:02:18.600000,9.766889144444573
2015-03-26T16:02:18.700000,9.76126038307078
2015-03-26T16:02:18.800000,9.787836082117703
2015-03-26T16:02:18.900000,9.78186462039739
2015-03-26T16:02:19.000000,9.77298503231852
2015-03-26T16:02:19.100000,9.767510527302438
2015-03-26T16:02:19.200000,9.768894898773834
2015-03-26T16:02:19.300000,9.763839133092985
2015-03-26T16:02:19.400000,9.751279306061903
2015-03-26T16:02:19.500000,9.773815252145411
2015-03-26T16:02:19.600000,9.76503218425102
2015-03-26T16:02:19.700000,9.754805944229762
2015-03-26T16:02:19.800000,9.756392545734178
2015-03-26T16:02:19.900000,9.756094073919169
2015-03-26T16:02:20.000000,9.763547626348656
2015-03-26T16:02:20.100000,9.786934240160528
2015-03-26T16:02:20.200000,9.791898837608898
2015-03-26T16:02:20.300000,9.781470587462112
2015-03-26T16:02:20.400000,9.768043403867834
2015-03-26T16:02:20.500000,9.749827282766889
2015-03-26T16:02:20.600000,9.745407320041716
2015-03-26T16:02:20.700000,9.762580257645368
2015-03-26T16:02:20.800000,9.769059819707955
2015-03-26T16:02:20.900000,9.767048573864088
2015-03-26T16:02:21.000000,9.748235403875954
2015-03-26T16:02:21.100000,9.760638704716106
2015-03-26T16:02:21.200000,9.76429458673038
2015-03-26T16:02:21.300000,9.76870486885667
2015-03-26T16:02:21.400000,9.760501000607494
2015-03-26T16:02:21.500000,9.76123535957727
2015-03-26T16:02:21.600000,9.757668976112871
2015-03-26T16:02:21.700000,9.76745399834712
2015-03-26T16:02:21.800000,9.78595802590127
2015-03-26T16:02:21.900000,9.773228476051733
2015-03-26T16:02:22.000000,9.786853198825002
2015-03-26T16:02:22.100000,9.786920578600473
2015-03-26T16:02:22.200000,9.775969401580928
2015-03-26T16:02:22.300000,9.761577857463193
2015-03-26T16:02:22.400000,9.772082068648476
2015-03-26T16:02:22.500000,9.786314189595366
2015-03-26T16:02:22.600000,9.78314986885573
2015-03-26T16:02:22.700000,9.78907773533585
2015-03-26T16:02:22.800000,9.7827874104954
2015-03-26T16:02:22.900000,9.782530857599966
2015-03-26T16:02:23.000000,9.780528961464324
2015-03-26T16:02:23.100000,9.778942483220538
2015-03-26T16:02:23.200000,9.764391555080564
2015-03-26T16:02:23.300000,9.766922173672103
2015-03-26T16:02:23.400000,9.777791794695428
2015-03-26T16:02:23.500000,9.758822007619967
2015-03-26T16:02:23.600000,9.77165171057188
2015-03-26T16:02:23.700000,9.78047751723543
2015-03-26T16:02:23.800000,9.755994677537243
2015-03-26T16:02:23.900000,9.771985450887795
2015-03-26T16:02:24.000000,9.770988850325743
2015-03-26T16:02:24.100000,9.789814822622423
2015-03-26T16:02:24.200000,9.77880993195873
2015-03-26T16:02:24.300000,9.769445786553618
2015-03-26T16:02:24.400000,9.785812352092416
2015-03-26T16:02:24.500000,9.750050967591406
2015-03-26T16:02:24.600000,9.7238398466004
2015-03-26T16:02:24.700000,9.727897730484464
2015-03-26T16:02:24.800000,9.731955260575385
2015-03-26T16:02:24.900000,9.741339230990608
2015-03-26T16:02:25.000000,9.754082149029951
2015-03-26T16:02:25.100000,9.754752014413103
2015-03-26T16:02:25.200000,9.761774063252169
2015-03-26T16:02:25.300000,9.749590181513415
2015-03-26T16:02:25.400000,9.752473210519792
2015-03-26T16:02:25.500000,9.75539799126792
2015-03-26T16:02:25.600000,9.747489877057651
2015-03-26T16:02:25.700000,9.753198433214656
2015-03-26T16:02:25.800000,9.752848684895476
2015-03-26T16:02:25.900000,9.754990768752778
2015-03-26T16:02:26.000000,9.761102855985545
2015-03-26T16:02:26.100000,9.762565852523451
2015-03-26T16:02:26.200000,9.755810197208678
2015-03-26T16:02:26.300000,9.738015794045998
2015-03-26T16:02:26.400000,9.73560211536586
2015-03-26T16:02:26.500000,9.766799631657204
2015-03-26T16:02:26.600000,9.747847902664502
2015-03-26T16:02:26.700000,9.74736348612468
2015-03-26T16:02:26.800000,9.750896435026084
2015-03-26T16:02:26.900000,9.754954669468136
2015-03-26T16:02:27.000000,9.767384804630238
2015-03-26T16:02:27.100000,9.773713547959147
2015-03-26T16:02:27.200000,9.748812876121397
2015-03-26T16:02:27.300000,9.757529847649153
2015-03-26T16:02:27.400000,9.769816266243543
2015-03-26T16:02:27.500000,9.773382816744585
2015-03-26T16:02:27.600000,9.772200774990484
2015-03-26T16:02:27.700000,9.78171992094802
2015-03-26T16:02:27.800000,9.76045655353226
2015-03-26T16:02:27.900000,9.758952102877457
2015-03-26T16:02:28.000000,9.770478375930614
2015-03-26T16:02:28.100000,9.773468271948907
2015-03-26T16:02:28.200000,9.776854679289489
2015-03-26T16:02:28.300000,9.794013208968224
2015-03-26T16:02:28.400000,9.7966110110431
2015-03-26T16:02:28.500000,9.791487972985596
2015-03-26T16:02:28.600000,9.78636986642774
2015-03-26T16:02:28.700000,9.791358079723896
2015-03-26T16:02:28.800000,9.823631200510544
2015-03-26T16:02:28.900000,9.806569668191573
2015-03-26T16:02:29.000000,9.810151734104997
2015-03-26T16:02:29.100000,9.794711570699546
2015-03-26T16:02:29.200000,9.79808022376996
2015-03-26T16:02:29.300000,9.787480100889388
2015-03-26T16:02:29.400000,9.79238931633051
2015-03-26T16:02:29.500000,9.788055651394826
2015-03-26T16:02:29.600000,9.77002637952217
2015-03-26T16:02:29.700000,9.784231390004226
2015-03-26T16:02:29.800000,9.791614916510342
2015-03-26T16:02:29.900000,9.777242702744791
2015-03-26T16:02:30.000000,9.782498495482931
2015-03-26T16:02:30.100000,9.77222386737504
2015-03-26T16:02:30.200000,9.769701789971764
2015-03-26T16:02:30.300000,9.7657522829777
2015-03-26T16:02:30.400000,9.751250394491842
2015-03-26T16:02:30.500000,9.747056873440208
2015-03-26T16:02:30.600000,9.743311358558408
2015-03-26T16:02:30.700000,9.73775643298368
2015-03-26T16:02:30.800000,9.738570784170312
2015-03-26T16:02:30.900000,9.762776080845835
2015-03-26T16:02:31.000000,9.759051986797925
2015-03-26T16:02:31.100000,9.725031976364782
2015-03-26T16:02:31.200000,9.729113116225292
2015-03-26T16:02:31.300000,9.743905226317525
2015-03-26T16:02:31.400000,9.731611881319424
2015-03-26T16:02:31.500000,9.737820120954774
2015-03-26T16:02:31.600000,9.755855800783426
2015-03-26T16:02:31.700000,9.75022476260113
2015-03-26T16:02:31.800000,9.746228312484554
2015-03-26T16:02:31.900000,9.744882445689292
2015-03-26T16:02:32.000000,9.742676961357542
2015-03-26T16:02:32.100000,9.72259320061125
2015-03-26T16:02:32.200000,9.739280040060804
2015-03-26T16:02:32.300000,9.762619602317637
2015-03-26T16:02:32.400000,9.77102376080506
2015-03-26T16:02:32.500000,9.74916408945628
2015-03-26T16:02:32.600000,9.760211192184723
2015-03-26T16:02:32.700000,9.755885703504868
2015-03-26T16:02:32.800000,9.770489800661064
2015-03-26T16:02:32.900000,9.736307787718545
2015-03-26T16:02:33.000000,9.763996235932275
2015-03-26T16:02:33.100000,9.771204015305331
2015-03-26T16:02:33.200000,9.78239556804874
2015-03-26T16:02:33.300000,9.785882481446528
2015-03-26T16:02:33.400000,9.787588104877806
2015-03-26T16:02:33.500000,9.790410300083408
2015-03-26T16:02:33.600000,9.79655670837038
2015-03-26T16:02:33.700000,9.787782898301694
2015-03-26T16:02:33.800000,9.77900520072402
2015-03-26T16:02:33.900000,9.79424559105778
2015-03-26T16:02:34.000000,9.80252353298124
2015-03-26T16:02:34.100000,9.793537359063476
2015-03-26T16:02:34.200000,9.77855877898472
2015-03-26T16:02:34.300000,9.792838251266357
2015-03-26T16:02:34.400000,9.79237180889626
2015-03-26T16:02:34.500000,9.797436790067726
2015-03-26T16:02:34.600000,9.792087341486685
2015-03-26T16:02:34.700000,9.78861375011382
2015-03-26T16:02:34.800000,9.80213223784101
2015-03-26T16:02:34.900000,9.783298985112571
2015-03-26T16:02:35.000000,9.787273754261912
2015-03-26T16:02:35.100000,9.790698553769548
2015-03-26T16:02:35.200000,9.78318366981738
2015-03-26T16:02:35.300000,9.777608485823976
2015-03-26T16:02:35.400000,9.779636032098672
2015-03-26T16:02:35.500000,9.781668979659573
2015-03-26T16:02:35.600000,9.780781383386657
2015-03-26T16:02:35.700000,9.775171796526234
2015-03-26T16:02:35.800000,9.780928212344383
2015-03-26T16:02:35.900000,9.778520890719877
2015-03-26T16:02:36.000000,9.773394758595298
2015-03-26T16:02:36.100000,9.768716929036351
2015-03-26T16:02:36.200000,9.795713892973982
2015-03-26T16:02:36.300000,9.744849679743172
2015-03-26T16:02:36.400000,9.752523096890446
2015-03-26T16:02:36.500000,9.755055353974372
2015-03-26T16:02:36.600000,9.73909944636186
2015-03-26T16:02:36.700000,9.752998545097832
2015-03-26T16:02:36.800000,9.760064308404342
2015-03-26T16:02:36.900000,9.756486975792464
2015-03-26T16:02:37.000000,9.751847639718228
2015-03-26T16:02:37.100000,9.767208019291784
2015-03-26T16:02:37.200000,9.74722975723926
2015-03-26T16:02:37.300000,9.753234487817124
2015-03-26T16:02:37.400000,9.756071068549264
2015-03-26T16:02:37.500000,9.748874191971716
2015-03-26T16:02:37.600000,9.75839850390772
2015-03-26T16:02:37.700000,9.756037731198196
2015-03-26T16:02:37.800000,9.746414887428289
2015-03-26T16:02:37.900000,9.745176877325322
2015-03-26T16:02:38.000000,9.743941918635576
2015-03-26T16:02:38.100000,9.742710290133246
2015-03-26T16:02:38.200000,9.74148208737414
2015-03-26T16:02:38.300000,9.740545481101243
2015-03-26T16:02:38.400000,9.74509795298828
2015-03-26T16:02:38.500000,9.749647343933171
2015-03-26T16:02:38.600000,9.754195232282582
2015-03-26T16:02:38.700000,9.761483266821347
2015-03-26T16:02:38.800000,9.768256287789043
2015-03-26T16:02:38.900000,9.765245852910336
2015-03-26T16:02:39.000000,9.767864057891533
2015-03-26T16:02:39.100000,9.773690218629907
2015-03-26T16:02:39.200000,9.752910702372224
2015-03-26T16:02:39.300000,9.768149103036311
2015-03-26T16:02:39.400000,9.769688553850932
2015-03-26T16:02:39.500000,9.751986478552006
2015-03-26T16:02:39.600000,9.75445955543828
2015-03-26T16:02:39.700000,9.758519775923538
2015-03-26T16:02:39.800000,9.761067264889784
2015-03-26T16:02:39.900000,9.761650926331528
2015-03-26T16:02:40.000000,9.762111423253256
2015-03-26T16:02:40.100000,9.76774560619974
2015-03-26T16:02:40.200000,9.773098482970315
2015-03-26T16:02:40.300000,9.769232294260862
2015-03-26T16:02:40.400000,9.765362617687138
2015-03-26T16:02:40.500000,9.776855549943134
2015-03-26T16:02:40.600000,9.759392383757788
2015-03-26T16:02:40.700000,9.742952921214064
2015-03-26T16:02:40.800000,9.74305746906191
2015-03-26T16:02:40.900000,9.75819456739976
2015-03-26T16:02:41.000000,9.768230369465904
2015-03-26T16:02:41.100000,9.768734977802398
2015-03-26T16:02:41.200000,9.758490817376549
2015-03-26T16:02:41.300000,9.756610530427189
2015-03-26T16:02:41.400000,9.76981142988688
2015-03-26T16:02:41.500000,9.770425308538416
2015-03-26T16:02:41.600000,9.780264367331378
2015-03-26T16:02:41.700000,9.756171851492104
2015-03-26T16:02:41.800000,9.768934075776723
2015-03-26T16:02:41.900000,9.781113887766296
2015-03-26T16:02:42.000000,9.779500400398875
2015-03-26T16:02:42.100000,9.776707357382122
2015-03-26T16:02:42.200000,9.788307600356708
2015-03-26T16:02:42.300000,9.788044875043107
2015-03-26T16:02:42.400000,9.78182138243898
2015-03-26T16:02:42.500000,9.771010001132751
2015-03-26T16:02:42.600000,9.787589797795407
2015-03-26T16:02:42.700000,9.783293934606164
2015-03-26T16:02:42.800000,9.777729106894355
2015-03-26T16:02:42.900000,9.743084095530254
2015-03-26T16:02:43.000000,9.771949275390142
2015-03-26T16:02:43.100000,9.778356991488774
2015-03-26T16:02:43.200000,9.7843612106443
2015-03-26T16:02:43.300000,9.798921974022134
2015-03-26T16:02:43.400000,9.791494716313371
2015-03-26T16:02:43.500000,9.78888016748823
2015-03-26T16:02:43.600000,9.787822919596827
2015-03-26T16:02:43.700000,9.797304691920424
2015-03-26T16:02:43.800000,9.804060573506002
2015-03-26T16:02:43.900000,9.742879402538255
2015-03-26T16:02:44.000000,9.769328005972184
2015-03-26T16:02:44.100000,9.778367834462948
2015-03-26T16:02:44.200000,9.767249841149429
2015-03-26T16:02:44.300000,9.7672536062103
2015-03-26T16:02:44.400000,9.766909151513437
2015-03-26T16:02:44.500000,9.794910987641607
2015-03-26T16:02:44.600000,9.770399284187125
2015-03-26T16:02:44.700000,9.77857891918599
2015-03-26T16:02:44.800000,9.783239404491324
2015-03-26T16:02:44.900000,9.75905069886222
2015-03-26T16:02:45.000000,9.76823494002673
2015-03-26T16:02:45.100000,9.75661612470848
2015-03-26T16:02:45.200000,9.77700837990371
2015-03-26T16:02:45.300000,9.745402415674786
2015-03-26T16:02:45.400000,9.76248767118032
2015-03-26T16:02:45.500000,9.766381464483777
2015-03-26T16:02:45.600000,9.7552364670991
2015-03-26T16:02:45.700000,9.737240416696356
2015-03-26T16:02:45.800000,9.737404521868774
2015-03-26T16:02:45.900000,9.747804223950808
2015-03-26T16:02:46.000000,9.740018834812709
2015-03-26T16:02:46.100000,9.745242647358106
2015-03-26T16:02:46.200000,9.74992417443601
2015-03-26T16:02:46.300000,9.747538998254123
2015-03-26T16:02:46.400000,9.74491669093596
2015-03-26T16:02:46.500000,9.742294527943653
2015-03-26T16:02:46.600000,9.73970468276548
2015-03-26T16:02:46.700000,9.74025501899321
2015-03-26T16:02:46.800000,9.746531972782511
2015-03-26T16:02:46.900000,9.756494724906595
2015-03-26T16:02:47.000000,9.75747561610122
2015-03-26T16:02:47.100000,9.75417206193446
2015-03-26T16:02:47.200000,9.782550743260634
2015-03-26T16:02:47.300000,9.777532282253787
2015-03-26T16:02:47.400000,9.754583802278868
2015-03-26T16:02:47.500000,9.763382290540935
2015-03-26T16:02:47.600000,9.7628268462727
2015-03-26T16:02:47.700000,9.762081516592897
2015-03-26T16:02:47.800000,9.74909061682318
2015-03-26T16:02:47.900000,9.784082029146512
2015-03-26T16:02:48.000000,9.763913024652323
2015-03-26T16:02:48.100000,9.767682097915545
2015-03-26T16:02:48.200000,9.77013530054652
2015-03-26T16:02:48.300000,9.774763157275656
2015-03-26T16:02:48.400000,9.77761844812633
2015-03-26T16:02:48.500000,9.77957727738564
2015-03-26T16:02:48.600000,9.776123255240956
2015-03-26T16:02:48.700000,9.77582223248655
2015-03-26T16:02:48.800000,9.766432540661848
2015-03-26T16:02:48.900000,9.793286455778023
2015-03-26T16:02:49.000000,9.765711998235766
2015-03-26T16:02:49.100000,9.776625839431755
2015-03-26T16:02:49.200000,9.79446072687087
2015-03-26T16:02:49.300000,9.800250969946322
2015-03-26T16:02:49.400000,9.800639638147164
2015-03-26T16:02:49.500000,9.76992379147842
2015-03-26T16:02:49.600000,9.785824272278797
2015-03-26T16:02:49.700000,9.7812205624869
2015-03-26T16:02:49.800000,9.778315786730506
2015-03-26T16:02:49.900000,9.775411210092646
2015-03-26T16:02:50.000000,9.772507517193654
2015-03-26T16:02:50.100000,9.769934998202062
2015-03-26T16:02:50.200000,9.779118900411124
2015-03-26T16:02:50.300000,9.767009640720143
2015-03-26T16:02:50.400000,9.777091727588056
2015-03-26T16:02:50.500000,9.769978440032238
2015-03-26T16:02:50.600000,9.761932580763917
2015-03-26T16:02:50.700000,9.76790489749778
2015-03-26T16:02:50.800000,9.76414003178745
2015-03-26T16:02:50.900000,9.752211860134128
2015-03-26T16:02:51.000000,9.76668623872672
2015-03-26T16:02:51.100000,9.762214963181256
2015-03-26T16:02:51.200000,9.757829020194032
2015-03-26T16:02:51.300000,9.74455496500716
2015-03-26T16:02:51.400000,9.73153208396564
2015-03-26T16:02:51.500000,9.764931892225349
2015-03-26T16:02:51.600000,9.770686825050385
2015-03-26T16:02:51.700000,9.759817363025816
2015-03-26T16:02:51.800000,9.758072731753622
2015-03-26T16:02:51.900000,9.761690970264675
2015-03-26T16:02:52.000000,9.750479247185204
2015-03-26T16:02:52.100000,9.743122446596455
2015-03-26T16:02:52.200000,9.764764542410235
2015-03-26T16:02:52.300000,9.762827664202728
2015-03-26T16:02:52.400000,9.761289473102096
2015-03-26T16:02:52.500000,9.77150380396477
2015-03-26T16:02:52.600000,9.77552129223357
2015-03-26T16:02:52.700000,9.77638803530744
2015-03-26T16:02:52.800000,9.754096816382
2015-03-26T16:02:52.900000,9.75888410681673
2015-03-26T16:02:53.000000,9.762922307839156
2015-03-26T16:02:53.100000,9.76695975202361
2015-03-26T16:02:53.200000,9.77099700413896
2015-03-26T16:02:53.300000,9.775141457596762
2015-03-26T16:02:53.400000,9.781101752599152
2015-03-26T16:02:53.500000,9.790110069457164
2015-03-26T16:02:53.600000,9.759251163418122
2015-03-26T16:02:53.700000,9.79217526246218
2015-03-26T16:02:53.800000,9.773448305165306
2015-03-26T16:02:53.900000,9.77051009274056
2015-03-26T16:02:54.000000,9.790946607592524
2015-03-26T16:02:54.100000,9.787121015102278
2015-03-26T16:02:54.200000,9.790432699819052
2015-03-26T16:02:54.300000,9.778337499181116
2015-03-26T16:02:54.400000,9.788667873919556
2015-03-26T16:02:54.500000,9.793982842946614
2015-03-26T16:02:54.600000,9.783045900054324
2015-03-26T16:02:54.700000,9.782292118543904
2015-03-26T16:02:54.800000,9.793074047170814
2015-03-26T16:02:54.900000,9.793283587404504
2015-03-26T16:02:55.000000,9.758965329621889
2015-03-26T16:02:55.100000,9.780019431278951
2015-03-26T16:02:55.200000,9.78671187573731
2015-03-26T16:02:55.300000,9.767572871631431
2015-03-26T16:02:55.400000,9.769500748133042
2015-03-26T16:02:55.500000,9.778042637670948
2015-03-26T16:02:55.600000,9.766046782016511
2015-03-26T16:02:55.700000,9.788752352912844
2015-03-26T16:02:55.800000,9.761690681480896
2015-03-26T16:02:55.900000,9.774396221156277
2015-03-26T16:02:56.000000,9.76188783714791
2015-03-26T16:02:56.100000,9.751300914099945
2015-03-26T16:02:56.200000,9.75300819108963
2015-03-26T16:02:56.300000,9.75630900838169
2015-03-26T16:02:56.400000,9.754632628634932
2015-03-26T16:02:56.500000,9.75119029387589
2015-03-26T16:02:56.600000,9.75342677826416
2015-03-26T16:02:56.700000,9.75642832284728
2015-03-26T16:02:56.800000,9.75548766190145
2015-03-26T16:02:56.900000,9.754395983572143
2015-03-26T16:02:57.000000,9.75330287730473
2015-03-26T16:02:57.100000,9.75231848372253
2015-03-26T16:02:57.200000,9.75588025299971
2015-03-26T16:02:57.300000,9.762666154296817
2015-03-26T16:02:57.400000,9.754833154189214
2015-03-26T16:02:57.500000,9.746779085054431
2015-03-26T16:02:57.600000,9.738551244685382
2015-03-26T16:02:57.700000,9.747456460712666
2015-03-26T16:02:57.800000,9.761924009230098
2015-03-26T16:02:57.900000,9.750462069207746
2015-03-26T16:02:58.000000,9.76905381712268
2015-03-26T16:02:58.100000,9.77626846402726
2015-03-26T16:02:58.200000,9.781539103019432
2015-03-26T16:02:58.300000,9.750295562776442
2015-03-26T16:02:58.400000,9.771983900513746
2015-03-26T16:02:58.500000,9.764895299218624
2015-03-26T16:02:58.600000,9.761121873521912
2015-03-26T16:02:58.700000,9.752498873997109
2015-03-26T16:02:58.800000,9.755271301373154
2015-03-26T16:02:58.900000,9.757906326823466
2015-03-26T16:02:59.000000,9.747973128115389
2015-03-26T16:02:59.100000,9.76455839224084
2015-03-26T16:02:59.200000,9.775802361764438
2015-03-26T16:02:59.300000,9.765236761382011
2015-03-26T16:02:59.400000,9.777768944818472
2015-03-26T16:02:59.500000,9.78542866180192
2015-03-26T16:02:59.600000,9.764891910068815
2015-03-26T16:02:59.700000,9.76697962611237
2015-03-26T16:02:59.800000,9.790074864946735
2015-03-26T16:02:59.900000,9.7988206225416
2015-03-26T16:03:00.000000,9.786272117569032
2015-03-26T16:03:00.100000,9.786856791508228
2015-03-26T16:03:00.200000,9.793554070617803
2015-03-26T16:03:00.300000,9.790508457356534
2015-03-26T16:03:00.400000,9.796988238460353
2015-03-26T16:03:00.500000,9.788946956967475
2015-03-26T16:03:00.600000,9.781040514508971
2015-03-26T16:03:00.700000,9.781849483641876
2015-03-26T16:03:00.800000,9.798777112537012
2015-03-26T16:03:00.900000,9.795087790021718
2015-03-26T16:03:01.000000,9.790456461596373
2015-03-26T16:03:01.100000,9.77873274220686
2015-03-26T16:03:01.200000,9.761394393415175
2015-03-26T16:03:01.300000,9.784499388139976
2015-03-26T16:03:01.400000,9.7597210874811
2015-03-26T16:03:01.500000,9.76018984810038
2015-03-26T16:03:01.600000,9.762938414561551
2015-03-26T16:03:01.700000,9.766261658803112
2015-03-26T16:03:01.800000,9.769869236417184
2015-03-26T16:03:01.900000,9.77724346327546
2015-03-26T16:03:02.000000,9.72387783305043
2015-03-26T16:03:02.100000,9.7270280081175
2015-03-26T16:03:02.200000,9.753081262569594
2015-03-26T16:03:02.300000,9.77489747424402
2015-03-26T16:03:02.400000,9.758161838693484
2015-03-26T16:03:02.500000,9.771818227328287
2015-03-26T16:03:02.600000,9.777235305165682
2015-03-26T16:03:02.700000,9.76245717102728
2015-03-26T16:03:02.800000,9.76458788707188
2015-03-26T16:03:02.900000,9.779098027830424
2015-03-26T16:03:03.000000,9.747898600697972
2015-03-26T16:03:03.100000,9.738780433400818
2015-03-26T16:03:03.200000,9.74762828083744
2015-03-26T16:03:03.300000,9.754843773176605
2015-03-26T16:03:03.400000,9.757297550551655
2015-03-26T16:03:03.500000,9.756707322393622
2015-03-26T16:03:03.600000,9.75336166530144
2015-03-26T16:03:03.700000,9.747126905107198
2015-03-26T16:03:03.800000,9.766595447307797
2015-03-26T16:03:03.900000,9.764805302446316
2015-03-26T16:03:04.000000,9.766609113807696
2015-03-26T16:03:04.100000,9.753882184079366
2015-03-26T16:03:04.200000,9.760626982185157
2015-03-26T16:03:04.300000,9.768852158379348
2015-03-26T16:03:04.400000,9.769464876825769
2015-03-26T16:03:04.500000,9.758043227889166
2015-03-26T16:03:04.600000,9.788052369195649
2015-03-26T16:03:04.700000,9.777388348021857
2015-03-26T16:03:04.800000,9.762289486167225
2015-03-26T16:03:04.900000,9.757834090576456
2015-03-26T16:03:05.000000,9.75812450324269
2015-03-26T16:03:05.100000,9.77477969794904
2015-03-26T16:03:05.200000,9.772858759101217
2015-03-26T16:03:05.300000,9.758318817568629
2015-03-26T16:03:05.400000,9.760612112679054
2015-03-26T16:03:05.500000,9.781561981320404
2015-03-26T16:03:05.600000,9.77242237664585
2015-03-26T16:03:05.700000,9.776944200757738
2015-03-26T16:03:05.800000,9.77524681033339
2015-03-26T16:03:05.900000,9.799515124859774
2015-03-26T16:03:06.000000,9.793466297924011
2015-03-26T16:03:06.100000,9.771421830541769
2015-03-26T16:03:06.200000,9.777335257390632
2015-03-26T16:03:06.300000,9.768630181898937
2015-03-26T16:03:06.400000,9.776470343324547
2015-03-26T16:03:06.500000,9.764228087558632
2015-03-26T16:03:06.600000,9.762249304223054
2015-03-26T16:03:06.700000,9.782570811291382
2015-03-26T16:03:06.800000,9.78500447091381
2015-03-26T16:03:06.900000,9.772615015374424
2015-03-26T16:03:07.000000,9.767893821759255
2015-03-26T16:03:07.100000,9.776650065649456
2015-03-26T16:03:07.200000,9.773415556240332
2015-03-26T16:03:07.300000,9.770176187267396
2015-03-26T16:03:07.400000,9.766934336577949
2015-03-26T16:03:07.500000,9.763796628208592
2015-03-26T16:03:07.600000,9.762683233783433
2015-03-26T16:03:07.700000,9.764978004327093
2015-03-26T16:03:07.800000,9.76668240367407
2015-03-26T16:03:07.900000,9.767714225698647
2015-03-26T16:03:08.000000,9.751890929257844
2015-03-26T16:03:08.100000,9.748187489691166
2015-03-26T16:03:08.200000,9.766724710895948
2015-03-26T16:03:08.300000,9.77545979360611
2015-03-26T16:03:08.400000,9.76457776453418
2015-03-26T16:03:08.500000,9.77517440371033
2015-03-26T16:03:08.600000,9.76906703955104
2015-03-26T16:03:08.700000,9.769367527563343
2015-03-26T16:03:08.800000,9.772696631538292
2015-03-26T16:03:08.900000,9.7636841341528
2015-03-26T16:03:09.000000,9.772894399573556
2015-03-26T16:03:09.100000,9.764552078133278
2015-03-26T16:03:09.200000,9.76577010105347
2015-03-26T16:03:09.300000,9.76319430510202
2015-03-26T16:03:09.400000,9.74831001758563
2015-03-26T16:03:09.500000,9.742485058259456
2015-03-26T16:03:09.600000,9.76667241534074
2015-03-26T16:03:09.700000,9.771306997088557
2015-03-26T16:03:09.800000,9.766392273915017
2015-03-26T16:03:09.900000,9.746384575520985
2015-03-26T16:03:10.000000,9.76108937082634
2015-03-26T16:03:10.100000,9.773072177267684
2015-03-26T16:03:10.200000,9.766107066867333
2015-03-26T16:03:10.300000,9.744698694966097
2015-03-26T16:03:10.400000,9.751151324903637
2015-03-26T16:03:10.500000,9.77094768103314
2015-03-26T16:03:10.600000,9.7431112597526
2015-03-26T16:03:10.700000,9.73593891253579
2015-03-26T16:03:10.800000,9.746963277469508
2015-03-26T16:03:10.900000,9.756522292708604
2015-03-26T16:03:11.000000,9.751381121334594
2015-03-26T16:03:11.100000,9.782680418549916
2015-03-26T16:03:11.200000,9.755356266822105
2015-03-26T16:03:11.300000,9.766615322535918
2015-03-26T16:03:11.400000,9.769524616516192
2015-03-26T16:03:11.500000,9.779670722133003
2015-03-26T16:03:11.600000,9.784296816577363
2015-03-26T16:03:11.700000,9.77620019590243
2015-03-26T16:03:11.800000,9.756870316634538
2015-03-26T16:03:11.900000,9.768762856168106
2015-03-26T16:03:12.000000,9.765308106925962
2015-03-26T16:03:12.100000,9.776979676860442
2015-03-26T16:03:12.200000,9.781193744236322
2015-03-26T16:03:12.300000,9.790644262885904
2015-03-26T16:03:12.400000,9.749751790782602
2015-03-26T16:03:12.500000,9.77007822831778
2015-03-26T16:03:12.600000,9.786705829934103
2015-03-26T16:03:12.700000,9.776410291182604
2015-03-26T16:03:12.800000,9.778231543598377
2015-03-26T16:03:12.900000,9.78248993075773
2015-03-26T16:03:13.000000,9.785199230235346
2015-03-26T16:03:13.100000,9.786622339437075
2015-03-26T16:03:13.200000,9.781096274159095
2015-03-26T16:03:13.300000,9.797962750700536
2015-03-26T16:03:13.400000,9.784357498622088
2015-03-26T16:03:13.500000,9.784380285022916
2015-03-26T16:03:13.600000,9.784851831381424
2015-03-26T16:03:13.700000,9.786076802873572
2015-03-26T16:03:13.800000,9.78738178200935
2015-03-26T16:03:13.900000,9.765894107948569
2015-03-26T16:03:14.000000,9.76685831908678
2015-03-26T16:03:14.100000,9.777292627576724
2015-03-26T16:03:14.200000,9.769647196974583
2015-03-26T16:03:14.300000,9.7791881922554
2015-03-26T16:03:14.400000,9.792541959757198
2015-03-26T16:03:14.500000,9.746561400940832
2015-03-26T16:03:14.600000,9.774140570632524
2015-03-26T16:03:14.700000,9.7671787683136
2015-03-26T16:03:14.800000,9.766082694024842
2015-03-26T16:03:14.900000,9.757379378377616
2015-03-26T16:03:15.000000,9.744300493687698
2015-03-26T16:03:15.100000,9.766775076858847
2015-03-26T16:03:15.200000,9.758666274077433
2015-03-26T16:03:15.300000,9.76596900863989
2015-03-26T16:03:15.400000,9.766892775745298
2015-03-26T16:03:15.500000,9.73492795238962
2015-03-26T16:03:15.600000,9.707564320539763
2015-03-26T16:03:15.700000,9.723127924889448
2015-03-26T16:03:15.800000,9.741582120397544
2015-03-26T16:03:15.900000,9.733573167261529
2015-03-26T16:03:16.000000,9.764395127109088
2015-03-26T16:03:16.100000,9.761135964747693
2015-03-26T16:03:16.200000,9.757876335285518
2015-03-26T16:03:16.300000,9.745876446871009
2015-03-26T16:03:16.400000,9.727188089077346
2015-03-26T16:03:16.500000,9.740912930740611
2015-03-26T16:03:16.600000,9.744832027982318
2015-03-26T16:03:16.700000,9.744506871693028
2015-03-26T16:03:16.800000,9.745154043333873
2015-03-26T16:03:16.900000,9.757293834659444
2015-03-26T16:03:17.000000,9.750196490283262
2015-03-26T16:03:17.100000,9.736534458911075
2015-03-26T16:03:17.200000,9.763764960454516
2015-03-26T16:03:17.300000,9.768737629695291
2015-03-26T16:03:17.400000,9.780777136866192
2015-03-26T16:03:17.500000,9.779469412324818
2015-03-26T16:03:17.600000,9.76980971321233
2015-03-26T16:03:17.700000,9.767119324555257
2015-03-26T16:03:17.800000,9.765508916447834
2015-03-26T16:03:17.900000,9.767511016098355
2015-03-26T16:03:18.000000,9.76951145325376
2015-03-26T16:03:18.100000,9.771510520849766
2015-03-26T16:03:18.200000,9.77470134881833
2015-03-26T16:03:18.300000,9.790344765841413
2015-03-26T16:03:18.400000,9.793291905598885
2015-03-26T16:03:18.500000,9.796241570956598
2015-03-26T16:03:18.600000,9.799194428011855
2015-03-26T16:03:18.700000,9.80215094271139
2015-03-26T16:03:18.800000,9.8051114960141
2015-03-26T16:03:18.900000,9.805525179587436
2015-03-26T16:03:19.000000,9.795860936514732
2015-03-26T16:03:19.100000,9.781658620572385
2015-03-26T16:03:19.200000,9.787402736225587
2015-03-26T16:03:19.300000,9.787163834313688
2015-03-26T16:03:19.400000,9.793582379863182
2015-03-26T16:03:19.500000,9.79647094358559
2015-03-26T16:03:19.600000,9.776656029939716
2015-03-26T16:03:19.700000,9.777082830494027
2015-03-26T16:03:19.800000,9.78263093285164
2015-03-26T16:03:19.900000,9.780874385048058
2015-03-26T16:03:20.000000,9.777602217325011
2015-03-26T16:03:20.100000,9.785342541600668
2015-03-26T16:03:20.200000,9.783261881474376
2015-03-26T16:03:20.300000,9.75492470947701
2015-03-26T16:03:20.400000,9.776147992954751
2015-03-26T16:03:20.500000,9.774222298247206
2015-03-26T16:03:20.600000,9.760364988893416
2015-03-26T16:03:20.700000,9.756383219291578
2015-03-26T16:03:20.800000,9.753369282242843
2015-03-26T16:03:20.900000,9.763015348456308
2015-03-26T16:03:21.000000,9.758348634046202
2015-03-26T16:03:21.100000,9.740707494297588
2015-03-26T16:03:21.200000,9.747407608740652
2015-03-26T16:03:21.300000,9.743062045900018
2015-03-26T16:03:21.400000,9.73509459324992
2015-03-26T16:03:21.500000,9.729392721130145
2015-03-26T16:03:21.600000,9.724227683018944
2015-03-26T16:03:21.700000,9.73664798054862
2015-03-26T16:03:21.800000,9.742504944229628
2015-03-26T16:03:21.900000,9.740960249522129
2015-03-26T16:03:22.000000,9.74266565770082
2015-03-26T16:03:22.100000,9.737711418094944
2015-03-26T16:03:22.200000,9.72939577935968
2015-03-26T16:03:22.300000,9.751709868454734
2015-03-26T16:03:22.400000,9.766482810969071
2015-03-26T16:03:22.500000,9.765181665106974
2015-03-26T16:03:22.600000,9.746317721507191
2015-03-26T16:03:22.700000,9.754933209475924
2015-03-26T16:03:22.800000,9.732745810801331
2015-03-26T16:03:22.900000,9.744324839667508
2015-03-26T16:03:23.000000,9.75763264659041
2015-03-26T16:03:23.100000,9.781229872441772
2015-03-26T16:03:23.200000,9.77437200222753
2015-03-26T16:03:23.300000,9.767371793426197
2015-03-26T16:03:23.400000,9.767726866873607
2015-03-26T16:03:23.500000,9.771361551619377
2015-03-26T16:03:23.600000,9.775729009885362
2015-03-26T16:03:23.700000,9.76572947884008
2015-03-26T16:03:23.800000,9.758946833818769
2015-03-26T16:03:23.900000,9.787691053694136
2015-03-26T16:03:24.000000,9.783275868975096
2015-03-26T16:03:24.100000,9.784423966888578
2015-03-26T16:03:24.200000,9.78263115791798
2015-03-26T16:03:24.300000,9.780156377822117
2015-03-26T16:03:24.400000,9.80536204959164
2015-03-26T16:03:24.500000,9.802459190472849
2015-03-26T16:03:24.600000,9.797271078005448
2015-03-26T16:03:24.700000,9.792085013568318
2015-03-26T16:03:24.800000,9.787239137349133
2015-03-26T16:03:24.900000,9.783466050868052
2015-03-26T16:03:25.000000,9.77935797907303
2015-03-26T16:03:25.100000,9.769069009202262
2015-03-26T16:03:25.200000,9.764213012679084
2015-03-26T16:03:25.300000,9.784866291866098
2015-03-26T16:03:25.400000,9.798119868379157
2015-03-26T16:03:25.500000,9.77898908003784
2015-03-26T16:03:25.600000,9.787956056816748
2015-03-26T16:03:25.700000,9.777020522379262
2015-03-26T16:03:25.800000,9.774412921485036
2015-03-26T16:03:25.900000,9.779427073925078
2015-03-26T16:03:26.000000,9.774313933081906
2015-03-26T16:03:26.100000,9.777440914274584
2015-03-26T16:03:26.200000,9.78056613780017
2015-03-26T16:03:26.300000,9.779395190983877
2015-03-26T16:03:26.400000,9.76604611883006
2015-03-26T16:03:26.500000,9.745331729442428
2015-03-26T16:03:26.600000,9.763656137431468
2015-03-26T16:03:26.700000,9.768444412353997
2015-03-26T16:03:26.800000,9.752097726035228
2015-03-26T16:03:26.900000,9.770860469256682
2015-03-26T16:03:27.000000,9.77357712594394
2015-03-26T16:03:27.100000,9.768876530525551
2015-03-26T16:03:27.200000,9.766379135917555
2015-03-26T16:03:27.300000,9.767394224386566
2015-03-26T16:03:27.400000,9.766751601706767
2015-03-26T16:03:27.500000,9.757429110660176
2015-03-26T16:03:27.600000,9.761183847338842
2015-03-26T16:03:27.700000,9.765209356511246
2015-03-26T16:03:27.800000,9.769817055469876
2015-03-26T16:03:27.900000,9.774425125287936
2015-03-26T16:03:28.000000,9.779034140432849
2015-03-26T16:03:28.100000,9.778802818794976
2015-03-26T16:03:28.200000,9.773398904566816
2015-03-26T16:03:28.300000,9.752577246271851
2015-03-26T16:03:28.400000,9.743822254778816
2015-03-26T16:03:28.500000,9.779133344883398
2015-03-26T16:03:28.600000,9.762362024881517
2015-03-26T16:03:28.700000,9.74861042444272
2015-03-26T16:03:28.800000,9.747785052781634
2015-03-26T16:03:28.900000,9.768913270941471
2015-03-26T16:03:29.000000,9.782661111697744
2015-03-26T16:03:29.100000,9.784320045385018
2015-03-26T16:03:29.200000,9.767083630652202
2015-03-26T16:03:29.300000,9.752193930498525
2015-03-26T16:03:29.400000,9.765968075239378
2015-03-26T16:03:29.500000,9.771364076661154
2015-03-26T16:03:29.600000,9.761816040396022
2015-03-26T16:03:29.700000,9.756628442312223
2015-03-26T16:03:29.800000,9.763879434959472
2015-03-26T16:03:29.900000,9.76621837045899
2015-03-26T16:03:30.000000,9.772804122180782
2015-03-26T16:03:30.100000,9.775600902341395
2015-03-26T16:03:30.200000,9.786513056639254
2015-03-26T16:03:30.300000,9.757210763500982
2015-03-26T16:03:30.400000,9.74076136421104
2015-03-26T16:03:30.500000,9.755432895815694
2015-03-26T16:03:30.600000,9.762873856739857
2015-03-26T16:03:30.700000,9.768309398817316
2015-03-26T16:03:30.800000,9.782268660441986
2015-03-26T16:03:30.900000,9.795136017813746
2015-03-26T16:03:31.000000,9.774272197448502
2015-03-26T16:03:31.100000,9.769214596346618
2015-03-26T16:03:31.200000,9.789594445228108
2015-03-26T16:03:31.300000,9.775106515741069
2015-03-26T16:03:31.400000,9.765722300501166
2015-03-26T16:03:31.500000,9.762452722756803
2015-03-26T16:03:31.600000,9.778997739172762
2015-03-26T16:03:31.700000,9.762360152762138
2015-03-26T16:03:31.800000,9.76254625638146
2015-03-26T16:03:31.900000,9.775383504318407
2015-03-26T16:03:32.000000,9.786071431758495
2015-03-26T16:03:32.100000,9.78583424346628
2015-03-26T16:03:32.200000,9.781368358403457
2015-03-26T16:03:32.300000,9.752084614066614
2015-03-26T16:03:32.400000,9.763083097364753
2015-03-26T16:03:32.500000,9.74860162295013
2015-03-26T16:03:32.600000,9.741671758518812
2015-03-26T16:03:32.700000,9.763382989202636
2015-03-26T16:03:32.800000,9.749444298384647
2015-03-26T16:03:32.900000,9.765388253913018
2015-03-26T16:03:33.000000,9.750620698201436
2015-03-26T16:03:33.100000,9.741919165298215
2015-03-26T16:03:33.200000,9.75119869266492
2015-03-26T16:03:33.300000,9.761411635700064
2015-03-26T16:03:33.400000,9.760840867617286
2015-03-26T16:03:33.500000,9.752236287595723
2015-03-26T16:03:33.600000,9.758467003515063
2015-03-26T16:03:33.700000,9.75903746528217
2015-03-26T16:03:33.800000,9.77320678929432
2015-03-26T16:03:33.900000,9.75619494873128
2015-03-26T16:03:34.000000,9.773736494197024
2015-03-26T16:03:34.100000,9.76926741203794
2015-03-26T16:03:34.200000,9.754682753433702
2015-03-26T16:03:34.300000,9.762196010386306
2015-03-26T16:03:34.400000,9.75863123433321
2015-03-26T16:03:34.500000,9.795871840686578
2015-03-26T16:03:34.600000,9.763573580285277
2015-03-26T16:03:34.700000,9.774705453184682
2015-03-26T16:03:34.800000,9.77706201208802
2015-03-26T16:03:34.900000,9.773067403849051
2015-03-26T16:03:35.000000,9.76030633997684
2015-03-26T16:03:35.100000,9.779978077255873
2015-03-26T16:03:35.200000,9.768161996452308
2015-03-26T16:03:35.300000,9.762953031839562
2015-03-26T16:03:35.400000,9.781821381153549
2015-03-26T16:03:35.500000,9.787806659010654
2015-03-26T16:03:35.600000,9.780144903405914
2015-03-26T16:03:35.700000,9.791722501805744
2015-03-26T16:03:35.800000,9.801393427682973
2015-03-26T16:03:35.900000,9.7960565271844
2015-03-26T16:03:36.000000,9.784876691787233
2015-03-26T16:03:36.100000,9.776243595218403
2015-03-26T16:03:36.200000,9.793892433080709
2015-03-26T16:03:36.300000,9.785627610164395
2015-03-26T16:03:36.400000,9.778344823982389
2015-03-26T16:03:36.500000,9.771687738527763
2015-03-26T16:03:36.600000,9.762478829592256
2015-03-26T16:03:36.700000,9.758146115789936
2015-03-26T16:03:36.800000,9.77268646549551
2015-03-26T16:03:36.900000,9.760103416572177
2015-03-26T16:03:37.000000,9.767163029171003
2015-03-26T16:03:37.100000,9.786854911955086
2015-03-26T16:03:37.200000,9.774864165835286
2015-03-26T16:03:37.300000,9.790090004299197
2015-03-26T16:03:37.400000,9.777757720605678
2015-03-26T16:03:37.500000,9.774551522897518
2015-03-26T16:03:37.600000,9.783803866842495
2015-03-26T16:03:37.700000,9.77706823030732
2015-03-26T16:03:37.800000,9.735593439052424
2015-03-26T16:03:37.900000,9.76065921509145
2015-03-26T16:03:38.000000,9.749710857394982
2015-03-26T16:03:38.100000,9.766755085892765
2015-03-26T16:03:38.200000,9.742787680737656
2015-03-26T16:03:38.300000,9.746342163710734
2015-03-26T16:03:38.400000,9.74672419474622
2015-03-26T16:03:38.500000,9.742512943061794
2015-03-26T16:03:38.600000,9.745361597361509
2015-03-26T16:03:38.700000,9.74479119605331
2015-03-26T16:03:38.800000,9.757639777018776
2015-03-26T16:03:38.900000,9.749778489200638
2015-03-26T16:03:39.000000,9.7415355341788
2015-03-26T16:03:39.100000,9.749267667491315
2015-03-26T16:03:39.200000,9.747027239414908
2015-03-26T16:03:39.300000,9.736464166913477
2015-03-26T16:03:39.400000,9.741008283819582
2015-03-26T16:03:39.500000,9.759091316515176
2015-03-26T16:03:39.600000,9.751563864944536
2015-03-26T16:03:39.700000,9.752735324410716
2015-03-26T16:03:39.800000,9.756014340038435
2015-03-26T16:03:39.900000,9.75435779339479
2015-03-26T16:03:40.000000,9.76205924685128
2015-03-26T16:03:40.100000,9.759415480687757
2015-03-26T16:03:40.200000,9.758191393027795
2015-03-26T16:03:40.300000,9.764413208072558
2015-03-26T16:03:40.400000,9.776919442866602
2015-03-26T16:03:40.500000,9.78636548055734
2015-03-26T16:03:40.600000,9.778507292976151
2015-03-26T16:03:40.700000,9.777952337888674
2015-03-26T16:03:40.800000,9.764005640866683
2015-03-26T16:03:40.900000,9.777661954998171
2015-03-26T16:03:41.000000,9.781603070876738
2015-03-26T16:03:41.100000,9.78076906570176
2015-03-26T16:03:41.200000,9.790061735212326
2015-03-26T16:03:41.300000,9.776200279535669
2015-03-26T16:03:41.400000,9.774643961912966
2015-03-26T16:03:41.500000,9.77694481148323
2015-03-26T16:03:41.600000,9.779250055648914
2015-03-26T16:03:41.700000,9.796004194391491
2015-03-26T16:03:41.800000,9.78477474589738
2015-03-26T16:03:41.900000,9.795493354975372
2015-03-26T16:03:42.000000,9.801481159082396
2015-03-26T16:03:42.100000,9.798803827466005
2015-03-26T16:03:42.200000,9.793864770449444
2015-03-26T16:03:42.300000,9.782151731208806
2015-03-26T16:03:42.400000,9.780821857006066
2015-03-26T16:03:42.500000,9.778828781888912
2015-03-26T16:03:42.600000,9.779993102760988
2015-03-26T16:03:42.700000,9.807934913079924
2015-03-26T16:03:42.800000,9.792173266796766
2015-03-26T16:03:42.900000,9.7642065247927
2015-03-26T16:03:43.000000,9.756114588613988
2015-03-26T16:03:43.100000,9.74997884452814
2015-03-26T16:03:43.200000,9.744266237425917
2015-03-26T16:03:43.300000,9.757373178596955
2015-03-26T16:03:43.400000,9.765112228757882
2015-03-26T16:03:43.500000,9.768886153273725
2015-03-26T16:03:43.600000,9.76106528798875
2015-03-26T16:03:43.700000,9.764118660656193
2015-03-26T16:03:43.800000,9.763873124409011
2015-03-26T16:03:43.900000,9.765122767396454
2015-03-26T16:03:44.000000,9.740797781757676
2015-03-26T16:03:44.100000,9.729256880772748
2015-03-26T16:03:44.200000,9.725989439076406
2015-03-26T16:03:44.300000,9.74083897779917
2015-03-26T16:03:44.400000,9.756765240716543
2015-03-26T16:03:44.500000,9.751988420056229
2015-03-26T16:03:44.600000,9.7459775700613
2015-03-26T16:03:44.700000,9.75379938154459
2015-03-26T16:03:44.800000,9.760573365034624
2015-03-26T16:03:44.900000,9.764498801889207
2015-03-26T16:03:45.000000,9.75616214442164
2015-03-26T16:03:45.100000,9.74894358273513
2015-03-26T16:03:45.200000,9.751700249282672
2015-03-26T16:03:45.300000,9.767700658875407
2015-03-26T16:03:45.400000,9.749523597780884
2015-03-26T16:03:45.500000,9.753241086944186
2015-03-26T16:03:45.600000,9.758855702431198
2015-03-26T16:03:45.700000,9.771139571072911
2015-03-26T16:03:45.800000,9.762356955897772
2015-03-26T16:03:45.900000,9.776076377635007
2015-03-26T16:03:46.000000,9.782978635515876
2015-03-26T16:03:46.100000,9.792297985200088
2015-03-26T16:03:46.200000,9.779740392504518
2015-03-26T16:03:46.300000,9.77614557250204
2015-03-26T16:03:46.400000,9.76615709493039
2015-03-26T16:03:46.500000,9.754621366506504
2015-03-26T16:03:46.600000,9.765147422215913
2015-03-26T16:03:46.700000,9.767131441115962
2015-03-26T16:03:46.800000,9.762947353615568
2015-03-26T16:03:46.900000,9.790771601885876
2015-03-26T16:03:47.000000,9.797871946215194
2015-03-26T16:03:47.100000,9.80839493324486
2015-03-26T16:03:47.200000,9.789304796724238
2015-03-26T16:03:47.300000,9.773680094198738
2015-03-26T16:03:47.400000,9.779983281255728
2015-03-26T16:03:47.500000,9.802265747377506
2015-03-26T16:03:47.600000,9.785184393082524
2015-03-26T16:03:47.700000,9.765859858873029
2015-03-26T16:03:47.800000,9.785079574569698
2015-03-26T16:03:47.900000,9.777497144558962
2015-03-26T16:03:48.000000,9.773516012893271
2015-03-26T16:03:48.100000,9.770190823186542
2015-03-26T16:03:48.200000,9.766314025983904
2015-03-26T16:03:48.300000,9.768848639949038
2015-03-26T16:03:48.400000,9.77287257703615
2015-03-26T16:03:48.500000,9.746984431495813
2015-03-26T16:03:48.600000,9.755961385389629
2015-03-26T16:03:48.700000,9.763166977398612
2015-03-26T16:03:48.800000,9.755995434429268
2015-03-26T16:03:48.900000,9.765489307945812
2015-03-26T16:03:49.000000,9.77175657929332
2015-03-26T16:03:49.100000,9.76972040249479
2015-03-26T16:03:49.200000,9.75402506084346
2015-03-26T16:03:49.300000,9.74183348780964
2015-03-26T16:03:49.400000,9.735722759200856
2015-03-26T16:03:49.500000,9.766791771882142
2015-03-26T16:03:49.600000,9.756849912351871
2015-03-26T16:03:49.700000,9.75248887721939
2015-03-26T16:03:49.800000,9.736744964413663
2015-03-26T16:03:49.900000,9.758927448985052
2015-03-26T16:03:50.000000,9.759180262828036
2015-03-26T16:03:50.100000,9.77455931433628
2015-03-26T16:03:50.200000,9.771458093092942
2015-03-26T16:03:50.300000,9.76905117433068
2015-03-26T16:03:50.400000,9.75784139106347
2015-03-26T16:03:50.500000,9.748951260872053
2015-03-26T16:03:50.600000,9.749430801393776
2015-03-26T16:03:50.700000,9.742493407027586
2015-03-26T16:03:50.800000,9.740458703929882
2015-03-26T16:03:50.900000,9.75664930561345
2015-03-26T16:03:51.000000,9.762365407038914
2015-03-26T16:03:51.100000,9.749232835654215
2015-03-26T16:03:51.200000,9.755377560645696
2015-03-26T16:03:51.300000,9.761518281931789
2015-03-26T16:03:51.400000,9.765537699768169
2015-03-26T16:03:51.500000,9.764367212643906
2015-03-26T16:03:51.600000,9.761606007889206
2015-03-26T16:03:51.700000,9.754591117255078
2015-03-26T16:03:51.800000,9.75277055426326
2015-03-26T16:03:51.900000,9.752788028786735
2015-03-26T16:03:52.000000,9.753123066578077
2015-03-26T16:03:52.100000,9.774480782569672
2015-03-26T16:03:52.200000,9.781956366175065
2015-03-26T16:03:52.300000,9.793400560637416
2015-03-26T16:03:52.400000,9.786965923695478
2015-03-26T16:03:52.500000,9.768258888945695
2015-03-26T16:03:52.600000,9.758511201137392
2015-03-26T16:03:52.700000,9.774876835188682
2015-03-26T16:03:52.800000,9.779408391101832
2015-03-26T16:03:52.900000,9.78393972934946
2015-03-26T16:03:53.000000,9.788598699740083
2015-03-26T16:03:53.100000,9.774694142496886
2015-03-26T16:03:53.200000,9.777559590845025
2015-03-26T16:03:53.300000,9.763939182987436
2015-03-26T16:03:53.400000,9.7540668394092
2015-03-26T16:03:53.500000,9.765781632189912
2015-03-26T16:03:53.600000,9.770685908858391
2015-03-26T16:03:53.700000,9.767070999597903
2015-03-26T16:03:53.800000,9.766153285499731
2015-03-26T16:03:53.900000,9.759689113508442
2015-03-26T16:03:54.000000,9.741223281936904
2015-03-26T16:03:54.100000,9.741279948289897
2015-03-26T16:03:54.200000,9.758539295636366
2015-03-26T16:03:54.300000,9.772610138523453
2015-03-26T16:03:54.400000,9.7713433274732
2015-03-26T16:03:54.500000,9.770270068287424
2015-03-26T16:03:54.600000,9.771646536548856
2015-03-26T16:03:54.700000,9.78309625546792
2015-03-26T16:03:54.800000,9.780181719089914
2015-03-26T16:03:54.900000,9.773683884198082
2015-03-26T16:03:55.000000,9.77231783104226
2015-03-26T16:03:55.100000,9.77398378951134
2015-03-26T16:03:55.200000,9.776109461495537
2015-03-26T16:03:55.300000,9.77586527906442
2015-03-26T16:03:55.400000,9.781995848790125
2015-03-26T16:03:55.500000,9.788125650075637
2015-03-26T16:03:55.600000,9.794255559449777
2015-03-26T16:03:55.700000,9.792727031534533
2015-03-26T16:03:55.800000,9.790941586788398
2015-03-26T16:03:55.900000,9.785725598654132
2015-03-26T16:03:56.000000,9.770090916218216
2015-03-26T16:03:56.100000,9.761691601259328
2015-03-26T16:03:56.200000,9.764395147125327
2015-03-26T16:03:56.300000,9.76533819807455
2015-03-26T16:03:56.400000,9.807042755724858
2015-03-26T16:03:56.500000,9.798975270368038
2015-03-26T16:03:56.600000,9.79030301165547
2015-03-26T16:03:56.700000,9.774327467131688
2015-03-26T16:03:56.800000,9.774602775731712
2015-03-26T16:03:56.900000,9.76786511694324
2015-03-26T16:03:57.000000,9.776663788753972
2015-03-26T16:03:57.100000,9.770083220538604
2015-03-26T16:03:57.200000,9.764414670527488
2015-03-26T16:03:57.300000,9.76903045608894
2015-03-26T16:03:57.400000,9.767817894959537
2015-03-26T16:03:57.500000,9.748210108431158
2015-03-26T16:03:57.600000,9.742398765647202
2015-03-26T16:03:57.700000,9.76086806390962
2015-03-26T16:03:57.800000,9.745357795299563
2015-03-26T16:03:57.900000,9.747436715036692
2015-03-26T16:03:58.000000,9.760261900565991
2015-03-26T16:03:58.100000,9.759806340750435
2015-03-26T16:03:58.200000,9.757319783936945
2015-03-26T16:03:58.300000,9.73060375595232
2015-03-26T16:03:58.400000,9.74580541361251
2015-03-26T16:03:58.500000,9.752236942540392
2015-03-26T16:03:58.600000,9.727820135982618
2015-03-26T16:03:58.700000,9.728528070824131
2015-03-26T16:03:58.800000,9.731998223494712
2015-03-26T16:03:58.900000,9.741976771625533
2015-03-26T16:03:59.000000,9.747001407595151
2015-03-26T16:03:59.100000,9.761123172417042
2015-03-26T16:03:59.200000,9.74549395282922
2015-03-26T16:03:59.300000,9.740850859100432
2015-03-26T16:03:59.400000,9.757827276693524
2015-03-26T16:03:59.500000,9.765659204070388
2015-03-26T16:03:59.600000,9.770861594535733
2015-03-26T16:03:59.700000,9.742424704855194
2015-03-26T16:03:59.800000,9.74241760295866
2015-03-26T16:03:59.900000,9.753743603574396
2015-03-26T16:04:00.000000,9.74232442324924
2015-03-26T16:04:00.100000,9.7275142570977
2015-03-26T16:04:00.200000,9.732097318101964
2015-03-26T16:04:00.300000,9.755628239077565
2015-03-26T16:04:00.400000,9.77203681647152
2015-03-26T16:04:00.500000,9.777058165632017
2015-03-26T16:04:00.600000,9.78997313986913
2015-03-26T16:04:00.700000,9.795649937764615
2015-03-26T16:04:00.800000,9.784402773322034
2015-03-26T16:04:00.900000,9.787632253057478
2015-03-26T16:04:01.000000,9.78436488037058
2015-03-26T16:04:01.100000,9.788187971333285
2015-03-26T16:04:01.200000,9.757032046628485
2015-03-26T16:04:01.300000,9.76798432979137
2015-03-26T16:04:01.400000,9.779066542235958
2015-03-26T16:04:01.500000,9.7996193673174
2015-03-26T16:04:01.600000,9.78711539451018
2015-03-26T16:04:01.700000,9.779118339524562
2015-03-26T16:04:01.800000,9.792130035765584
2015-03-26T16:04:01.900000,9.79157260657828
2015-03-26T16:04:02.000000,9.79507367050172
2015-03-26T16:04:02.100000,9.805669430960606
2015-03-26T16:04:02.200000,9.805844366799391
2015-03-26T16:04:02.300000,9.79103840783595
2015-03-26T16:04:02.400000,9.78758879615232
2015-03-26T16:04:02.500000,9.793988407833128
2015-03-26T16:04:02.600000,9.789499711567624
2015-03-26T16:04:02.700000,9.756513247888604
2015-03-26T16:04:02.800000,9.754548745960811
2015-03-26T16:04:02.900000,9.755393793087796
2015-03-26T16:04:03.000000,9.759085947973666
2015-03-26T16:04:03.100000,9.75974694838338
2015-03-26T16:04:03.200000,9.765717016034584
2015-03-26T16:04:03.300000,9.775481701048385
2015-03-26T16:04:03.400000,9.75442578940554
2015-03-26T16:04:03.500000,9.740002037395117
2015-03-26T16:04:03.600000,9.77330219507833
2015-03-26T16:04:03.700000,9.753257320167917
2015-03-26T16:04:03.800000,9.777046839258237
2015-03-26T16:04:03.900000,9.761421919301489
2015-03-26T16:04:04.000000,9.753584389406925
2015-03-26T16:04:04.100000,9.7639074537649
2015-03-26T16:04:04.200000,9.741918780645651
2015-03-26T16:04:04.300000,9.736915038205291
2015-03-26T16:04:04.400000,9.759951628627466
2015-03-26T16:04:04.500000,9.761890740940528
2015-03-26T16:04:04.600000,9.759404836556952
2015-03-26T16:04:04.700000,9.765424477148164
2015-03-26T16:04:04.800000,9.748082862333266
2015-03-26T16:04:04.900000,9.744398361339876
2015-03-26T16:04:05.000000,9.73170998938992
2015-03-26T16:04:05.100000,9.7657892508031
2015-03-26T16:04:05.200000,9.762363353625878
2015-03-26T16:04:05.300000,9.776531248611768
2015-03-26T16:04:05.400000,9.75082447869735
2015-03-26T16:04:05.500000,9.758252236037244
2015-03-26T16:04:05.600000,9.757483076521504
2015-03-26T16:04:05.700000,9.75822626614826
2015-03-26T16:04:05.800000,9.754050858099502
2015-03-26T16:04:05.900000,9.748685319494712
2015-03-26T16:04:06.000000,9.757941712289592
2015-03-26T16:04:06.100000,9.767517995892618
2015-03-26T16:04:06.200000,9.763165876798883
2015-03-26T16:04:06.300000,9.763096149670483
2015-03-26T16:04:06.400000,9.761556237786362
2015-03-26T16:04:06.500000,9.763132917077128
2015-03-26T16:04:06.600000,9.76590836516623
2015-03-26T16:04:06.700000,9.788731409784669
2015-03-26T16:04:06.800000,9.770930239192907
2015-03-26T16:04:06.900000,9.794003235819387
2015-03-26T16:04:07.000000,9.780395426032277
2015-03-26T16:04:07.100000,9.77734934676312
2015-03-26T16:04:07.200000,9.783241644148609
2015-03-26T16:04:07.300000,9.7744920869278
2015-03-26T16:04:07.400000,9.764655951041355
2015-03-26T16:04:07.500000,9.76280842009663
2015-03-26T16:04:07.600000,9.774362690225374
2015-03-26T16:04:07.700000,9.779934478424368
2015-03-26T16:04:07.800000,9.78468375837962
2015-03-26T16:04:07.900000,9.787251559049905
2015-03-26T16:04:08.000000,9.78432679340542
2015-03-26T16:04:08.100000,9.780141922115458
2015-03-26T16:04:08.200000,9.770907783675243
2015-03-26T16:04:08.300000,9.764956337204778
2015-03-26T16:04:08.400000,9.766836529430435
2015-03-26T16:04:08.500000,9.76871704585257
2015-03-26T16:04:08.600000,9.754417793088288
2015-03-26T16:04:08.700000,9.76033852244514
2015-03-26T16:04:08.800000,9.771120756672444
2015-03-26T16:04:08.900000,9.762649739744589
2015-03-26T16:04:09.000000,9.767083712441591
2015-03-26T16:04:09.100000,9.758943364838265
2015-03-26T16:04:09.200000,9.767170343167002
2015-03-26T16:04:09.300000,9.76555230491097
2015-03-26T16:04:09.400000,9.76697794115718
2015-03-26T16:04:09.500000,9.762456347941912
2015-03-26T16:04:09.600000,9.747739502138884
2015-03-26T16:04:09.700000,9.755272497332966
2015-03-26T16:04:09.800000,9.765272837369633
2015-03-26T16:04:09.900000,9.777563577494083
2015-03-26T16:04:10.000000,9.784862033386682
2015-03-26T16:04:10.100000,9.769178029679464
2015-03-26T16:04:10.200000,9.774918492975278
2015-03-26T16:04:10.300000,9.776524772672056
2015-03-26T16:04:10.400000,9.74907344591313
2015-03-26T16:04:10.500000,9.767094091779509
2015-03-26T16:04:10.600000,9.750305665908767
2015-03-26T16:04:10.700000,9.796268543982968
2015-03-26T16:04:10.800000,9.757371513889325
2015-03-26T16:04:10.900000,9.776581321715009
2015-03-26T16:04:11.000000,9.777657230472576
2015-03-26T16:04:11.100000,9.75450495657527
2015-03-26T16:04:11.200000,9.766563251259264
2015-03-26T16:04:11.300000,9.76590354430122
2015-03-26T16:04:11.400000,9.762252872733178
2015-03-26T16:04:11.500000,9.760079312329369
2015-03-26T16:04:11.600000,9.764380973856436
2015-03-26T16:04:11.700000,9.792969665126572
2015-03-26T16:04:11.800000,9.77146223897681
2015-03-26T16:04:11.900000,9.763670739323338
2015-03-26T16:04:12.000000,9.784210210675186
2015-03-26T16:04:12.100000,9.771230231257793
2015-03-26T16:04:12.200000,9.76133052710198
2015-03-26T16:04:12.300000,9.774764459200092
2015-03-26T16:04:12.400000,9.762675289370598
2015-03-26T16:04:12.500000,9.761677492127731
2015-03-26T16:04:12.600000,9.772836507157672
2015-03-26T16:04:12.700000,9.767976338596933
2015-03-26T16:04:12.800000,9.76992055557066
2015-03-26T16:04:12.900000,9.776952889473868
2015-03-26T16:04:13.000000,9.763062726991622
2015-03-26T16:04:13.100000,9.745703287861708
2015-03-26T16:04:13.200000,9.770115859352948
2015-03-26T16:04:13.300000,9.748862083092158
2015-03-26T16:04:13.400000,9.758239925612935
2015-03-26T16:04:13.500000,9.772136249496093
2015-03-26T16:04:13.600000,9.754771637327918
2015-03-26T16:04:13.700000,9.759455123689277
2015-03-26T16:04:13.800000,9.742321608638443
2015-03-26T16:04:13.900000,9.76030140749234
2015-03-26T16:04:14.000000,9.78453011197797
2015-03-26T16:04:14.100000,9.760286130262422
2015-03-26T16:04:14.200000,9.768072215980087
2015-03-26T16:04:14.300000,9.75378697731694
2015-03-26T16:04:14.400000,9.753336951561058
2015-03-26T16:04:14.500000,9.755115978846352
2015-03-26T16:04:14.600000,9.756142197506431
2015-03-26T16:04:14.700000,9.74869212851529
2015-03-26T16:04:14.800000,9.751931701876307
2015-03-26T16:04:14.900000,9.750086790769128
2015-03-26T16:04:15.000000,9.756591493482368
2015-03-26T16:04:15.100000,9.766977576556313
2015-03-26T16:04:15.200000,9.782827398772076
2015-03-26T16:04:15.300000,9.77373256277093
2015-03-26T16:04:15.400000,9.764453816475788
2015-03-26T16:04:15.500000,9.75332059180202
2015-03-26T16:04:15.600000,9.794599647380137
2015-03-26T16:04:15.700000,9.778645537632151
2015-03-26T16:04:15.800000,9.75905121520984
2015-03-26T16:04:15.900000,9.768304252595248
2015-03-26T16:04:16.000000,9.769031686238902
2015-03-26T16:04:16.100000,9.795458474603368
2015-03-26T16:04:16.200000,9.82436591370572
2015-03-26T16:04:16.300000,9.760568884651272
2015-03-26T16:04:16.400000,9.761551350291944
2015-03-26T16:04:16.500000,9.78729103083004
2015-03-26T16:04:16.600000,9.798338919625436
2015-03-26T16:04:16.700000,9.799384606118196
2015-03-26T16:04:16.800000,9.785315780579571
2015-03-26T16:04:16.900000,9.774170024439483
2015-03-26T16:04:17.000000,9.775475079622426
2015-03-26T16:04:17.100000,9.795498252560566
2015-03-26T16:04:17.200000,9.782289091441182
2015-03-26T16:04:17.300000,9.774155595109672
2015-03-26T16:04:17.400000,9.801910075082327
2015-03-26T16:04:17.500000,9.784304740557287
2015-03-26T16:04:17.600000,9.768555125814167
2015-03-26T16:04:17.700000,9.783528958375369
2015-03-26T16:04:17.800000,9.77859173633282
2015-03-26T16:04:17.900000,9.777153596570887
2015-03-26T16:04:18.000000,9.780110100450557
2015-03-26T16:04:18.100000,9.775961268557593
2015-03-26T16:04:18.200000,9.75992464656628
2015-03-26T16:04:18.300000,9.76164075513141
2015-03-26T16:04:18.400000,9.76642444669194
2015-03-26T16:04:18.500000,9.76184488490405
2015-03-26T16:04:18.600000,9.736253808814238
2015-03-26T16:04:18.700000,9.772444092817269
2015-03-26T16:04:18.800000,9.751559238408548
2015-03-26T16:04:18.900000,9.749142061515297
2015-03-26T16:04:19.000000,9.741329934879293
2015-03-26T16:04:19.100000,9.735302661127882
2015-03-26T16:04:19.200000,9.74399145094384
2015-03-26T16:04:19.300000,9.754095598715852
2015-03-26T16:04:19.400000,9.740550983394062
2015-03-26T16:04:19.500000,9.749378257698716
2015-03-26T16:04:19.600000,9.743453715823454
2015-03-26T16:04:19.700000,9.754599717101804
2015-03-26T16:04:19.800000,9.751041683697748
2015-03-26T16:04:19.900000,9.718145330441478
2015-03-26T16:04:20.000000,9.725100023739255
2015-03-26T16:04:20.100000,9.726438932367484
2015-03-26T16:04:20.200000,9.74246083224964
2015-03-26T16:04:20.300000,9.74959916103218
2015-03-26T16:04:20.400000,9.754631154324075
2015-03-26T16:04:20.500000,9.764882104943617
2015-03-26T16:04:20.600000,9.757200985627168
2015-03-26T16:04:20.700000,9.748472473653718
2015-03-26T16:04:20.800000,9.784417361001276
2015-03-26T16:04:20.900000,9.789595566647543
2015-03-26T16:04:21.000000,9.794774534645144
2015-03-26T16:04:21.100000,9.797551513505926
2015-03-26T16:04:21.200000,9.772663609245374
2015-03-26T16:04:21.300000,9.765019162272418
2015-03-26T16:04:21.400000,9.784785308682237
2015-03-26T16:04:21.500000,9.78552260568068
2015-03-26T16:04:21.600000,9.78133654937203
2015-03-26T16:04:21.700000,9.781410047660902
2015-03-26T16:04:21.800000,9.78609163116082
2015-03-26T16:04:21.900000,9.79251034152202
2015-03-26T16:04:22.000000,9.803645941814766
2015-03-26T16:04:22.100000,9.808999697534237
2015-03-26T16:04:22.200000,9.79667102084269
2015-03-26T16:04:22.300000,9.812077922347976
2015-03-26T16:04:22.400000,9.808338412669018
2015-03-26T16:04:22.500000,9.8073807075321
2015-03-26T16:04:22.600000,9.81309232236978
2015-03-26T16:04:22.700000,9.81350793532778
2015-03-26T16:04:22.800000,9.81138523041446
2015-03-26T16:04:22.900000,9.800152770889168
2015-03-26T16:04:23.000000,9.780398315604716
2015-03-26T16:04:23.100000,9.785791219669006
2015-03-26T16:04:23.200000,9.799371404825807
2015-03-26T16:04:23.300000,9.792237629339285
2015-03-26T16:04:23.400000,9.798994773946925
2015-03-26T16:04:23.500000,9.78408528279416
2015-03-26T16:04:23.600000,9.776023054308205
2015-03-26T16:04:23.700000,9.76838674191708
2015-03-26T16:04:23.800000,9.764315211663646
2015-03-26T16:04:23.900000,9.76360419007403
2015-03-26T16:04:24.000000,9.770685317347237
2015-03-26T16:04:24.100000,9.747489561436014
2015-03-26T16:04:24.200000,9.739971697922106
2015-03-26T16:04:24.300000,9.750540605462067
2015-03-26T16:04:24.400000,9.746179551288348
2015-03-26T16:04:24.500000,9.74547238414572
2015-03-26T16:04:24.600000,9.743873172298866
2015-03-26T16:04:24.700000,9.73394374287858
2015-03-26T16:04:24.800000,9.741870266376267
2015-03-26T16:04:24.900000,9.74085104997675
2015-03-26T16:04:25.000000,9.746067202720324
2015-03-26T16:04:25.100000,9.747244936129407
2015-03-26T16:04:25.200000,9.732344946315012
2015-03-26T16:04:25.300000,9.734794917872346
2015-03-26T16:04:25.400000,9.73776017465086
2015-03-26T16:04:25.500000,9.743448013338012
2015-03-26T16:04:25.600000,9.733597705561174
2015-03-26T16:04:25.700000,9.71497211187006
2015-03-26T16:04:25.800000,9.746942818933444
2015-03-26T16:04:25.900000,9.74138722583886
2015-03-26T16:04:26.000000,9.733250866018848
2015-03-26T16:04:26.100000,9.738673029943888
2015-03-26T16:04:26.200000,9.756428907102302
2015-03-26T16:04:26.300000,9.766414864517127
2015-03-26T16:04:26.400000,9.75051196770065
2015-03-26T16:04:26.500000,9.75743736500879
2015-03-26T16:04:26.600000,9.759078023435244
2015-03-26T16:04:26.700000,9.761512287482203
2015-03-26T16:04:26.800000,9.76645811920892
2015-03-26T16:04:26.900000,9.771295729438595
2015-03-26T16:04:27.000000,9.77280869640951
2015-03-26T16:04:27.100000,9.767845659353544
2015-03-26T16:04:27.200000,9.769843437540692
2015-03-26T16:04:27.300000,9.785904765587087
2015-03-26T16:04:27.400000,9.783812869504928
2015-03-26T16:04:27.500000,9.783344528348616
2015-03-26T16:04:27.600000,9.779199148793396
2015-03-26T16:04:27.700000,9.776934904494263
2015-03-26T16:04:27.800000,9.79369135953687
2015-03-26T16:04:27.900000,9.772646218111946
2015-03-26T16:04:28.000000,9.779993690616346
2015-03-26T16:04:28.100000,9.799300131990671
2015-03-26T16:04:28.200000,9.809137264256004
2015-03-26T16:04:28.300000,9.787473096034931
2015-03-26T16:04:28.400000,9.79319657754814
2015-03-26T16:04:28.500000,9.792650371782448
2015-03-26T16:04:28.600000,9.786421319001
2015-03-26T16:04:28.700000,9.79057261594586
2015-03-26T16:04:28.800000,9.791655403305716
2015-03-26T16:04:28.900000,9.791098917742596
2015-03-26T16:04:29.000000,9.789458357907945
2015-03-26T16:04:29.100000,9.782637643718523
2015-03-26T16:04:29.200000,9.774305009361502
2015-03-26T16:04:29.300000,9.7903983473287
2015-03-26T16:04:29.400000,9.780358693016588
2015-03-26T16:04:29.500000,9.770938314494291
2015-03-26T16:04:29.600000,9.761371895792813
2015-03-26T16:04:29.700000,9.755893625046252
2015-03-26T16:04:29.800000,9.765591055958776
2015-03-26T16:04:29.900000,9.765337387688154
2015-03-26T16:04:30.000000,9.763004096146316
2015-03-26T16:04:30.100000,9.760828675836576
2015-03-26T16:04:30.200000,9.768413344411968
2015-03-26T16:04:30.300000,9.779446090513614
2015-03-26T16:04:30.400000,9.757910462157485
2015-03-26T16:04:30.500000,9.749150705360451
2015-03-26T16:04:30.600000,9.72630013766987
2015-03-26T16:04:30.700000,9.75881348642444
2015-03-26T16:04:30.800000,9.748278234722637
2015-03-26T16:04:30.900000,9.755846146646332
2015-03-26T16:04:31.000000,9.75856090821596
2015-03-26T16:04:31.100000,9.755734937940788
2015-03-26T16:04:31.200000,9.751804776769683
2015-03-26T16:04:31.300000,9.761589748370184
2015-03-26T16:04:31.400000,9.745231504461715
2015-03-26T16:04:31.500000,9.736951314651709
2015-03-26T16:04:31.600000,9.73963835268247
2015-03-26T16:04:31.700000,9.753441932899998
2015-03-26T16:04:31.800000,9.75974170676762
2015-03-26T16:04:31.900000,9.772240543253629
2015-03-26T16:04:32.000000,9.777114983995729
2015-03-26T16:04:32.100000,9.76718341169308
2015-03-26T16:04:32.200000,9.76653353697728
2015-03-26T16:04:32.300000,9.77615150145706
2015-03-26T16:04:32.400000,9.76274609450662
2015-03-26T16:04:32.500000,9.761921266673651
2015-03-26T16:04:32.600000,9.761815256191452
2015-03-26T16:04:32.700000,9.762646372117716
2015-03-26T16:04:32.800000,9.756301110705133
2015-03-26T16:04:32.900000,9.770710236474878
2015-03-26T16:04:33.000000,9.78806715238452
2015-03-26T16:04:33.100000,9.777791133714013
2015-03-26T16:04:33.200000,9.790076509201525
2015-03-26T16:04:33.300000,9.79481977887052
2015-03-26T16:04:33.400000,9.800054565419286
2015-03-26T16:04:33.500000,9.787747500471417
2015-03-26T16:04:33.600000,9.774249320409206
2015-03-26T16:04:33.700000,9.778286688581565
2015-03-26T16:04:33.800000,9.774038363890496
2015-03-26T16:04:33.900000,9.781536170464468
2015-03-26T16:04:34.000000,9.771781793186047
2015-03-26T16:04:34.100000,9.789328523380128
2015-03-26T16:04:34.200000,9.758232935641402
2015-03-26T16:04:34.300000,9.755567777095074
2015-03-26T16:04:34.400000,9.759456386347322
2015-03-26T16:04:34.500000,9.744858917198025
2015-03-26T16:04:34.600000,9.747617628702994
2015-03-26T16:04:34.700000,9.76126743597302
2015-03-26T16:04:34.800000,9.75831291376316
2015-03-26T16:04:34.900000,9.734386707305127
2015-03-26T16:04:35.000000,9.742495250027806
2015-03-26T16:04:35.100000,9.746224297397593
2015-03-26T16:04:35.200000,9.742025027273783
2015-03-26T16:04:35.300000,9.756023970958028
2015-03-26T16:04:35.400000,9.757467166614022
2015-03-26T16:04:35.500000,9.75498443902158
2015-03-26T16:04:35.600000,9.75250302697012
2015-03-26T16:04:35.700000,9.750025346674166
2015-03-26T16:04:35.800000,9.74775828905038
2015-03-26T16:04:35.900000,9.747343370410304
2015-03-26T16:04:36.000000,9.751241029019338
2015-03-26T16:04:36.100000,9.758498644845812
2015-03-26T16:04:36.200000,9.741821052277077
2015-03-26T16:04:36.300000,9.772657119665665
2015-03-26T16:04:36.400000,9.75234953515223
2015-03-26T16:04:36.500000,9.744941466703349
2015-03-26T16:04:36.600000,9.76731162382976
2015-03-26T16:04:36.700000,9.763846823301762
2015-03-26T16:04:36.800000,9.765439124096687
2015-03-26T16:04:36.900000,9.777780062782483
2015-03-26T16:04:37.000000,9.782648018104686
2015-03-26T16:04:37.100000,9.769196824678842
2015-03-26T16:04:37.200000,9.761444238323964
2015-03-26T16:04:37.300000,9.77648499769716
2015-03-26T16:04:37.400000,9.79088534622752
2015-03-26T16:04:37.500000,9.780846169634511
2015-03-26T16:04:37.600000,9.745097282382254
2015-03-26T16:04:37.700000,9.79763921979654
2015-03-26T16:04:37.800000,9.766866500149968
2015-03-26T16:04:37.900000,9.76587878391816
2015-03-26T16:04:38.000000,9.759198115677815
2015-03-26T16:04:38.100000,9.784476293708616
2015-03-26T16:04:38.200000,9.775195759197825
2015-03-26T16:04:38.300000,9.771504388343551
2015-03-26T16:04:38.400000,9.769164125171736
2015-03-26T16:04:38.500000,9.77534720485308
2015-03-26T16:04:38.600000,9.767608988384962
2015-03-26T16:04:38.700000,9.736654782178965
2015-03-26T16:04:38.800000,9.754918177546488
2015-03-26T16:04:38.900000,9.783274822729805
2015-03-26T16:04:39.000000,9.76536257552427
2015-03-26T16:04:39.100000,9.760779741825772
2015-03-26T16:04:39.200000,9.765275023284865
2015-03-26T16:04:39.300000,9.763247971855192
2015-03-26T16:04:39.400000,9.770923504784705
2015-03-26T16:04:39.500000,9.76840123067404
2015-03-26T16:04:39.600000,9.770827466115495
2015-03-26T16:04:39.700000,9.76153216928486
2015-03-26T16:04:39.800000,9.748866388211004
2015-03-26T16:04:39.900000,9.750681852398754
2015-03-26T16:04:40.000000,9.748575668137804
2015-03-26T16:04:40.100000,9.74871458346587
2015-03-26T16:04:40.200000,9.744639414585617
2015-03-26T16:04:40.300000,9.752602127369473
2015-03-26T16:04:40.400000,9.767317993929533
2015-03-26T16:04:40.500000,9.777957982032934
2015-03-26T16:04:40.600000,9.770135646039584
2015-03-26T16:04:40.700000,9.76920110260017
2015-03-26T16:04:40.800000,9.759603182647169
2015-03-26T16:04:40.900000,9.766090543047293
2015-03-26T16:04:41.000000,9.773169984013064
2015-03-26T16:04:41.100000,9.784761017596695
2015-03-26T16:04:41.200000,9.769488774586565
2015-03-26T16:04:41.300000,9.768765891979006
2015-03-26T16:04:41.400000,9.774317392254456
2015-03-26T16:04:41.500000,9.77576979702871
2015-03-26T16:04:41.600000,9.77354380152574
2015-03-26T16:04:41.700000,9.76497383473929
2015-03-26T16:04:41.800000,9.763585598935206
2015-03-26T16:04:41.900000,9.776771370263772
2015-03-26T16:04:42.000000,9.770567503549431
2015-03-26T16:04:42.100000,9.778760678333262
2015-03-26T16:04:42.200000,9.771643275628197
2015-03-26T16:04:42.300000,9.769271245306197
2015-03-26T16:04:42.400000,9.76203223785822
2015-03-26T16:04:42.500000,9.761980885532296
2015-03-26T16:04:42.600000,9.765947053820796
2015-03-26T16:04:42.700000,9.771673010911412
2015-03-26T16:04:42.800000,9.77542104439648
2015-03-26T16:04:42.900000,9.761589896915709
2015-03-26T16:04:43.000000,9.770539152766514
2015-03-26T16:04:43.100000,9.768829280115687
2015-03-26T16:04:43.200000,9.764101088465855
2015-03-26T16:04:43.300000,9.777099153440592
2015-03-26T16:04:43.400000,9.769808462097858
2015-03-26T16:04:43.500000,9.761920898554534
2015-03-26T16:04:43.600000,9.754252564814866
2015-03-26T16:04:43.700000,9.764368811123816
2015-03-26T16:04:43.800000,9.769252727245622
2015-03-26T16:04:43.900000,9.761600005881547
2015-03-26T16:04:44.000000,9.749692371512424
2015-03-26T16:04:44.100000,9.714181938183142
2015-03-26T16:04:44.200000,9.746729939350638
2015-03-26T16:04:44.300000,9.766782248296431
2015-03-26T16:04:44.400000,9.764777358116389
2015-03-26T16:04:44.500000,9.753378560087548
2015-03-26T16:04:44.600000,9.769123376155605
2015-03-26T16:04:44.700000,9.729382032177051
2015-03-26T16:04:44.800000,9.75584039475689
2015-03-26T16:04:44.900000,9.74946919916056
2015-03-26T16:04:45.000000,9.766659523899085
2015-03-26T16:04:45.100000,9.770294453911314
2015-03-26T16:04:45.200000,9.73988721136802
2015-03-26T16:04:45.300000,9.73892796078523
2015-03-26T16:04:45.400000,9.751873634529703
2015-03-26T16:04:45.500000,9.779628031178492
2015-03-26T16:04:45.600000,9.774194949645585
2015-03-26T16:04:45.700000,9.776027222137436
2015-03-26T16:04:45.800000,9.779742374275685
2015-03-26T16:04:45.900000,9.766208910679904
2015-03-26T16:04:46.000000,9.776991050084463
2015-03-26T16:04:46.100000,9.797440369510545
2015-03-26T16:04:46.200000,9.793460714153705
2015-03-26T16:04:46.300000,9.773600830563543
2015-03-26T16:04:46.400000,9.779339213813296
2015-03-26T16:04:46.500000,9.785077641480292
2015-03-26T16:04:46.600000,9.791380619822965
2015-03-26T16:04:46.700000,9.801447547788714
2015-03-26T16:04:46.800000,9.800404329670268
2015-03-26T16:04:46.900000,9.77069099367326
2015-03-26T16:04:47.000000,9.790259633668992
2015-03-26T16:04:47.100000,9.791226691911618
2015-03-26T16:04:47.200000,9.797599229044147
2015-03-26T16:04:47.300000,9.794175269947562
2015-03-26T16:04:47.400000,9.789747294649718
2015-03-26T16:04:47.500000,9.788249348111306
2015-03-26T16:04:47.600000,9.803913120427332
2015-03-26T16:04:47.700000,9.797444741483671
2015-03-26T16:04:47.800000,9.780241249375615
2015-03-26T16:04:47.900000,9.78949502462766
2015-03-26T16:04:48.000000,9.77451579447292
2015-03-26T16:04:48.100000,9.76987318098752
2015-03-26T16:04:48.200000,9.78087524382424
2015-03-26T16:04:48.300000,9.75978723719344
2015-03-26T16:04:48.400000,9.754328974380968
2015-03-26T16:04:48.500000,9.758069713340417
2015-03-26T16:04:48.600000,9.76972592430492
2015-03-26T16:04:48.700000,9.76439102740406
2015-03-26T16:04:48.800000,9.77217622456828
2015-03-26T16:04:48.900000,9.773437576428131
2015-03-26T16:04:49.000000,9.735109607601151
2015-03-26T16:04:49.100000,9.73706721983906
2015-03-26T16:04:49.200000,9.736798595248262
2015-03-26T16:04:49.300000,9.74871662069452
2015-03-26T16:04:49.400000,9.746797787975684
2015-03-26T16:04:49.500000,9.738998096109738
2015-03-26T16:04:49.600000,9.755124222589831
2015-03-26T16:04:49.700000,9.758212626966902
2015-03-26T16:04:49.800000,9.733955394919608
2015-03-26T16:04:49.900000,9.726124731734414
2015-03-26T16:04:50.000000,9.73242493490826
2015-03-26T16:04:50.100000,9.73767729751368
2015-03-26T16:04:50.200000,9.735376027403625
2015-03-26T16:04:50.300000,9.739539669831755
2015-03-26T16:04:50.400000,9.751240006938673
2015-03-26T16:04:50.500000,9.743231063370022
2015-03-26T16:04:50.600000,9.746242756344476
2015-03-26T16:04:50.700000,9.762620597804444
2015-03-26T16:04:50.800000,9.769776763502716
2015-03-26T16:04:50.900000,9.75188610066229
2015-03-26T16:04:51.000000,9.766651872169057
2015-03-26T16:04:51.100000,9.750639680604875
2015-03-26T16:04:51.200000,9.779353795021157
2015-03-26T16:04:51.300000,9.78710577714408
2015-03-26T16:04:51.400000,9.77315748987114
2015-03-26T16:04:51.500000,9.76019929672698
2015-03-26T16:04:51.600000,9.770944261769378
2015-03-26T16:04:51.700000,9.773224820248007
2015-03-26T16:04:51.800000,9.774006498073192
2015-03-26T16:04:51.900000,9.77522458357829
2015-03-26T16:04:52.000000,9.777771448421714
2015-03-26T16:04:52.100000,9.773816960864192
2015-03-26T16:04:52.200000,9.763321301399728
2015-03-26T16:04:52.300000,9.795885867823486
2015-03-26T16:04:52.400000,9.79121309072962
2015-03-26T16:04:52.500000,9.784955597837126
2015-03-26T16:04:52.600000,9.778547803599578
2015-03-26T16:04:52.700000,9.79746265891608
2015-03-26T16:04:52.800000,9.784687888367342
2015-03-26T16:04:52.900000,9.793153134339892
2015-03-26T16:04:53.000000,9.780923704729942
2015-03-26T16:04:53.100000,9.780571591571778
2015-03-26T16:04:53.200000,9.794697446787184
2015-03-26T16:04:53.300000,9.786283531597118
2015-03-26T16:04:53.400000,9.777869163144944
2015-03-26T16:04:53.500000,9.773642821348306
2015-03-26T16:04:53.600000,9.781752056894495
2015-03-26T16:04:53.700000,9.77163502679853
2015-03-26T16:04:53.800000,9.762025065976516
2015-03-26T16:04:53.900000,9.755422278988297
2015-03-26T16:04:54.000000,9.752679663639862
2015-03-26T16:04:54.100000,9.75708786539343
2015-03-26T16:04:54.200000,9.755822346731678
2015-03-26T16:04:54.300000,9.744038518714774
2015-03-26T16:04:54.400000,9.742243311071714
2015-03-26T16:04:54.500000,9.748789459520122
2015-03-26T16:04:54.600000,9.764047869816212
2015-03-26T16:04:54.700000,9.760381460998566
2015-03-26T16:04:54.800000,9.755585915120292
2015-03-26T16:04:54.900000,9.747240293167415
2015-03-26T16:04:55.000000,9.738614736975835
2015-03-26T16:04:55.100000,9.731609739160568
2015-03-26T16:04:55.200000,9.743952448318067
2015-03-26T16:04:55.300000,9.754320936469382
2015-03-26T16:04:55.400000,9.762221113719123
2015-03-26T16:04:55.500000,9.76206235473354
2015-03-26T16:04:55.600000,9.761907201370024
2015-03-26T16:04:55.700000,9.764264849754378
2015-03-26T16:04:55.800000,9.767898746210374
2015-03-26T16:04:55.900000,9.74907752614227
2015-03-26T16:04:56.000000,9.754540701087317
2015-03-26T16:04:56.100000,9.770629883219089
2015-03-26T16:04:56.200000,9.779063942847513
2015-03-26T16:04:56.300000,9.78888453493042
2015-03-26T16:04:56.400000,9.772415633406167
2015-03-26T16:04:56.500000,9.774324931890886
2015-03-26T16:04:56.600000,9.778062105341112
2015-03-26T16:04:56.700000,9.779902711086155
2015-03-26T16:04:56.800000,9.784470212164065
2015-03-26T16:04:56.900000,9.790177481442282
2015-03-26T16:04:57.000000,9.784964108876087
2015-03-26T16:04:57.100000,9.768873506770866
2015-03-26T16:04:57.200000,9.775555449937713
2015-03-26T16:04:57.300000,9.788599093678023
2015-03-26T16:04:57.400000,9.770546736593811
2015-03-26T16:04:57.500000,9.783648501492983
2015-03-26T16:04:57.600000,9.790280014726251
2015-03-26T16:04:57.700000,9.778407606410122
2015-03-26T16:04:57.800000,9.777683180345866
2015-03-26T16:04:57.900000,9.776070277389358
2015-03-26T16:04:58.000000,9.771859624475235
2015-03-26T16:04:58.100000,9.76956662437902
2015-03-26T16:04:58.200000,9.774820183019807
2015-03-26T16:04:58.300000,9.778380009057866
2015-03-26T16:04:58.400000,9.775720187526291
2015-03-26T16:04:58.500000,9.75440802938201
2015-03-26T16:04:58.600000,9.763792167551932
2015-03-26T16:04:58.700000,9.765113926928166
2015-03-26T16:04:58.800000,9.75879666919204
2015-03-26T16:04:58.900000,9.749694041099437
2015-03-26T16:04:59.000000,9.738762509830735
2015-03-26T16:04:59.100000,9.730450468252997
2015-03-26T16:04:59.200000,9.735965324263528
2015-03-26T16:04:59.300000,9.754042667948244
2015-03-26T16:04:59.400000,9.73740822742746
2015-03-26T16:04:59.500000,9.735867770693917
2015-03-26T16:04:59.600000,9.737907906120178
2015-03-26T16:04:59.700000,9.74026972009101
2015-03-26T16:04:59.800000,9.730588521391535
2015-03-26T16:04:59.900000,9.72953076617187
2015-03-26T16:05:00.000000,9.736722101984489
2015-03-26T16:05:00.100000,9.739849022638088
2015-03-26T16:05:00.200000,9.748105287333926
2015-03-26T16:05:00.300000,9.773239647008326
2015-03-26T16:05:00.400000,9.772883005372416
2015-03-26T16:05:00.500000,9.764395052590688
2015-03-26T16:05:00.600000,9.74418908449748
2015-03-26T16:05:00.700000,9.762444745349804
2015-03-26T16:05:00.800000,9.753291501236475
2015-03-26T16:05:00.900000,9.778269638091524
2015-03-26T16:05:01.000000,9.763160800083996
2015-03-26T16:05:01.100000,9.752033932599584
2015-03-26T16:05:01.200000,9.75065764126233
2015-03-26T16:05:01.300000,9.762723329298014
2015-03-26T16:05:01.400000,9.774519349000215
2015-03-26T16:05:01.500000,9.788853657452936
2015-03-26T16:05:01.600000,9.79545334744652
2015-03-26T16:05:01.700000,9.78310906797656
2015-03-26T16:05:01.800000,9.770762820013012
2015-03-26T16:05:01.900000,9.762789994517355
2015-03-26T16:05:02.000000,9.785053786995867
2015-03-26T16:05:02.100000,9.795162497171647
2015-03-26T16:05:02.200000,9.75830571498494
2015-03-26T16:05:02.300000,9.765222890932373
2015-03-26T16:05:02.400000,9.780641207356869
2015-03-26T16:05:02.500000,9.79154742861291
2015-03-26T16:05:02.600000,9.789367659346032
2015-03-26T16:05:02.700000,9.775080002026458
2015-03-26T16:05:02.800000,9.77439387202192
2015-03-26T16:05:02.900000,9.771332903607824
2015-03-26T16:05:03.000000,9.787090088157331
2015-03-26T16:05:03.100000,9.78168343238816
2015-03-26T16:05:03.200000,9.77613288225263
2015-03-26T16:05:03.300000,9.779456942849572
2015-03-26T16:05:03.400000,9.76236699751746
2015-03-26T16:05:03.500000,9.757599871406777
2015-03-26T16:05:03.600000,9.767672943231569
2015-03-26T16:05:03.700000,9.783895459705857
2015-03-26T16:05:03.800000,9.763589694815735
2015-03-26T16:05:03.900000,9.760647169756066
2015-03-26T16:05:04.000000,9.76188382790231
2015-03-26T16:05:04.100000,9.762293311862049
2015-03-26T16:05:04.200000,9.761231585624728
2015-03-26T16:05:04.300000,9.756050267763325
2015-03-26T16:05:04.400000,9.749248648232635
2015-03-26T16:05:04.500000,9.742445580479073
2015-03-26T16:05:04.600000,9.732120588959312
2015-03-26T16:05:04.700000,9.727736366879784
2015-03-26T16:05:04.800000,9.748999069334737
2015-03-26T16:05:04.900000,9.721070349114074
2015-03-26T16:05:05.000000,9.7295593746583
2015-03-26T16:05:05.100000,9.737049968024708
2015-03-26T16:05:05.200000,9.756518805910275
2015-03-26T16:05:05.300000,9.72967222256757
2015-03-26T16:05:05.400000,9.76018892091152
2015-03-26T16:05:05.500000,9.764733674923006
2015-03-26T16:05:05.600000,9.764877172711005
2015-03-26T16:05:05.700000,9.751880203096285
2015-03-26T16:05:05.800000,9.74335463737918
2015-03-26T16:05:05.900000,9.742969556882036
2015-03-26T16:05:06.000000,9.747083007117364
2015-03-26T16:05:06.100000,9.76550167090969
2015-03-26T16:05:06.200000,9.788182240314976
2015-03-26T16:05:06.300000,9.767750166008293
2015-03-26T16:05:06.400000,9.764829897916108
2015-03-26T16:05:06.500000,9.77136869183964
2015-03-26T16:05:06.600000,9.784523897394145
2015-03-26T16:05:06.700000,9.794901218834694
2015-03-26T16:05:06.800000,9.805541812724162
2015-03-26T16:05:06.900000,9.79840029990642
2015-03-26T16:05:07.000000,9.785555518293371
2015-03-26T16:05:07.100000,9.80237156929712
2015-03-26T16:05:07.200000,9.79746877381756
2015-03-26T16:05:07.300000,9.791063065923051
2015-03-26T16:05:07.400000,9.804600586088725
2015-03-26T16:05:07.500000,9.781769581037114
2015-03-26T16:05:07.600000,9.78149623830047
2015-03-26T16:05:07.700000,9.775883061956735
2015-03-26T16:05:07.800000,9.78615131009738
2015-03-26T16:05:07.900000,9.781977315801166
2015-03-26T16:05:08.000000,9.78682345537882
2015-03-26T16:05:08.100000,9.791402008652415
2015-03-26T16:05:08.200000,9.789936696111342
2015-03-26T16:05:08.300000,9.778211457756012
2015-03-26T16:05:08.400000,9.782760556794912
2015-03-26T16:05:08.500000,9.793146382631846
2015-03-26T16:05:08.600000,9.789422482653956
2015-03-26T16:05:08.700000,9.788110225189
2015-03-26T16:05:08.800000,9.777782573254497
2015-03-26T16:05:08.900000,9.769195362509418
2015-03-26T16:05:09.000000,9.761650036546373
2015-03-26T16:05:09.100000,9.77048312055148
2015-03-26T16:05:09.200000,9.77647084032142
2015-03-26T16:05:09.300000,9.775966222507543
2015-03-26T16:05:09.400000,9.76176866006332
2015-03-26T16:05:09.500000,9.739907893958115
2015-03-26T16:05:09.600000,9.755481213048911
2015-03-26T16:05:09.700000,9.757052009626552
2015-03-26T16:05:09.800000,9.747271627996028
2015-03-26T16:05:09.900000,9.739549508325748
2015-03-26T16:05:10.000000,9.738731061466808
2015-03-26T16:05:10.100000,9.7367374603029
2015-03-26T16:05:10.200000,9.715675562230428
2015-03-26T16:05:10.300000,9.759982284478337
2015-03-26T16:05:10.400000,9.726659418205568
2015-03-26T16:05:10.500000,9.724608070300514
2015-03-26T16:05:10.600000,9.724320129882429
2015-03-26T16:05:10.700000,9.744169681479962
2015-03-26T16:05:10.800000,9.76405968504704
2015-03-26T16:05:10.900000,9.742737830609927
2015-03-26T16:05:11.000000,9.727164831005844
2015-03-26T16:05:11.100000,9.722479624297987
2015-03-26T16:05:11.200000,9.735148924100995
2015-03-26T16:05:11.300000,9.75720853340174
2015-03-26T16:05:11.400000,9.74665967205415
2015-03-26T16:05:11.500000,9.755660323573654
2015-03-26T16:05:11.600000,9.77072006712682
2015-03-26T16:05:11.700000,9.767194867785683
2015-03-26T16:05:11.800000,9.760258035334596
2015-03-26T16:05:11.900000,9.764879699293193
2015-03-26T16:05:12.000000,9.770636858658708
2015-03-26T16:05:12.100000,9.782653947232424
2015-03-26T16:05:12.200000,9.786751141162984
2015-03-26T16:05:12.300000,9.781427559468185
2015-03-26T16:05:12.400000,9.768229614585884
2015-03-26T16:05:12.500000,9.773051002281823
2015-03-26T16:05:12.600000,9.778292258758569
2015-03-26T16:05:12.700000,9.78020354556562
2015-03-26T16:05:12.800000,9.797072905440308
2015-03-26T16:05:12.900000,9.805236853591376
2015-03-26T16:05:13.000000,9.808160468745744
2015-03-26T16:05:13.100000,9.80993517506142
2015-03-26T16:05:13.200000,9.804121224207789
2015-03-26T16:05:13.300000,9.797657832615569
2015-03-26T16:05:13.400000,9.790167030064543
2015-03-26T16:05:13.500000,9.790843980114296
2015-03-26T16:05:13.600000,9.825812125400684
2015-03-26T16:05:13.700000,9.79903285616142
2015-03-26T16:05:13.800000,9.789834340594028
2015-03-26T16:05:13.900000,9.802477872404584
2015-03-26T16:05:14.000000,9.803023926451615
2015-03-26T16:05:14.100000,9.80363205018387
2015-03-26T16:05:14.200000,9.801396419255864
2015-03-26T16:05:14.300000,9.803036841616963
2015-03-26T16:05:14.400000,9.79791740199389
2015-03-26T16:05:14.500000,9.79647653916655
2015-03-26T16:05:14.600000,9.790859173465533
2015-03-26T16:05:14.700000,9.76721184932546
2015-03-26T16:05:14.800000,9.75087032211498
2015-03-26T16:05:14.900000,9.750169637074194
2015-03-26T16:05:15.000000,9.75872761802263
2015-03-26T16:05:15.100000,9.760623795987067
2015-03-26T16:05:15.200000,9.749570133260518
2015-03-26T16:05:15.300000,9.742327907082531
2015-03-26T16:05:15.400000,9.742829949019065
2015-03-26T16:05:15.500000,9.73840622157134
2015-03-26T16:05:15.600000,9.735066013003935
2015-03-26T16:05:15.700000,9.760195211438772
2015-03-26T16:05:15.800000,9.754464927410652
2015-03-26T16:05:15.900000,9.742272415029325
2015-03-26T16:05:16.000000,9.725263773692689
2015-03-26T16:05:16.100000,9.733789166229167
2015-03-26T16:05:16.200000,9.73318634393766
2015-03-26T16:05:16.300000,9.741332277170546
2015-03-26T16:05:16.400000,9.738290078637656
2015-03-26T16:05:16.500000,9.755805342480128
2015-03-26T16:05:16.600000,9.74607787864705
2015-03-26T16:05:16.700000,9.75704119636509
2015-03-26T16:05:16.800000,9.750677105051114
2015-03-26T16:05:16.900000,9.734891837746831
2015-03-26T16:05:17.000000,9.761308226882033
2015-03-26T16:05:17.100000,9.758201197932328
2015-03-26T16:05:17.200000,9.750994556489813
2015-03-26T16:05:17.300000,9.743765053739027
2015-03-26T16:05:17.400000,9.736462057152933
2015-03-26T16:05:17.500000,9.743312981339656
2015-03-26T16:05:17.600000,9.747144623593504
2015-03-26T16:05:17.700000,9.764150717912958
2015-03-26T16:05:17.800000,9.772691530064998
2015-03-26T16:05:17.900000,9.769912303673996
2015-03-26T16:05:18.000000,9.768409340678476
2015-03-26T16:05:18.100000,9.77048568062022
2015-03-26T16:05:18.200000,9.773355911156123
2015-03-26T16:05:18.300000,9.759951929738294
2015-03-26T16:05:18.400000,9.77040851958232
2015-03-26T16:05:18.500000,9.785860718736965
2015-03-26T16:05:18.600000,9.78194415894673
2015-03-26T16:05:18.700000,9.77546819361219
2015-03-26T16:05:18.800000,9.78402894631163
2015-03-26T16:05:18.900000,9.777280108838154
2015-03-26T16:05:19.000000,9.791870832047971
2015-03-26T16:05:19.100000,9.768706833707297
2015-03-26T16:05:19.200000,9.757707759892648
2015-03-26T16:05:19.300000,9.76640007895922
2015-03-26T16:05:19.400000,9.78292562142907
2015-03-26T16:05:19.500000,9.799804276080724
2015-03-26T16:05:19.600000,9.771992789277292
2015-03-26T16:05:19.700000,9.801391691560804
2015-03-26T16:05:19.800000,9.794481789734323
2015-03-26T16:05:19.900000,9.785745567083554
2015-03-26T16:05:20.000000,9.782850996053376
2015-03-26T16:05:20.100000,9.775929834165666
2015-03-26T16:05:20.200000,9.763770619459793
2015-03-26T16:05:20.300000,9.767929754799733
2015-03-26T16:05:20.400000,9.78187843054361
2015-03-26T16:05:20.500000,9.780995175950814
2015-03-26T16:05:20.600000,9.790717292251715
2015-03-26T16:05:20.700000,9.793907065707982
2015-03-26T16:05:20.800000,9.769844300339171
2015-03-26T16:05:20.900000,9.764587116444936
2015-03-26T16:05:21.000000,9.770699179532407
2015-03-26T16:05:21.100000,9.785253984457606
2015-03-26T16:05:21.200000,9.766515133613488
2015-03-26T16:05:21.300000,9.767927128049012
2015-03-26T16:05:21.400000,9.762617755812894
2015-03-26T16:05:21.500000,9.752438941420367
2015-03-26T16:05:21.600000,9.7422567476975
2015-03-26T16:05:21.700000,9.73697798200202
2015-03-26T16:05:21.800000,9.76496174371129
2015-03-26T16:05:21.900000,9.762643854276051
2015-03-26T16:05:22.000000,9.762177292504258
2015-03-26T16:05:22.100000,9.78498168077954
2015-03-26T16:05:22.200000,9.778450417934302
2015-03-26T16:05:22.300000,9.770804030151558
2015-03-26T16:05:22.400000,9.754334341356008
2015-03-26T16:05:22.500000,9.754308897907082
2015-03-26T16:05:22.600000,9.754611970797129
2015-03-26T16:05:22.700000,9.759919472064992
2015-03-26T16:05:22.800000,9.767717410371016
2015-03-26T16:05:22.900000,9.778206961688149
2015-03-26T16:05:23.000000,9.751704134542056
2015-03-26T16:05:23.100000,9.769190416544388
2015-03-26T16:05:23.200000,9.772767925129704
2015-03-26T16:05:23.300000,9.771978308230716
2015-03-26T16:05:23.400000,9.764630393165527
2015-03-26T16:05:23.500000,9.7566256495478
2015-03-26T16:05:23.600000,9.74643164332757
2015-03-26T16:05:23.700000,9.769870418991436
2015-03-26T16:05:23.800000,9.784135081402548
2015-03-26T16:05:23.900000,9.772820446798432
2015-03-26T16:05:24.000000,9.765961539472276
2015-03-26T16:05:24.100000,9.768211453499896
2015-03-26T16:05:24.200000,9.773064496385311
2015-03-26T16:05:24.300000,9.778775497499254
2015-03-26T16:05:24.400000,9.769099907605112
2015-03-26T16:05:24.500000,9.744411609170712
2015-03-26T16:05:24.600000,9.755626028609786
2015-03-26T16:05:24.700000,9.785119559414776
2015-03-26T16:05:24.800000,9.776074740628058
2015-03-26T16:05:24.900000,9.76083890443978
2015-03-26T16:05:25.000000,9.752513447186978
2015-03-26T16:05:25.100000,9.757801692097992
2015-03-26T16:05:25.200000,9.759892498315171
2015-03-26T16:05:25.300000,9.752442633645703
2015-03-26T16:05:25.400000,9.760506189885986
2015-03-26T16:05:25.500000,9.768192419605194
2015-03-26T16:05:25.600000,9.755042132850868
2015-03-26T16:05:25.700000,9.760371134566242
2015-03-26T16:05:25.800000,9.776493825224897
2015-03-26T16:05:25.900000,9.7831259740062
2015-03-26T16:05:26.000000,9.774855244062584
2015-03-26T16:05:26.100000,9.76384305209837
2015-03-26T16:05:26.200000,9.773428074516662
2015-03-26T16:05:26.300000,9.769127595345836
2015-03-26T16:05:26.400000,9.765946734008208
2015-03-26T16:05:26.500000,9.75907604074902
2015-03-26T16:05:26.600000,9.728153828152502
2015-03-26T16:05:26.700000,9.758263145392638
2015-03-26T16:05:26.800000,9.748658442641156
2015-03-26T16:05:26.900000,9.750671471597126
2015-03-26T16:05:27.000000,9.761885297806415
2015-03-26T16:05:27.100000,9.750262541647682
2015-03-26T16:05:27.200000,9.740890898044483
2015-03-26T16:05:27.300000,9.744499194635322
2015-03-26T16:05:27.400000,9.752719499192944
2015-03-26T16:05:27.500000,9.754576700545924
2015-03-26T16:05:27.600000,9.757882283727838
2015-03-26T16:05:27.700000,9.75573689788315
2015-03-26T16:05:27.800000,9.74749203888335
2015-03-26T16:05:27.900000,9.762311250564556
2015-03-26T16:05:28.000000,9.7655523715768
2015-03-26T16:05:28.100000,9.762871657709429
2015-03-26T16:05:28.200000,9.748692976721614
2015-03-26T16:05:28.300000,9.747482477925644
2015-03-26T16:05:28.400000,9.76909212979919
2015-03-26T16:05:28.500000,9.776361058988096
2015-03-26T16:05:28.600000,9.746540942554002
2015-03-26T16:05:28.700000,9.775316136520878
2015-03-26T16:05:28.800000,9.778336793303763
2015-03-26T16:05:28.900000,9.781355635247206
2015-03-26T16:05:29.000000,9.784300256572047
2015-03-26T16:05:29.100000,9.78724438712496
2015-03-26T16:05:29.200000,9.790801831182456
2015-03-26T16:05:29.300000,9.796724338764282
2015-03-26T16:05:29.400000,9.797679965415734
2015-03-26T16:05:29.500000,9.78770193363499
2015-03-26T16:05:29.600000,9.782828806754454
2015-03-26T16:05:29.700000,9.792276015378157
2015-03-26T16:05:29.800000,9.777398452116358
2015-03-26T16:05:29.900000,9.773960084032304
2015-03-26T16:05:30.000000,9.777484810656144
2015-03-26T16:05:30.100000,9.780048447889415
2015-03-26T16:05:30.200000,9.780808263544454
2015-03-26T16:05:30.300000,9.781569479743665
2015-03-26T16:05:30.400000,9.782596512632129
2015-03-26T16:05:30.500000,9.78462120408777
2015-03-26T16:05:30.600000,9.790812234718542
2015-03-26T16:05:30.700000,9.787690917936423
2015-03-26T16:05:30.800000,9.78470914690948
2015-03-26T16:05:30.900000,9.782346427768806
2015-03-26T16:05:31.000000,9.783001026227426
2015-03-26T16:05:31.100000,9.787117006391176
2015-03-26T16:05:31.200000,9.79565484330951
2015-03-26T16:05:31.300000,9.797748494048433
2015-03-26T16:05:31.400000,9.780865570984355
2015-03-26T16:05:31.500000,9.773311061173755
2015-03-26T16:05:31.600000,9.765620404893834
2015-03-26T16:05:31.700000,9.748865655583264
2015-03-26T16:05:31.800000,9.747314088356324
2015-03-26T16:05:31.900000,9.759655327560385
2015-03-26T16:05:32.000000,9.753646120361504
2015-03-26T16:05:32.100000,9.74595654257738
2015-03-26T16:05:32.200000,9.770649066455007
2015-03-26T16:05:32.300000,9.742682470113548
2015-03-26T16:05:32.400000,9.742191781607644
2015-03-26T16:05:32.500000,9.741700127425906
2015-03-26T16:05:32.600000,9.745883043098246
2015-03-26T16:05:32.700000,9.754131261681902
2015-03-26T16:05:32.800000,9.739274785302202
2015-03-26T16:05:32.900000,9.735176529535194
2015-03-26T16:05:33.000000,9.733017776476249
2015-03-26T16:05:33.100000,9.73085794450249
2015-03-26T16:05:33.200000,9.732833681124044
2015-03-26T16:05:33.300000,9.742257758661683
2015-03-26T16:05:33.400000,9.748900097029678
2015-03-26T16:05:33.500000,9.73468491396954
2015-03-26T16:05:33.600000,9.72572039759919
2015-03-26T16:05:33.700000,9.736700620513178
2015-03-26T16:05:33.800000,9.756016585143444
2015-03-26T16:05:33.900000,9.737631760088991
2015-03-26T16:05:34.000000,9.735442204889978
2015-03-26T16:05:34.100000,9.766000885924951
2015-03-26T16:05:34.200000,9.769647664983198
2015-03-26T16:05:34.300000,9.769187057100227
2015-03-26T16:05:34.400000,9.768726935416913
2015-03-26T16:05:34.500000,9.768667087010414
2015-03-26T16:05:34.600000,9.779043563635383
2015-03-26T16:05:34.700000,9.783830937022218
2015-03-26T16:05:34.800000,9.782342603323787
2015-03-26T16:05:34.900000,9.790778437620617
2015-03-26T16:05:35.000000,9.800958075236272
2015-03-26T16:05:35.100000,9.800775632188708
2015-03-26T16:05:35.200000,9.790426404854328
2015-03-26T16:05:35.300000,9.770968345797812
2015-03-26T16:05:35.400000,9.773114984030672
2015-03-26T16:05:35.500000,9.779535760001927
2015-03-26T16:05:35.600000,9.794959807359756
2015-03-26T16:05:35.700000,9.802082864359196
2015-03-26T16:05:35.800000,9.77524481085801
2015-03-26T16:05:35.900000,9.781902115990704
2015-03-26T16:05:36.000000,9.81060168165144
2015-03-26T16:05:36.100000,9.820571329191882
2015-03-26T16:05:36.200000,9.821273451919394
2015-03-26T16:05:36.300000,9.81130654365807
2015-03-26T16:05:36.400000,9.791591129452405
2015-03-26T16:05:36.500000,9.773444564660078
2015-03-26T16:05:36.600000,9.77521419854414
2015-03-26T16:05:36.700000,9.773701483587244
2015-03-26T16:05:36.800000,9.755527065384811
2015-03-26T16:05:36.900000,9.765063285079613
2015-03-26T16:05:37.000000,9.764487647884396
2015-03-26T16:05:37.100000,9.771263836091755
2015-03-26T16:05:37.200000,9.761560059036778
2015-03-26T16:05:37.300000,9.750371883238056
2015-03-26T16:05:37.400000,9.749800454035768
2015-03-26T16:05:37.500000,9.752801968663404
2015-03-26T16:05:37.600000,9.745753109632233
2015-03-26T16:05:37.700000,9.738148022439455
2015-03-26T16:05:37.800000,9.735568918316122
2015-03-26T16:05:37.900000,9.750770885109052
2015-03-26T16:05:38.000000,9.748491943159571
2015-03-26T16:05:38.100000,9.73481468744176
2015-03-26T16:05:38.200000,9.758486601829556
2015-03-26T16:05:38.300000,9.730686559644209
2015-03-26T16:05:38.400000,9.755724569470472
2015-03-26T16:05:38.500000,9.750719303009308
2015-03-26T16:05:38.600000,9.749380449817822
2015-03-26T16:05:38.700000,9.762199219505488
2015-03-26T16:05:38.800000,9.736347819962452
2015-03-26T16:05:38.900000,9.745158243477947
2015-03-26T16:05:39.000000,9.74952257025043
2015-03-26T16:05:39.100000,9.742548675956971
2015-03-26T16:05:39.200000,9.752264045267694
2015-03-26T16:05:39.300000,9.773472989786328
2015-03-26T16:05:39.400000,9.743024650280995
2015-03-26T16:05:39.500000,9.773554727878704
2015-03-26T16:05:39.600000,9.787935332312223
2015-03-26T16:05:39.700000,9.779096864715594
2015-03-26T16:05:39.800000,9.750370300194392
2015-03-26T16:05:39.900000,9.76671082247976
2015-03-26T16:05:40.000000,9.78033354570931
2015-03-26T16:05:40.100000,9.771328366073735
2015-03-26T16:05:40.200000,9.774667368742207
2015-03-26T16:05:40.300000,9.784721541233028
2015-03-26T16:05:40.400000,9.782096184761112
2015-03-26T16:05:40.500000,9.777944049188536
2015-03-26T16:05:40.600000,9.773384181959578
2015-03-26T16:05:40.700000,9.767254648540998
2015-03-26T16:05:40.800000,9.772069197692163
2015-03-26T16:05:40.900000,9.784200710335432
2015-03-26T16:05:41.000000,9.781950238380595
2015-03-26T16:05:41.100000,9.790042773600714
2015-03-26T16:05:41.200000,9.811252427064424
2015-03-26T16:05:41.300000,9.796625501147153
2015-03-26T16:05:41.400000,9.786288051481518
2015-03-26T16:05:41.500000,9.788155916148645
2015-03-26T16:05:41.600000,9.78028658151097
2015-03-26T16:05:41.700000,9.79368225733544
2015-03-26T16:05:41.800000,9.78779606505631
2015-03-26T16:05:41.900000,9.781663498842414
2015-03-26T16:05:42.000000,9.757964203039585
2015-03-26T16:05:42.100000,9.772348937447738
2015-03-26T16:05:42.200000,9.766705985262863
2015-03-26T16:05:42.300000,9.76357723915766
2015-03-26T16:05:42.400000,9.758792209439456
2015-03-26T16:05:42.500000,9.74877462968772
2015-03-26T16:05:42.600000,9.761098122269187
2015-03-26T16:05:42.700000,9.76298895177587
2015-03-26T16:05:42.800000,9.76747699240242
2015-03-26T16:05:42.900000,9.764291214856197
2015-03-26T16:05:43.000000,9.768643522226856
2015-03-26T16:05:43.100000,9.763085625208593
2015-03-26T16:05:43.200000,9.750729477053085
2015-03-26T16:05:43.300000,9.756682213575246
2015-03-26T16:05:43.400000,9.757323958977494
2015-03-26T16:05:43.500000,9.744749531452172
2015-03-26T16:05:43.600000,9.754714793767494
2015-03-26T16:05:43.700000,9.768677206871224
2015-03-26T16:05:43.800000,9.760395482305556
2015-03-26T16:05:43.900000,9.748300272945334
2015-03-26T16:05:44.000000,9.752949455393669
2015-03-26T16:05:44.100000,9.765179909878915
2015-03-26T16:05:44.200000,9.751368211635866
2015-03-26T16:05:44.300000,9.755701368564896
2015-03-26T16:05:44.400000,9.737358380457714
2015-03-26T16:05:44.500000,9.73210493933277
2015-03-26T16:05:44.600000,9.761848230729145
2015-03-26T16:05:44.700000,9.782318803949432
2015-03-26T16:05:44.800000,9.77784194311277
2015-03-26T16:05:44.900000,9.765240030321332
2015-03-26T16:05:45.000000,9.767714560173674
2015-03-26T16:05:45.100000,9.768159580594522
2015-03-26T16:05:45.200000,9.772182391027918
2015-03-26T16:05:45.300000,9.771765167355522
2015-03-26T16:05:45.400000,9.76820978471395
2015-03-26T16:05:45.500000,9.771049576778957
2015-03-26T16:05:45.600000,9.79349565885245
2015-03-26T16:05:45.700000,9.784199129757525
2015-03-26T16:05:45.800000,9.781320288148288
2015-03-26T16:05:45.900000,9.77844106551142
2015-03-26T16:05:46.000000,9.775562063254863
2015-03-26T16:05:46.100000,9.773104920672523
2015-03-26T16:05:46.200000,9.775422860264117
2015-03-26T16:05:46.300000,9.769649060603651
2015-03-26T16:05:46.400000,9.754380734830471
2015-03-26T16:05:46.500000,9.778945469677549
2015-03-26T16:05:46.600000,9.787638853742743
2015-03-26T16:05:46.700000,9.786054929522754
2015-03-26T16:05:46.800000,9.788913776577155
2015-03-26T16:05:46.900000,9.778116087227676
2015-03-26T16:05:47.000000,9.771345874871136
2015-03-26T16:05:47.100000,9.778755261721436
2015-03-26T16:05:47.200000,9.779724040123767
2015-03-26T16:05:47.300000,9.741584981593178
2015-03-26T16:05:47.400000,9.747577532943254
2015-03-26T16:05:47.500000,9.758439213652355
2015-03-26T16:05:47.600000,9.780357668536606
2015-03-26T16:05:47.700000,9.7638747388352
2015-03-26T16:05:47.800000,9.747751330359844
2015-03-26T16:05:47.900000,9.750190385011711
2015-03-26T16:05:48.000000,9.766691847331291
2015-03-26T16:05:48.100000,9.74299086059975
2015-03-26T16:05:48.200000,9.732844147590672
2015-03-26T16:05:48.300000,9.751534761579167
2015-03-26T16:05:48.400000,9.766831589271114
2015-03-26T16:05:48.500000,9.772927171412965
2015-03-26T16:05:48.600000,9.725536138566644
2015-03-26T16:05:48.700000,9.765795342622935
2015-03-26T16:05:48.800000,9.747407071560533
2015-03-26T16:05:48.900000,9.749418748854946
2015-03-26T16:05:49.000000,9.749761726951707
2015-03-26T16:05:49.100000,9.738470073353152
2015-03-26T16:05:49.200000,9.725573981368257
2015-03-26T16:05:49.300000,9.737911702682776
2015-03-26T16:05:49.400000,9.76821045241649
2015-03-26T16:05:49.500000,9.766679751474756
2015-03-26T16:05:49.600000,9.76699000439056
2015-03-26T16:05:49.700000,9.772243635731884
2015-03-26T16:05:49.800000,9.776006050301776
2015-03-26T16:05:49.900000,9.76976204322728
2015-03-26T16:05:50.000000,9.78357238066438
2015-03-26T16:05:50.100000,9.774945191999665
2015-03-26T16:05:50.200000,9.785643131214334
2015-03-26T16:05:50.300000,9.783845380687042
2015-03-26T16:05:50.400000,9.782046536884764
2015-03-26T16:05:50.500000,9.78340992543507
2015-03-26T16:05:50.600000,9.793583889859663
2015-03-26T16:05:50.700000,9.7928555982101
2015-03-26T16:05:50.800000,9.79212720520932
2015-03-26T16:05:50.900000,9.78582345921712
2015-03-26T16:05:51.000000,9.786704767197271
2015-03-26T16:05:51.100000,9.767089662927935
2015-03-26T16:05:51.200000,9.765344002685303
2015-03-26T16:05:51.300000,9.773217814662624
2015-03-26T16:05:51.400000,9.766330836144398
2015-03-26T16:05:51.500000,9.773699191884027
2015-03-26T16:05:51.600000,9.780591176059795
2015-03-26T16:05:51.700000,9.78738904211428
2015-03-26T16:05:51.800000,9.788316660298866
2015-03-26T16:05:51.900000,9.77600652126066
2015-03-26T16:05:52.000000,9.75581731030396
2015-03-26T16:05:52.100000,9.7734762282085
2015-03-26T16:05:52.200000,9.77120036904128
2015-03-26T16:05:52.300000,9.783462646020356
2015-03-26T16:05:52.400000,9.779963482715267
2015-03-26T16:05:52.500000,9.774501196218152
2015-03-26T16:05:52.600000,9.76962535658915
2015-03-26T16:05:52.700000,9.76771606216574
2015-03-26T16:05:52.800000,9.769225285936772
2015-03-26T16:05:52.900000,9.777079048257276
2015-03-26T16:05:53.000000,9.78493064566984
2015-03-26T16:05:53.100000,9.79148118080508
2015-03-26T16:05:53.200000,9.781527982204242
2015-03-26T16:05:53.300000,9.780833779266754
2015-03-26T16:05:53.400000,9.780382762145402
2015-03-26T16:05:53.500000,9.77778218565904
2015-03-26T16:05:53.600000,9.760451615238054
2015-03-26T16:05:53.700000,9.74652035946071
2015-03-26T16:05:53.800000,9.766551651132987
2015-03-26T16:05:53.900000,9.78457715093798
2015-03-26T16:05:54.000000,9.798013608554385
2015-03-26T16:05:54.100000,9.752052180180122
2015-03-26T16:05:54.200000,9.749661924667263
2015-03-26T16:05:54.300000,9.766620856534356
2015-03-26T16:05:54.400000,9.758817274227225
2015-03-26T16:05:54.500000,9.775884499877684
2015-03-26T16:05:54.600000,9.791627062697208
2015-03-26T16:05:54.700000,9.7865973109606
2015-03-26T16:05:54.800000,9.76976542590385
2015-03-26T16:05:54.900000,9.758988043049284
2015-03-26T16:05:55.000000,9.78639516699636
2015-03-26T16:05:55.100000,9.766818053583371
2015-03-26T16:05:55.200000,9.778225698915204
2015-03-26T16:05:55.300000,9.77760587673695
2015-03-26T16:05:55.400000,9.776745093384056
2015-03-26T16:05:55.500000,9.773760226225509
2015-03-26T16:05:55.600000,9.76848312193848
2015-03-26T16:05:55.700000,9.75453952831498
2015-03-26T16:05:55.800000,9.745253493933316
2015-03-26T16:05:55.900000,9.76206400983773
2015-03-26T16:05:56.000000,9.772902485388483
2015-03-26T16:05:56.100000,9.759064054426055
2015-03-26T16:05:56.200000,9.759178964615934
2015-03-26T16:05:56.300000,9.744479608677729
2015-03-26T16:05:56.400000,9.750433380338402
2015-03-26T16:05:56.500000,9.751872223574027
2015-03-26T16:05:56.600000,9.745509350603
2015-03-26T16:05:56.700000,9.745503417811866
2015-03-26T16:05:56.800000,9.745493744221609
2015-03-26T16:05:56.900000,9.74548080014245
2015-03-26T16:05:57.000000,9.745979363264606
2015-03-26T16:05:57.100000,9.741331740430253
2015-03-26T16:05:57.200000,9.738307166425814
2015-03-26T16:05:57.300000,9.736639318448187
2015-03-26T16:05:57.400000,9.73491836638798
2015-03-26T16:05:57.500000,9.732515753592915
2015-03-26T16:05:57.600000,9.739465438943093
2015-03-26T16:05:57.700000,9.757052050969987
2015-03-26T16:05:57.800000,9.769010892137388
2015-03-26T16:05:57.900000,9.770199154659206
2015-03-26T16:05:58.000000,9.771391878677502
2015-03-26T16:05:58.100000,9.771295878526894
2015-03-26T16:05:58.200000,9.752595560336944
2015-03-26T16:05:58.300000,9.769874217204457
2015-03-26T16:05:58.400000,9.761350301197336
2015-03-26T16:05:58.500000,9.758346271955183
2015-03-26T16:05:58.600000,9.767404560920673
2015-03-26T16:05:58.700000,9.781483284974474
2015-03-26T16:05:58.800000,9.790094193890909
2015-03-26T16:05:58.900000,9.786968694647683
2015-03-26T16:05:59.000000,9.810390620387205
2015-03-26T16:05:59.100000,9.805903456581646
2015-03-26T16:05:59.200000,9.800435497596286
2015-03-26T16:05:59.300000,9.80150480837588
2015-03-26T16:05:59.400000,9.802433782149746
2015-03-26T16:05:59.500000,9.80997418062744
2015-03-26T16:05:59.600000,9.806900770155885
2015-03-26T16:05:59.700000,9.8015396755765
2015-03-26T16:05:59.800000,9.800905682002726
2015-03-26T16:05:59.900000,9.80027075019825
2015-03-26T16:06:00.000000,9.799415456007308
2015-03-26T16:06:00.100000,9.798103652681904
2015-03-26T16:06:00.200000,9.79708489605098
2015-03-26T16:06:00.300000,9.795678790012708
2015-03-26T16:06:00.400000,9.793322564390683
2015-03-26T16:06:00.500000,9.80110836350704
2015-03-26T16:06:00.600000,9.807968744284931
2015-03-26T16:06:00.700000,9.806641751199116
2015-03-26T16:06:00.800000,9.8047146442822
2015-03-26T16:06:00.900000,9.806215053760948
2015-03-26T16:06:01.000000,9.79917934148931
2015-03-26T16:06:01.100000,9.7981239640908
2015-03-26T16:06:01.200000,9.801523494824815
2015-03-26T16:06:01.300000,9.794939274995604
2015-03-26T16:06:01.400000,9.787053303311705
2015-03-26T16:06:01.500000,9.768808294655653
2015-03-26T16:06:01.600000,9.762207755719158
2015-03-26T16:06:01.700000,9.73737782206563
2015-03-26T16:06:01.800000,9.72160643124788
2015-03-26T16:06:01.900000,9.767875575882313
2015-03-26T16:06:02.000000,9.75313714412993
2015-03-26T16:06:02.100000,9.741778292538063
2015-03-26T16:06:02.200000,9.748044206596784
2015-03-26T16:06:02.300000,9.754797423061792
2015-03-26T16:06:02.400000,9.755805431909604
2015-03-26T16:06:02.500000,9.755119991710885
2015-03-26T16:06:02.600000,9.743772285250474
2015-03-26T16:06:02.700000,9.732342739869488
2015-03-26T16:06:02.800000,9.731258315710203
2015-03-26T16:06:02.900000,9.724047037012287
2015-03-26T16:06:03.000000,9.716985313117531
2015-03-26T16:06:03.100000,9.71509148465797
2015-03-26T16:06:03.200000,9.721677562028722
2015-03-26T16:06:03.300000,9.7227713264974
2015-03-26T16:06:03.400000,9.71937131136116
2015-03-26T16:06:03.500000,9.73116833267937
2015-03-26T16:06:03.600000,9.736308970406151
2015-03-26T16:06:03.700000,9.715391906831456
2015-03-26T16:06:03.800000,9.724076325931495
2015-03-26T16:06:03.900000,9.753480243052447
2015-03-26T16:06:04.000000,9.755544732144486
2015-03-26T16:06:04.100000,9.7576081084537
2015-03-26T16:06:04.200000,9.759670717581043
2015-03-26T16:06:04.300000,9.76173307065428
2015-03-26T16:06:04.400000,9.76276464399725
2015-03-26T16:06:04.500000,9.763282698492556
2015-03-26T16:06:04.600000,9.767000012178215
2015-03-26T16:06:04.700000,9.779654660316966
2015-03-26T16:06:04.800000,9.786166283670925
2015-03-26T16:06:04.900000,9.78444715794132
2015-03-26T16:06:05.000000,9.776084420747202
2015-03-26T16:06:05.100000,9.775946762124912
2015-03-26T16:06:05.200000,9.78293620146706
2015-03-26T16:06:05.300000,9.78993208884992
2015-03-26T16:06:05.400000,9.79693706313845
2015-03-26T16:06:05.500000,9.806597662953235
2015-03-26T16:06:05.600000,9.816541790544074
2015-03-26T16:06:05.700000,9.80738956592853
2015-03-26T16:06:05.800000,9.79178910236718
2015-03-26T16:06:05.900000,9.800190686395522
2015-03-26T16:06:06.000000,9.808588187166617
2015-03-26T16:06:06.100000,9.815677644801116
2015-03-26T16:06:06.200000,9.811005093851804
2015-03-26T16:06:06.300000,9.80633466855965
2015-03-26T16:06:06.400000,9.801667118432452
2015-03-26T16:06:06.500000,9.800604078771912
2015-03-26T16:06:06.600000,9.81305729013633
2015-03-26T16:06:06.700000,9.803013626009738
2015-03-26T16:06:06.800000,9.792143334478068
2015-03-26T16:06:06.900000,9.791810290582331
2015-03-26T16:06:07.000000,9.782581167488765
2015-03-26T16:06:07.100000,9.7757268775625
2015-03-26T16:06:07.200000,9.770101318964418
2015-03-26T16:06:07.300000,9.768488569167856
2015-03-26T16:06:07.400000,9.769597254759129
2015-03-26T16:06:07.500000,9.769124763006158
2015-03-26T16:06:07.600000,9.755850166224649
2015-03-26T16:06:07.700000,9.758669940526133
2015-03-26T16:06:07.800000,9.770812194756113
2015-03-26T16:06:07.900000,9.758140463365104
2015-03-26T16:06:08.000000,9.75564360646983
2015-03-26T16:06:08.100000,9.753007403440431
2015-03-26T16:06:08.200000,9.759949353387777
2015-03-26T16:06:08.300000,9.763141627015225
2015-03-26T16:06:08.400000,9.759377237682678
2015-03-26T16:06:08.500000,9.755613069821305
2015-03-26T16:06:08.600000,9.751015605189837
2015-03-26T16:06:08.700000,9.737043294419042
2015-03-26T16:06:08.800000,9.759222019951316
2015-03-26T16:06:08.900000,9.75293702676058
2015-03-26T16:06:09.000000,9.746132328877074
2015-03-26T16:06:09.100000,9.73725036098996
2015-03-26T16:06:09.200000,9.721619877624477
2015-03-26T16:06:09.300000,9.725423776368562
2015-03-26T16:06:09.400000,9.74468633085578
2015-03-26T16:06:09.500000,9.751168833444057
2015-03-26T16:06:09.600000,9.74417699775407
2015-03-26T16:06:09.700000,9.745941614499564
2015-03-26T16:06:09.800000,9.756386311675293
2015-03-26T16:06:09.900000,9.743366711836606
2015-03-26T16:06:10.000000,9.75955811794504
2015-03-26T16:06:10.100000,9.744351965364388
2015-03-26T16:06:10.200000,9.746561980916647
2015-03-26T16:06:10.300000,9.75550166423126
2015-03-26T16:06:10.400000,9.754437754800028
2015-03-26T16:06:10.500000,9.749575758416372
2015-03-26T16:06:10.600000,9.746129179480649
2015-03-26T16:06:10.700000,9.746325259276311
2015-03-26T16:06:10.800000,9.746517544742806
2015-03-26T16:06:10.900000,9.753698107132983
2015-03-26T16:06:11.000000,9.760460563480388
2015-03-26T16:06:11.100000,9.773116974914224
2015-03-26T16:06:11.200000,9.7644285528681
2015-03-26T16:06:11.300000,9.750180808905968
2015-03-26T16:06:11.400000,9.766158287421812
2015-03-26T16:06:11.500000,9.776534437678068
2015-03-26T16:06:11.600000,9.769509372195028
2015-03-26T16:06:11.700000,9.763366969870802
2015-03-26T16:06:11.800000,9.760006880019134
2015-03-26T16:06:11.900000,9.756641961002256
2015-03-26T16:06:12.000000,9.75278632134378
2015-03-26T16:06:12.100000,9.747745921395012
2015-03-26T16:06:12.200000,9.747922671699778
2015-03-26T16:06:12.300000,9.757889090535128
2015-03-26T16:06:12.400000,9.780866739169888
2015-03-26T16:06:12.500000,9.754612145831604
2015-03-26T16:06:12.600000,9.75920379492262
2015-03-26T16:06:12.700000,9.768616988969503
2015-03-26T16:06:12.800000,9.776186533853398
2015-03-26T16:06:12.900000,9.783755876565063
2015-03-26T16:06:13.000000,9.792174887101911
2015-03-26T16:06:13.100000,9.801666410354777
2015-03-26T16:06:13.200000,9.78944013688128
2015-03-26T16:06:13.300000,9.786171403570108
2015-03-26T16:06:13.400000,9.782903193146666
2015-03-26T16:06:13.500000,9.77963523786948
2015-03-26T16:06:13.600000,9.776368236845771
2015-03-26T16:06:13.700000,9.773101895298844
2015-03-26T16:06:13.800000,9.769394754345004
2015-03-26T16:06:13.900000,9.771800419666503
2015-03-26T16:06:14.000000,9.78753106278732
2015-03-26T16:06:14.100000,9.79179340892507
2015-03-26T16:06:14.200000,9.776378127181854
2015-03-26T16:06:14.300000,9.763844644030666
2015-03-26T16:06:14.400000,9.774639669128817
2015-03-26T16:06:14.500000,9.784395708570283
2015-03-26T16:06:14.600000,9.778038023248364
2015-03-26T16:06:14.700000,9.786324469918249
2015-03-26T16:06:14.800000,9.795868103622878
2015-03-26T16:06:14.900000,9.774906885373408
2015-03-26T16:06:15.000000,9.779279404923669
2015-03-26T16:06:15.100000,9.783535925693077
2015-03-26T16:06:15.200000,9.779666458997244
2015-03-26T16:06:15.300000,9.772709108755274
2015-03-26T16:06:15.400000,9.764144861362436
2015-03-26T16:06:15.500000,9.764018434959263
2015-03-26T16:06:15.600000,9.755652582423178
2015-03-26T16:06:15.700000,9.7499770083694
2015-03-26T16:06:15.800000,9.758983822598651
2015-03-26T16:06:15.900000,9.772150851193857
2015-03-26T16:06:16.000000,9.774029408675853
2015-03-26T16:06:16.100000,9.771498290997034
2015-03-26T16:06:16.200000,9.757084626401332
2015-03-26T16:06:16.300000,9.735106527989691
2015-03-26T16:06:16.400000,9.737303711540363
2015-03-26T16:06:16.500000,9.744032090220506
2015-03-26T16:06:16.600000,9.749115056569046
2015-03-26T16:06:16.700000,9.7517049570678
2015-03-26T16:06:16.800000,9.753474841983186
2015-03-26T16:06:16.900000,9.758208105276832
2015-03-26T16:06:17.000000,9.75631733152699
2015-03-26T16:06:17.100000,9.748256405789151
2015-03-26T16:06:17.200000,9.749892207441562
2015-03-26T16:06:17.300000,9.750925506672967
2015-03-26T16:06:17.400000,9.756022436171806
2015-03-26T16:06:17.500000,9.762961117225208
2015-03-26T16:06:17.600000,9.756692485353769
2015-03-26T16:06:17.700000,9.75069525271721
2015-03-26T16:06:17.800000,9.744880533154724
2015-03-26T16:06:17.900000,9.740706511545138
2015-03-26T16:06:18.000000,9.736860539439173
2015-03-26T16:06:18.100000,9.739218900608805
2015-03-26T16:06:18.200000,9.734939437281204
2015-03-26T16:06:18.300000,9.71577441235334
2015-03-26T16:06:18.400000,9.71033361087369
2015-03-26T16:06:18.500000,9.70662377547172
2015-03-26T16:06:18.600000,9.706274840305628
2015-03-26T16:06:18.700000,9.705926007106534
2015-03-26T16:06:18.800000,9.731079974097618
2015-03-26T16:06:18.900000,9.763322791179196
2015-03-26T16:06:19.000000,9.768058267364257
2015-03-26T16:06:19.100000,9.761902579427169
2015-03-26T16:06:19.200000,9.76358275182164
2015-03-26T16:06:19.300000,9.761693405811425
2015-03-26T16:06:19.400000,9.76249623474537
2015-03-26T16:06:19.500000,9.76068283072044
2015-03-26T16:06:19.600000,9.768651071078514
2015-03-26T16:06:19.700000,9.77705269228811
2015-03-26T16:06:19.800000,9.786220075149291
2015-03-26T16:06:19.900000,9.790068751875491
2015-03-26T16:06:20.000000,9.792823386429696
2015-03-26T16:06:20.100000,9.789764259383348
2015-03-26T16:06:20.200000,9.774733561022588
2015-03-26T16:06:20.300000,9.779460399002804
2015-03-26T16:06:20.400000,9.783103060209315
2015-03-26T16:06:20.500000,9.789657080600335
2015-03-26T16:06:20.600000,9.788047662447724
2015-03-26T16:06:20.700000,9.781311225144506
2015-03-26T16:06:20.800000,9.77085728745811
2015-03-26T16:06:20.900000,9.77081631765091
2015-03-26T16:06:21.000000,9.756471999921596
2015-03-26T16:06:21.100000,9.745750762491504
2015-03-26T16:06:21.200000,9.745270272815452
2015-03-26T16:06:21.300000,9.746669113431212
2015-03-26T16:06:21.400000,9.763276943199727
2015-03-26T16:06:21.500000,9.779229604568943
2015-03-26T16:06:21.600000,9.782556318827067
2015-03-26T16:06:21.700000,9.77107028539267
2015-03-26T16:06:21.800000,9.76481677647357
2015-03-26T16:06:21.900000,9.775968676540032
2015-03-26T16:06:22.000000,9.75624124219968
2015-03-26T16:06:22.100000,9.749737807043273
2015-03-26T16:06:22.200000,9.76930146870096
2015-03-26T16:06:22.300000,9.760748798924414
2015-03-26T16:06:22.400000,9.767750886129214
2015-03-26T16:06:22.500000,9.766790192813966
2015-03-26T16:06:22.600000,9.770363763010806
2015-03-26T16:06:22.700000,9.750991046664518
2015-03-26T16:06:22.800000,9.75092331836694
2015-03-26T16:06:22.900000,9.742124375607572
2015-03-26T16:06:23.000000,9.74682240559748
2015-03-26T16:06:23.100000,9.77649174262802
2015-03-26T16:06:23.200000,9.787691117950295
2015-03-26T16:06:23.300000,9.765538977711463
2015-03-26T16:06:23.400000,9.76359883666963
2015-03-26T16:06:23.500000,9.77132692616762
2015-03-26T16:06:23.600000,9.775876240647742
2015-03-26T16:06:23.700000,9.779149652228329
2015-03-26T16:06:23.800000,9.77836042883883
2015-03-26T16:06:23.900000,9.782494693649545
2015-03-26T16:06:24.000000,9.76081442377702
2015-03-26T16:06:24.100000,9.769605634675656
2015-03-26T16:06:24.200000,9.786138220622362
2015-03-26T16:06:24.300000,9.772837862317736
2015-03-26T16:06:24.400000,9.778975416969631
2015-03-26T16:06:24.500000,9.789095603460614
2015-03-26T16:06:24.600000,9.787117769397764
2015-03-26T16:06:24.700000,9.76864912847026
2015-03-26T16:06:24.800000,9.772824001648535
2015-03-26T16:06:24.900000,9.77699447079493
2015-03-26T16:06:25.000000,9.77998490143408
2015-03-26T16:06:25.100000,9.76812287326225
2015-03-26T16:06:25.200000,9.761416552001064
2015-03-26T16:06:25.300000,9.7583485672262
2015-03-26T16:06:25.400000,9.757582146759278
2015-03-26T16:06:25.500000,9.757023041501895
2015-03-26T16:06:25.600000,9.757262114980064
2015-03-26T16:06:25.700000,9.769836967382838
2015-03-26T16:06:25.800000,9.792732242398849
2015-03-26T16:06:25.900000,9.787397067674958
2015-03-26T16:06:26.000000,9.78218001310505
2015-03-26T16:06:26.100000,9.782050097815684
2015-03-26T16:06:26.200000,9.776471566585448
2015-03-26T16:06:26.300000,9.753129100940852
2015-03-26T16:06:26.400000,9.751927475825951
2015-03-26T16:06:26.500000,9.750724186885144
2015-03-26T16:06:26.600000,9.75695328497813
2015-03-26T16:06:26.700000,9.757118079561137
2015-03-26T16:06:26.800000,9.75495324748126
2015-03-26T16:06:26.900000,9.750097916108778
2015-03-26T16:06:27.000000,9.7511783708395
2015-03-26T16:06:27.100000,9.769722853708553
2015-03-26T16:06:27.200000,9.714713737157286
2015-03-26T16:06:27.300000,9.736464715546347
2015-03-26T16:06:27.400000,9.754861252886906
2015-03-26T16:06:27.500000,9.770413293045348
2015-03-26T16:06:27.600000,9.765919203335564
2015-03-26T16:06:27.700000,9.75782093678989
2015-03-26T16:06:27.800000,9.731802353361925
2015-03-26T16:06:27.900000,9.735274653774052
2015-03-26T16:06:28.000000,9.735720198100244
2015-03-26T16:06:28.100000,9.746996018269895
2015-03-26T16:06:28.200000,9.755641492231591
2015-03-26T16:06:28.300000,9.75718097051852
2015-03-26T16:06:28.400000,9.758859050023595
2015-03-26T16:06:28.500000,9.764747965105345
2015-03-26T16:06:28.600000,9.76830780984788
2015-03-26T16:06:28.700000,9.768569746500011
2015-03-26T16:06:28.800000,9.768830340321744
2015-03-26T16:06:28.900000,9.768999684056098
2015-03-26T16:06:29.000000,9.76829731285319
2015-03-26T16:06:29.100000,9.76860490306516
2015-03-26T16:06:29.200000,9.777358326494344
2015-03-26T16:06:29.300000,9.78783061224306
2015-03-26T16:06:29.400000,9.791568261454543
2015-03-26T16:06:29.500000,9.780736172551649
2015-03-26T16:06:29.600000,9.79881835028423
2015-03-26T16:06:29.700000,9.81808591162799
2015-03-26T16:06:29.800000,9.821487565746652
2015-03-26T16:06:29.900000,9.815884844399369
2015-03-26T16:06:30.000000,9.811200644750864
2015-03-26T16:06:30.100000,9.805576303026465
2015-03-26T16:06:30.200000,9.80751831930816
2015-03-26T16:06:30.300000,9.810470006993611
2015-03-26T16:06:30.400000,9.812708614357163
2015-03-26T16:06:30.500000,9.81254846889215
2015-03-26T16:06:30.600000,9.79904568389914
2015-03-26T16:06:30.700000,9.787064719490942
2015-03-26T16:06:30.800000,9.78324848950114
2015-03-26T16:06:30.900000,9.78285402685394
2015-03-26T16:06:31.000000,9.78824312073204
2015-03-26T16:06:31.100000,9.793544412741578
2015-03-26T16:06:31.200000,9.802953806811296
2015-03-26T16:06:31.300000,9.797430753317196
2015-03-26T16:06:31.400000,9.78567611251632
2015-03-26T16:06:31.500000,9.780497279104369
2015-03-26T16:06:31.600000,9.77306211873166
2015-03-26T16:06:31.700000,9.74988292671936
2015-03-26T16:06:31.800000,9.763269756803204
2015-03-26T16:06:31.900000,9.760523441946376
2015-03-26T16:06:32.000000,9.756421246309383
2015-03-26T16:06:32.100000,9.751145784109069
2015-03-26T16:06:32.200000,9.744411058312766
2015-03-26T16:06:32.300000,9.748383124352005
2015-03-26T16:06:32.400000,9.75200101918088
2015-03-26T16:06:32.500000,9.736303596488815
2015-03-26T16:06:32.600000,9.741858145384606
2015-03-26T16:06:32.700000,9.724056450745104
2015-03-26T16:06:32.800000,9.711184594830462
2015-03-26T16:06:32.900000,9.713617606112232
2015-03-26T16:06:33.000000,9.717308685689536
2015-03-26T16:06:33.100000,9.71986389512914
2015-03-26T16:06:33.200000,9.708242470203336
2015-03-26T16:06:33.300000,9.735231678639597
2015-03-26T16:06:33.400000,9.743243419861807
2015-03-26T16:06:33.500000,9.735320309167502
2015-03-26T16:06:33.600000,9.734929388459989
2015-03-26T16:06:33.700000,9.727012376812354
2015-03-26T16:06:33.800000,9.727879600822844
2015-03-26T16:06:33.900000,9.728747462530864
2015-03-26T16:06:34.000000,9.72961622477698
2015-03-26T16:06:34.100000,9.739167904398938
2015-03-26T16:06:34.200000,9.74235702708144
2015-03-26T16:06:34.300000,9.731711892873482
2015-03-26T16:06:34.400000,9.754621279417997
2015-03-26T16:06:34.500000,9.751662836690228
2015-03-26T16:06:34.600000,9.761581975798569
2015-03-26T16:06:34.700000,9.7564825414473
2015-03-26T16:06:34.800000,9.755984615438113
2015-03-26T16:06:34.900000,9.77937895738294
2015-03-26T16:06:35.000000,9.787247960675971
2015-03-26T16:06:35.100000,9.783337254009911
2015-03-26T16:06:35.200000,9.76153151803252
2015-03-26T16:06:35.300000,9.776342875434018
2015-03-26T16:06:35.400000,9.802872806258454
2015-03-26T16:06:35.500000,9.8132048764837
2015-03-26T16:06:35.600000,9.806527676851909
2015-03-26T16:06:35.700000,9.799851064078082
2015-03-26T16:06:35.800000,9.794105647760842
2015-03-26T16:06:35.900000,9.796737136794992
2015-03-26T16:06:36.000000,9.796461123945049
2015-03-26T16:06:36.100000,9.790545594520502
2015-03-26T16:06:36.200000,9.795976990245732
2015-03-26T16:06:36.300000,9.811422667141096
2015-03-26T16:06:36.400000,9.825587617114987
2015-03-26T16:06:36.500000,9.831931568103842
2015-03-26T16:06:36.600000,9.838274187636369
2015-03-26T16:06:36.700000,9.828231819242554
2015-03-26T16:06:36.800000,9.816168903800726
2015-03-26T16:06:36.900000,9.80317818382752
2015-03-26T16:06:37.000000,9.787237279896395
2015-03-26T16:06:37.100000,9.791535572152316
2015-03-26T16:06:37.200000,9.791003191442128
2015-03-26T16:06:37.300000,9.790470740777549
2015-03-26T16:06:37.400000,9.783309680188896
2015-03-26T16:06:37.500000,9.742006064264924
2015-03-26T16:06:37.600000,9.731352791194986
2015-03-26T16:06:37.700000,9.777073061972333
2015-03-26T16:06:37.800000,9.78801829094792
2015-03-26T16:06:37.900000,9.761488842852009
2015-03-26T16:06:38.000000,9.749177818711589
2015-03-26T16:06:38.100000,9.746272875503807
2015-03-26T16:06:38.200000,9.753342277834705
2015-03-26T16:06:38.300000,9.7486343825101
2015-03-26T16:06:38.400000,9.73856570991549
2015-03-26T16:06:38.500000,9.727049411831633
2015-03-26T16:06:38.600000,9.726489504751672
2015-03-26T16:06:38.700000,9.72816396995343
2015-03-26T16:06:38.800000,9.740770388093877
2015-03-26T16:06:38.900000,9.739645408290327
2015-03-26T16:06:39.000000,9.739027235713644
2015-03-26T16:06:39.100000,9.740144635999876
2015-03-26T16:06:39.200000,9.736272348336376
2015-03-26T16:06:39.300000,9.719703120818467
2015-03-26T16:06:39.400000,9.733226720718353
2015-03-26T16:06:39.500000,9.729483846755784
2015-03-26T16:06:39.600000,9.73675715574312
2015-03-26T16:06:39.700000,9.736732339581918
2015-03-26T16:06:39.800000,9.739277228193624
2015-03-26T16:06:39.900000,9.755143797024177
2015-03-26T16:06:40.000000,9.75597931714841
2015-03-26T16:06:40.100000,9.74192194273198
2015-03-26T16:06:40.200000,9.735762066051008
2015-03-26T16:06:40.300000,9.747538325522164
2015-03-26T16:06:40.400000,9.759317219781504
2015-03-26T16:06:40.500000,9.77109776676354
2015-03-26T16:06:40.600000,9.806198515732014
2015-03-26T16:06:40.700000,9.807067922193593
2015-03-26T16:06:40.800000,9.799610030894367
2015-03-26T16:06:40.900000,9.774800489831447
2015-03-26T16:06:41.000000,9.778585716285054
2015-03-26T16:06:41.100000,9.780616789685368
2015-03-26T16:06:41.200000,9.777087377650322
2015-03-26T16:06:41.300000,9.773554021244925
2015-03-26T16:06:41.400000,9.77001643964454
2015-03-26T16:06:41.500000,9.766474607555129
2015-03-26T16:06:41.600000,9.76849334153765
2015-03-26T16:06:41.700000,9.793748291481691
2015-03-26T16:06:41.800000,9.798930228064156
2015-03-26T16:06:41.900000,9.791748541748724
2015-03-26T16:06:42.000000,9.800824832987672
2015-03-26T16:06:42.100000,9.809291713260356
2015-03-26T16:06:42.200000,9.80302245624354
2015-03-26T16:06:42.300000,9.797398696705567
2015-03-26T16:06:42.400000,9.792685445960313
2015-03-26T16:06:42.500000,9.80167100109725
2015-03-26T16:06:42.600000,9.808171370806194
2015-03-26T16:06:42.700000,9.806817612527505
2015-03-26T16:06:42.800000,9.794242929999028
2015-03-26T16:06:42.900000,9.768999687657494
2015-03-26T16:06:43.000000,9.760439450732347
2015-03-26T16:06:43.100000,9.77997877266718
2015-03-26T16:06:43.200000,9.766895015310617
2015-03-26T16:06:43.300000,9.739598585763458
2015-03-26T16:06:43.400000,9.721993976019672
2015-03-26T16:06:43.500000,9.761884496326449
2015-03-26T16:06:43.600000,9.748434061997136
2015-03-26T16:06:43.700000,9.74160055280441
2015-03-26T16:06:43.800000,9.742995790823874
2015-03-26T16:06:43.900000,9.73279614191856
2015-03-26T16:06:44.000000,9.733033522123714
2015-03-26T16:06:44.100000,9.733267565984589
2015-03-26T16:06:44.200000,9.732965140919475
2015-03-26T16:06:44.300000,9.731277436779898
2015-03-26T16:06:44.400000,9.73094837554471
2015-03-26T16:06:44.500000,9.731339322086995
2015-03-26T16:06:44.600000,9.73365485361608
2015-03-26T16:06:44.700000,9.734599898287655
2015-03-26T16:06:44.800000,9.731302817624266
2015-03-26T16:06:44.900000,9.71269576784913
2015-03-26T16:06:45.000000,9.719015807429493
2015-03-26T16:06:45.100000,9.726557796839066
2015-03-26T16:06:45.200000,9.739308681703791
2015-03-26T16:06:45.300000,9.752208266241706
2015-03-26T16:06:45.400000,9.762695892698982
2015-03-26T16:06:45.500000,9.759837841696651
2015-03-26T16:06:45.600000,9.752844978640336
2015-03-26T16:06:45.700000,9.745803834373676
2015-03-26T16:06:45.800000,9.78305875579784
2015-03-26T16:06:45.900000,9.79164204616545
2015-03-26T16:06:46.000000,9.77490882649255
2015-03-26T16:06:46.100000,9.770610387590942
2015-03-26T16:06:46.200000,9.771410152284606
2015-03-26T16:06:46.300000,9.76789923046164
2015-03-26T16:06:46.400000,9.773626370929898
2015-03-26T16:06:46.500000,9.784235891228196
2015-03-26T16:06:46.600000,9.787954791361528
2015-03-26T16:06:46.700000,9.77351178766754
2015-03-26T16:06:46.800000,9.793227249450355
2015-03-26T16:06:46.900000,9.796016890185747
2015-03-26T16:06:47.000000,9.79624499962076
2015-03-26T16:06:47.100000,9.788362456862837
2015-03-26T16:06:47.200000,9.790061765835036
2015-03-26T16:06:47.300000,9.800530267605666
2015-03-26T16:06:47.400000,9.791346673222018
2015-03-26T16:06:47.500000,9.786798902332592
2015-03-26T16:06:47.600000,9.790973488224186
2015-03-26T16:06:47.700000,9.792469807152385
2015-03-26T16:06:47.800000,9.77635697839231
2015-03-26T16:06:47.900000,9.770652780716876
2015-03-26T16:06:48.000000,9.780499850503462
2015-03-26T16:06:48.100000,9.784416339238904
2015-03-26T16:06:48.200000,9.77153975179353
2015-03-26T16:06:48.300000,9.764281297848864
2015-03-26T16:06:48.400000,9.7608570218086
2015-03-26T16:06:48.500000,9.752480348150334
2015-03-26T16:06:48.600000,9.752658177811607
2015-03-26T16:06:48.700000,9.75283585972825
2015-03-26T16:06:48.800000,9.756679252908008
2015-03-26T16:06:48.900000,9.765283674956333
2015-03-26T16:06:49.000000,9.754025071844412
2015-03-26T16:06:49.100000,9.743370457641436
2015-03-26T16:06:49.200000,9.727494964665722
2015-03-26T16:06:49.300000,9.736730644012134
2015-03-26T16:06:49.400000,9.74385973298073
2015-03-26T16:06:49.500000,9.728525492031055
2015-03-26T16:06:49.600000,9.740065528096263
2015-03-26T16:06:49.700000,9.717640938413032
2015-03-26T16:06:49.800000,9.72645817365529
2015-03-26T16:06:49.900000,9.742458763205905
2015-03-26T16:06:50.000000,9.752530976857466
2015-03-26T16:06:50.100000,9.745560318138216
2015-03-26T16:06:50.200000,9.741652220943491
2015-03-26T16:06:50.300000,9.738642828871294
2015-03-26T16:06:50.400000,9.740332799064372
2015-03-26T16:06:50.500000,9.743779883446653
2015-03-26T16:06:50.600000,9.74890160857995
2015-03-26T16:06:50.700000,9.751214699305486
2015-03-26T16:06:50.800000,9.74508749184497
2015-03-26T16:06:50.900000,9.737888699503088
2015-03-26T16:06:51.000000,9.741787277253389
2015-03-26T16:06:51.100000,9.767874783464368
2015-03-26T16:06:51.200000,9.775551607092844
2015-03-26T16:06:51.300000,9.773960043127778
2015-03-26T16:06:51.400000,9.773646297872
2015-03-26T16:06:51.500000,9.773331822273272
2015-03-26T16:06:51.600000,9.777994965169365
2015-03-26T16:06:51.700000,9.79269068554048
2015-03-26T16:06:51.800000,9.775782228515013
2015-03-26T16:06:51.900000,9.778167050181134
2015-03-26T16:06:52.000000,9.78057592005182
2015-03-26T16:06:52.100000,9.794919755776204
2015-03-26T16:06:52.200000,9.80207796642661
2015-03-26T16:06:52.300000,9.797655290979725
2015-03-26T16:06:52.400000,9.764213860820457
2015-03-26T16:06:52.500000,9.809428951345328
2015-03-26T16:06:52.600000,9.798685098271909
2015-03-26T16:06:52.700000,9.79404210720999
2015-03-26T16:06:52.800000,9.782490831903878
2015-03-26T16:06:52.900000,9.777261724336464
2015-03-26T16:06:53.000000,9.77528598587043
2015-03-26T16:06:53.100000,9.773704562514476
2015-03-26T16:06:53.200000,9.782587396013811
2015-03-26T16:06:53.300000,9.797049097860013
2015-03-26T16:06:53.400000,9.810603340444686
2015-03-26T16:06:53.500000,9.80566586847927
2015-03-26T16:06:53.600000,9.79242976566957
2015-03-26T16:06:53.700000,9.78016475449319
2015-03-26T16:06:53.800000,9.760851605937251
2015-03-26T16:06:53.900000,9.763841738098252
2015-03-26T16:06:54.000000,9.777004431109054
2015-03-26T16:06:54.100000,9.78351768675198
2015-03-26T16:06:54.200000,9.783299693489536
2015-03-26T16:06:54.300000,9.753008494938005
2015-03-26T16:06:54.400000,9.750442855627968
2015-03-26T16:06:54.500000,9.749233434795306
2015-03-26T16:06:54.600000,9.759439413730057
2015-03-26T16:06:54.700000,9.766096449160337
2015-03-26T16:06:54.800000,9.760327551200223
2015-03-26T16:06:54.900000,9.748384964140788
2015-03-26T16:06:55.000000,9.759794847447866
2015-03-26T16:06:55.100000,9.765503869449496
2015-03-26T16:06:55.200000,9.758861375588117
2015-03-26T16:06:55.300000,9.775213996205393
2015-03-26T16:06:55.400000,9.734583471707458
2015-03-26T16:06:55.500000,9.737827804158409
2015-03-26T16:06:55.600000,9.746653059362504
2015-03-26T16:06:55.700000,9.754704905878665
2015-03-26T16:06:55.800000,9.746291693334124
2015-03-26T16:06:55.900000,9.741369654324728
2015-03-26T16:06:56.000000,9.739862927599257
2015-03-26T16:06:56.100000,9.745420909242767
2015-03-26T16:06:56.200000,9.733369174592198
2015-03-26T16:06:56.300000,9.723921712789885
2015-03-26T16:06:56.400000,9.733856614650795
2015-03-26T16:06:56.500000,9.738110512636007
2015-03-26T16:06:56.600000,9.742305426412331
2015-03-26T16:06:56.700000,9.744649091082714
2015-03-26T16:06:56.800000,9.74700041547264
2015-03-26T16:06:56.900000,9.748222134650824
2015-03-26T16:06:57.000000,9.755888432226874
2015-03-26T16:06:57.100000,9.75976546053543
2015-03-26T16:06:57.200000,9.742448092693774
2015-03-26T16:06:57.300000,9.745178519172946
2015-03-26T16:06:57.400000,9.74953369844144
2015-03-26T16:06:57.500000,9.759792510504916
2015-03-26T16:06:57.600000,9.748175123012803
2015-03-26T16:06:57.700000,9.743921658407611
2015-03-26T16:06:57.800000,9.755033230193892
2015-03-26T16:06:57.900000,9.759519860340424
2015-03-26T16:06:58.000000,9.765320900478764
2015-03-26T16:06:58.100000,9.766159032275064
2015-03-26T16:06:58.200000,9.768966118685151
2015-03-26T16:06:58.300000,9.772924975547062
2015-03-26T16:06:58.400000,9.777019368343254
2015-03-26T16:06:58.500000,9.781376936890222
2015-03-26T16:06:58.600000,9.787396290800547
2015-03-26T16:06:58.700000,9.776093549704164
2015-03-26T16:06:58.800000,9.777716445056765
2015-03-26T16:06:58.900000,9.78129097993999
2015-03-26T16:06:59.000000,9.784863513238555
2015-03-26T16:06:59.100000,9.790760788345574
2015-03-26T16:06:59.200000,9.7959364615843
2015-03-26T16:06:59.300000,9.79308603662768
2015-03-26T16:06:59.400000,9.790604528888892
2015-03-26T16:06:59.500000,9.790975038593816
2015-03-26T16:06:59.600000,9.79432427981582
2015-03-26T16:06:59.700000,9.797597435045388
2015-03-26T16:06:59.800000,9.79874212646462
2015-03-26T16:06:59.900000,9.787155739000251
2015-03-26T16:07:00.000000,9.778537660307771
2015-03-26T16:07:00.100000,9.77762692232702
2015-03-26T16:07:00.200000,9.77671820944744
2015-03-26T16:07:00.300000,9.783678161055636
2015-03-26T16:07:00.400000,9.788181704616823
2015-03-26T16:07:00.500000,9.792684789860406
2015-03-26T16:07:00.600000,9.78759343048458
2015-03-26T16:07:00.700000,9.775058288820569
2015-03-26T16:07:00.800000,9.763629890883289
2015-03-26T16:07:00.900000,9.756124943942265
2015-03-26T16:07:01.000000,9.746705532879815
2015-03-26T16:07:01.100000,9.775940250987398
2015-03-26T16:07:01.200000,9.769575196107851
2015-03-26T16:07:01.300000,9.778170445432844
2015-03-26T16:07:01.400000,9.776095478249973
2015-03-26T16:07:01.500000,9.770992493600035
2015-03-26T16:07:01.600000,9.7686171510146
2015-03-26T16:07:01.700000,9.77729998014855
2015-03-26T16:07:01.800000,9.754521879636044
2015-03-26T16:07:01.900000,9.771552465070368
2015-03-26T16:07:02.000000,9.777199987826378
2015-03-26T16:07:02.100000,9.790582964815329
2015-03-26T16:07:02.200000,9.784698006414152
2015-03-26T16:07:02.300000,9.767403797591832
2015-03-26T16:07:02.400000,9.79642092857461
2015-03-26T16:07:02.500000,9.775534882599196
2015-03-26T16:07:02.600000,9.770889576946251
2015-03-26T16:07:02.700000,9.770448008148565
2015-03-26T16:07:02.800000,9.779934616538045
2015-03-26T16:07:02.900000,9.790274500705976
2015-03-26T16:07:03.000000,9.791024569476743
2015-03-26T16:07:03.100000,9.791091779026733
2015-03-26T16:07:03.200000,9.773862319121696
2015-03-26T16:07:03.300000,9.776162583502806
2015-03-26T16:07:03.400000,9.760536569252537
2015-03-26T16:07:03.500000,9.75807864550394
2015-03-26T16:07:03.600000,9.762792206984312
2015-03-26T16:07:03.700000,9.784694765228704
2015-03-26T16:07:03.800000,9.773984361059265
2015-03-26T16:07:03.900000,9.774442798474569
2015-03-26T16:07:04.000000,9.774898782300948
2015-03-26T16:07:04.100000,9.768418201792867
2015-03-26T16:07:04.200000,9.761602096783909
2015-03-26T16:07:04.300000,9.777658350495226
2015-03-26T16:07:04.400000,9.771897454642817
2015-03-26T16:07:04.500000,9.7505257367392
2015-03-26T16:07:04.600000,9.749207050146593
2015-03-26T16:07:04.700000,9.747888820816316
2015-03-26T16:07:04.800000,9.754440234028513
2015-03-26T16:07:04.900000,9.786058150158464
2015-03-26T16:07:05.000000,9.77946263113746
2015-03-26T16:07:05.100000,9.75953605975684
2015-03-26T16:07:05.200000,9.749516008274686
2015-03-26T16:07:05.300000,9.745953572425504
2015-03-26T16:07:05.400000,9.75285263685902
2015-03-26T16:07:05.500000,9.741116806484936
2015-03-26T16:07:05.600000,9.74159126847676
2015-03-26T16:07:05.700000,9.77199349224742
2015-03-26T16:07:05.800000,9.754804757645022
2015-03-26T16:07:05.900000,9.771209438131912
2015-03-26T16:07:06.000000,9.759970535433093
2015-03-26T16:07:06.100000,9.748731548666338
2015-03-26T16:07:06.200000,9.747653011240022
2015-03-26T16:07:06.300000,9.76136740481195
2015-03-26T16:07:06.400000,9.765308100405186
2015-03-26T16:07:06.500000,9.769249152519173
2015-03-26T16:07:06.600000,9.769877239226552
2015-03-26T16:07:06.700000,9.760918979788906
2015-03-26T16:07:06.800000,9.760806861342358
2015-03-26T16:07:06.900000,9.748471206926911
2015-03-26T16:07:07.000000,9.760104062290711
2015-03-26T16:07:07.100000,9.748665470252735
2015-03-26T16:07:07.200000,9.769466943297642
2015-03-26T16:07:07.300000,9.764104655322155
2015-03-26T16:07:07.400000,9.76415554648123
2015-03-26T16:07:07.500000,9.7683546700319
2015-03-26T16:07:07.600000,9.772051711377372
2015-03-26T16:07:07.700000,9.774819706346795
2015-03-26T16:07:07.800000,9.776289001749292
2015-03-26T16:07:07.900000,9.77486949359001
2015-03-26T16:07:08.000000,9.773399317732316
2015-03-26T16:07:08.100000,9.77333800503642
2015-03-26T16:07:08.200000,9.787684315530749
2015-03-26T16:07:08.300000,9.781223525347071
2015-03-26T16:07:08.400000,9.763614810562313
2015-03-26T16:07:08.500000,9.761757031602295
2015-03-26T16:07:08.600000,9.76526648053709
2015-03-26T16:07:08.700000,9.771829965150609
2015-03-26T16:07:08.800000,9.780100111369917
2015-03-26T16:07:08.900000,9.768439326345808
2015-03-26T16:07:09.000000,9.765525864836524
2015-03-26T16:07:09.100000,9.807925776726991
2015-03-26T16:07:09.200000,9.80304260665373
2015-03-26T16:07:09.300000,9.797586539445335
2015-03-26T16:07:09.400000,9.78633832000452
2015-03-26T16:07:09.500000,9.76202418903172
2015-03-26T16:07:09.600000,9.768619856344868
2015-03-26T16:07:09.700000,9.779642779307236
2015-03-26T16:07:09.800000,9.756640483645183
2015-03-26T16:07:09.900000,9.752715471915833
2015-03-26T16:07:10.000000,9.7616066353716
2015-03-26T16:07:10.100000,9.770492587280645
2015-03-26T16:07:10.200000,9.77688176664966
2015-03-26T16:07:10.300000,9.76243292949339
2015-03-26T16:07:10.400000,9.758534924319337
2015-03-26T16:07:10.500000,9.785487911851552
2015-03-26T16:07:10.600000,9.777721144658772
2015-03-26T16:07:10.700000,9.778174339939406
2015-03-26T16:07:10.800000,9.779307094309823
2015-03-26T16:07:10.900000,9.780641538339507
2015-03-26T16:07:11.000000,9.765477650921042
2015-03-26T16:07:11.100000,9.755541087765216
2015-03-26T16:07:11.200000,9.76861177583596
2015-03-26T16:07:11.300000,9.780186781992576
2015-03-26T16:07:11.400000,9.779682309036597
2015-03-26T16:07:11.500000,9.757258173943615
2015-03-26T16:07:11.600000,9.76334341712962
2015-03-26T16:07:11.700000,9.76943115661509
2015-03-26T16:07:11.800000,9.77552456414944
2015-03-26T16:07:11.900000,9.77845377194717
2015-03-26T16:07:12.000000,9.775267099574382
2015-03-26T16:07:12.100000,9.768626093852305
2015-03-26T16:07:12.200000,9.762853553499465
2015-03-26T16:07:12.300000,9.760362231382206
2015-03-26T16:07:12.400000,9.752305372856208
2015-03-26T16:07:12.500000,9.755211398776654
2015-03-26T16:07:12.600000,9.776145300939056
2015-03-26T16:07:12.700000,9.766954633235535
2015-03-26T16:07:12.800000,9.763402512374263
2015-03-26T16:07:12.900000,9.762864790634923
2015-03-26T16:07:13.000000,9.76228203174542
2015-03-26T16:07:13.100000,9.76134038774592
2015-03-26T16:07:13.200000,9.758847994642396
2015-03-26T16:07:13.300000,9.753568282823458
2015-03-26T16:07:13.400000,9.748824809542729
2015-03-26T16:07:13.500000,9.74327781612156
2015-03-26T16:07:13.600000,9.751445114137653
2015-03-26T16:07:13.700000,9.756275734232158
2015-03-26T16:07:13.800000,9.760281728945728
2015-03-26T16:07:13.900000,9.7619813989609
2015-03-26T16:07:14.000000,9.768667952618683
2015-03-26T16:07:14.100000,9.772158475384668
2015-03-26T16:07:14.200000,9.768388738839368
2015-03-26T16:07:14.300000,9.76593717665543
2015-03-26T16:07:14.400000,9.763485292151184
2015-03-26T16:07:14.500000,9.761034577096964
2015-03-26T16:07:14.600000,9.75939091074223
2015-03-26T16:07:14.700000,9.7593108532567
2015-03-26T16:07:14.800000,9.76039186523548
2015-03-26T16:07:14.900000,9.759448678703633
2015-03-26T16:07:15.000000,9.757564934052963
2015-03-26T16:07:15.100000,9.754321661456594
2015-03-26T16:07:15.200000,9.75533479250006
2015-03-26T16:07:15.300000,9.751466024756374
2015-03-26T16:07:15.400000,9.74460160321238
2015-03-26T16:07:15.500000,9.747860619275958
2015-03-26T16:07:15.600000,9.766506215485148
2015-03-26T16:07:15.700000,9.756305613649031
2015-03-26T16:07:15.800000,9.74379693987438
2015-03-26T16:07:15.900000,9.750574673862197
2015-03-26T16:07:16.000000,9.763772810684546
2015-03-26T16:07:16.100000,9.765262070023171
2015-03-26T16:07:16.200000,9.77852846660005
2015-03-26T16:07:16.300000,9.781190661852598
2015-03-26T16:07:16.400000,9.783852972690529
2015-03-26T16:07:16.500000,9.786515659716065
2015-03-26T16:07:16.600000,9.78917916408451
2015-03-26T16:07:16.700000,9.791843088367497
2015-03-26T16:07:16.800000,9.794507813101486
2015-03-26T16:07:16.900000,9.791914448176303
2015-03-26T16:07:17.000000,9.778641680922656
2015-03-26T16:07:17.100000,9.772374619793847
2015-03-26T16:07:17.200000,9.779096832922106
2015-03-26T16:07:17.300000,9.780539451464607
2015-03-26T16:07:17.400000,9.781979925422515
2015-03-26T16:07:17.500000,9.779315012812544
2015-03-26T16:07:17.600000,9.761660789329117
2015-03-26T16:07:17.700000,9.7834889104526
2015-03-26T16:07:17.800000,9.781264738692302
2015-03-26T16:07:17.900000,9.78251533220386
2015-03-26T16:07:18.000000,9.791630926387867
2015-03-26T16:07:18.100000,9.774726457540844
2015-03-26T16:07:18.200000,9.779059521574885
2015-03-26T16:07:18.300000,9.783906065370529
2015-03-26T16:07:18.400000,9.779075861632212
2015-03-26T16:07:18.500000,9.795670936679745
2015-03-26T16:07:18.600000,9.79330802452707
2015-03-26T16:07:18.700000,9.757494062981053
2015-03-26T16:07:18.800000,9.760101290141586
2015-03-26T16:07:18.900000,9.764655627616644
2015-03-26T16:07:19.000000,9.78434216636553
2015-03-26T16:07:19.100000,9.782688479802212
2015-03-26T16:07:19.200000,9.781807166366832
2015-03-26T16:07:19.300000,9.780924571920597
2015-03-26T16:07:19.400000,9.779995227730558
2015-03-26T16:07:19.500000,9.778597360754013
2015-03-26T16:07:19.600000,9.776636729526135
2015-03-26T16:07:19.700000,9.773340394851266
2015-03-26T16:07:19.800000,9.765825955882155
2015-03-26T16:07:19.900000,9.765868746826706
2015-03-26T16:07:20.000000,9.762748876896143
2015-03-26T16:07:20.100000,9.764409697837047
2015-03-26T16:07:20.200000,9.767336565166865
2015-03-26T16:07:20.300000,9.765424412904933
2015-03-26T16:07:20.400000,9.764313822573373
2015-03-26T16:07:20.500000,9.764825810358642
2015-03-26T16:07:20.600000,9.766618976992843
2015-03-26T16:07:20.700000,9.771265176946724
2015-03-26T16:07:20.800000,9.775157395828291
2015-03-26T16:07:20.900000,9.777519879484776
2015-03-26T16:07:21.000000,9.779882438530157
2015-03-26T16:07:21.100000,9.781792190036176
2015-03-26T16:07:21.200000,9.770044515723962
2015-03-26T16:07:21.300000,9.76798954650006
2015-03-26T16:07:21.400000,9.766449009231602
2015-03-26T16:07:21.500000,9.753996766979364
2015-03-26T16:07:21.600000,9.743177532156295
2015-03-26T16:07:21.700000,9.742579389255262
2015-03-26T16:07:21.800000,9.751838406856972
2015-03-26T16:07:21.900000,9.746810333973963
2015-03-26T16:07:22.000000,9.753449290280903
2015-03-26T16:07:22.100000,9.746084106969612
2015-03-26T16:07:22.200000,9.744946338183489
2015-03-26T16:07:22.300000,9.767973265657185
2015-03-26T16:07:22.400000,9.763891295697375
2015-03-26T16:07:22.500000,9.757550701134544
2015-03-26T16:07:22.600000,9.75194287892208
2015-03-26T16:07:22.700000,9.750705025664034
2015-03-26T16:07:22.800000,9.749467098359824
2015-03-26T16:07:22.900000,9.74982788692621
2015-03-26T16:07:23.000000,9.752000067351135
2015-03-26T16:07:23.100000,9.754175770026064
2015-03-26T16:07:23.200000,9.756146292466523
2015-03-26T16:07:23.300000,9.752714466925491
2015-03-26T16:07:23.400000,9.747694108400854
2015-03-26T16:07:23.500000,9.747601844671667
2015-03-26T16:07:23.600000,9.747508251882328
2015-03-26T16:07:23.700000,9.751294916874114
2015-03-26T16:07:23.800000,9.761762742841222
2015-03-26T16:07:23.900000,9.777443132069568
2015-03-26T16:07:24.000000,9.780420558595688
2015-03-26T16:07:24.100000,9.781988710755943
2015-03-26T16:07:24.200000,9.7832489605375
2015-03-26T16:07:24.300000,9.786150929552749
2015-03-26T16:07:24.400000,9.788305927918692
2015-03-26T16:07:24.500000,9.802634614697656
2015-03-26T16:07:24.600000,9.82373130318588
2015-03-26T16:07:24.700000,9.798864517594252
2015-03-26T16:07:24.800000,9.778680042950082
2015-03-26T16:07:24.900000,9.802196223115914
2015-03-26T16:07:25.000000,9.811129937427632
2015-03-26T16:07:25.100000,9.79986075879662
2015-03-26T16:07:25.200000,9.8042081624684
2015-03-26T16:07:25.300000,9.800000316883752
2015-03-26T16:07:25.400000,9.795793821154108
2015-03-26T16:07:25.500000,9.798754415818694
2015-03-26T16:07:25.600000,9.817190539559911
2015-03-26T16:07:25.700000,9.809607412647914
2015-03-26T16:07:25.800000,9.796264364458008
2015-03-26T16:07:25.900000,9.785091449037374
2015-03-26T16:07:26.000000,9.786239983027022
2015-03-26T16:07:26.100000,9.787390106162189
2015-03-26T16:07:26.200000,9.794779913246764
2015-03-26T16:07:26.300000,9.783733211060586
2015-03-26T16:07:26.400000,9.775544364432225
2015-03-26T16:07:26.500000,9.777596701926123
2015-03-26T16:07:26.600000,9.779180095911778
2015-03-26T16:07:26.700000,9.76432140143342
2015-03-26T16:07:26.800000,9.772985503714144
2015-03-26T16:07:26.900000,9.76485007493756
2015-03-26T16:07:27.000000,9.74590907291103
2015-03-26T16:07:27.100000,9.757004897276794
2015-03-26T16:07:27.200000,9.743631757526908
2015-03-26T16:07:27.300000,9.744600810340684
2015-03-26T16:07:27.400000,9.758134327972726
2015-03-26T16:07:27.500000,9.748938976286029
2015-03-26T16:07:27.600000,9.726048706927669
2015-03-26T16:07:27.700000,9.733586627638577
2015-03-26T16:07:27.800000,9.741846970011736
2015-03-26T16:07:27.900000,9.74671862355568
2015-03-26T16:07:28.000000,9.73163932341112
2015-03-26T16:07:28.100000,9.75405425740628
2015-03-26T16:07:28.200000,9.717285840933677
2015-03-26T16:07:28.300000,9.714828169999922
2015-03-26T16:07:28.400000,9.717457554340472
2015-03-26T16:07:28.500000,9.721686969039473
2015-03-26T16:07:28.600000,9.733595114918442
2015-03-26T16:07:28.700000,9.7315597920875
2015-03-26T16:07:28.800000,9.729311058709428
2015-03-26T16:07:28.900000,9.728494498710502
2015-03-26T16:07:29.000000,9.740572325364043
2015-03-26T16:07:29.100000,9.74203031979201
2015-03-26T16:07:29.200000,9.761730936562977
2015-03-26T16:07:29.300000,9.756328769922478
2015-03-26T16:07:29.400000,9.738647929623838
2015-03-26T16:07:29.500000,9.731012903854111
2015-03-26T16:07:29.600000,9.730799730441268
2015-03-26T16:07:29.700000,9.731364685564422
2015-03-26T16:07:29.800000,9.736016911782524
2015-03-26T16:07:29.900000,9.742020432549625
2015-03-26T16:07:30.000000,9.75064836275988
2015-03-26T16:07:30.100000,9.757860450643808
2015-03-26T16:07:30.200000,9.75779013077564
2015-03-26T16:07:30.300000,9.75870039593372
2015-03-26T16:07:30.400000,9.760491483894883
2015-03-26T16:07:30.500000,9.763902412657677
2015-03-26T16:07:30.600000,9.76660401686756
2015-03-26T16:07:30.700000,9.782164244891314
2015-03-26T16:07:30.800000,9.7981047611465
2015-03-26T16:07:30.900000,9.8055705220409
2015-03-26T16:07:31.000000,9.806481425459207
2015-03-26T16:07:31.100000,9.807391308845869
2015-03-26T16:07:31.200000,9.808300622823024
2015-03-26T16:07:31.300000,9.795765958614751
2015-03-26T16:07:31.400000,9.780025730135272
2015-03-26T16:07:31.500000,9.821562231148116
2015-03-26T16:07:31.600000,9.794352862224947
2015-03-26T16:07:31.700000,9.800439427812304
2015-03-26T16:07:31.800000,9.799810329920374
2015-03-26T16:07:31.900000,9.806068542863564
2015-03-26T16:07:32.000000,9.812329056116258
2015-03-26T16:07:32.100000,9.813545815066329
2015-03-26T16:07:32.200000,9.796869342893288
2015-03-26T16:07:32.300000,9.780679013946632
2015-03-26T16:07:32.400000,9.778634421527578
2015-03-26T16:07:32.500000,9.784410760871728
2015-03-26T16:07:32.600000,9.785155513847842
2015-03-26T16:07:32.700000,9.78590027956746
2015-03-26T16:07:32.800000,9.786645467697682
2015-03-26T16:07:32.900000,9.786300313826125
2015-03-26T16:07:33.000000,9.777331263988131
2015-03-26T16:07:33.100000,9.754763893636596
2015-03-26T16:07:33.200000,9.762480234832893
2015-03-26T16:07:33.300000,9.765196809588293
2015-03-26T16:07:33.400000,9.767444207721857
2015-03-26T16:07:33.500000,9.76534419674587
2015-03-26T16:07:33.600000,9.750806864516838
2015-03-26T16:07:33.700000,9.74843024298134
2015-03-26T16:07:33.800000,9.739659897563625
2015-03-26T16:07:33.900000,9.770083087434232
2015-03-26T16:07:34.000000,9.74758671196131
2015-03-26T16:07:34.100000,9.736021165867228
2015-03-26T16:07:34.200000,9.753023797477049
2015-03-26T16:07:34.300000,9.774054271650352
2015-03-26T16:07:34.400000,9.758706054476004
2015-03-26T16:07:34.500000,9.73413821581604
2015-03-26T16:07:34.600000,9.730304509181352
2015-03-26T16:07:34.700000,9.730879385357408
2015-03-26T16:07:34.800000,9.741086088671144
2015-03-26T16:07:34.900000,9.741947982934803
2015-03-26T16:07:35.000000,9.742217518190502
2015-03-26T16:07:35.100000,9.742240820433093
2015-03-26T16:07:35.200000,9.738668267228952
2015-03-26T16:07:35.300000,9.7426681490322
2015-03-26T16:07:35.400000,9.729122958042351
2015-03-26T16:07:35.500000,9.73575669710056
2015-03-26T16:07:35.600000,9.764190923403852
2015-03-26T16:07:35.700000,9.771366521432972
2015-03-26T16:07:35.800000,9.771579805039435
2015-03-26T16:07:35.900000,9.7559389424742
2015-03-26T16:07:36.000000,9.763594502372348
2015-03-26T16:07:36.100000,9.758199403913348
2015-03-26T16:07:36.200000,9.762929472973468
2015-03-26T16:07:36.300000,9.776926809381534
2015-03-26T16:07:36.400000,9.778417075511692
2015-03-26T16:07:36.500000,9.777723556919293
2015-03-26T16:07:36.600000,9.775239228751817
2015-03-26T16:07:36.700000,9.775658810302817
2015-03-26T16:07:36.800000,9.78624835090897
2015-03-26T16:07:36.900000,9.779209244353652
2015-03-26T16:07:37.000000,9.770543326853671
2015-03-26T16:07:37.100000,9.773195040886382
2015-03-26T16:07:37.200000,9.773665740334526
2015-03-26T16:07:37.300000,9.761267229362238
2015-03-26T16:07:37.400000,9.756159691355624
2015-03-26T16:07:37.500000,9.760978441786472
2015-03-26T16:07:37.600000,9.764873273454556
2015-03-26T16:07:37.700000,9.779500996271462
2015-03-26T16:07:37.800000,9.778129995803123
2015-03-26T16:07:37.900000,9.776759524098663
2015-03-26T16:07:38.000000,9.771329558279088
2015-03-26T16:07:38.100000,9.760378405915665
2015-03-26T16:07:38.200000,9.76073769403306
2015-03-26T16:07:38.300000,9.780219377251967
2015-03-26T16:07:38.400000,9.800376304231854
2015-03-26T16:07:38.500000,9.79048672257696
2015-03-26T16:07:38.600000,9.780707836966254
2015-03-26T16:07:38.700000,9.772679307525818
2015-03-26T16:07:38.800000,9.771380943189348
2015-03-26T16:07:38.900000,9.773207709567846
2015-03-26T16:07:39.000000,9.775060173735143
2015-03-26T16:07:39.100000,9.778264073985126
2015-03-26T16:07:39.200000,9.775716283807416
2015-03-26T16:07:39.300000,9.773165272629832
2015-03-26T16:07:39.400000,9.770612866463257
2015-03-26T16:07:39.500000,9.756868084215494
2015-03-26T16:07:39.600000,9.75656703958806
2015-03-26T16:07:39.700000,9.75633570479846
2015-03-26T16:07:39.800000,9.75533014468766
2015-03-26T16:07:39.900000,9.736131819362493
2015-03-26T16:07:40.000000,9.760132012297936
2015-03-26T16:07:40.100000,9.777361772395556
2015-03-26T16:07:40.200000,9.782112021587514
2015-03-26T16:07:40.300000,9.779474130375869
2015-03-26T16:07:40.400000,9.760107333493892
2015-03-26T16:07:40.500000,9.767326743622418
2015-03-26T16:07:40.600000,9.75881710566303
2015-03-26T16:07:40.700000,9.75931393219568
2015-03-26T16:07:40.800000,9.75991197991184
2015-03-26T16:07:40.900000,9.76456306747598
2015-03-26T16:07:41.000000,9.761548743853826
2015-03-26T16:07:41.100000,9.747951484356062
2015-03-26T16:07:41.200000,9.757408020986365
2015-03-26T16:07:41.300000,9.754289398458887
2015-03-26T16:07:41.400000,9.740758530810307
2015-03-26T16:07:41.500000,9.764483977402234
2015-03-26T16:07:41.600000,9.773541830735452
2015-03-26T16:07:41.700000,9.750044757239074
2015-03-26T16:07:41.800000,9.752550276048948
2015-03-26T16:07:41.900000,9.763470210291144
2015-03-26T16:07:42.000000,9.75226188458347
2015-03-26T16:07:42.100000,9.76847454091568
2015-03-26T16:07:42.200000,9.757318409804226
2015-03-26T16:07:42.300000,9.761610783274955
2015-03-26T16:07:42.400000,9.771578861729816
2015-03-26T16:07:42.500000,9.776757821325214
2015-03-26T16:07:42.600000,9.777383040106338
2015-03-26T16:07:42.700000,9.78592251368488
2015-03-26T16:07:42.800000,9.802003040223422
2015-03-26T16:07:42.900000,9.76618466848969
2015-03-26T16:07:43.000000,9.767039208885016
2015-03-26T16:07:43.100000,9.767894477319883
2015-03-26T16:07:43.200000,9.768751134502647
2015-03-26T16:07:43.300000,9.76960943547584
2015-03-26T16:07:43.400000,9.772457082204667
2015-03-26T16:07:43.500000,9.783255464545674
2015-03-26T16:07:43.600000,9.78315001832553
2015-03-26T16:07:43.700000,9.779796385596594
2015-03-26T16:07:43.800000,9.794457373984008
2015-03-26T16:07:43.900000,9.799686281338897
2015-03-26T16:07:44.000000,9.784693742921112
2015-03-26T16:07:44.100000,9.820354722492258
2015-03-26T16:07:44.200000,9.77660987054366
2015-03-26T16:07:44.300000,9.764441885889209
2015-03-26T16:07:44.400000,9.756353226080142
2015-03-26T16:07:44.500000,9.756548226571756
2015-03-26T16:07:44.600000,9.761302889007412
2015-03-26T16:07:44.700000,9.77620583540564
2015-03-26T16:07:44.800000,9.789091819087997
2015-03-26T16:07:44.900000,9.781367595420974
2015-03-26T16:07:45.000000,9.769676543068858
2015-03-26T16:07:45.100000,9.74348752197016
2015-03-26T16:07:45.200000,9.760992516812657
2015-03-26T16:07:45.300000,9.77275077656562
2015-03-26T16:07:45.400000,9.773297363892196
2015-03-26T16:07:45.500000,9.756828187428304
2015-03-26T16:07:45.600000,9.7173484220847
2015-03-26T16:07:45.700000,9.75383822812057
2015-03-26T16:07:45.800000,9.763191959290616
2015-03-26T16:07:45.900000,9.764502373658376
2015-03-26T16:07:46.000000,9.76581360777988
2015-03-26T16:07:46.100000,9.766418984006204
2015-03-26T16:07:46.200000,9.761653279537173
2015-03-26T16:07:46.300000,9.749527725758275
2015-03-26T16:07:46.400000,9.755373517870757
2015-03-26T16:07:46.500000,9.761017469732154
2015-03-26T16:07:46.600000,9.764501893950577
2015-03-26T16:07:46.700000,9.76798018442262
2015-03-26T16:07:46.800000,9.771054776978518
2015-03-26T16:07:46.900000,9.757392678160397
2015-03-26T16:07:47.000000,9.78963636254289
2015-03-26T16:07:47.100000,9.780503957531351
2015-03-26T16:07:47.200000,9.778302144189157
2015-03-26T16:07:47.300000,9.776098905818616
2015-03-26T16:07:47.400000,9.762202944462866
2015-03-26T16:07:47.500000,9.760112358980372
2015-03-26T16:07:47.600000,9.778345235713248
2015-03-26T16:07:47.700000,9.778971883599336
2015-03-26T16:07:47.800000,9.777369930975055
2015-03-26T16:07:47.900000,9.775766744719748
2015-03-26T16:07:48.000000,9.772776836458869
2015-03-26T16:07:48.100000,9.778470063353163
2015-03-26T16:07:48.200000,9.784031657964167
2015-03-26T16:07:48.300000,9.77830691756244
2015-03-26T16:07:48.400000,9.77176723493985
2015-03-26T16:07:48.500000,9.76448231241922
2015-03-26T16:07:48.600000,9.75968117322878
2015-03-26T16:07:48.700000,9.759371006555504
2015-03-26T16:07:48.800000,9.76340574010868
2015-03-26T16:07:48.900000,9.76731399334043
2015-03-26T16:07:49.000000,9.771225084851732
2015-03-26T16:07:49.100000,9.774497708693795
2015-03-26T16:07:49.200000,9.770379827126764
2015-03-26T16:07:49.300000,9.763071600652436
2015-03-26T16:07:49.400000,9.780435684484443
2015-03-26T16:07:49.500000,9.792562421307842
2015-03-26T16:07:49.600000,9.79399719921176
2015-03-26T16:07:49.700000,9.769711426866992
2015-03-26T16:07:49.800000,9.739260832644671
2015-03-26T16:07:49.900000,9.773354035410604
2015-03-26T16:07:50.000000,9.762867887445704
2015-03-26T16:07:50.100000,9.760390547477757
2015-03-26T16:07:50.200000,9.7668650942786
2015-03-26T16:07:50.300000,9.77706473208889
2015-03-26T16:07:50.400000,9.78208830192623
2015-03-26T16:07:50.500000,9.775633352565748
2015-03-26T16:07:50.600000,9.768234255554743
2015-03-26T16:07:50.700000,9.77973719724378
2015-03-26T16:07:50.800000,9.772655766673571
2015-03-26T16:07:50.900000,9.778644282909475
2015-03-26T16:07:51.000000,9.78852923712421
2015-03-26T16:07:51.100000,9.782931426236996
2015-03-26T16:07:51.200000,9.780019763125043
2015-03-26T16:07:51.300000,9.77528083358296
2015-03-26T16:07:51.400000,9.758783871441915
2015-03-26T16:07:51.500000,9.753006414616015
2015-03-26T16:07:51.600000,9.758307549385387
2015-03-26T16:07:51.700000,9.771125598106046
2015-03-26T16:07:51.800000,9.775057399243185
2015-03-26T16:07:51.900000,9.768041755488383
2015-03-26T16:07:52.000000,9.761027101265904
2015-03-26T16:07:52.100000,9.756359087998636
2015-03-26T16:07:52.200000,9.769601525187593
2015-03-26T16:07:52.300000,9.777026942219504
2015-03-26T16:07:52.400000,9.783102916679892
2015-03-26T16:07:52.500000,9.766900438913314
2015-03-26T16:07:52.600000,9.752458725040208
2015-03-26T16:07:52.700000,9.768117037663322
2015-03-26T16:07:52.800000,9.773341027678468
2015-03-26T16:07:52.900000,9.75657155580866
2015-03-26T16:07:53.000000,9.74597386933658
2015-03-26T16:07:53.100000,9.758553702404814
2015-03-26T16:07:53.200000,9.76420782371655
2015-03-26T16:07:53.300000,9.76034014070324
2015-03-26T16:07:53.400000,9.761876455402772
2015-03-26T16:07:53.500000,9.751873041948937
2015-03-26T16:07:53.600000,9.74380096873234
2015-03-26T16:07:53.700000,9.749906451637736
2015-03-26T16:07:53.800000,9.75559295566335
2015-03-26T16:07:53.900000,9.758690831268266
2015-03-26T16:07:54.000000,9.76178915074716
2015-03-26T16:07:54.100000,9.76488818999044
2015-03-26T16:07:54.200000,9.76798803560977
2015-03-26T16:07:54.300000,9.756337411975377
2015-03-26T16:07:54.400000,9.750922312585502
2015-03-26T16:07:54.500000,9.763898266669065
2015-03-26T16:07:54.600000,9.762048941826611
2015-03-26T16:07:54.700000,9.75833697639666
2015-03-26T16:07:54.800000,9.76466234887652
2015-03-26T16:07:54.900000,9.776234404591667
2015-03-26T16:07:55.000000,9.751277784496905
2015-03-26T16:07:55.100000,9.753220861109728
2015-03-26T16:07:55.200000,9.75516281331077
2015-03-26T16:07:55.300000,9.757104771028724
2015-03-26T16:07:55.400000,9.76591964827955
2015-03-26T16:07:55.500000,9.78268838626788
2015-03-26T16:07:55.600000,9.784390243777302
2015-03-26T16:07:55.700000,9.771581244300062
2015-03-26T16:07:55.800000,9.76071171736254
2015-03-26T16:07:55.900000,9.773563122493604
2015-03-26T16:07:56.000000,9.778970025346617
2015-03-26T16:07:56.100000,9.784375451732748
2015-03-26T16:07:56.200000,9.789342293447438
2015-03-26T16:07:56.300000,9.786588847037136
2015-03-26T16:07:56.400000,9.790046147459387
2015-03-26T16:07:56.500000,9.793450972522868
2015-03-26T16:07:56.600000,9.787550453244146
2015-03-26T16:07:56.700000,9.781665513573136
2015-03-26T16:07:56.800000,9.79728571579438
2015-03-26T16:07:56.900000,9.789727068078156
2015-03-26T16:07:57.000000,9.781859823360827
2015-03-26T16:07:57.100000,9.79364822771461
2015-03-26T16:07:57.200000,9.80373975021473
2015-03-26T16:07:57.300000,9.80387725816098
2015-03-26T16:07:57.400000,9.795648733888306
2015-03-26T16:07:57.500000,9.803967595080715
2015-03-26T16:07:57.600000,9.788949400291424
2015-03-26T16:07:57.700000,9.783052347460984
2015-03-26T16:07:57.800000,9.792631207217951
2015-03-26T16:07:57.900000,9.79678916084866
2015-03-26T16:07:58.000000,9.789427340216074
2015-03-26T16:07:58.100000,9.78206618772564
2015-03-26T16:07:58.200000,9.775480796299464
2015-03-26T16:07:58.300000,9.774163052920915
2015-03-26T16:07:58.400000,9.777968098297457
2015-03-26T16:07:58.500000,9.78345663062598
2015-03-26T16:07:58.600000,9.78674922090826
2015-03-26T16:07:58.700000,9.787438862252152
2015-03-26T16:07:58.800000,9.776703749411462
2015-03-26T16:07:58.900000,9.77133731123844
2015-03-26T16:07:59.000000,9.768576902806354
2015-03-26T16:07:59.100000,9.770662215578117
2015-03-26T16:07:59.200000,9.774493313785694
2015-03-26T16:07:59.300000,9.767759175572014
2015-03-26T16:07:59.400000,9.74453115826367
2015-03-26T16:07:59.500000,9.736246444155023
2015-03-26T16:07:59.600000,9.739130431665048
2015-03-26T16:07:59.700000,9.73661296088144
2015-03-26T16:07:59.800000,9.742382098430689
2015-03-26T16:07:59.900000,9.755736451772306
2015-03-26T16:08:00.000000,9.74256283564665
2015-03-26T16:08:00.100000,9.743627609284005
2015-03-26T16:08:00.200000,9.744694287468612
2015-03-26T16:08:00.300000,9.745764336664626
2015-03-26T16:08:00.400000,9.752283232663029
2015-03-26T16:08:00.500000,9.758082272881028
2015-03-26T16:08:00.600000,9.760704023359256
2015-03-26T16:08:00.700000,9.73868007612332
2015-03-26T16:08:00.800000,9.731877681113811
2015-03-26T16:08:00.900000,9.729046772678156
2015-03-26T16:08:01.000000,9.744972316125308
2015-03-26T16:08:01.100000,9.759085819348725
2015-03-26T16:08:01.200000,9.757547936069756
2015-03-26T16:08:01.300000,9.748360821766324
2015-03-26T16:08:01.400000,9.742426506211524
2015-03-26T16:08:01.500000,9.739870490470423
2015-03-26T16:08:01.600000,9.735411715154822
2015-03-26T16:08:01.700000,9.742004498867514
2015-03-26T16:08:01.800000,9.75601716851805
2015-03-26T16:08:01.900000,9.762493402627388
2015-03-26T16:08:02.000000,9.76481950279869
2015-03-26T16:08:02.100000,9.76385256604154
2015-03-26T16:08:02.200000,9.760258530255308
2015-03-26T16:08:02.300000,9.75666427633483
2015-03-26T16:08:02.400000,9.756102526337967
2015-03-26T16:08:02.500000,9.775574605236018
2015-03-26T16:08:02.600000,9.779760881770004
2015-03-26T16:08:02.700000,9.788025009654126
2015-03-26T16:08:02.800000,9.7867812727705
2015-03-26T16:08:02.900000,9.770488479517452
2015-03-26T16:08:03.000000,9.761872812211488
2015-03-26T16:08:03.100000,9.754655303051292
2015-03-26T16:08:03.200000,9.761996122398443
2015-03-26T16:08:03.300000,9.77693493389653
2015-03-26T16:08:03.400000,9.764038200441098
2015-03-26T16:08:03.500000,9.7563912136264
2015-03-26T16:08:03.600000,9.762373922103569
2015-03-26T16:08:03.700000,9.77088907036146
2015-03-26T16:08:03.800000,9.779439953627678
2015-03-26T16:08:03.900000,9.779041660978317
2015-03-26T16:08:04.000000,9.777669775165784
2015-03-26T16:08:04.100000,9.776298198756615
2015-03-26T16:08:04.200000,9.775602595961852
2015-03-26T16:08:04.300000,9.7823053588025
2015-03-26T16:08:04.400000,9.786348942976533
2015-03-26T16:08:04.500000,9.784984820561364
2015-03-26T16:08:04.600000,9.775161407998707
2015-03-26T16:08:04.700000,9.75865545081045
2015-03-26T16:08:04.800000,9.758081580298713
2015-03-26T16:08:04.900000,9.778536535490773
2015-03-26T16:08:05.000000,9.784546599900192
2015-03-26T16:08:05.100000,9.790558144242738
2015-03-26T16:08:05.200000,9.79930290694226
2015-03-26T16:08:05.300000,9.785995848052842
2015-03-26T16:08:05.400000,9.780986468816044
2015-03-26T16:08:05.500000,9.781427823268835
2015-03-26T16:08:05.600000,9.781896492271118
2015-03-26T16:08:05.700000,9.779205055481292
2015-03-26T16:08:05.800000,9.77789243375483
2015-03-26T16:08:05.900000,9.786620997078774
2015-03-26T16:08:06.000000,9.790393142768728
2015-03-26T16:08:06.100000,9.785803562327771
2015-03-26T16:08:06.200000,9.782389815298805
2015-03-26T16:08:06.300000,9.778989712337228
2015-03-26T16:08:06.400000,9.776081960062172
2015-03-26T16:08:06.500000,9.774039794274868
2015-03-26T16:08:06.600000,9.768681533864424
2015-03-26T16:08:06.700000,9.768299154153365
2015-03-26T16:08:06.800000,9.769632082550828
2015-03-26T16:08:06.900000,9.77111005979624
2015-03-26T16:08:07.000000,9.772678734480488
2015-03-26T16:08:07.100000,9.77109514758784
2015-03-26T16:08:07.200000,9.769273698332128
2015-03-26T16:08:07.300000,9.756620361524442
2015-03-26T16:08:07.400000,9.737674428468235
2015-03-26T16:08:07.500000,9.767699233675351
2015-03-26T16:08:07.600000,9.746234739999688
2015-03-26T16:08:07.700000,9.743018030666176
2015-03-26T16:08:07.800000,9.753006966649233
2015-03-26T16:08:07.900000,9.75611179583372
2015-03-26T16:08:08.000000,9.75195727613578
2015-03-26T16:08:08.100000,9.752444273735762
2015-03-26T16:08:08.200000,9.736863647695886
2015-03-26T16:08:08.300000,9.740672653920242
2015-03-26T16:08:08.400000,9.745543740882116
2015-03-26T16:08:08.500000,9.763539068543116
2015-03-26T16:08:08.600000,9.751390071680031
2015-03-26T16:08:08.700000,9.723498115404963
2015-03-26T16:08:08.800000,9.740410164759725
2015-03-26T16:08:08.900000,9.738869021323207
2015-03-26T16:08:09.000000,9.737330737415972
2015-03-26T16:08:09.100000,9.73562197504232
2015-03-26T16:08:09.200000,9.730607539522907
2015-03-26T16:08:09.300000,9.733231137888689
2015-03-26T16:08:09.400000,9.744753975877162
2015-03-26T16:08:09.500000,9.737723651507936
2015-03-26T16:08:09.600000,9.74436205593959
2015-03-26T16:08:09.700000,9.757180657823978
2015-03-26T16:08:09.800000,9.743001142335483
2015-03-26T16:08:09.900000,9.742763963463512
2015-03-26T16:08:10.000000,9.742527168394384
2015-03-26T16:08:10.100000,9.742290728394876
2015-03-26T16:08:10.200000,9.744732594814565
2015-03-26T16:08:10.300000,9.75154527615848
2015-03-26T16:08:10.400000,9.756496470710546
2015-03-26T16:08:10.500000,9.7584087565933
2015-03-26T16:08:10.600000,9.762575364252168
2015-03-26T16:08:10.700000,9.76619220473151
2015-03-26T16:08:10.800000,9.77820625803996
2015-03-26T16:08:10.900000,9.777275968464256
2015-03-26T16:08:11.000000,9.77574063943527
2015-03-26T16:08:11.100000,9.774205833529496
2015-03-26T16:08:11.200000,9.772672233290224
2015-03-26T16:08:11.300000,9.771140204933246
2015-03-26T16:08:11.400000,9.770665662258384
2015-03-26T16:08:11.500000,9.77984197788187
2015-03-26T16:08:11.600000,9.788453604973968
2015-03-26T16:08:11.700000,9.78915992614179
2015-03-26T16:08:11.800000,9.776474946521136
2015-03-26T16:08:11.900000,9.776919756699002
2015-03-26T16:08:12.000000,9.777919442770632
2015-03-26T16:08:12.100000,9.781856338539717
2015-03-26T16:08:12.200000,9.790953932033736
2015-03-26T16:08:12.300000,9.793321923728708
2015-03-26T16:08:12.400000,9.782020759606995
2015-03-26T16:08:12.500000,9.778482420085606
2015-03-26T16:08:12.600000,9.778395201791874
2015-03-26T16:08:12.700000,9.778308831245717
2015-03-26T16:08:12.800000,9.77878809228376
2015-03-26T16:08:12.900000,9.781635091755703
2015-03-26T16:08:13.000000,9.788114181635946
2015-03-26T16:08:13.100000,9.779726302018055
2015-03-26T16:08:13.200000,9.777108841683573
2015-03-26T16:08:13.300000,9.773429598045626
2015-03-26T16:08:13.400000,9.76625293528545
2015-03-26T16:08:13.500000,9.758632315349889
2015-03-26T16:08:13.600000,9.751010983177608
2015-03-26T16:08:13.700000,9.742579214553544
2015-03-26T16:08:13.800000,9.736575654044415
2015-03-26T16:08:13.900000,9.741782718053134
2015-03-26T16:08:14.000000,9.74983804478522
2015-03-26T16:08:14.100000,9.732350984324327
2015-03-26T16:08:14.200000,9.74421563896678
2015-03-26T16:08:14.300000,9.749130708417033
2015-03-26T16:08:14.400000,9.740218810131887
2015-03-26T16:08:14.500000,9.74511949812214
2015-03-26T16:08:14.600000,9.74460088611534
2015-03-26T16:08:14.700000,9.736693727666069
2015-03-26T16:08:14.800000,9.742647659846496
2015-03-26T16:08:14.900000,9.74802520612371
2015-03-26T16:08:15.000000,9.75385990266916
2015-03-26T16:08:15.100000,9.75827371613132
2015-03-26T16:08:15.200000,9.758711189194434
2015-03-26T16:08:15.300000,9.758660307070093
2015-03-26T16:08:15.400000,9.757841163851026
2015-03-26T16:08:15.500000,9.757352038971923
2015-03-26T16:08:15.600000,9.770016279621094
2015-03-26T16:08:15.700000,9.78045711347822
2015-03-26T16:08:15.800000,9.763739566032925
2015-03-26T16:08:15.900000,9.751937920483234
2015-03-26T16:08:16.000000,9.777946891751382
2015-03-26T16:08:16.100000,9.778569414055172
2015-03-26T16:08:16.200000,9.780652088577538
2015-03-26T16:08:16.300000,9.77981265510549
2015-03-26T16:08:16.400000,9.778972960357084
2015-03-26T16:08:16.500000,9.776176395339268
2015-03-26T16:08:16.600000,9.76262237928878
2015-03-26T16:08:16.700000,9.765064788296892
2015-03-26T16:08:16.800000,9.767507073589035
2015-03-26T16:08:16.900000,9.769949300352174
2015-03-26T16:08:17.000000,9.771958005844976
2015-03-26T16:08:17.100000,9.772593192643264
2015-03-26T16:08:17.200000,9.773227415600166
2015-03-26T16:08:17.300000,9.770459657688338
2015-03-26T16:08:17.400000,9.760853690523623
2015-03-26T16:08:17.500000,9.77147392923694
2015-03-26T16:08:17.600000,9.779417876297677
2015-03-26T16:08:17.700000,9.775975883561504
2015-03-26T16:08:17.800000,9.772529372986744
2015-03-26T16:08:17.900000,9.769080961040164
2015-03-26T16:08:18.000000,9.765631361835649
2015-03-26T16:08:18.100000,9.762575493587187
2015-03-26T16:08:18.200000,9.76194034104602
2015-03-26T16:08:18.300000,9.760576578282231
2015-03-26T16:08:18.400000,9.756610650200106
2015-03-26T16:08:18.500000,9.756706296478097
2015-03-26T16:08:18.600000,9.760777672355148
2015-03-26T16:08:18.700000,9.773474886861862
2015-03-26T16:08:18.800000,9.771983825665671
2015-03-26T16:08:18.900000,9.764602694554526
2015-03-26T16:08:19.000000,9.754555040521238
2015-03-26T16:08:19.100000,9.743807097210276
2015-03-26T16:08:19.200000,9.744641314909748
2015-03-26T16:08:19.300000,9.757860589175651
2015-03-26T16:08:19.400000,9.766254005018787
2015-03-26T16:08:19.500000,9.765275158282869
2015-03-26T16:08:19.600000,9.76608788403799
2015-03-26T16:08:19.700000,9.769975390764747
2015-03-26T16:08:19.800000,9.774850186991532
2015-03-26T16:08:19.900000,9.77970236581942
2015-03-26T16:08:20.000000,9.789098023466702
2015-03-26T16:08:20.100000,9.789763518616468
2015-03-26T16:08:20.200000,9.790429258191114
2015-03-26T16:08:20.300000,9.788855635988035
2015-03-26T16:08:20.400000,9.782188821620592
2015-03-26T16:08:20.500000,9.773287678553237
2015-03-26T16:08:20.600000,9.766133885557558
2015-03-26T16:08:20.700000,9.80316573393856
2015-03-26T16:08:20.800000,9.80527542365328
2015-03-26T16:08:20.900000,9.79521317261363
2015-03-26T16:08:21.000000,9.77925986023021
2015-03-26T16:08:21.100000,9.769823091184572
2015-03-26T16:08:21.200000,9.769033082066535
2015-03-26T16:08:21.300000,9.77223016703193
2015-03-26T16:08:21.400000,9.77958110645472
2015-03-26T16:08:21.500000,9.780195134886789
2015-03-26T16:08:21.600000,9.787910605244829
2015-03-26T16:08:21.700000,9.781175196328398
2015-03-26T16:08:21.800000,9.780626561348974
2015-03-26T16:08:21.900000,9.782591832013637
2015-03-26T16:08:22.000000,9.77852112051126
2015-03-26T16:08:22.100000,9.770967751265852
2015-03-26T16:08:22.200000,9.781260979515192
2015-03-26T16:08:22.300000,9.8116718869922
2015-03-26T16:08:22.400000,9.803674175778449
2015-03-26T16:08:22.500000,9.789567131293197
2015-03-26T16:08:22.600000,9.770268141589066
2015-03-26T16:08:22.700000,9.753164679965746
2015-03-26T16:08:22.800000,9.7585814883877
2015-03-26T16:08:22.900000,9.75026370731108
2015-03-26T16:08:23.000000,9.755007006871969
2015-03-26T16:08:23.100000,9.772496746278618
2015-03-26T16:08:23.200000,9.76060687899553
2015-03-26T16:08:23.300000,9.747914718302834
2015-03-26T16:08:23.400000,9.739454219432178
2015-03-26T16:08:23.500000,9.740866080605205
2015-03-26T16:08:23.600000,9.742277730092113
2015-03-26T16:08:23.700000,9.743807220582468
2015-03-26T16:08:23.800000,9.7471735857142
2015-03-26T16:08:23.900000,9.750915074824546
2015-03-26T16:08:24.000000,9.763151475594931
2015-03-26T16:08:24.100000,9.758272981738989
2015-03-26T16:08:24.200000,9.736880952936977
2015-03-26T16:08:24.300000,9.752006116727992
2015-03-26T16:08:24.400000,9.764434004642904
2015-03-26T16:08:24.500000,9.771226374104808
2015-03-26T16:08:24.600000,9.764292568465123
2015-03-26T16:08:24.700000,9.756960133190892
2015-03-26T16:08:24.800000,9.75892873770841
2015-03-26T16:08:24.900000,9.761994788326264
2015-03-26T16:08:25.000000,9.77166048968657
2015-03-26T16:08:25.100000,9.78057858279825
2015-03-26T16:08:25.200000,9.797821766156082
2015-03-26T16:08:25.300000,9.78973920978442
2015-03-26T16:08:25.400000,9.778408735538216
2015-03-26T16:08:25.500000,9.78409655095199
2015-03-26T16:08:25.600000,9.77822151885614
2015-03-26T16:08:25.700000,9.75900573515465
2015-03-26T16:08:25.800000,9.778214543838176
2015-03-26T16:08:25.900000,9.787875465095292
2015-03-26T16:08:26.000000,9.778153438212213
2015-03-26T16:08:26.100000,9.768431474619224
2015-03-26T16:08:26.200000,9.758709203790982
2015-03-26T16:08:26.300000,9.750844224248704
2015-03-26T16:08:26.400000,9.755418523424602
2015-03-26T16:08:26.500000,9.762540991708624
2015-03-26T16:08:26.600000,9.781050678699897
2015-03-26T16:08:26.700000,9.7726146011721
2015-03-26T16:08:26.800000,9.756379035993351
2015-03-26T16:08:26.900000,9.743085396455257
2015-03-26T16:08:27.000000,9.748859772413782
2015-03-26T16:08:27.100000,9.750114749020746
2015-03-26T16:08:27.200000,9.745587740168112
2015-03-26T16:08:27.300000,9.763088094477895
2015-03-26T16:08:27.400000,9.758806068515833
2015-03-26T16:08:27.500000,9.753675343867188
2015-03-26T16:08:27.600000,9.770482993058572
2015-03-26T16:08:27.700000,9.775351682499013
2015-03-26T16:08:27.800000,9.779655074854016
2015-03-26T16:08:27.900000,9.766334945210264
2015-03-26T16:08:28.000000,9.73535551369194
2015-03-26T16:08:28.100000,9.751496722753638
2015-03-26T16:08:28.200000,9.758904470890228
2015-03-26T16:08:28.300000,9.757599098067203
2015-03-26T16:08:28.400000,9.75573127174574
2015-03-26T16:08:28.500000,9.75040342775191
2015-03-26T16:08:28.600000,9.744431328955857
2015-03-26T16:08:28.700000,9.737620606682846
2015-03-26T16:08:28.800000,9.739035937468104
2015-03-26T16:08:28.900000,9.74820599841114
2015-03-26T16:08:29.000000,9.7545458635515
2015-03-26T16:08:29.100000,9.763195027627887
2015-03-26T16:08:29.200000,9.76345069766405
2015-03-26T16:08:29.300000,9.763546519824086
2015-03-26T16:08:29.400000,9.76364357908516
2015-03-26T16:08:29.500000,9.764242433164595
2015-03-26T16:08:29.600000,9.765159626441804
2015-03-26T16:08:29.700000,9.766814907794052
2015-03-26T16:08:29.800000,9.768469491405016
2015-03-26T16:08:29.900000,9.777259812940912
2015-03-26T16:08:30.000000,9.775745179962652
2015-03-26T16:08:30.100000,9.78029601888882
2015-03-26T16:08:30.200000,9.795198283593637
2015-03-26T16:08:30.300000,9.779769571379903
2015-03-26T16:08:30.400000,9.778596086084304
2015-03-26T16:08:30.500000,9.786089744309711
2015-03-26T16:08:30.600000,9.786740567097416
2015-03-26T16:08:30.700000,9.786970036280826
2015-03-26T16:08:30.800000,9.783714627545915
2015-03-26T16:08:30.900000,9.799411784928395
2015-03-26T16:08:31.000000,9.805258280698071
2015-03-26T16:08:31.100000,9.795575152480124
2015-03-26T16:08:31.200000,9.801371500006002
2015-03-26T16:08:31.300000,9.807168929358154
2015-03-26T16:08:31.400000,9.806124692390778
2015-03-26T16:08:31.500000,9.802203067870702
2015-03-26T16:08:31.600000,9.80804727954965
2015-03-26T16:08:31.700000,9.809936183372612
2015-03-26T16:08:31.800000,9.799682927925826
2015-03-26T16:08:31.900000,9.78050090409958
2015-03-26T16:08:32.000000,9.768881102096296
2015-03-26T16:08:32.100000,9.79480017570942
2015-03-26T16:08:32.200000,9.816273541748911
2015-03-26T16:08:32.300000,9.77762931046814
2015-03-26T16:08:32.400000,9.744710919983504
2015-03-26T16:08:32.500000,9.74158529757882
2015-03-26T16:08:32.600000,9.757178338462277
2015-03-26T16:08:32.700000,9.752027205287789
2015-03-26T16:08:32.800000,9.771038956054417
2015-03-26T16:08:32.900000,9.760216323745157
2015-03-26T16:08:33.000000,9.74749252425901
2015-03-26T16:08:33.100000,9.728912965683296
2015-03-26T16:08:33.200000,9.737405423686033
2015-03-26T16:08:33.300000,9.739431742117294
2015-03-26T16:08:33.400000,9.7414550265846
2015-03-26T16:08:33.500000,9.740292930740942
2015-03-26T16:08:33.600000,9.739575014049496
2015-03-26T16:08:33.700000,9.73823024056969
2015-03-26T16:08:33.800000,9.723553703128108
2015-03-26T16:08:33.900000,9.721135619035897
2015-03-26T16:08:34.000000,9.728752699577084
2015-03-26T16:08:34.100000,9.729959855150192
2015-03-26T16:08:34.200000,9.727843940370349
2015-03-26T16:08:34.300000,9.760301547842896
2015-03-26T16:08:34.400000,9.754635639738671
2015-03-26T16:08:34.500000,9.770603479349433
2015-03-26T16:08:34.600000,9.761272839426518
2015-03-26T16:08:34.700000,9.751940338068724
2015-03-26T16:08:34.800000,9.743600975548642
2015-03-26T16:08:34.900000,9.75544623901943
2015-03-26T16:08:35.000000,9.749622532726494
2015-03-26T16:08:35.100000,9.746188628848415
2015-03-26T16:08:35.200000,9.74406959814373
2015-03-26T16:08:35.300000,9.748388850207924
2015-03-26T16:08:35.400000,9.76303328236732
2015-03-26T16:08:35.500000,9.791742763107353
2015-03-26T16:08:35.600000,9.789031243791714
2015-03-26T16:08:35.700000,9.78075302011003
2015-03-26T16:08:35.800000,9.766113872228956
2015-03-26T16:08:35.900000,9.764065225517756
2015-03-26T16:08:36.000000,9.76732878316674
2015-03-26T16:08:36.100000,9.77063700010429
2015-03-26T16:08:36.200000,9.774193493544349
2015-03-26T16:08:36.300000,9.777749430622949
2015-03-26T16:08:36.400000,9.780619003474706
2015-03-26T16:08:36.500000,9.78221288204108
2015-03-26T16:08:36.600000,9.78380268004405
2015-03-26T16:08:36.700000,9.785389277212245
2015-03-26T16:08:36.800000,9.786979640123713
2015-03-26T16:08:36.900000,9.788665993652874
2015-03-26T16:08:37.000000,9.790350650804369
2015-03-26T16:08:37.100000,9.795084263357596
2015-03-26T16:08:37.200000,9.798140747999891
2015-03-26T16:08:37.300000,9.806713992513515
2015-03-26T16:08:37.400000,9.818670370330755
2015-03-26T16:08:37.500000,9.825298908353895
2015-03-26T16:08:37.600000,9.818290692850198
2015-03-26T16:08:37.700000,9.798080299751575
2015-03-26T16:08:37.800000,9.80031957594834
2015-03-26T16:08:37.900000,9.800828277042228
2015-03-26T16:08:38.000000,9.794889429421252
2015-03-26T16:08:38.100000,9.755133899104544
2015-03-26T16:08:38.200000,9.737502466782823
2015-03-26T16:08:38.300000,9.747827044779427
2015-03-26T16:08:38.400000,9.755768461311208
2015-03-26T16:08:38.500000,9.75120306997457
2015-03-26T16:08:38.600000,9.746733895884756
2015-03-26T16:08:38.700000,9.755580671610492
2015-03-26T16:08:38.800000,9.758477488011891
2015-03-26T16:08:38.900000,9.749299529837028
2015-03-26T16:08:39.000000,9.741480233792709
2015-03-26T16:08:39.100000,9.771067374319587
2015-03-26T16:08:39.200000,9.740696099678749
2015-03-26T16:08:39.300000,9.721122111215069
2015-03-26T16:08:39.400000,9.703091084548737
2015-03-26T16:08:39.500000,9.715559632451818
2015-03-26T16:08:39.600000,9.73142413937815
2015-03-26T16:08:39.700000,9.747291340831437
2015-03-26T16:08:39.800000,9.756349820647632
2015-03-26T16:08:39.900000,9.75275142569626
2015-03-26T16:08:40.000000,9.750549759557362
2015-03-26T16:08:40.100000,9.751189451827416
2015-03-26T16:08:40.200000,9.759769326559883
2015-03-26T16:08:40.300000,9.768588721271623
2015-03-26T16:08:40.400000,9.77942490854412
2015-03-26T16:08:40.500000,9.751338312825332
2015-03-26T16:08:40.600000,9.755500690111052
2015-03-26T16:08:40.700000,9.76138391634585
2015-03-26T16:08:40.800000,9.780250463775864
2015-03-26T16:08:40.900000,9.783972469403697
2015-03-26T16:08:41.000000,9.783259888744745
2015-03-26T16:08:41.100000,9.77899881258407
2015-03-26T16:08:41.200000,9.786293979441345
2015-03-26T16:08:41.300000,9.769976938233668
2015-03-26T16:08:41.400000,9.778580485960246
2015-03-26T16:08:41.500000,9.788481886628748
2015-03-26T16:08:41.600000,9.79596089208554
2015-03-26T16:08:41.700000,9.777329940630215
2015-03-26T16:08:41.800000,9.77778139328262
2015-03-26T16:08:41.900000,9.778466949426448
2015-03-26T16:08:42.000000,9.780022640424956
2015-03-26T16:08:42.100000,9.781581311584532
2015-03-26T16:08:42.200000,9.783776030163985
2015-03-26T16:08:42.300000,9.78658840418546
2015-03-26T16:08:42.400000,9.78166982462491
2015-03-26T16:08:42.500000,9.774168333761034
2015-03-26T16:08:42.600000,9.776680220476694
2015-03-26T16:08:42.700000,9.77919172592038
2015-03-26T16:08:42.800000,9.781703688440976
2015-03-26T16:08:42.900000,9.777300964124557
2015-03-26T16:08:43.000000,9.778564341851146
2015-03-26T16:08:43.100000,9.779592926079957
2015-03-26T16:08:43.200000,9.783471264280829
2015-03-26T16:08:43.300000,9.7840410868787
2015-03-26T16:08:43.400000,9.768787970006352
2015-03-26T16:08:43.500000,9.767351031572614
2015-03-26T16:08:43.600000,9.758208823312671
2015-03-26T16:08:43.700000,9.746796288681454
2015-03-26T16:08:43.800000,9.7458260107028
2015-03-26T16:08:43.900000,9.749819898082292
2015-03-26T16:08:44.000000,9.753587910200412
2015-03-26T16:08:44.100000,9.75290821610768
2015-03-26T16:08:44.200000,9.749130394240153
2015-03-26T16:08:44.300000,9.744363291924586
2015-03-26T16:08:44.400000,9.73304649467602
2015-03-26T16:08:44.500000,9.75332840364503
2015-03-26T16:08:44.600000,9.757742321365908
2015-03-26T16:08:44.700000,9.734708174427327
2015-03-26T16:08:44.800000,9.73656275356597
2015-03-26T16:08:44.900000,9.741421016537505
2015-03-26T16:08:45.000000,9.740908522229402
2015-03-26T16:08:45.100000,9.740482669999572
2015-03-26T16:08:45.200000,9.752239914139988
2015-03-26T16:08:45.300000,9.759424639029769
2015-03-26T16:08:45.400000,9.7666124012443
2015-03-26T16:08:45.500000,9.773804684667292
2015-03-26T16:08:45.600000,9.78017704246062
2015-03-26T16:08:45.700000,9.779115736721234
2015-03-26T16:08:45.800000,9.77685314254444
2015-03-26T16:08:45.900000,9.769705043164278
2015-03-26T16:08:46.000000,9.773328336574137
2015-03-26T16:08:46.100000,9.77417538192628
2015-03-26T16:08:46.200000,9.76234740427345
2015-03-26T16:08:46.300000,9.75260466582075
2015-03-26T16:08:46.400000,9.763959829957908
2015-03-26T16:08:46.500000,9.775460887113454
2015-03-26T16:08:46.600000,9.790637199183566
2015-03-26T16:08:46.700000,9.78368940613294
2015-03-26T16:08:46.800000,9.771425801118824
2015-03-26T16:08:46.900000,9.765800070757964
2015-03-26T16:08:47.000000,9.789769770601728
2015-03-26T16:08:47.100000,9.794395088329198
2015-03-26T16:08:47.200000,9.792287750957012
2015-03-26T16:08:47.300000,9.7795121446689
2015-03-26T16:08:47.400000,9.770209280206837
2015-03-26T16:08:47.500000,9.79102729007325
2015-03-26T16:08:47.600000,9.77284779925599
2015-03-26T16:08:47.700000,9.787945828229066
2015-03-26T16:08:47.800000,9.78951756063587
2015-03-26T16:08:47.900000,9.774257320694971
2015-03-26T16:08:48.000000,9.757231449810416
2015-03-26T16:08:48.100000,9.756784141217892
2015-03-26T16:08:48.200000,9.758138101549456
2015-03-26T16:08:48.300000,9.761005199898277
2015-03-26T16:08:48.400000,9.78054783894845
2015-03-26T16:08:48.500000,9.795836021722064
2015-03-26T16:08:48.600000,9.795790472674494
2015-03-26T16:08:48.700000,9.79077118310414
2015-03-26T16:08:48.800000,9.785752944401088
2015-03-26T16:08:48.900000,9.771434822969216
2015-03-26T16:08:49.000000,9.774502115422305
2015-03-26T16:08:49.100000,9.773500013950736
2015-03-26T16:08:49.200000,9.76911978324978
2015-03-26T16:08:49.300000,9.761888336694838
2015-03-26T16:08:49.400000,9.761486576706918
2015-03-26T16:08:49.500000,9.76108498572907
2015-03-26T16:08:49.600000,9.76457708213541
2015-03-26T16:08:49.700000,9.7780771803297
2015-03-26T16:08:49.800000,9.790873559366023
2015-03-26T16:08:49.900000,9.800302230310407
2015-03-26T16:08:50.000000,9.78572269496603
2015-03-26T16:08:50.100000,9.771143651498054
2015-03-26T16:08:50.200000,9.766898606404414
2015-03-26T16:08:50.300000,9.779512519244856
2015-03-26T16:08:50.400000,9.785910968241332
2015-03-26T16:08:50.500000,9.782756722413222
2015-03-26T16:08:50.600000,9.78288097674874
2015-03-26T16:08:50.700000,9.783005056746436
2015-03-26T16:08:50.800000,9.782799790436144
2015-03-26T16:08:50.900000,9.78023274719531
2015-03-26T16:08:51.000000,9.77560158227864
2015-03-26T16:08:51.100000,9.775927770562742
2015-03-26T16:08:51.200000,9.77306747730248
2015-03-26T16:08:51.300000,9.767517323031718
2015-03-26T16:08:51.400000,9.762029691748186
2015-03-26T16:08:51.500000,9.757737410321235
2015-03-26T16:08:51.600000,9.759548195446223
2015-03-26T16:08:51.700000,9.770691583289716
2015-03-26T16:08:51.800000,9.774791745399916
2015-03-26T16:08:51.900000,9.774478169954548
2015-03-26T16:08:52.000000,9.774165333531144
2015-03-26T16:08:52.100000,9.773406340523485
2015-03-26T16:08:52.200000,9.770464279296895
2015-03-26T16:08:52.300000,9.766169413400496
2015-03-26T16:08:52.400000,9.755361091358669
2015-03-26T16:08:52.500000,9.748918784238413
2015-03-26T16:08:52.600000,9.748172497283925
2015-03-26T16:08:52.700000,9.75568222293423
2015-03-26T16:08:52.800000,9.75623363719988
2015-03-26T16:08:52.900000,9.759339549345238
2015-03-26T16:08:53.000000,9.75363458941252
2015-03-26T16:08:53.100000,9.73169314183325
2015-03-26T16:08:53.200000,9.744012316820715
2015-03-26T16:08:53.300000,9.73160634561126
2015-03-26T16:08:53.400000,9.736521602865375
2015-03-26T16:08:53.500000,9.728945330369696
2015-03-26T16:08:53.600000,9.729796546958966
2015-03-26T16:08:53.700000,9.744994834150816
2015-03-26T16:08:53.800000,9.74212298057548
2015-03-26T16:08:53.900000,9.73364499516821
2015-03-26T16:08:54.000000,9.724926419445326
2015-03-26T16:08:54.100000,9.711436640145584
2015-03-26T16:08:54.200000,9.716322100496182
2015-03-26T16:08:54.300000,9.723033298130652
2015-03-26T16:08:54.400000,9.740986790499395
2015-03-26T16:08:54.500000,9.75764319510866
2015-03-26T16:08:54.600000,9.761198032191086
2015-03-26T16:08:54.700000,9.764755949223227
2015-03-26T16:08:54.800000,9.76322359189321
2015-03-26T16:08:54.900000,9.756773894129388
2015-03-26T16:08:55.000000,9.75808692950046
2015-03-26T16:08:55.100000,9.759414763102138
2015-03-26T16:08:55.200000,9.761218767730291
2015-03-26T16:08:55.300000,9.766502257436628
2015-03-26T16:08:55.400000,9.777714841428589
2015-03-26T16:08:55.500000,9.800591916503445
2015-03-26T16:08:55.600000,9.794228697562003
2015-03-26T16:08:55.700000,9.797028685265833
2015-03-26T16:08:55.800000,9.79951969682267
2015-03-26T16:08:55.900000,9.7960601911218
2015-03-26T16:08:56.000000,9.785418180472782
2015-03-26T16:08:56.100000,9.799187716401072
2015-03-26T16:08:56.200000,9.812451188230582
2015-03-26T16:08:56.300000,9.815792248332642
2015-03-26T16:08:56.400000,9.8146140054818
2015-03-26T16:08:56.500000,9.81190190559114
2015-03-26T16:08:56.600000,9.80918867262688
2015-03-26T16:08:56.700000,9.804025984741235
2015-03-26T16:08:56.800000,9.786195406225062
2015-03-26T16:08:56.900000,9.781903070544772
2015-03-26T16:08:57.000000,9.79153442562727
2015-03-26T16:08:57.100000,9.797813941962913
2015-03-26T16:08:57.200000,9.794336062842314
2015-03-26T16:08:57.300000,9.790258636389556
2015-03-26T16:08:57.400000,9.78454723418259
2015-03-26T16:08:57.500000,9.778259429688894
2015-03-26T16:08:57.600000,9.772735402968337
2015-03-26T16:08:57.700000,9.772090675095212
2015-03-26T16:08:57.800000,9.787100062624688
2015-03-26T16:08:57.900000,9.758368092207023
2015-03-26T16:08:58.000000,9.756029842964324
2015-03-26T16:08:58.100000,9.763075081829143
2015-03-26T16:08:58.200000,9.762849574734876
2015-03-26T16:08:58.300000,9.762621053480736
2015-03-26T16:08:58.400000,9.762391228892737
2015-03-26T16:08:58.500000,9.762575597653829
2015-03-26T16:08:58.600000,9.761103728217815
2015-03-26T16:08:58.700000,9.754626386225375
2015-03-26T16:08:58.800000,9.765523416712744
2015-03-26T16:08:58.900000,9.763279989854553
2015-03-26T16:08:59.000000,9.75063280037456
2015-03-26T16:08:59.100000,9.728100950639254
2015-03-26T16:08:59.200000,9.731449064371724
2015-03-26T16:08:59.300000,9.735867741983146
2015-03-26T16:08:59.400000,9.743684970009568
2015-03-26T16:08:59.500000,9.748358896663158
2015-03-26T16:08:59.600000,9.747908166776966
2015-03-26T16:08:59.700000,9.747463990657868
2015-03-26T16:08:59.800000,9.747871250961232
2015-03-26T16:08:59.900000,9.744139380817108
2015-03-26T16:09:00.000000,9.732294526166308
2015-03-26T16:09:00.100000,9.744197577884986
2015-03-26T16:09:00.200000,9.74093596825489
2015-03-26T16:09:00.300000,9.731433374965816
2015-03-26T16:09:00.400000,9.755934722452562
2015-03-26T16:09:00.500000,9.756394849758747
2015-03-26T16:09:00.600000,9.750518955535023
2015-03-26T16:09:00.700000,9.747819098120136
2015-03-26T16:09:00.800000,9.745949877771338
2015-03-26T16:09:00.900000,9.74585075227183
2015-03-26T16:09:01.000000,9.75481289606357
2015-03-26T16:09:01.100000,9.768220302857896
2015-03-26T16:09:01.200000,9.774183877502963
2015-03-26T16:09:01.300000,9.774027050924364
2015-03-26T16:09:01.400000,9.773760915446172
2015-03-26T16:09:01.500000,9.7779284037274
2015-03-26T16:09:01.600000,9.773434425021843
2015-03-26T16:09:01.700000,9.772202850427677
2015-03-26T16:09:01.800000,9.78256861156786
2015-03-26T16:09:01.900000,9.795689349206222
2015-03-26T16:09:02.000000,9.808807647506203
2015-03-26T16:09:02.100000,9.80026941970874
2015-03-26T16:09:02.200000,9.762549311660395
2015-03-26T16:09:02.300000,9.766238514384971
2015-03-26T16:09:02.400000,9.777209302065044
2015-03-26T16:09:02.500000,9.782163559522274
2015-03-26T16:09:02.600000,9.793720894653609
2015-03-26T16:09:02.700000,9.783448285315668
2015-03-26T16:09:02.800000,9.77735897564257
2015-03-26T16:09:02.900000,9.795193358284378
2015-03-26T16:09:03.000000,9.79970542788663
2015-03-26T16:09:03.100000,9.787064127375062
2015-03-26T16:09:03.200000,9.774686316650811
2015-03-26T16:09:03.300000,9.76298117608349
2015-03-26T16:09:03.400000,9.75897249489026
2015-03-26T16:09:03.500000,9.783664588113886
2015-03-26T16:09:03.600000,9.778824680954788
2015-03-26T16:09:03.700000,9.777537664006845
2015-03-26T16:09:03.800000,9.782302283515072
2015-03-26T16:09:03.900000,9.7863325003561
2015-03-26T16:09:04.000000,9.763776218311117
2015-03-26T16:09:04.100000,9.74661373667603
2015-03-26T16:09:04.200000,9.74626853463793
2015-03-26T16:09:04.300000,9.745922036914072
2015-03-26T16:09:04.400000,9.756051425222052
2015-03-26T16:09:04.500000,9.786187058817982
2015-03-26T16:09:04.600000,9.780843701910696
2015-03-26T16:09:04.700000,9.764648608625803
2015-03-26T16:09:04.800000,9.758014751847869
2015-03-26T16:09:04.900000,9.76038725847282
2015-03-26T16:09:05.000000,9.76481241066626
2015-03-26T16:09:05.100000,9.776112546639492
2015-03-26T16:09:05.200000,9.78741162713993
2015-03-26T16:09:05.300000,9.78647978514859
2015-03-26T16:09:05.400000,9.744803769796995
2015-03-26T16:09:05.500000,9.764683962413985
2015-03-26T16:09:05.600000,9.765581776069238
2015-03-26T16:09:05.700000,9.75279007475996
2015-03-26T16:09:05.800000,9.759546979636836
2015-03-26T16:09:05.900000,9.7662996631806
2015-03-26T16:09:06.000000,9.776208138670812
2015-03-26T16:09:06.100000,9.770469439423678
2015-03-26T16:09:06.200000,9.760337999544896
2015-03-26T16:09:06.300000,9.747052476180068
2015-03-26T16:09:06.400000,9.740415334198468
2015-03-26T16:09:06.500000,9.762756660036704
2015-03-26T16:09:06.600000,9.775352849553306
2015-03-26T16:09:06.700000,9.788202482776097
2015-03-26T16:09:06.800000,9.778420919276387
2015-03-26T16:09:06.900000,9.767533658997955
2015-03-26T16:09:07.000000,9.77677734479478
2015-03-26T16:09:07.100000,9.780438813756223
2015-03-26T16:09:07.200000,9.781526476173983
2015-03-26T16:09:07.300000,9.759340587572169
2015-03-26T16:09:07.400000,9.765775059421156
2015-03-26T16:09:07.500000,9.769868010682483
2015-03-26T16:09:07.600000,9.777965189225815
2015-03-26T16:09:07.700000,9.78664473264715
2015-03-26T16:09:07.800000,9.789783973960017
2015-03-26T16:09:07.900000,9.7852713536851
2015-03-26T16:09:08.000000,9.774657307288823
2015-03-26T16:09:08.100000,9.76935803131044
2015-03-26T16:09:08.200000,9.766815435870935
2015-03-26T16:09:08.300000,9.771756796279
2015-03-26T16:09:08.400000,9.786592085148248
2015-03-26T16:09:08.500000,9.786044454564871
2015-03-26T16:09:08.600000,9.747885922034747
2015-03-26T16:09:08.700000,9.753503069933982
2015-03-26T16:09:08.800000,9.75986598729666
2015-03-26T16:09:08.900000,9.76900332162664
2015-03-26T16:09:09.000000,9.764944894237903
2015-03-26T16:09:09.100000,9.7659247440127
2015-03-26T16:09:09.200000,9.772285917705
2015-03-26T16:09:09.300000,9.77091065204016
2015-03-26T16:09:09.400000,9.769397624199623
2015-03-26T16:09:09.500000,9.76664175272072
2015-03-26T16:09:09.600000,9.763886920147591
2015-03-26T16:09:09.700000,9.761859023441662
2015-03-26T16:09:09.800000,9.76606310079772
2015-03-26T16:09:09.900000,9.770135066940789
2015-03-26T16:09:10.000000,9.76149914480414
2015-03-26T16:09:10.100000,9.756998440214398
2015-03-26T16:09:10.200000,9.752416304850064
2015-03-26T16:09:10.300000,9.747605764489274
2015-03-26T16:09:10.400000,9.742501813603877
2015-03-26T16:09:10.500000,9.74360257035778
2015-03-26T16:09:10.600000,9.745700766575135
2015-03-26T16:09:10.700000,9.741518205595876
2015-03-26T16:09:10.800000,9.737336682465887
2015-03-26T16:09:10.900000,9.741122385898077
2015-03-26T16:09:11.000000,9.768620859715517
2015-03-26T16:09:11.100000,9.75817376797931
2015-03-26T16:09:11.200000,9.764104195163158
2015-03-26T16:09:11.300000,9.780725002753211
2015-03-26T16:09:11.400000,9.748159249005822
2015-03-26T16:09:11.500000,9.757521539771714
2015-03-26T16:09:11.600000,9.773452986934345
2015-03-26T16:09:11.700000,9.77725113110745
2015-03-26T16:09:11.800000,9.775459309304589
2015-03-26T16:09:11.900000,9.768107147259077
2015-03-26T16:09:12.000000,9.761873766805843
2015-03-26T16:09:12.100000,9.760613637766618
2015-03-26T16:09:12.200000,9.766600043684711
2015-03-26T16:09:12.300000,9.772378059154752
2015-03-26T16:09:12.400000,9.776845859048272
2015-03-26T16:09:12.500000,9.780647880293204
2015-03-26T16:09:12.600000,9.787668193351958
2015-03-26T16:09:12.700000,9.791304343576664
2015-03-26T16:09:12.800000,9.79318100749574
2015-03-26T16:09:12.900000,9.793009682738417
2015-03-26T16:09:13.000000,9.792840137434576
2015-03-26T16:09:13.100000,9.792442661355269
2015-03-26T16:09:13.200000,9.790506902942434
2015-03-26T16:09:13.300000,9.788571883069247
2015-03-26T16:09:13.400000,9.78716112289844
2015-03-26T16:09:13.500000,9.787722518372732
2015-03-26T16:09:13.600000,9.79133295663763
2015-03-26T16:09:13.700000,9.804779901776822
2015-03-26T16:09:13.800000,9.78335192434017
2015-03-26T16:09:13.900000,9.783898707611838
2015-03-26T16:09:14.000000,9.782128661945166
2015-03-26T16:09:14.100000,9.782768740532555
2015-03-26T16:09:14.200000,9.795218094809314
2015-03-26T16:09:14.300000,9.77414909062133
2015-03-26T16:09:14.400000,9.78317676188638
2015-03-26T16:09:14.500000,9.778825630180975
2015-03-26T16:09:14.600000,9.752258127225195
2015-03-26T16:09:14.700000,9.751625257259724
2015-03-26T16:09:14.800000,9.750990864122675
2015-03-26T16:09:14.900000,9.750356780133618
2015-03-26T16:09:15.000000,9.749723464944848
2015-03-26T16:09:15.100000,9.751118627821365
2015-03-26T16:09:15.200000,9.756274014532485
2015-03-26T16:09:15.300000,9.76746609950546
2015-03-26T16:09:15.400000,9.742816851932457
2015-03-26T16:09:15.500000,9.744809922516176
2015-03-26T16:09:15.600000,9.750223946321498
2015-03-26T16:09:15.700000,9.754999879584268
2015-03-26T16:09:15.800000,9.737661628857294
2015-03-26T16:09:15.900000,9.7321434091497
2015-03-26T16:09:16.000000,9.72364923417788
2015-03-26T16:09:16.100000,9.72730503525596
2015-03-26T16:09:16.200000,9.74156946598456
2015-03-26T16:09:16.300000,9.754102525904605
2015-03-26T16:09:16.400000,9.706178732065773
2015-03-26T16:09:16.500000,9.724406185676342
2015-03-26T16:09:16.600000,9.739714614350438
2015-03-26T16:09:16.700000,9.735387829935949
2015-03-26T16:09:16.800000,9.733596316908883
2015-03-26T16:09:16.900000,9.736506838283615
2015-03-26T16:09:17.000000,9.739341048624295
2015-03-26T16:09:17.100000,9.742065896418358
2015-03-26T16:09:17.200000,9.740068780309734
2015-03-26T16:09:17.300000,9.743728468193456
2015-03-26T16:09:17.400000,9.753101359416911
2015-03-26T16:09:17.500000,9.760546513515427
2015-03-26T16:09:17.600000,9.762458783081128
2015-03-26T16:09:17.700000,9.761970109428372
2015-03-26T16:09:17.800000,9.764768012588728
2015-03-26T16:09:17.900000,9.764961544334028
2015-03-26T16:09:18.000000,9.771875959013588
2015-03-26T16:09:18.100000,9.777805307477609
2015-03-26T16:09:18.200000,9.781824631682156
2015-03-26T16:09:18.300000,9.783646152640152
2015-03-26T16:09:18.400000,9.785212920126725
2015-03-26T16:09:18.500000,9.785221727689004
2015-03-26T16:09:18.600000,9.785229552469469
2015-03-26T16:09:18.700000,9.778419606053829
2015-03-26T16:09:18.800000,9.772284678438591
2015-03-26T16:09:18.900000,9.768604828368458
2015-03-26T16:09:19.000000,9.772682897871777
2015-03-26T16:09:19.100000,9.79082792653706
2015-03-26T16:09:19.200000,9.792968946398112
2015-03-26T16:09:19.300000,9.787771289877124
2015-03-26T16:09:19.400000,9.78809389657605
2015-03-26T16:09:19.500000,9.789875983328695
2015-03-26T16:09:19.600000,9.793587920102112
2015-03-26T16:09:19.700000,9.795353762076012
2015-03-26T16:09:19.800000,9.802928401710137
2015-03-26T16:09:19.900000,9.804887288958756
2015-03-26T16:09:20.000000,9.803225936344925
2015-03-26T16:09:20.100000,9.793719953861938
2015-03-26T16:09:20.200000,9.784970370704428
2015-03-26T16:09:20.300000,9.776504663082628
2015-03-26T16:09:20.400000,9.782621418167578
2015-03-26T16:09:20.500000,9.790591331469864
2015-03-26T16:09:20.600000,9.796479115438691
2015-03-26T16:09:20.700000,9.802225408301078
2015-03-26T16:09:20.800000,9.805421822023748
2015-03-26T16:09:20.900000,9.806952781954676
2015-03-26T16:09:21.000000,9.798790464813123
2015-03-26T16:09:21.100000,9.770829714810658
2015-03-26T16:09:21.200000,9.760575330266038
2015-03-26T16:09:21.300000,9.76637883555206
2015-03-26T16:09:21.400000,9.772737640178468
2015-03-26T16:09:21.500000,9.783610873621916
2015-03-26T16:09:21.600000,9.787487472318352
2015-03-26T16:09:21.700000,9.77199876567757
2015-03-26T16:09:21.800000,9.751529005487932
2015-03-26T16:09:21.900000,9.752912366102418
2015-03-26T16:09:22.000000,9.771016938498914
2015-03-26T16:09:22.100000,9.768512573062525
2015-03-26T16:09:22.200000,9.760019273039632
2015-03-26T16:09:22.300000,9.754004184484218
2015-03-26T16:09:22.400000,9.755107878621462
2015-03-26T16:09:22.500000,9.756367296576387
2015-03-26T16:09:22.600000,9.756035250973916
2015-03-26T16:09:22.700000,9.754841260419582
2015-03-26T16:09:22.800000,9.738672664788991
2015-03-26T16:09:22.900000,9.73414245951859
2015-03-26T16:09:23.000000,9.755291748271834
2015-03-26T16:09:23.100000,9.74676541937557
2015-03-26T16:09:23.200000,9.740929052810962
2015-03-26T16:09:23.300000,9.733276355596566
2015-03-26T16:09:23.400000,9.73159904266536
2015-03-26T16:09:23.500000,9.752879329955489
2015-03-26T16:09:23.600000,9.763977771092092
2015-03-26T16:09:23.700000,9.745875210870842
2015-03-26T16:09:23.800000,9.738064498462702
2015-03-26T16:09:23.900000,9.745138377458574
2015-03-26T16:09:24.000000,9.739861428400287
2015-03-26T16:09:24.100000,9.737375529631532
2015-03-26T16:09:24.200000,9.747621053464878
2015-03-26T16:09:24.300000,9.75973168293718
2015-03-26T16:09:24.400000,9.744499986593173
2015-03-26T16:09:24.500000,9.756752917072944
2015-03-26T16:09:24.600000,9.762678026289873
2015-03-26T16:09:24.700000,9.754375856432626
2015-03-26T16:09:24.800000,9.763946052716571
2015-03-26T16:09:24.900000,9.773893279189616
2015-03-26T16:09:25.000000,9.773425309122764
2015-03-26T16:09:25.100000,9.772555748206477
2015-03-26T16:09:25.200000,9.769586842701909
2015-03-26T16:09:25.300000,9.76666129697387
2015-03-26T16:09:25.400000,9.767853124266267
2015-03-26T16:09:25.500000,9.76929415328094
2015-03-26T16:09:25.600000,9.771469367580952
2015-03-26T16:09:25.700000,9.77500883042048
2015-03-26T16:09:25.800000,9.778548899534492
2015-03-26T16:09:25.900000,9.79335669157075
2015-03-26T16:09:26.000000,9.78809479775254
2015-03-26T16:09:26.100000,9.763605369129186
2015-03-26T16:09:26.200000,9.762346022500909
2015-03-26T16:09:26.300000,9.76128943075577
2015-03-26T16:09:26.400000,9.763899765646318
2015-03-26T16:09:26.500000,9.768865903132246
2015-03-26T16:09:26.600000,9.770577328565489
2015-03-26T16:09:26.700000,9.772840854312776
2015-03-26T16:09:26.800000,9.773243831517876
2015-03-26T16:09:26.900000,9.773647565495615
2015-03-26T16:09:27.000000,9.773902277737736
2015-03-26T16:09:27.100000,9.773735726931104
2015-03-26T16:09:27.200000,9.773229114752064
2015-03-26T16:09:27.300000,9.772882881428824
2015-03-26T16:09:27.400000,9.7724662129145
2015-03-26T16:09:27.500000,9.771476575940476
2015-03-26T16:09:27.600000,9.771478112195302
2015-03-26T16:09:27.700000,9.77147587097131
2015-03-26T16:09:27.800000,9.771523526426748
2015-03-26T16:09:27.900000,9.77158907992747
2015-03-26T16:09:28.000000,9.764870135814562
2015-03-26T16:09:28.100000,9.752391047710146
2015-03-26T16:09:28.200000,9.743254624758825
2015-03-26T16:09:28.300000,9.741140268530735
2015-03-26T16:09:28.400000,9.755296433814753
2015-03-26T16:09:28.500000,9.781322003810493
2015-03-26T16:09:28.600000,9.78120915213306
2015-03-26T16:09:28.700000,9.76562621650696
2015-03-26T16:09:28.800000,9.767567560322185
2015-03-26T16:09:28.900000,9.768421819902205
2015-03-26T16:09:29.000000,9.748178742495949
2015-03-26T16:09:29.100000,9.74816759063083
2015-03-26T16:09:29.200000,9.762365968209854
2015-03-26T16:09:29.300000,9.752731192705063
2015-03-26T16:09:29.400000,9.761180438124889
2015-03-26T16:09:29.500000,9.757109036750986
2015-03-26T16:09:29.600000,9.755848677604057
2015-03-26T16:09:29.700000,9.758738265217415
2015-03-26T16:09:29.800000,9.758302338624892
2015-03-26T16:09:29.900000,9.751745698886833
2015-03-26T16:09:30.000000,9.738140547763972
2015-03-26T16:09:30.100000,9.74236811176857
2015-03-26T16:09:30.200000,9.76557208486422
2015-03-26T16:09:30.300000,9.74915378517223
2015-03-26T16:09:30.400000,9.743841252730794
2015-03-26T16:09:30.500000,9.750325019962458
2015-03-26T16:09:30.600000,9.756992189884848
2015-03-26T16:09:30.700000,9.762365282593557
2015-03-26T16:09:30.800000,9.762588251927877
2015-03-26T16:09:30.900000,9.7523091521157
2015-03-26T16:09:31.000000,9.745007159480965
2015-03-26T16:09:31.100000,9.741304148043264
2015-03-26T16:09:31.200000,9.737146314756645
2015-03-26T16:09:31.300000,9.748125527301717
2015-03-26T16:09:31.400000,9.762082853734915
2015-03-26T16:09:31.500000,9.793711232580442
2015-03-26T16:09:31.600000,9.79462728318747
2015-03-26T16:09:31.700000,9.795542696661956
2015-03-26T16:09:31.800000,9.796457908073858
2015-03-26T16:09:31.900000,9.796558146483752
2015-03-26T16:09:32.000000,9.794561705093086
2015-03-26T16:09:32.100000,9.79265997829872
2015-03-26T16:09:32.200000,9.791360236523648
2015-03-26T16:09:32.300000,9.791892700453676
2015-03-26T16:09:32.400000,9.79242588638562
2015-03-26T16:09:32.500000,9.798999419403533
2015-03-26T16:09:32.600000,9.802955730283044
2015-03-26T16:09:32.700000,9.8059198057097
2015-03-26T16:09:32.800000,9.802865984009006
2015-03-26T16:09:32.900000,9.795621908518587
2015-03-26T16:09:33.000000,9.78287806762364
2015-03-26T16:09:33.100000,9.783177798768827
2015-03-26T16:09:33.200000,9.788754975785778
2015-03-26T16:09:33.300000,9.770012520092244
2015-03-26T16:09:33.400000,9.7802932971225
2015-03-26T16:09:33.500000,9.780875433903937
2015-03-26T16:09:33.600000,9.77809531065438
2015-03-26T16:09:33.700000,9.771183338835447
2015-03-26T16:09:33.800000,9.76107691269099
2015-03-26T16:09:33.900000,9.760498534650337
2015-03-26T16:09:34.000000,9.766245909497728
2015-03-26T16:09:34.100000,9.768946832375732
2015-03-26T16:09:34.200000,9.764486743757148
2015-03-26T16:09:34.300000,9.760025872481975
2015-03-26T16:09:34.400000,9.75565047886866
2015-03-26T16:09:34.500000,9.75169617004146
2015-03-26T16:09:34.600000,9.747741542969475
2015-03-26T16:09:34.700000,9.743786631581438
2015-03-26T16:09:34.800000,9.739831413035928
2015-03-26T16:09:34.900000,9.735219293968544
2015-03-26T16:09:35.000000,9.729000204030132
2015-03-26T16:09:35.100000,9.73867055096216
2015-03-26T16:09:35.200000,9.766062428858742
2015-03-26T16:09:35.300000,9.736284121155158
2015-03-26T16:09:35.400000,9.732965723511365
2015-03-26T16:09:35.500000,9.730509222561947
2015-03-26T16:09:35.600000,9.720743048284753
2015-03-26T16:09:35.700000,9.733126799503852
2015-03-26T16:09:35.800000,9.752148807879372
2015-03-26T16:09:35.900000,9.733452553749911
2015-03-26T16:09:36.000000,9.735640997974446
2015-03-26T16:09:36.100000,9.739911811350986
2015-03-26T16:09:36.200000,9.739400820845328
2015-03-26T16:09:36.300000,9.735848010875795
2015-03-26T16:09:36.400000,9.733919207033232
2015-03-26T16:09:36.500000,9.743348101759764
2015-03-26T16:09:36.600000,9.7649643575975
2015-03-26T16:09:36.700000,9.770921408779447
2015-03-26T16:09:36.800000,9.76529518618546
2015-03-26T16:09:36.900000,9.769288547110758
2015-03-26T16:09:37.000000,9.772793549373024
2015-03-26T16:09:37.100000,9.771929067162816
2015-03-26T16:09:37.200000,9.762922369266164
2015-03-26T16:09:37.300000,9.759542184670773
2015-03-26T16:09:37.400000,9.77418224929423
2015-03-26T16:09:37.500000,9.788650746003883
2015-03-26T16:09:37.600000,9.800788762485134
2015-03-26T16:09:37.700000,9.80520935253148
2015-03-26T16:09:37.800000,9.800045483365588
2015-03-26T16:09:37.900000,9.80007450734492
2015-03-26T16:09:38.000000,9.811461729366297
2015-03-26T16:09:38.100000,9.812234353749227
2015-03-26T16:09:38.200000,9.813005771960588
2015-03-26T16:09:38.300000,9.811899410631428
2015-03-26T16:09:38.400000,9.807591049510652
2015-03-26T16:09:38.500000,9.794521509991558
2015-03-26T16:09:38.600000,9.793508965678344
2015-03-26T16:09:38.700000,9.79133664254854
2015-03-26T16:09:38.800000,9.787687495097812
2015-03-26T16:09:38.900000,9.787706139151322
2015-03-26T16:09:39.000000,9.800005816092671
2015-03-26T16:09:39.100000,9.806042234015951
2015-03-26T16:09:39.200000,9.7984667194902
2015-03-26T16:09:39.300000,9.776023048770918
2015-03-26T16:09:39.400000,9.780456722482803
2015-03-26T16:09:39.500000,9.782036742246182
2015-03-26T16:09:39.600000,9.783452097987878
2015-03-26T16:09:39.700000,9.783486179224845
2015-03-26T16:09:39.800000,9.776192560350156
2015-03-26T16:09:39.900000,9.770656506244496
2015-03-26T16:09:40.000000,9.759000923725472
2015-03-26T16:09:40.100000,9.753580230916745
2015-03-26T16:09:40.200000,9.762635218752118
2015-03-26T16:09:40.300000,9.790713076978545
2015-03-26T16:09:40.400000,9.781587390412842
2015-03-26T16:09:40.500000,9.77086070675031
2015-03-26T16:09:40.600000,9.763078875829937
2015-03-26T16:09:40.700000,9.774090286978309
2015-03-26T16:09:40.800000,9.771032231883693
2015-03-26T16:09:40.900000,9.762692090192562
2015-03-26T16:09:41.000000,9.76497460228692
2015-03-26T16:09:41.100000,9.75349296125223
2015-03-26T16:09:41.200000,9.753291977476504
2015-03-26T16:09:41.300000,9.754320428791871
2015-03-26T16:09:41.400000,9.760760113333802
2015-03-26T16:09:41.500000,9.761282604271823
2015-03-26T16:09:41.600000,9.76180450201386
2015-03-26T16:09:41.700000,9.755920809294253
2015-03-26T16:09:41.800000,9.727622817648095
2015-03-26T16:09:41.900000,9.727177597100516
2015-03-26T16:09:42.000000,9.7327996165408
2015-03-26T16:09:42.100000,9.743710405321924
2015-03-26T16:09:42.200000,9.715195717661034
2015-03-26T16:09:42.300000,9.732314826758216
2015-03-26T16:09:42.400000,9.749421980525897
2015-03-26T16:09:42.500000,9.747923235766688
2015-03-26T16:09:42.600000,9.726820194807276
2015-03-26T16:09:42.700000,9.721814999619005
2015-03-26T16:09:42.800000,9.732210537895089
2015-03-26T16:09:42.900000,9.751807201625866
2015-03-26T16:09:43.000000,9.735085963263598
2015-03-26T16:09:43.100000,9.716913118520786
2015-03-26T16:09:43.200000,9.733505517863716
2015-03-26T16:09:43.300000,9.727506977696954
2015-03-26T16:09:43.400000,9.723537667253746
2015-03-26T16:09:43.500000,9.73344300663124
2015-03-26T16:09:43.600000,9.748654440944168
2015-03-26T16:09:43.700000,9.760407757919792
2015-03-26T16:09:43.800000,9.75945268264901
2015-03-26T16:09:43.900000,9.750204287858738
2015-03-26T16:09:44.000000,9.75261282277918
2015-03-26T16:09:44.100000,9.769601793791727
2015-03-26T16:09:44.200000,9.765728774139454
2015-03-26T16:09:44.300000,9.770517738646925
2015-03-26T16:09:44.400000,9.775305141827689
2015-03-26T16:09:44.500000,9.78960563839629
2015-03-26T16:09:44.600000,9.765764187398196
2015-03-26T16:09:44.700000,9.762266088226868
2015-03-26T16:09:44.800000,9.758766748590352
2015-03-26T16:09:44.900000,9.757207963745715
2015-03-26T16:09:45.000000,9.78348540619819
2015-03-26T16:09:45.100000,9.806797385224078
2015-03-26T16:09:45.200000,9.79816434757678
2015-03-26T16:09:45.300000,9.78949558688923
2015-03-26T16:09:45.400000,9.780768508086052
2015-03-26T16:09:45.500000,9.781539656216925
2015-03-26T16:09:45.600000,9.816691351267592
2015-03-26T16:09:45.700000,9.8273940985103
2015-03-26T16:09:45.800000,9.823836561405136
2015-03-26T16:09:45.900000,9.812894255420249
2015-03-26T16:09:46.000000,9.785655215782004
2015-03-26T16:09:46.100000,9.788101948713472
2015-03-26T16:09:46.200000,9.790547352108746
2015-03-26T16:09:46.300000,9.796234237454946
2015-03-26T16:09:46.400000,9.7934259775331
2015-03-26T16:09:46.500000,9.78529516692673
2015-03-26T16:09:46.600000,9.774176130904914
2015-03-26T16:09:46.700000,9.776441025791453
2015-03-26T16:09:46.800000,9.780800899399011
2015-03-26T16:09:46.900000,9.781129484150744
2015-03-26T16:09:47.000000,9.772742493001116
2015-03-26T16:09:47.100000,9.76553586648186
2015-03-26T16:09:47.200000,9.77034348437565
2015-03-26T16:09:47.300000,9.755974681476626
2015-03-26T16:09:47.400000,9.75145090986776
2015-03-26T16:09:47.500000,9.756060235225
2015-03-26T16:09:47.600000,9.764616171627887
2015-03-26T16:09:47.700000,9.75130796487795
2015-03-26T16:09:47.800000,9.758755990958962
2015-03-26T16:09:47.900000,9.7229791753732
2015-03-26T16:09:48.000000,9.738184242284998
2015-03-26T16:09:48.100000,9.748897335004973
2015-03-26T16:09:48.200000,9.745922416584753
2015-03-26T16:09:48.300000,9.73295309087242
2015-03-26T16:09:48.400000,9.734274947802628
2015-03-26T16:09:48.500000,9.739204084189067
2015-03-26T16:09:48.600000,9.731600896713855
2015-03-26T16:09:48.700000,9.70756080970011
2015-03-26T16:09:48.800000,9.719547647978144
2015-03-26T16:09:48.900000,9.732086543093027
2015-03-26T16:09:49.000000,9.742124572873784
2015-03-26T16:09:49.100000,9.746933263969993
2015-03-26T16:09:49.200000,9.740958277523893
2015-03-26T16:09:49.300000,9.735762027279527
2015-03-26T16:09:49.400000,9.749357847544788
2015-03-26T16:09:49.500000,9.733090544120628
2015-03-26T16:09:49.600000,9.740040050612356
2015-03-26T16:09:49.700000,9.738118821347552
2015-03-26T16:09:49.800000,9.734787120738456
2015-03-26T16:09:49.900000,9.746838703390022
2015-03-26T16:09:50.000000,9.759044293649048
2015-03-26T16:09:50.100000,9.762960446486112
2015-03-26T16:09:50.200000,9.766876146963376
2015-03-26T16:09:50.300000,9.770574621510844
2015-03-26T16:09:50.400000,9.773883065759392
2015-03-26T16:09:50.500000,9.777723649378713
2015-03-26T16:09:50.600000,9.776615307268283
2015-03-26T16:09:50.700000,9.78384412749837
2015-03-26T16:09:50.800000,9.777247558066646
2015-03-26T16:09:50.900000,9.800795100826967
2015-03-26T16:09:51.000000,9.790802501344336
2015-03-26T16:09:51.100000,9.766671351648574
2015-03-26T16:09:51.200000,9.771295786167874
2015-03-26T16:09:51.300000,9.775741169962114
2015-03-26T16:09:51.400000,9.778494732659553
2015-03-26T16:09:51.500000,9.781738434702314
2015-03-26T16:09:51.600000,9.784319040603457
2015-03-26T16:09:51.700000,9.787955382668915
2015-03-26T16:09:51.800000,9.794317310197666
2015-03-26T16:09:51.900000,9.790003175133789
2015-03-26T16:09:52.000000,9.77916709721849
2015-03-26T16:09:52.100000,9.779990715889303
2015-03-26T16:09:52.200000,9.78524340844361
2015-03-26T16:09:52.300000,9.788151401594098
2015-03-26T16:09:52.400000,9.7886545833906
2015-03-26T16:09:52.500000,9.7820058627644
2015-03-26T16:09:52.600000,9.77040058702462
2015-03-26T16:09:52.700000,9.769447106293834
2015-03-26T16:09:52.800000,9.747067524508337
2015-03-26T16:09:52.900000,9.73791499412457
2015-03-26T16:09:53.000000,9.737148596775908
2015-03-26T16:09:53.100000,9.737848029423212
2015-03-26T16:09:53.200000,9.741522695832
2015-03-26T16:09:53.300000,9.745196642235568
2015-03-26T16:09:53.400000,9.74886991096536
2015-03-26T16:09:53.500000,9.749585712878812
2015-03-26T16:09:53.600000,9.746182300327687
2015-03-26T16:09:53.700000,9.745448974301803
2015-03-26T16:09:53.800000,9.744715569516767
2015-03-26T16:09:53.900000,9.744945220616918
2015-03-26T16:09:54.000000,9.74627133378876
2015-03-26T16:09:54.100000,9.752492299566612
2015-03-26T16:09:54.200000,9.755123127804277
2015-03-26T16:09:54.300000,9.757756322539482
2015-03-26T16:09:54.400000,9.761068710163013
2015-03-26T16:09:54.500000,9.766688237596444
2015-03-26T16:09:54.600000,9.768179540309411
2015-03-26T16:09:54.700000,9.770245154128032
2015-03-26T16:09:54.800000,9.777305817561366
2015-03-26T16:09:54.900000,9.78485515358125
2015-03-26T16:09:55.000000,9.783532298918544
2015-03-26T16:09:55.100000,9.783503000651262
2015-03-26T16:09:55.200000,9.780035649829545
2015-03-26T16:09:55.300000,9.766722227284712
2015-03-26T16:09:55.400000,9.776411527246411
2015-03-26T16:09:55.500000,9.786924764363183
2015-03-26T16:09:55.600000,9.778807766378696
2015-03-26T16:09:55.700000,9.777999442698208
2015-03-26T16:09:55.800000,9.787029704470331
2015-03-26T16:09:55.900000,9.78611757714312
2015-03-26T16:09:56.000000,9.782419629138593
2015-03-26T16:09:56.100000,9.806067020160702
2015-03-26T16:09:56.200000,9.797104216645696
2015-03-26T16:09:56.300000,9.793480205721464
2015-03-26T16:09:56.400000,9.783587716778705
2015-03-26T16:09:56.500000,9.790133062715697
2015-03-26T16:09:56.600000,9.816947082878444
2015-03-26T16:09:56.700000,9.793939579619042
2015-03-26T16:09:56.800000,9.76893662759548
2015-03-26T16:09:56.900000,9.78030509449117
2015-03-26T16:09:57.000000,9.782226562948477
2015-03-26T16:09:57.100000,9.786255943853256
2015-03-26T16:09:57.200000,9.788399838777371
2015-03-26T16:09:57.300000,9.771949961495142
2015-03-26T16:09:57.400000,9.756206325089844
2015-03-26T16:09:57.500000,9.757714943639636
2015-03-26T16:09:57.600000,9.761922399893256
2015-03-26T16:09:57.700000,9.78253225744716
2015-03-26T16:09:57.800000,9.769717304085946
2015-03-26T16:09:57.900000,9.774840674788445
2015-03-26T16:09:58.000000,9.788928909228591
2015-03-26T16:09:58.100000,9.769971967036463
2015-03-26T16:09:58.200000,9.75255717855241
2015-03-26T16:09:58.300000,9.754214896988804
2015-03-26T16:09:58.400000,9.752452011753396
2015-03-26T16:09:58.500000,9.750688293314676
2015-03-26T16:09:58.600000,9.749340745057737
2015-03-26T16:09:58.700000,9.746093632181264
2015-03-26T16:09:58.800000,9.727148887908788
2015-03-26T16:09:58.900000,9.728290715093207
2015-03-26T16:09:59.000000,9.720312580931314
2015-03-26T16:09:59.100000,9.767438339196644
2015-03-26T16:09:59.200000,9.75360619622608
2015-03-26T16:09:59.300000,9.738805494643344
2015-03-26T16:09:59.400000,9.731823547792327
2015-03-26T16:09:59.500000,9.735231422892678
2015-03-26T16:09:59.600000,9.742279418734697
2015-03-26T16:09:59.700000,9.733065085131113
2015-03-26T16:09:59.800000,9.73689097555793
2015-03-26T16:09:59.900000,9.740716075181416
2015-03-26T16:10:00.000000,9.746672972837729
2015-03-26T16:10:00.100000,9.762875314825962
2015-03-26T16:10:00.200000,9.76726862922598
2015-03-26T16:10:00.300000,9.774435112392586
2015-03-26T16:10:00.400000,9.773894710358794
2015-03-26T16:10:00.500000,9.765304179831432
2015-03-26T16:10:00.600000,9.764878913599263
2015-03-26T16:10:00.700000,9.766186889331337
2015-03-26T16:10:00.800000,9.771179713601343
2015-03-26T16:10:00.900000,9.776173089629015
2015-03-26T16:10:01.000000,9.79545400469992
2015-03-26T16:10:01.100000,9.79625118546532
2015-03-26T16:10:01.200000,9.79704817381928
2015-03-26T16:10:01.300000,9.792288029670235
2015-03-26T16:10:01.400000,9.779531099570171
2015-03-26T16:10:01.500000,9.77928514449955
2015-03-26T16:10:01.600000,9.794367736692005
2015-03-26T16:10:01.700000,9.765627210477389
2015-03-26T16:10:01.800000,9.761132808502529
2015-03-26T16:10:01.900000,9.787618126115335
2015-03-26T16:10:02.000000,9.802032861151767
2015-03-26T16:10:02.100000,9.786452839699718
2015-03-26T16:10:02.200000,9.786604606747993
2015-03-26T16:10:02.300000,9.79673963204449
2015-03-26T16:10:02.400000,9.803556482487911
2015-03-26T16:10:02.500000,9.794031660856923
2015-03-26T16:10:02.600000,9.768282247058632
2015-03-26T16:10:02.700000,9.78205027086264
2015-03-26T16:10:02.800000,9.78132804893042
2015-03-26T16:10:02.900000,9.768419001495747
2015-03-26T16:10:03.000000,9.771920397262416
2015-03-26T16:10:03.100000,9.778364251068426
2015-03-26T16:10:03.200000,9.788154818341798
2015-03-26T16:10:03.300000,9.791414428981614
2015-03-26T16:10:03.400000,9.790774303408291
2015-03-26T16:10:03.500000,9.783470371983697
2015-03-26T16:10:03.600000,9.77961999444791
2015-03-26T16:10:03.700000,9.78185819813936
2015-03-26T16:10:03.800000,9.77020031416293
2015-03-26T16:10:03.900000,9.76729527021926
2015-03-26T16:10:04.000000,9.758311335643413
2015-03-26T16:10:04.100000,9.765224875972596
2015-03-26T16:10:04.200000,9.768076301013558
2015-03-26T16:10:04.300000,9.76193997843924
2015-03-26T16:10:04.400000,9.756353164331824
2015-03-26T16:10:04.500000,9.75735467597623
2015-03-26T16:10:04.600000,9.760435787296457
2015-03-26T16:10:04.700000,9.75592291522395
2015-03-26T16:10:04.800000,9.75140776898016
2015-03-26T16:10:04.900000,9.74689191618606
2015-03-26T16:10:05.000000,9.742375850699208
2015-03-26T16:10:05.100000,9.76560602099837
2015-03-26T16:10:05.200000,9.778698943743198
2015-03-26T16:10:05.300000,9.75953972830542
2015-03-26T16:10:05.400000,9.756034450243405
2015-03-26T16:10:05.500000,9.751501888990427
2015-03-26T16:10:05.600000,9.752347775685443
2015-03-26T16:10:05.700000,9.753724641604576
2015-03-26T16:10:05.800000,9.756340221873952
2015-03-26T16:10:05.900000,9.759099589848196
2015-03-26T16:10:06.000000,9.762520755853563
2015-03-26T16:10:06.100000,9.765191428109086
2015-03-26T16:10:06.200000,9.766784339976953
2015-03-26T16:10:06.300000,9.768727908182136
2015-03-26T16:10:06.400000,9.768563241538583
2015-03-26T16:10:06.500000,9.768404789714026
2015-03-26T16:10:06.600000,9.77110255878527
2015-03-26T16:10:06.700000,9.77942740626655
2015-03-26T16:10:06.800000,9.756012580598108
2015-03-26T16:10:06.900000,9.776226207833943
2015-03-26T16:10:07.000000,9.776165203756394
2015-03-26T16:10:07.100000,9.775565300299805
2015-03-26T16:10:07.200000,9.776280943316532
2015-03-26T16:10:07.300000,9.778290569994208
2015-03-26T16:10:07.400000,9.777298098324271
2015-03-26T16:10:07.500000,9.760355997367125
2015-03-26T16:10:07.600000,9.737671107377814
2015-03-26T16:10:07.700000,9.740857074846229
2015-03-26T16:10:07.800000,9.748796823571896
2015-03-26T16:10:07.900000,9.765133915491354
2015-03-26T16:10:08.000000,9.75694891811401
2015-03-26T16:10:08.100000,9.759935519420852
2015-03-26T16:10:08.200000,9.769162223643242
2015-03-26T16:10:08.300000,9.76661410588934
2015-03-26T16:10:08.400000,9.762214135907694
2015-03-26T16:10:08.500000,9.759721624001813
2015-03-26T16:10:08.600000,9.757305541985616
2015-03-26T16:10:08.700000,9.756127414515111
2015-03-26T16:10:08.800000,9.776316034808614
2015-03-26T16:10:08.900000,9.78939475714632
2015-03-26T16:10:09.000000,9.777660583583128
2015-03-26T16:10:09.100000,9.76467107605974
2015-03-26T16:10:09.200000,9.758607755832776
2015-03-26T16:10:09.300000,9.757993346586836
2015-03-26T16:10:09.400000,9.757511384590709
2015-03-26T16:10:09.500000,9.755123061216928
2015-03-26T16:10:09.600000,9.754036766052618
2015-03-26T16:10:09.700000,9.75294666259932
2015-03-26T16:10:09.800000,9.753330992015568
2015-03-26T16:10:09.900000,9.756136719548069
2015-03-26T16:10:10.000000,9.758947235482358
2015-03-26T16:10:10.100000,9.765984617104776
2015-03-26T16:10:10.200000,9.767276838597423
2015-03-26T16:10:10.300000,9.766241722821858
2015-03-26T16:10:10.400000,9.760276914389992
2015-03-26T16:10:10.500000,9.756904556711325
2015-03-26T16:10:10.600000,9.764837387192236
2015-03-26T16:10:10.700000,9.775334139789564
2015-03-26T16:10:10.800000,9.77716211750101
2015-03-26T16:10:10.900000,9.773034596343066
2015-03-26T16:10:11.000000,9.770132587728886
2015-03-26T16:10:11.100000,9.762834895855551
2015-03-26T16:10:11.200000,9.752559143589272
2015-03-26T16:10:11.300000,9.751810404057052
2015-03-26T16:10:11.400000,9.760311411879965
2015-03-26T16:10:11.500000,9.752295865255013
2015-03-26T16:10:11.600000,9.7451652547899
2015-03-26T16:10:11.700000,9.7416412232861
2015-03-26T16:10:11.800000,9.74176021051636
2015-03-26T16:10:11.900000,9.751609111869287
2015-03-26T16:10:12.000000,9.769345100191366
2015-03-26T16:10:12.100000,9.7730552372801
2015-03-26T16:10:12.200000,9.776767103747993
2015-03-26T16:10:12.300000,9.76343176663473
2015-03-26T16:10:12.400000,9.735250958864825
2015-03-26T16:10:12.500000,9.767321494901614
2015-03-26T16:10:12.600000,9.756377100626723
2015-03-26T16:10:12.700000,9.757840807483364
2015-03-26T16:10:12.800000,9.759771151604133
2015-03-26T16:10:12.900000,9.758762416536555
2015-03-26T16:10:13.000000,9.76012249854588
2015-03-26T16:10:13.100000,9.765127832846945
2015-03-26T16:10:13.200000,9.763915650856584
2015-03-26T16:10:13.300000,9.75031780798122
2015-03-26T16:10:13.400000,9.753537063597614
2015-03-26T16:10:13.500000,9.75696220480826
2015-03-26T16:10:13.600000,9.760695685076756
2015-03-26T16:10:13.700000,9.762842076244231
2015-03-26T16:10:13.800000,9.769550899811923
2015-03-26T16:10:13.900000,9.774027908405616
2015-03-26T16:10:14.000000,9.78795977165858
2015-03-26T16:10:14.100000,9.799777866409178
2015-03-26T16:10:14.200000,9.801934196294448
2015-03-26T16:10:14.300000,9.804092112910972
2015-03-26T16:10:14.400000,9.804348104603248
2015-03-26T16:10:14.500000,9.794006270545202
2015-03-26T16:10:14.600000,9.780851341512925
2015-03-26T16:10:14.700000,9.769313390206182
2015-03-26T16:10:14.800000,9.783669357894356
2015-03-26T16:10:14.900000,9.801689099233988
2015-03-26T16:10:15.000000,9.795531802710087
2015-03-26T16:10:15.100000,9.797347674676978
2015-03-26T16:10:15.200000,9.798747025326389
2015-03-26T16:10:15.300000,9.798709482525414
2015-03-26T16:10:15.400000,9.80438159002736
2015-03-26T16:10:15.500000,9.813111193744849
2015-03-26T16:10:15.600000,9.80404666348072
2015-03-26T16:10:15.700000,9.791609534150291
2015-03-26T16:10:15.800000,9.76263183809625
2015-03-26T16:10:15.900000,9.757490287581666
2015-03-26T16:10:16.000000,9.771796354922628
2015-03-26T16:10:16.100000,9.772532593683946
2015-03-26T16:10:16.200000,9.770325739954137
2015-03-26T16:10:16.300000,9.764708355542664
2015-03-26T16:10:16.400000,9.762276272253196
2015-03-26T16:10:16.500000,9.75990703273379
2015-03-26T16:10:16.600000,9.754977092137349
2015-03-26T16:10:16.700000,9.747435523160856
2015-03-26T16:10:16.800000,9.748889789396047
2015-03-26T16:10:16.900000,9.759841787152675
2015-03-26T16:10:17.000000,9.769839529473176
2015-03-26T16:10:17.100000,9.768897949845908
2015-03-26T16:10:17.200000,9.75239981704887
2015-03-26T16:10:17.300000,9.74602931097112
2015-03-26T16:10:17.400000,9.742135641786046
2015-03-26T16:10:17.500000,9.755459133234517
2015-03-26T16:10:17.600000,9.742760998338625
2015-03-26T16:10:17.700000,9.752322692384334
2015-03-26T16:10:17.800000,9.75187315434307
2015-03-26T16:10:17.900000,9.75794128016914
2015-03-26T16:10:18.000000,9.75879953627562
2015-03-26T16:10:18.100000,9.751934040982457
2015-03-26T16:10:18.200000,9.747210294968427
2015-03-26T16:10:18.300000,9.747529188825428
2015-03-26T16:10:18.400000,9.750453086586154
2015-03-26T16:10:18.500000,9.754398176649058
2015-03-26T16:10:18.600000,9.750941162118467
2015-03-26T16:10:18.700000,9.749471148559437
2015-03-26T16:10:18.800000,9.756097548993417
2015-03-26T16:10:18.900000,9.76015943892127
2015-03-26T16:10:19.000000,9.764216698856384
2015-03-26T16:10:19.100000,9.776738101131077
2015-03-26T16:10:19.200000,9.77760731558246
2015-03-26T16:10:19.300000,9.778476413422872
2015-03-26T16:10:19.400000,9.768049444498764
2015-03-26T16:10:19.500000,9.76458342174928
2015-03-26T16:10:19.600000,9.770213437063202
2015-03-26T16:10:19.700000,9.775842618538013
2015-03-26T16:10:19.800000,9.78279947758218
2015-03-26T16:10:19.900000,9.790787525158942
2015-03-26T16:10:20.000000,9.78307387621179
2015-03-26T16:10:20.100000,9.79980821708896
2015-03-26T16:10:20.200000,9.815236579607284
2015-03-26T16:10:20.300000,9.819610898113286
2015-03-26T16:10:20.400000,9.823989891810816
2015-03-26T16:10:20.500000,9.826734360773369
2015-03-26T16:10:20.600000,9.806816226101278
2015-03-26T16:10:20.700000,9.814061387397826
2015-03-26T16:10:20.800000,9.813718464870496
2015-03-26T16:10:20.900000,9.81337637541776
2015-03-26T16:10:21.000000,9.787910630597484
2015-03-26T16:10:21.100000,9.77225306126738
2015-03-26T16:10:21.200000,9.777453300655113
2015-03-26T16:10:21.300000,9.791954508269908
2015-03-26T16:10:21.400000,9.798806238947556
2015-03-26T16:10:21.500000,9.792880482091896
2015-03-26T16:10:21.600000,9.780999797700428
2015-03-26T16:10:21.700000,9.765861776326991
2015-03-26T16:10:21.800000,9.76351669478903
2015-03-26T16:10:21.900000,9.761171981518704
2015-03-26T16:10:22.000000,9.758827545795016
2015-03-26T16:10:22.100000,9.764811723320268
2015-03-26T16:10:22.200000,9.781118203441896
2015-03-26T16:10:22.300000,9.778855544631606
2015-03-26T16:10:22.400000,9.782897695285897
2015-03-26T16:10:22.500000,9.780604169976378
2015-03-26T16:10:22.600000,9.764749094294274
2015-03-26T16:10:22.700000,9.74049376035038
2015-03-26T16:10:22.800000,9.737200784102283
2015-03-26T16:10:22.900000,9.735401889751294
2015-03-26T16:10:23.000000,9.736782594842897
2015-03-26T16:10:23.100000,9.738164335090753
2015-03-26T16:10:23.200000,9.739547836556714
2015-03-26T16:10:23.300000,9.741568327811938
2015-03-26T16:10:23.400000,9.74929968624192
2015-03-26T16:10:23.500000,9.758775481682822
2015-03-26T16:10:23.600000,9.75840635517534
2015-03-26T16:10:23.700000,9.748278581023133
2015-03-26T16:10:23.800000,9.746710235268363
2015-03-26T16:10:23.900000,9.747651104573482
2015-03-26T16:10:24.000000,9.745927159168136
2015-03-26T16:10:24.100000,9.752232706095622
2015-03-26T16:10:24.200000,9.74102268861435
2015-03-26T16:10:24.300000,9.754469800973874
2015-03-26T16:10:24.400000,9.75787335157322
2015-03-26T16:10:24.500000,9.772989991167718
2015-03-26T16:10:24.600000,9.773365681111988
2015-03-26T16:10:24.700000,9.77374084462215
2015-03-26T16:10:24.800000,9.774116011502676
2015-03-26T16:10:24.900000,9.756191595909671
2015-03-26T16:10:25.000000,9.745672579197583
2015-03-26T16:10:25.100000,9.74970247270426
2015-03-26T16:10:25.200000,9.75870603375804
2015-03-26T16:10:25.300000,9.754262814867651
2015-03-26T16:10:25.400000,9.750183762555912
2015-03-26T16:10:25.500000,9.749228105193232
2015-03-26T16:10:25.600000,9.75124994881617
2015-03-26T16:10:25.700000,9.754778752328995
2015-03-26T16:10:25.800000,9.768888057351363
2015-03-26T16:10:25.900000,9.80277548864901
2015-03-26T16:10:26.000000,9.81953836168966
2015-03-26T16:10:26.100000,9.826766832802944
2015-03-26T16:10:26.200000,9.832872292090038
2015-03-26T16:10:26.300000,9.835421450276414
2015-03-26T16:10:26.400000,9.834257994064098
2015-03-26T16:10:26.500000,9.82328402192332
2015-03-26T16:10:26.600000,9.799845175928867
2015-03-26T16:10:26.700000,9.76625665473847
2015-03-26T16:10:26.800000,9.786385968979268
2015-03-26T16:10:26.900000,9.801764108776004
2015-03-26T16:10:27.000000,9.801367907768997
2015-03-26T16:10:27.100000,9.79034929993318
2015-03-26T16:10:27.200000,9.7852372416726
2015-03-26T16:10:27.300000,9.787488497240044
2015-03-26T16:10:27.400000,9.77943632670381
2015-03-26T16:10:27.500000,9.778012298775849
2015-03-26T16:10:27.600000,9.782109473395966
2015-03-26T16:10:27.700000,9.78620570293312
2015-03-26T16:10:27.800000,9.791286581665318
2015-03-26T16:10:27.900000,9.783724952755453
2015-03-26T16:10:28.000000,9.773842587266207
2015-03-26T16:10:28.100000,9.764515555023772
2015-03-26T16:10:28.200000,9.763818879446111
2015-03-26T16:10:28.300000,9.76771985486998
2015-03-26T16:10:28.400000,9.77964870342553
2015-03-26T16:10:28.500000,9.777662932535485
2015-03-26T16:10:28.600000,9.754523934831257
2015-03-26T16:10:28.700000,9.756770816006366
2015-03-26T16:10:28.800000,9.757402560598292
2015-03-26T16:10:28.900000,9.754008000845795
2015-03-26T16:10:29.000000,9.76802086869086
2015-03-26T16:10:29.100000,9.76949102948104
2015-03-26T16:10:29.200000,9.770665624468831
2015-03-26T16:10:29.300000,9.786950070902506
2015-03-26T16:10:29.400000,9.79066029492355
2015-03-26T16:10:29.500000,9.79437032009806
2015-03-26T16:10:29.600000,9.794271579532603
2015-03-26T16:10:29.700000,9.784601727915147
2015-03-26T16:10:29.800000,9.763186571509246
2015-03-26T16:10:29.900000,9.743611937667124
2015-03-26T16:10:30.000000,9.768446110016722
2015-03-26T16:10:30.100000,9.775665525776752
2015-03-26T16:10:30.200000,9.782882507779036
2015-03-26T16:10:30.300000,9.780292231658397
2015-03-26T16:10:30.400000,9.755914359543969
2015-03-26T16:10:30.500000,9.762862611839974
2015-03-26T16:10:30.600000,9.761223090503512
2015-03-26T16:10:30.700000,9.756917490177171
2015-03-26T16:10:30.800000,9.76428919081786
2015-03-26T16:10:30.900000,9.757434774125592
2015-03-26T16:10:31.000000,9.757699844973027
2015-03-26T16:10:31.100000,9.776707382160074
2015-03-26T16:10:31.200000,9.753185098041326
2015-03-26T16:10:31.300000,9.748186003962006
2015-03-26T16:10:31.400000,9.759024366832492
2015-03-26T16:10:31.500000,9.751824697495085
2015-03-26T16:10:31.600000,9.7531517659504
2015-03-26T16:10:31.700000,9.754735936483453
2015-03-26T16:10:31.800000,9.757495212668044
2015-03-26T16:10:31.900000,9.76002206932762
2015-03-26T16:10:32.000000,9.762057007826517
2015-03-26T16:10:32.100000,9.742345670832243
2015-03-26T16:10:32.200000,9.735701845647387
2015-03-26T16:10:32.300000,9.73933222367344
2015-03-26T16:10:32.400000,9.762312828708309
2015-03-26T16:10:32.500000,9.75553099375927
2015-03-26T16:10:32.600000,9.750086269764108
2015-03-26T16:10:32.700000,9.753616986406858
2015-03-26T16:10:32.800000,9.765233245429878
2015-03-26T16:10:32.900000,9.768519532469496
2015-03-26T16:10:33.000000,9.771803144841924
2015-03-26T16:10:33.100000,9.777430958144196
2015-03-26T16:10:33.200000,9.784146498782915
2015-03-26T16:10:33.300000,9.787284925575156
2015-03-26T16:10:33.400000,9.790151065780345
2015-03-26T16:10:33.500000,9.791416886923002
2015-03-26T16:10:33.600000,9.789120878667724
2015-03-26T16:10:33.700000,9.785507630038852
2015-03-26T16:10:33.800000,9.77653850118582
2015-03-26T16:10:33.900000,9.785146377078236
2015-03-26T16:10:34.000000,9.78857855206354
2015-03-26T16:10:34.100000,9.764158919020648
2015-03-26T16:10:34.200000,9.763611320964763
2015-03-26T16:10:34.300000,9.766599402740727
2015-03-26T16:10:34.400000,9.766647167607209
2015-03-26T16:10:34.500000,9.766961877566615
2015-03-26T16:10:34.600000,9.771090369961318
2015-03-26T16:10:34.700000,9.774348003945825
2015-03-26T16:10:34.800000,9.778531196643367
2015-03-26T16:10:34.900000,9.787209190598189
2015-03-26T16:10:35.000000,9.79475018287733
2015-03-26T16:10:35.100000,9.813111820739191
2015-03-26T16:10:35.200000,9.797183883336118
2015-03-26T16:10:35.300000,9.78068497267184
2015-03-26T16:10:35.400000,9.783065458742191
2015-03-26T16:10:35.500000,9.78069219388432
2015-03-26T16:10:35.600000,9.773833388059264
2015-03-26T16:10:35.700000,9.781335030882785
2015-03-26T16:10:35.800000,9.786621380868334
2015-03-26T16:10:35.900000,9.777298576330184
2015-03-26T16:10:36.000000,9.780967520530666
2015-03-26T16:10:36.100000,9.79056064790234
2015-03-26T16:10:36.200000,9.79498896816307
2015-03-26T16:10:36.300000,9.78556066697502
2015-03-26T16:10:36.400000,9.777940369075251
2015-03-26T16:10:36.500000,9.778020357857228
2015-03-26T16:10:36.600000,9.778100047422257
2015-03-26T16:10:36.700000,9.778353443692394
2015-03-26T16:10:36.800000,9.769552445167127
2015-03-26T16:10:36.900000,9.764021943232123
2015-03-26T16:10:37.000000,9.756885024219184
2015-03-26T16:10:37.100000,9.738763424409049
2015-03-26T16:10:37.200000,9.731256675899496
2015-03-26T16:10:37.300000,9.75254241929978
2015-03-26T16:10:37.400000,9.76785361413735
2015-03-26T16:10:37.500000,9.752498393348384
2015-03-26T16:10:37.600000,9.749671062131483
2015-03-26T16:10:37.700000,9.772216684543851
2015-03-26T16:10:37.800000,9.771388843876606
2015-03-26T16:10:37.900000,9.765264895823396
2015-03-26T16:10:38.000000,9.75914144172068
2015-03-26T16:10:38.100000,9.753019777869772
2015-03-26T16:10:38.200000,9.746900495536584
2015-03-26T16:10:38.300000,9.742620360387791
2015-03-26T16:10:38.400000,9.748744547398111
2015-03-26T16:10:38.500000,9.755179472964794
2015-03-26T16:10:38.600000,9.76210161157402
2015-03-26T16:10:38.700000,9.761689047599251
2015-03-26T16:10:38.800000,9.761214542027387
2015-03-26T16:10:38.900000,9.771690308174772
2015-03-26T16:10:39.000000,9.778493650985023
2015-03-26T16:10:39.100000,9.772468972610849
2015-03-26T16:10:39.200000,9.782367838183465
2015-03-26T16:10:39.300000,9.76869398216176
2015-03-26T16:10:39.400000,9.752121012388512
2015-03-26T16:10:39.500000,9.7815434773607
2015-03-26T16:10:39.600000,9.776417670808057
2015-03-26T16:10:39.700000,9.773586061230407
2015-03-26T16:10:39.800000,9.79494400155431
2015-03-26T16:10:39.900000,9.780261480498414
2015-03-26T16:10:40.000000,9.804962614494045
2015-03-26T16:10:40.100000,9.79748823376456
2015-03-26T16:10:40.200000,9.789537854081836
2015-03-26T16:10:40.300000,9.79661983260075
2015-03-26T16:10:40.400000,9.789368433653072
2015-03-26T16:10:40.500000,9.788853824094746
2015-03-26T16:10:40.600000,9.791434724538869
2015-03-26T16:10:40.700000,9.794600270394112
2015-03-26T16:10:40.800000,9.79936542537162
2015-03-26T16:10:40.900000,9.7982644737141
2015-03-26T16:10:41.000000,9.782068856014805
2015-03-26T16:10:41.100000,9.773136648791116
2015-03-26T16:10:41.200000,9.774655428587073
2015-03-26T16:10:41.300000,9.776171459911692
2015-03-26T16:10:41.400000,9.77426952571616
2015-03-26T16:10:41.500000,9.760686829209224
2015-03-26T16:10:41.600000,9.76123574650848
2015-03-26T16:10:41.700000,9.76288602637262
2015-03-26T16:10:41.800000,9.76574108535971
2015-03-26T16:10:41.900000,9.760791927169937
2015-03-26T16:10:42.000000,9.746784056991071
2015-03-26T16:10:42.100000,9.746942807275634
2015-03-26T16:10:42.200000,9.749692350629374
2015-03-26T16:10:42.300000,9.764245957566214
2015-03-26T16:10:42.400000,9.762043609789902
2015-03-26T16:10:42.500000,9.751216240699176
2015-03-26T16:10:42.600000,9.74821323250841
2015-03-26T16:10:42.700000,9.741565713261094
2015-03-26T16:10:42.800000,9.73701830699721
2015-03-26T16:10:42.900000,9.743326452254276
2015-03-26T16:10:43.000000,9.748829412320545
2015-03-26T16:10:43.100000,9.728010456326317
2015-03-26T16:10:43.200000,9.753054769101336
2015-03-26T16:10:43.300000,9.76261909257975
2015-03-26T16:10:43.400000,9.752524972425276
2015-03-26T16:10:43.500000,9.740985296366135
2015-03-26T16:10:43.600000,9.74193472630618
2015-03-26T16:10:43.700000,9.74463393341058
2015-03-26T16:10:43.800000,9.746252917454308
2015-03-26T16:10:43.900000,9.750030367376333
2015-03-26T16:10:44.000000,9.762405802145778
2015-03-26T16:10:44.100000,9.7661951529645
2015-03-26T16:10:44.200000,9.76922051165728
2015-03-26T16:10:44.300000,9.772246077711891
2015-03-26T16:10:44.400000,9.78884986569772
2015-03-26T16:10:44.500000,9.791457539539346
2015-03-26T16:10:44.600000,9.790198862450325
2015-03-26T16:10:44.700000,9.783141282847124
2015-03-26T16:10:44.800000,9.776087877825182
2015-03-26T16:10:44.900000,9.775525530942556
2015-03-26T16:10:45.000000,9.77717283659424
2015-03-26T16:10:45.100000,9.783030404853315
2015-03-26T16:10:45.200000,9.788384680234005
2015-03-26T16:10:45.300000,9.785867304777684
2015-03-26T16:10:45.400000,9.788250809040417
2015-03-26T16:10:45.500000,9.794409371413414
2015-03-26T16:10:45.600000,9.790162370966662
2015-03-26T16:10:45.700000,9.797824016852058
2015-03-26T16:10:45.800000,9.790260310996908
2015-03-26T16:10:45.900000,9.783560119549437
2015-03-26T16:10:46.000000,9.778303787835291
2015-03-26T16:10:46.100000,9.77586543718931
2015-03-26T16:10:46.200000,9.775636088749566
2015-03-26T16:10:46.300000,9.775571866913277
2015-03-26T16:10:46.400000,9.77554712030166
2015-03-26T16:10:46.500000,9.774984178092373
2015-03-26T16:10:46.600000,9.773010489270046
2015-03-26T16:10:46.700000,9.770084210848037
2015-03-26T16:10:46.800000,9.770597755070185
2015-03-26T16:10:46.900000,9.771196860201377
2015-03-26T16:10:47.000000,9.769780928109247
2015-03-26T16:10:47.100000,9.768367408583623
2015-03-26T16:10:47.200000,9.767017591948502
2015-03-26T16:10:47.300000,9.763489207351366
2015-03-26T16:10:47.400000,9.756551546030035
2015-03-26T16:10:47.500000,9.750871800010112
2015-03-26T16:10:47.600000,9.744766981315344
2015-03-26T16:10:47.700000,9.748922541346593
2015-03-26T16:10:47.800000,9.760128010912382
2015-03-26T16:10:47.900000,9.744013743261924
2015-03-26T16:10:48.000000,9.74443703626335
2015-03-26T16:10:48.100000,9.74084847803072
2015-03-26T16:10:48.200000,9.751100836317317
2015-03-26T16:10:48.300000,9.743780230672574
2015-03-26T16:10:48.400000,9.739013719609824
2015-03-26T16:10:48.500000,9.737158586709144
2015-03-26T16:10:48.600000,9.731121687086851
2015-03-26T16:10:48.700000,9.728829219114212
2015-03-26T16:10:48.800000,9.7258868883266
2015-03-26T16:10:48.900000,9.72624308342647
2015-03-26T16:10:49.000000,9.763810864297495
2015-03-26T16:10:49.100000,9.764170485973382
2015-03-26T16:10:49.200000,9.751483233816677
2015-03-26T16:10:49.300000,9.741016324131795
2015-03-26T16:10:49.400000,9.74510290740598
2015-03-26T16:10:49.500000,9.780909301361728
2015-03-26T16:10:49.600000,9.792816221209009
2015-03-26T16:10:49.700000,9.785707292599318
2015-03-26T16:10:49.800000,9.76550321392329
2015-03-26T16:10:49.900000,9.736864676880806
2015-03-26T16:10:50.000000,9.743450742027155
2015-03-26T16:10:50.100000,9.765610037680878
2015-03-26T16:10:50.200000,9.798823801800562
2015-03-26T16:10:50.300000,9.80152451060568
2015-03-26T16:10:50.400000,9.798535752742216
2015-03-26T16:10:50.500000,9.780455397879834
2015-03-26T16:10:50.600000,9.779932261233236
2015-03-26T16:10:50.700000,9.767473480704956
2015-03-26T16:10:50.800000,9.766140980202188
2015-03-26T16:10:50.900000,9.800212604898473
2015-03-26T16:10:51.000000,9.800705990476168
2015-03-26T16:10:51.100000,9.79538877188972
2015-03-26T16:10:51.200000,9.77759519516508
2015-03-26T16:10:51.300000,9.778712800151396
2015-03-26T16:10:51.400000,9.780964327852564
2015-03-26T16:10:51.500000,9.774773862215794
2015-03-26T16:10:51.600000,9.789691765137794
2015-03-26T16:10:51.700000,9.826070870921146
2015-03-26T16:10:51.800000,9.807189099927443
2015-03-26T16:10:51.900000,9.789359323547506
2015-03-26T16:10:52.000000,9.783867727379931
2015-03-26T16:10:52.100000,9.784113249576183
2015-03-26T16:10:52.200000,9.786063199817386
2015-03-26T16:10:52.300000,9.788013042982206
2015-03-26T16:10:52.400000,9.789918736869083
2015-03-26T16:10:52.500000,9.791451977798348
2015-03-26T16:10:52.600000,9.792162897865945
2015-03-26T16:10:52.700000,9.772933316135912
2015-03-26T16:10:52.800000,9.7700786378122
2015-03-26T16:10:52.900000,9.76626241932855
2015-03-26T16:10:53.000000,9.75866448087522
2015-03-26T16:10:53.100000,9.752002175191487
2015-03-26T16:10:53.200000,9.744987553278111
2015-03-26T16:10:53.300000,9.740250298914342
2015-03-26T16:10:53.400000,9.74657960062561
2015-03-26T16:10:53.500000,9.748141867769672
2015-03-26T16:10:53.600000,9.734947775708578
2015-03-26T16:10:53.700000,9.739361338569012
2015-03-26T16:10:53.800000,9.744199349199654
2015-03-26T16:10:53.900000,9.7389500440644
2015-03-26T16:10:54.000000,9.732121817900952
2015-03-26T16:10:54.100000,9.730954929808876
2015-03-26T16:10:54.200000,9.740104801892508
2015-03-26T16:10:54.300000,9.753280669964672
2015-03-26T16:10:54.400000,9.752042018452732
2015-03-26T16:10:54.500000,9.730311891830464
2015-03-26T16:10:54.600000,9.731746717508331
2015-03-26T16:10:54.700000,9.733179411444288
2015-03-26T16:10:54.800000,9.734610715163369
2015-03-26T16:10:54.900000,9.746990783065716
2015-03-26T16:10:55.000000,9.73568065871198
2015-03-26T16:10:55.100000,9.739541469780065
2015-03-26T16:10:55.200000,9.74581997087826
2015-03-26T16:10:55.300000,9.775161301971222
2015-03-26T16:10:55.400000,9.77554012880304
2015-03-26T16:10:55.500000,9.77133085647255
2015-03-26T16:10:55.600000,9.759006505236547
2015-03-26T16:10:55.700000,9.76039634697457
2015-03-26T16:10:55.800000,9.76290076406756
2015-03-26T16:10:55.900000,9.76744360020022
2015-03-26T16:10:56.000000,9.770722304351688
2015-03-26T16:10:56.100000,9.780176917333849
2015-03-26T16:10:56.200000,9.782369236186872
2015-03-26T16:10:56.300000,9.773653211034745
2015-03-26T16:10:56.400000,9.76953132630399
2015-03-26T16:10:56.500000,9.78204878400735
2015-03-26T16:10:56.600000,9.784636613617272
2015-03-26T16:10:56.700000,9.786711912091665
2015-03-26T16:10:56.800000,9.786296963990887
2015-03-26T16:10:56.900000,9.785882007761776
2015-03-26T16:10:57.000000,9.78546715294698
2015-03-26T16:10:57.100000,9.783613978326
2015-03-26T16:10:57.200000,9.778154747739285
2015-03-26T16:10:57.300000,9.778688548550813
2015-03-26T16:10:57.400000,9.77587975184861
2015-03-26T16:10:57.500000,9.774161088766895
2015-03-26T16:10:57.600000,9.77556655308017
2015-03-26T16:10:57.700000,9.776968947254383
2015-03-26T16:10:57.800000,9.76854944368345
2015-03-26T16:10:57.900000,9.76567798495863
2015-03-26T16:10:58.000000,9.777869908327212
2015-03-26T16:10:58.100000,9.774498069077804
2015-03-26T16:10:58.200000,9.750895742165032
2015-03-26T16:10:58.300000,9.74018041689143
2015-03-26T16:10:58.400000,9.75364502080294
2015-03-26T16:10:58.500000,9.740038045485262
2015-03-26T16:10:58.600000,9.73411272961633
2015-03-26T16:10:58.700000,9.752334831115263
2015-03-26T16:10:58.800000,9.76377740384141
2015-03-26T16:10:58.900000,9.766179544561748
2015-03-26T16:10:59.000000,9.76024458421299
2015-03-26T16:10:59.100000,9.743454332352016
2015-03-26T16:10:59.200000,9.748170924128342
2015-03-26T16:10:59.300000,9.767095450226147
2015-03-26T16:10:59.400000,9.76443785949676
2015-03-26T16:10:59.500000,9.752750888111068
2015-03-26T16:10:59.600000,9.747675334759949
2015-03-26T16:10:59.700000,9.74823091390934
2015-03-26T16:10:59.800000,9.75655862593276
2015-03-26T16:10:59.900000,9.76488748883448
2015-03-26T16:11:00.000000,9.771536952738476
2015-03-26T16:11:00.100000,9.76787822050096
2015-03-26T16:11:00.200000,9.771277092315314
2015-03-26T16:11:00.300000,9.77473632711962
2015-03-26T16:11:00.400000,9.7681472187722
2015-03-26T16:11:00.500000,9.781642398059168
2015-03-26T16:11:00.600000,9.785212686769327
2015-03-26T16:11:00.700000,9.773011710906378
2015-03-26T16:11:00.800000,9.776989177273432
2015-03-26T16:11:00.900000,9.78067388779179
2015-03-26T16:11:01.000000,9.781444958759735
2015-03-26T16:11:01.100000,9.778265195945568
2015-03-26T16:11:01.200000,9.770961322522876
2015-03-26T16:11:01.300000,9.77788118220642
2015-03-26T16:11:01.400000,9.796803097539238
2015-03-26T16:11:01.500000,9.791661703706112
2015-03-26T16:11:01.600000,9.788643369079011
2015-03-26T16:11:01.700000,9.785624612944224
2015-03-26T16:11:01.800000,9.782201819377349
2015-03-26T16:11:01.900000,9.777836261652656
2015-03-26T16:11:02.000000,9.773539522046406
2015-03-26T16:11:02.100000,9.771248269186476
2015-03-26T16:11:02.200000,9.778910951995602
2015-03-26T16:11:02.300000,9.784442144902917
2015-03-26T16:11:02.400000,9.782030360763644
2015-03-26T16:11:02.500000,9.752129979233924
2015-03-26T16:11:02.600000,9.750679733448344
2015-03-26T16:11:02.700000,9.765183596404787
2015-03-26T16:11:02.800000,9.755268173493358
2015-03-26T16:11:02.900000,9.74718807810339
2015-03-26T16:11:03.000000,9.756615526183102
2015-03-26T16:11:03.100000,9.752309716880475
2015-03-26T16:11:03.200000,9.748517452087707
2015-03-26T16:11:03.300000,9.741555135913632
2015-03-26T16:11:03.400000,9.728101429880612
2015-03-26T16:11:03.500000,9.731178167055935
2015-03-26T16:11:03.600000,9.73773632448768
2015-03-26T16:11:03.700000,9.74978250237528
2015-03-26T16:11:03.800000,9.743653365608507
2015-03-26T16:11:03.900000,9.742447124536294
2015-03-26T16:11:04.000000,9.734238321238657
2015-03-26T16:11:04.100000,9.736479336686536
2015-03-26T16:11:04.200000,9.738723424401432
2015-03-26T16:11:04.300000,9.740897292125258
2015-03-26T16:11:04.400000,9.739143285663
2015-03-26T16:11:04.500000,9.740716967694024
2015-03-26T16:11:04.600000,9.754820191627765
2015-03-26T16:11:04.700000,9.753118759087046
2015-03-26T16:11:04.800000,9.751416075710294
2015-03-26T16:11:04.900000,9.74354176769872
2015-03-26T16:11:05.000000,9.72961622500602
2015-03-26T16:11:05.100000,9.723069262943124
2015-03-26T16:11:05.200000,9.729740805116991
2015-03-26T16:11:05.300000,9.746644835312978
2015-03-26T16:11:05.400000,9.763549560700095
2015-03-26T16:11:05.500000,9.77178100325844
2015-03-26T16:11:05.600000,9.76282269293356
2015-03-26T16:11:05.700000,9.741976312493223
2015-03-26T16:11:05.800000,9.76529102563732
2015-03-26T16:11:05.900000,9.769456367338195
2015-03-26T16:11:06.000000,9.779717561772667
2015-03-26T16:11:06.100000,9.78784873777266
2015-03-26T16:11:06.200000,9.790092862686016
2015-03-26T16:11:06.300000,9.781925073240137
2015-03-26T16:11:06.400000,9.77375634391948
2015-03-26T16:11:06.500000,9.777297338191923
2015-03-26T16:11:06.600000,9.796572878084293
2015-03-26T16:11:06.700000,9.790343227577242
2015-03-26T16:11:06.800000,9.786833421150408
2015-03-26T16:11:06.900000,9.785880513046337
2015-03-26T16:11:07.000000,9.78492769058536
2015-03-26T16:11:07.100000,9.783975084161318
2015-03-26T16:11:07.200000,9.782893954185257
2015-03-26T16:11:07.300000,9.781070460317087
2015-03-26T16:11:07.400000,9.778225590031608
2015-03-26T16:11:07.500000,9.773346894791478
2015-03-26T16:11:07.600000,9.781771099510074
2015-03-26T16:11:07.700000,9.805052636291318
2015-03-26T16:11:07.800000,9.797925078229436
2015-03-26T16:11:07.900000,9.79255302980359
2015-03-26T16:11:08.000000,9.787288130350156
2015-03-26T16:11:08.100000,9.78228821568541
2015-03-26T16:11:08.200000,9.773416693955296
2015-03-26T16:11:08.300000,9.775126058505023
2015-03-26T16:11:08.400000,9.773175722590873
2015-03-26T16:11:08.500000,9.765902877471962
2015-03-26T16:11:08.600000,9.763855670159865
2015-03-26T16:11:08.700000,9.76420156492615
2015-03-26T16:11:08.800000,9.722142572770863
2015-03-26T16:11:08.900000,9.767630188457758
2015-03-26T16:11:09.000000,9.757209766792355
2015-03-26T16:11:09.100000,9.745661373867408
2015-03-26T16:11:09.200000,9.746421222919809
2015-03-26T16:11:09.300000,9.73854763128435
2015-03-26T16:11:09.400000,9.729456376609114
2015-03-26T16:11:09.500000,9.745889399275942
2015-03-26T16:11:09.600000,9.777291862236837
2015-03-26T16:11:09.700000,9.74278518126063
2015-03-26T16:11:09.800000,9.768420851881816
2015-03-26T16:11:09.900000,9.768364463609352
2015-03-26T16:11:10.000000,9.739810724048969
2015-03-26T16:11:10.100000,9.732725107389424
2015-03-26T16:11:10.200000,9.756436160457271
2015-03-26T16:11:10.300000,9.74940010532176
2015-03-26T16:11:10.400000,9.742688127472
2015-03-26T16:11:10.500000,9.74686064002316
2015-03-26T16:11:10.600000,9.750531811353996
2015-03-26T16:11:10.700000,9.75348528517195
2015-03-26T16:11:10.800000,9.756434766965633
2015-03-26T16:11:10.900000,9.759322602915312
2015-03-26T16:11:11.000000,9.749144604337818
2015-03-26T16:11:11.100000,9.740262521581888
2015-03-26T16:11:11.200000,9.742817231832491
2015-03-26T16:11:11.300000,9.76986102971847
2015-03-26T16:11:11.400000,9.763112436358083
2015-03-26T16:11:11.500000,9.745547234215396
2015-03-26T16:11:11.600000,9.758078491162456
2015-03-26T16:11:11.700000,9.767454806067311
2015-03-26T16:11:11.800000,9.774859457078824
2015-03-26T16:11:11.900000,9.779233232545224
2015-03-26T16:11:12.000000,9.785748330586848
2015-03-26T16:11:12.100000,9.785745178432666
2015-03-26T16:11:12.200000,9.785741449576747
2015-03-26T16:11:12.300000,9.78586587589364
2015-03-26T16:11:12.400000,9.788425840574368
2015-03-26T16:11:12.500000,9.799007887594788
2015-03-26T16:11:12.600000,9.806342487404324
2015-03-26T16:11:12.700000,9.795195720534492
2015-03-26T16:11:12.800000,9.795390496353424
2015-03-26T16:11:12.900000,9.805378111369622
2015-03-26T16:11:13.000000,9.806407101675203
2015-03-26T16:11:13.100000,9.792788758454972
2015-03-26T16:11:13.200000,9.78768931775972
2015-03-26T16:11:13.300000,9.808790816029797
2015-03-26T16:11:13.400000,9.793740810503794
2015-03-26T16:11:13.500000,9.798167075293238
2015-03-26T16:11:13.600000,9.797548300733949
2015-03-26T16:11:13.700000,9.792383763598451
2015-03-26T16:11:13.800000,9.769431834627795
2015-03-26T16:11:13.900000,9.76624583756644
2015-03-26T16:11:14.000000,9.771628750281758
2015-03-26T16:11:14.100000,9.768896671587733
2015-03-26T16:11:14.200000,9.768448579747956
2015-03-26T16:11:14.300000,9.766540097289116
2015-03-26T16:11:14.400000,9.757708223350958
2015-03-26T16:11:14.500000,9.755960964305256
2015-03-26T16:11:14.600000,9.759868607012258
2015-03-26T16:11:14.700000,9.76203862218422
2015-03-26T16:11:14.800000,9.753930032838351
2015-03-26T16:11:14.900000,9.754791421849434
2015-03-26T16:11:15.000000,9.755651083788887
2015-03-26T16:11:15.100000,9.756927504795632
2015-03-26T16:11:15.200000,9.755392976591494
2015-03-26T16:11:15.300000,9.747117604948738
2015-03-26T16:11:15.400000,9.74490206751222
2015-03-26T16:11:15.500000,9.7485570625343
2015-03-26T16:11:15.600000,9.74564762317055
2015-03-26T16:11:15.700000,9.727679476472227
2015-03-26T16:11:15.800000,9.725924709520177
2015-03-26T16:11:15.900000,9.73078917591329
2015-03-26T16:11:16.000000,9.73830268376186
2015-03-26T16:11:16.100000,9.751716794960688
2015-03-26T16:11:16.200000,9.757934107600867
2015-03-26T16:11:16.300000,9.757352451708964
2015-03-26T16:11:16.400000,9.75120573283483
2015-03-26T16:11:16.500000,9.74996092323452
2015-03-26T16:11:16.600000,9.748620803669798
2015-03-26T16:11:16.700000,9.748312055316289
2015-03-26T16:11:16.800000,9.7504885344477
2015-03-26T16:11:16.900000,9.76140368248833
2015-03-26T16:11:17.000000,9.77231615732826
2015-03-26T16:11:17.100000,9.785424368544108
2015-03-26T16:11:17.200000,9.794498050912775
2015-03-26T16:11:17.300000,9.791890286092386
2015-03-26T16:11:17.400000,9.77888706244957
2015-03-26T16:11:17.500000,9.772082536361694
2015-03-26T16:11:17.600000,9.767160597237398
2015-03-26T16:11:17.700000,9.772133361722355
2015-03-26T16:11:17.800000,9.775029818174962
2015-03-26T16:11:17.900000,9.77815243632503
2015-03-26T16:11:18.000000,9.774726099673096
2015-03-26T16:11:18.100000,9.777972600602023
2015-03-26T16:11:18.200000,9.767186778001328
2015-03-26T16:11:18.300000,9.782742498228448
2015-03-26T16:11:18.400000,9.778190901831262
2015-03-26T16:11:18.500000,9.784785434638945
2015-03-26T16:11:18.600000,9.767938728719264
2015-03-26T16:11:18.700000,9.793400417974086
2015-03-26T16:11:18.800000,9.791597009829385
2015-03-26T16:11:18.900000,9.781471731779266
2015-03-26T16:11:19.000000,9.790318366561577
2015-03-26T16:11:19.100000,9.796337340936422
2015-03-26T16:11:19.200000,9.78042989107472
2015-03-26T16:11:19.300000,9.793508151969371
2015-03-26T16:11:19.400000,9.769857152000132
2015-03-26T16:11:19.500000,9.782099132774828
2015-03-26T16:11:19.600000,9.789262486591769
2015-03-26T16:11:19.700000,9.773791190421916
2015-03-26T16:11:19.800000,9.771747751226709
2015-03-26T16:11:19.900000,9.781166245913449
2015-03-26T16:11:20.000000,9.774872967938244
2015-03-26T16:11:20.100000,9.757197145223044
2015-03-26T16:11:20.200000,9.756174668939892
2015-03-26T16:11:20.300000,9.75873737569068
2015-03-26T16:11:20.400000,9.770660136444466
2015-03-26T16:11:20.500000,9.747081185356985
2015-03-26T16:11:20.600000,9.73740345379884
2015-03-26T16:11:20.700000,9.73729287304852
2015-03-26T16:11:20.800000,9.739670031012215
2015-03-26T16:11:20.900000,9.753810254415594
2015-03-26T16:11:21.000000,9.773426912053576
2015-03-26T16:11:21.100000,9.77435657759158
2015-03-26T16:11:21.200000,9.75987184487697
2015-03-26T16:11:21.300000,9.742838097621677
2015-03-26T16:11:21.400000,9.767944612792384
2015-03-26T16:11:21.500000,9.767524101201747
2015-03-26T16:11:21.600000,9.7667764996674
2015-03-26T16:11:21.700000,9.782353744239034
2015-03-26T16:11:21.800000,9.78397558809897
2015-03-26T16:11:21.900000,9.776723386029492
2015-03-26T16:11:22.000000,9.775878170955847
2015-03-26T16:11:22.100000,9.778360551949715
2015-03-26T16:11:22.200000,9.783360383671267
2015-03-26T16:11:22.300000,9.784714320354354
2015-03-26T16:11:22.400000,9.77773650059294
2015-03-26T16:11:22.500000,9.765683906384504
2015-03-26T16:11:22.600000,9.790862536834204
2015-03-26T16:11:22.700000,9.80916211215806
2015-03-26T16:11:22.800000,9.812645570970282
2015-03-26T16:11:22.900000,9.810520620633977
2015-03-26T16:11:23.000000,9.790281420038708
2015-03-26T16:11:23.100000,9.757844221286224
2015-03-26T16:11:23.200000,9.772722951935174
2015-03-26T16:11:23.300000,9.779612857608685
2015-03-26T16:11:23.400000,9.766883279981991
2015-03-26T16:11:23.500000,9.755201046114909
2015-03-26T16:11:23.600000,9.749086947473195
2015-03-26T16:11:23.700000,9.74057291734688
2015-03-26T16:11:23.800000,9.777033305109606
2015-03-26T16:11:23.900000,9.772069507405966
2015-03-26T16:11:24.000000,9.772992520100445
2015-03-26T16:11:24.100000,9.779624509529972
2015-03-26T16:11:24.200000,9.770712393821972
2015-03-26T16:11:24.300000,9.731889757337388
2015-03-26T16:11:24.400000,9.72879238167421
2015-03-26T16:11:24.500000,9.740308132143698
2015-03-26T16:11:24.600000,9.746003881177138
2015-03-26T16:11:24.700000,9.749575310466147
2015-03-26T16:11:24.800000,9.749358999109193
2015-03-26T16:11:24.900000,9.747818307392787
2015-03-26T16:11:25.000000,9.73677873068449
2015-03-26T16:11:25.100000,9.74520226048163
2015-03-26T16:11:25.200000,9.7506253694546
2015-03-26T16:11:25.300000,9.741435505559105
2015-03-26T16:11:25.400000,9.748099253566371
2015-03-26T16:11:25.500000,9.746428335864266
2015-03-26T16:11:25.600000,9.741123176229136
2015-03-26T16:11:25.700000,9.747877832137448
2015-03-26T16:11:25.800000,9.758583020300986
2015-03-26T16:11:25.900000,9.761445841677508
2015-03-26T16:11:26.000000,9.751806030579024
2015-03-26T16:11:26.100000,9.73805192400822
2015-03-26T16:11:26.200000,9.759979893411444
2015-03-26T16:11:26.300000,9.765918263784986
2015-03-26T16:11:26.400000,9.76996416614063
2015-03-26T16:11:26.500000,9.773334804628297
2015-03-26T16:11:26.600000,9.77828285331659
2015-03-26T16:11:26.700000,9.789439552687105
2015-03-26T16:11:26.800000,9.793447137246616
2015-03-26T16:11:26.900000,9.78842982853217
2015-03-26T16:11:27.000000,9.781830386301069
2015-03-26T16:11:27.100000,9.777112009084531
2015-03-26T16:11:27.200000,9.775360806967411
2015-03-26T16:11:27.300000,9.780870520956402
2015-03-26T16:11:27.400000,9.789816759441816
2015-03-26T16:11:27.500000,9.79445874862815
2015-03-26T16:11:27.600000,9.799100280102598
2015-03-26T16:11:27.700000,9.812345910541492
2015-03-26T16:11:27.800000,9.80159832517951
2015-03-26T16:11:27.900000,9.78979782082416
2015-03-26T16:11:28.000000,9.81431145127356
2015-03-26T16:11:28.100000,9.817452841691098
2015-03-26T16:11:28.200000,9.817750159567376
2015-03-26T16:11:28.300000,9.813778292980338
2015-03-26T16:11:28.400000,9.8046089173088
2015-03-26T16:11:28.500000,9.776554615774309
2015-03-26T16:11:28.600000,9.782975745729626
2015-03-26T16:11:28.700000,9.792497970808128
2015-03-26T16:11:28.800000,9.790913235259412
2015-03-26T16:11:28.900000,9.80045966189154
2015-03-26T16:11:29.000000,9.785866463630189
2015-03-26T16:11:29.100000,9.771188192661306
2015-03-26T16:11:29.200000,9.802724065152228
2015-03-26T16:11:29.300000,9.797834917924911
2015-03-26T16:11:29.400000,9.767651335040137
2015-03-26T16:11:29.500000,9.773416905879998
2015-03-26T16:11:29.600000,9.77365174522118
2015-03-26T16:11:29.700000,9.755886870342373
2015-03-26T16:11:29.800000,9.769686388684258
2015-03-26T16:11:29.900000,9.756531525635776
2015-03-26T16:11:30.000000,9.761082542238976
2015-03-26T16:11:30.100000,9.769881007558103
2015-03-26T16:11:30.200000,9.759811734128505
2015-03-26T16:11:30.300000,9.747009226817864
2015-03-26T16:11:30.400000,9.730257441463303
2015-03-26T16:11:30.500000,9.74023741450813
2015-03-26T16:11:30.600000,9.75966000097108
2015-03-26T16:11:30.700000,9.726166097510594
2015-03-26T16:11:30.800000,9.737078152369133
2015-03-26T16:11:30.900000,9.743857635207627
2015-03-26T16:11:31.000000,9.744510703683256
2015-03-26T16:11:31.100000,9.74516268054152
2015-03-26T16:11:31.200000,9.745813719956544
2015-03-26T16:11:31.300000,9.737561303683645
2015-03-26T16:11:31.400000,9.729241304439755
2015-03-26T16:11:31.500000,9.72967666077685
2015-03-26T16:11:31.600000,9.736062185437437
2015-03-26T16:11:31.700000,9.744885757484106
2015-03-26T16:11:31.800000,9.75299062282606
2015-03-26T16:11:31.900000,9.743679484055304
2015-03-26T16:11:32.000000,9.761770506907336
2015-03-26T16:11:32.100000,9.736760890883746
2015-03-26T16:11:32.200000,9.72764694495767
2015-03-26T16:11:32.300000,9.742910620522704
2015-03-26T16:11:32.400000,9.761966816997576
2015-03-26T16:11:32.500000,9.736801536107842
2015-03-26T16:11:32.600000,9.73556657147372
2015-03-26T16:11:32.700000,9.734328519950758
2015-03-26T16:11:32.800000,9.759354976275372
2015-03-26T16:11:32.900000,9.774975089698742
2015-03-26T16:11:33.000000,9.77575861170759
2015-03-26T16:11:33.100000,9.776541913388227
2015-03-26T16:11:33.200000,9.775142201719248
2015-03-26T16:11:33.300000,9.770806740022891
2015-03-26T16:11:33.400000,9.772600211141016
2015-03-26T16:11:33.500000,9.777483514700714
2015-03-26T16:11:33.600000,9.7772426612733
2015-03-26T16:11:33.700000,9.774308528031655
2015-03-26T16:11:33.800000,9.75838916291237
2015-03-26T16:11:33.900000,9.76996216008266
2015-03-26T16:11:34.000000,9.798892283538155
2015-03-26T16:11:34.100000,9.79090449582452
2015-03-26T16:11:34.200000,9.77508427055953
2015-03-26T16:11:34.300000,9.773914172530018
2015-03-26T16:11:34.400000,9.808404040068272
2015-03-26T16:11:34.500000,9.802245713399088
2015-03-26T16:11:34.600000,9.760418715330974
2015-03-26T16:11:34.700000,9.785025226307484
2015-03-26T16:11:34.800000,9.780920108839377
2015-03-26T16:11:34.900000,9.779963666344544
2015-03-26T16:11:35.000000,9.786209254636802
2015-03-26T16:11:35.100000,9.78958413216722
2015-03-26T16:11:35.200000,9.782841228616729
2015-03-26T16:11:35.300000,9.78870103934771
2015-03-26T16:11:35.400000,9.782491064247782
2015-03-26T16:11:35.500000,9.776279663929294
2015-03-26T16:11:35.600000,9.77133971556035
2015-03-26T16:11:35.700000,9.773916955147078
2015-03-26T16:11:35.800000,9.76066831070766
2015-03-26T16:11:35.900000,9.76023754230225
2015-03-26T16:11:36.000000,9.770269005450166
2015-03-26T16:11:36.100000,9.754145795591588
2015-03-26T16:11:36.200000,9.741831879648617
2015-03-26T16:11:36.300000,9.746987593584564
2015-03-26T16:11:36.400000,9.764637332577882
2015-03-26T16:11:36.500000,9.764789584694997
2015-03-26T16:11:36.600000,9.754203334471368
2015-03-26T16:11:36.700000,9.737229780217367
2015-03-26T16:11:36.800000,9.757811204487544
2015-03-26T16:11:36.900000,9.754763725182698
2015-03-26T16:11:37.000000,9.751712023322115
2015-03-26T16:11:37.100000,9.747972338452634
2015-03-26T16:11:37.200000,9.744041705055224
2015-03-26T16:11:37.300000,9.770865818908264
2015-03-26T16:11:37.400000,9.798701037301038
2015-03-26T16:11:37.500000,9.78435324038924
2015-03-26T16:11:37.600000,9.770014193363364
2015-03-26T16:11:37.700000,9.764847281684547
2015-03-26T16:11:37.800000,9.758736502820012
2015-03-26T16:11:37.900000,9.771114009946595
2015-03-26T16:11:38.000000,9.78271483217626
2015-03-26T16:11:38.100000,9.772963882317644
2015-03-26T16:11:38.200000,9.75651633168463
2015-03-26T16:11:38.300000,9.76018732230709
2015-03-26T16:11:38.400000,9.7669134555506
2015-03-26T16:11:38.500000,9.764702246861836
2015-03-26T16:11:38.600000,9.7567884173047
2015-03-26T16:11:38.700000,9.755827610593409
2015-03-26T16:11:38.800000,9.739990762056571
2015-03-26T16:11:38.900000,9.753923006156072
2015-03-26T16:11:39.000000,9.77188136912123
2015-03-26T16:11:39.100000,9.767867029563284
2015-03-26T16:11:39.200000,9.758830925986526
2015-03-26T16:11:39.300000,9.740537116652185
2015-03-26T16:11:39.400000,9.742477168954638
2015-03-26T16:11:39.500000,9.74441445801524
2015-03-26T16:11:39.600000,9.74635077059637
2015-03-26T16:11:39.700000,9.747645616507086
2015-03-26T16:11:39.800000,9.737609745536917
2015-03-26T16:11:39.900000,9.73515457151197
2015-03-26T16:11:40.000000,9.747618796167863
2015-03-26T16:11:40.100000,9.75244993167354
2015-03-26T16:11:40.200000,9.739211844525393
2015-03-26T16:11:40.300000,9.760562128579965
2015-03-26T16:11:40.400000,9.763401218262125
2015-03-26T16:11:40.500000,9.762160094370106
2015-03-26T16:11:40.600000,9.75626801928163
2015-03-26T16:11:40.700000,9.757831217090263
2015-03-26T16:11:40.800000,9.77362762248652
2015-03-26T16:11:40.900000,9.776757228501904
2015-03-26T16:11:41.000000,9.754560058488565
2015-03-26T16:11:41.100000,9.734121769766451
2015-03-26T16:11:41.200000,9.74875795096194
2015-03-26T16:11:41.300000,9.738336093855844
2015-03-26T16:11:41.400000,9.743200468475228
2015-03-26T16:11:41.500000,9.748520754397449
2015-03-26T16:11:41.600000,9.761157592011362
2015-03-26T16:11:41.700000,9.76334171519088
2015-03-26T16:11:41.800000,9.76357131816305
2015-03-26T16:11:41.900000,9.772941196356824
2015-03-26T16:11:42.000000,9.779627512665634
2015-03-26T16:11:42.100000,9.782609757384302
2015-03-26T16:11:42.200000,9.785591895854004
2015-03-26T16:11:42.300000,9.788574057323036
2015-03-26T16:11:42.400000,9.790511362659457
2015-03-26T16:11:42.500000,9.789202233894374
2015-03-26T16:11:42.600000,9.791012225839346
2015-03-26T16:11:42.700000,9.786481753715512
2015-03-26T16:11:42.800000,9.765415134066307
2015-03-26T16:11:42.900000,9.761560278336246
2015-03-26T16:11:43.000000,9.753384507722348
2015-03-26T16:11:43.100000,9.754585758118322
2015-03-26T16:11:43.200000,9.759649476553044
2015-03-26T16:11:43.300000,9.774493703004568
2015-03-26T16:11:43.400000,9.79184779198837
2015-03-26T16:11:43.500000,9.79478458922038
2015-03-26T16:11:43.600000,9.782568412706777
2015-03-26T16:11:43.700000,9.770593060608793
2015-03-26T16:11:43.800000,9.75735860288678
2015-03-26T16:11:43.900000,9.754421477700925
2015-03-26T16:11:44.000000,9.75147971069343
2015-03-26T16:11:44.100000,9.748184745280678
2015-03-26T16:11:44.200000,9.744070191421809
2015-03-26T16:11:44.300000,9.740830165298709
2015-03-26T16:11:44.400000,9.739285431710654
2015-03-26T16:11:44.500000,9.74004489981533
2015-03-26T16:11:44.600000,9.745527756930873
2015-03-26T16:11:44.700000,9.75649145664479
2015-03-26T16:11:44.800000,9.76069540054205
2015-03-26T16:11:44.900000,9.74938745010572
2015-03-26T16:11:45.000000,9.739864748357268
2015-03-26T16:11:45.100000,9.738678025368133
2015-03-26T16:11:45.200000,9.741582352445583
2015-03-26T16:11:45.300000,9.749490210209208
2015-03-26T16:11:45.400000,9.761283128084452
2015-03-26T16:11:45.500000,9.754777944805287
2015-03-26T16:11:45.600000,9.775102979619154
2015-03-26T16:11:45.700000,9.766532260873172
2015-03-26T16:11:45.800000,9.754867421769015
2015-03-26T16:11:45.900000,9.764263117007404
2015-03-26T16:11:46.000000,9.75096433677726
2015-03-26T16:11:46.100000,9.764312876210107
2015-03-26T16:11:46.200000,9.774571840291369
2015-03-26T16:11:46.300000,9.773103071009984
2015-03-26T16:11:46.400000,9.766809229582844
2015-03-26T16:11:46.500000,9.777102919754205
2015-03-26T16:11:46.600000,9.768994919218397
2015-03-26T16:11:46.700000,9.778042503095556
2015-03-26T16:11:46.800000,9.79507648793185
2015-03-26T16:11:46.900000,9.779161126527868
2015-03-26T16:11:47.000000,9.770391945323746
2015-03-26T16:11:47.100000,9.789219576789208
2015-03-26T16:11:47.200000,9.77864394453194
2015-03-26T16:11:47.300000,9.772196938696217
2015-03-26T16:11:47.400000,9.77267884058506
2015-03-26T16:11:47.500000,9.775574922087175
2015-03-26T16:11:47.600000,9.787636453893771
2015-03-26T16:11:47.700000,9.800627470672094
2015-03-26T16:11:47.800000,9.776202573461264
2015-03-26T16:11:47.900000,9.776240326612216
2015-03-26T16:11:48.000000,9.776278775055829
2015-03-26T16:11:48.100000,9.768625557020338
2015-03-26T16:11:48.200000,9.748972576466564
2015-03-26T16:11:48.300000,9.768507949964633
2015-03-26T16:11:48.400000,9.777024007615676
2015-03-26T16:11:48.500000,9.784331796494357
2015-03-26T16:11:48.600000,9.76517939094531
2015-03-26T16:11:48.700000,9.779404256023383
2015-03-26T16:11:48.800000,9.76564054199626
2015-03-26T16:11:48.900000,9.76305394975825
2015-03-26T16:11:49.000000,9.774889063313578
2015-03-26T16:11:49.100000,9.763236363768565
2015-03-26T16:11:49.200000,9.74926875388022
2015-03-26T16:11:49.300000,9.757500191909136
2015-03-26T16:11:49.400000,9.751249285562444
2015-03-26T16:11:49.500000,9.765620353913944
2015-03-26T16:11:49.600000,9.736715891170563
2015-03-26T16:11:49.700000,9.749159658034388
2015-03-26T16:11:49.800000,9.743707969413984
2015-03-26T16:11:49.900000,9.736430459807911
2015-03-26T16:11:50.000000,9.729703530835526
2015-03-26T16:11:50.100000,9.7355199440375
2015-03-26T16:11:50.200000,9.741769269942392
2015-03-26T16:11:50.300000,9.742909733771764
2015-03-26T16:11:50.400000,9.739782522677515
2015-03-26T16:11:50.500000,9.738893224925407
2015-03-26T16:11:50.600000,9.73944027482548
2015-03-26T16:11:50.700000,9.741473446238963
2015-03-26T16:11:50.800000,9.744562508173088
2015-03-26T16:11:50.900000,9.75099219403634
2015-03-26T16:11:51.000000,9.7574257113026
2015-03-26T16:11:51.100000,9.760310334528317
2015-03-26T16:11:51.200000,9.75848628140036
2015-03-26T16:11:51.300000,9.756660546277642
2015-03-26T16:11:51.400000,9.748187314515285
2015-03-26T16:11:51.500000,9.757987750342584
2015-03-26T16:11:51.600000,9.774306201432514
2015-03-26T16:11:51.700000,9.75432561737999
2015-03-26T16:11:51.800000,9.75711077009502
2015-03-26T16:11:51.900000,9.760895861765878
2015-03-26T16:11:52.000000,9.777066420592345
2015-03-26T16:11:52.100000,9.780596669863687
2015-03-26T16:11:52.200000,9.7818459605716
2015-03-26T16:11:52.300000,9.783096386259231
2015-03-26T16:11:52.400000,9.78434821476433
2015-03-26T16:11:52.500000,9.788461160206408
2015-03-26T16:11:52.600000,9.800910260609529
2015-03-26T16:11:52.700000,9.791951428509485
2015-03-26T16:11:52.800000,9.783291083762888
2015-03-26T16:11:52.900000,9.786491616891585
2015-03-26T16:11:53.000000,9.789359389111215
2015-03-26T16:11:53.100000,9.795716579450024
2015-03-26T16:11:53.200000,9.79110923437526
2015-03-26T16:11:53.300000,9.784338905455217
2015-03-26T16:11:53.400000,9.78308379617497
2015-03-26T16:11:53.500000,9.78627002883218
2015-03-26T16:11:53.600000,9.781424822413234
2015-03-26T16:11:53.700000,9.778042760944649
2015-03-26T16:11:53.800000,9.77944386444436
2015-03-26T16:11:53.900000,9.779491049998216
2015-03-26T16:11:54.000000,9.772801299211045
2015-03-26T16:11:54.100000,9.77122874761618
2015-03-26T16:11:54.200000,9.771211012576636
2015-03-26T16:11:54.300000,9.78313140061053
2015-03-26T16:11:54.400000,9.781484085484864
2015-03-26T16:11:54.500000,9.77714997678062
2015-03-26T16:11:54.600000,9.761888287385531
2015-03-26T16:11:54.700000,9.750274752083756
2015-03-26T16:11:54.800000,9.750177624945836
2015-03-26T16:11:54.900000,9.743059601717638
2015-03-26T16:11:55.000000,9.73006684542818
2015-03-26T16:11:55.100000,9.73494356509222
2015-03-26T16:11:55.200000,9.73797521508749
2015-03-26T16:11:55.300000,9.745741876628689
2015-03-26T16:11:55.400000,9.760515251510602
2015-03-26T16:11:55.500000,9.74269509599824
2015-03-26T16:11:55.600000,9.731055289841471
2015-03-26T16:11:55.700000,9.75334086580908
2015-03-26T16:11:55.800000,9.741009529103357
2015-03-26T16:11:55.900000,9.748349578032055
2015-03-26T16:11:56.000000,9.73790894748758
2015-03-26T16:11:56.100000,9.729087861341354
2015-03-26T16:11:56.200000,9.72639434814854
2015-03-26T16:11:56.300000,9.724876764905018
2015-03-26T16:11:56.400000,9.726013724859582
2015-03-26T16:11:56.500000,9.727154649866453
2015-03-26T16:11:56.600000,9.734158834024944
2015-03-26T16:11:56.700000,9.73510784540773
2015-03-26T16:11:56.800000,9.747638523259877
2015-03-26T16:11:56.900000,9.769250519733404
2015-03-26T16:11:57.000000,9.77469271963501
2015-03-26T16:11:57.100000,9.781719523409354
2015-03-26T16:11:57.200000,9.78090078829167
2015-03-26T16:11:57.300000,9.775035202815223
2015-03-26T16:11:57.400000,9.779064967807306
2015-03-26T16:11:57.500000,9.798949052757498
2015-03-26T16:11:57.600000,9.800529719927797
2015-03-26T16:11:57.700000,9.80097452646572
2015-03-26T16:11:57.800000,9.804486468143502
2015-03-26T16:11:57.900000,9.796777359417352
2015-03-26T16:11:58.000000,9.793340170805472
2015-03-26T16:11:58.100000,9.794501654080014
2015-03-26T16:11:58.200000,9.79618193886037
2015-03-26T16:11:58.300000,9.797863819689464
2015-03-26T16:11:58.400000,9.79639283468146
2015-03-26T16:11:58.500000,9.78580107363691
2015-03-26T16:11:58.600000,9.779687479510883
2015-03-26T16:11:58.700000,9.782243924493708
2015-03-26T16:11:58.800000,9.799912730077132
2015-03-26T16:11:58.900000,9.787708964411012
2015-03-26T16:11:59.000000,9.79316537212019
2015-03-26T16:11:59.100000,9.801643744506732
2015-03-26T16:11:59.200000,9.811484495267452
2015-03-26T16:11:59.300000,9.8036149077544
2015-03-26T16:11:59.400000,9.792615256710596
2015-03-26T16:11:59.500000,9.77661466830508
2015-03-26T16:11:59.600000,9.772657854012367
2015-03-26T16:11:59.700000,9.769773506642302
2015-03-26T16:11:59.800000,9.772055805824383
2015-03-26T16:11:59.900000,9.778902178698734
2015-03-26T16:12:00.000000,9.767467309003305
2015-03-26T16:12:00.100000,9.762853646408738
2015-03-26T16:12:00.200000,9.772942112139413
2015-03-26T16:12:00.300000,9.759411432330868
2015-03-26T16:12:00.400000,9.75287435551988
2015-03-26T16:12:00.500000,9.74930356476574
2015-03-26T16:12:00.600000,9.746701448401456
2015-03-26T16:12:00.700000,9.74244448897388
2015-03-26T16:12:00.800000,9.73561823779728
2015-03-26T16:12:00.900000,9.729372851925566
2015-03-26T16:12:01.000000,9.73651883600064
2015-03-26T16:12:01.100000,9.76015587436855
2015-03-26T16:12:01.200000,9.764325110659405
2015-03-26T16:12:01.300000,9.744435224394756
2015-03-26T16:12:01.400000,9.737274930686723
2015-03-26T16:12:01.500000,9.735314992725687
2015-03-26T16:12:01.600000,9.73940246109562
2015-03-26T16:12:01.700000,9.737330959779287
2015-03-26T16:12:01.800000,9.737139891966205
2015-03-26T16:12:01.900000,9.74968822908506
2015-03-26T16:12:02.000000,9.755600383743152
2015-03-26T16:12:02.100000,9.755321153942088
2015-03-26T16:12:02.200000,9.74601831109526
2015-03-26T16:12:02.300000,9.725347025728135
2015-03-26T16:12:02.400000,9.749450671359297
2015-03-26T16:12:02.500000,9.751848731775448
2015-03-26T16:12:02.600000,9.758349819107206
2015-03-26T16:12:02.700000,9.742705702633144
2015-03-26T16:12:02.800000,9.750297979632307
2015-03-26T16:12:02.900000,9.753342465705355
2015-03-26T16:12:03.000000,9.765847086734968
2015-03-26T16:12:03.100000,9.796397924128906
2015-03-26T16:12:03.200000,9.78709426172916
2015-03-26T16:12:03.300000,9.776804028843475
2015-03-26T16:12:03.400000,9.777302102458997
2015-03-26T16:12:03.500000,9.79216886060996
2015-03-26T16:12:03.600000,9.780641398977082
2015-03-26T16:12:03.700000,9.76911858591448
2015-03-26T16:12:03.800000,9.786918586928394
2015-03-26T16:12:03.900000,9.771389244128924
2015-03-26T16:12:04.000000,9.774668146127029
2015-03-26T16:12:04.100000,9.779124939974196
2015-03-26T16:12:04.200000,9.784002143562768
2015-03-26T16:12:04.300000,9.800531125290076
2015-03-26T16:12:04.400000,9.807730276938075
2015-03-26T16:12:04.500000,9.786619209540229
2015-03-26T16:12:04.600000,9.78324060173121
2015-03-26T16:12:04.700000,9.779863553799547
2015-03-26T16:12:04.800000,9.776488052558063
2015-03-26T16:12:04.900000,9.77288448955788
2015-03-26T16:12:05.000000,9.77865943531852
2015-03-26T16:12:05.100000,9.782981612563304
2015-03-26T16:12:05.200000,9.787950381515474
2015-03-26T16:12:05.300000,9.788229304316044
2015-03-26T16:12:05.400000,9.770630488686765
2015-03-26T16:12:05.500000,9.767952526170085
2015-03-26T16:12:05.600000,9.7797051239705
2015-03-26T16:12:05.700000,9.776377465321826
2015-03-26T16:12:05.800000,9.773943836448732
2015-03-26T16:12:05.900000,9.772140614847553
2015-03-26T16:12:06.000000,9.768060715812604
2015-03-26T16:12:06.100000,9.751788263544498
2015-03-26T16:12:06.200000,9.741553617743032
2015-03-26T16:12:06.300000,9.746890449112954
2015-03-26T16:12:06.400000,9.760071371229364
2015-03-26T16:12:06.500000,9.76142108261331
2015-03-26T16:12:06.600000,9.75860481186399
2015-03-26T16:12:06.700000,9.75974289079621
2015-03-26T16:12:06.800000,9.765067910232125
2015-03-26T16:12:06.900000,9.75546198985417
2015-03-26T16:12:07.000000,9.75526020621434
2015-03-26T16:12:07.100000,9.742658174066412
2015-03-26T16:12:07.200000,9.74133774076684
2015-03-26T16:12:07.300000,9.7448712491458
2015-03-26T16:12:07.400000,9.744474794317531
2015-03-26T16:12:07.500000,9.756158117015486
2015-03-26T16:12:07.600000,9.771553383533774
2015-03-26T16:12:07.700000,9.755191191244649
2015-03-26T16:12:07.800000,9.745608817109318
2015-03-26T16:12:07.900000,9.750493775736835
2015-03-26T16:12:08.000000,9.762624627715802
2015-03-26T16:12:08.100000,9.769240517875408
2015-03-26T16:12:08.200000,9.769637629824413
2015-03-26T16:12:08.300000,9.76627629371884
2015-03-26T16:12:08.400000,9.761411617619023
2015-03-26T16:12:08.500000,9.757385541454422
2015-03-26T16:12:08.600000,9.76283867249699
2015-03-26T16:12:08.700000,9.762436051248232
2015-03-26T16:12:08.800000,9.761890569180048
2015-03-26T16:12:08.900000,9.757147404949588
2015-03-26T16:12:09.000000,9.758637748637945
2015-03-26T16:12:09.100000,9.762576724517787
2015-03-26T16:12:09.200000,9.766514099345068
2015-03-26T16:12:09.300000,9.770670238629416
2015-03-26T16:12:09.400000,9.76110068795342
2015-03-26T16:12:09.500000,9.754091761992283
2015-03-26T16:12:09.600000,9.772798456156858
2015-03-26T16:12:09.700000,9.765341569330063
2015-03-26T16:12:09.800000,9.758222666863722
2015-03-26T16:12:09.900000,9.754660292857505
2015-03-26T16:12:10.000000,9.756007126683471
2015-03-26T16:12:10.100000,9.758521246170544
2015-03-26T16:12:10.200000,9.756024438715066
2015-03-26T16:12:10.300000,9.766205676987209
2015-03-26T16:12:10.400000,9.761672821940468
2015-03-26T16:12:10.500000,9.766083785727576
2015-03-26T16:12:10.600000,9.76422252530078
2015-03-26T16:12:10.700000,9.747027057771591
2015-03-26T16:12:10.800000,9.770159377714029
2015-03-26T16:12:10.900000,9.79071516341346
2015-03-26T16:12:11.000000,9.76377734988855
2015-03-26T16:12:11.100000,9.753636963797884
2015-03-26T16:12:11.200000,9.766711951331445
2015-03-26T16:12:11.300000,9.763795567354997
2015-03-26T16:12:11.400000,9.748359549434053
2015-03-26T16:12:11.500000,9.768104576817771
2015-03-26T16:12:11.600000,9.777213430355602
2015-03-26T16:12:11.700000,9.78706098009157
2015-03-26T16:12:11.800000,9.785545650353525
2015-03-26T16:12:11.900000,9.786828077309858
2015-03-26T16:12:12.000000,9.78810711273729
2015-03-26T16:12:12.100000,9.787935202881396
2015-03-26T16:12:12.200000,9.785505596016517
2015-03-26T16:12:12.300000,9.784930423602198
2015-03-26T16:12:12.400000,9.78846991767826
2015-03-26T16:12:12.500000,9.784051813419712
2015-03-26T16:12:12.600000,9.780553718034412
2015-03-26T16:12:12.700000,9.778729650369243
2015-03-26T16:12:12.800000,9.777144116799716
2015-03-26T16:12:12.900000,9.775002434529064
2015-03-26T16:12:13.000000,9.77636684083851
2015-03-26T16:12:13.100000,9.78597953827432
2015-03-26T16:12:13.200000,9.787483025486436
2015-03-26T16:12:13.300000,9.78898489412222
2015-03-26T16:12:13.400000,9.788146210108373
2015-03-26T16:12:13.500000,9.78407494730789
2015-03-26T16:12:13.600000,9.780000509556247
2015-03-26T16:12:13.700000,9.776115568463451
2015-03-26T16:12:13.800000,9.772676986886552
2015-03-26T16:12:13.900000,9.777136991958828
2015-03-26T16:12:14.000000,9.782318667482636
2015-03-26T16:12:14.100000,9.74335154204831
2015-03-26T16:12:14.200000,9.746045182855129
2015-03-26T16:12:14.300000,9.750529534749813
2015-03-26T16:12:14.400000,9.762294326405966
2015-03-26T16:12:14.500000,9.768834062317811
2015-03-26T16:12:14.600000,9.770250937256431
2015-03-26T16:12:14.700000,9.771161065261383
2015-03-26T16:12:14.800000,9.74218188766517
2015-03-26T16:12:14.900000,9.727095459509044
2015-03-26T16:12:15.000000,9.71301954221025
2015-03-26T16:12:15.100000,9.714318695174487
2015-03-26T16:12:15.200000,9.738801026226524
2015-03-26T16:12:15.300000,9.748372265735116
2015-03-26T16:12:15.400000,9.74146064401111
2015-03-26T16:12:15.500000,9.736947207550172
2015-03-26T16:12:15.600000,9.740029517769054
2015-03-26T16:12:15.700000,9.746468079001774
2015-03-26T16:12:15.800000,9.734959231784853
2015-03-26T16:12:15.900000,9.753945388689615
2015-03-26T16:12:16.000000,9.747365369218375
2015-03-26T16:12:16.100000,9.732210310997187
2015-03-26T16:12:16.200000,9.75159621156432
2015-03-26T16:12:16.300000,9.736783387911188
2015-03-26T16:12:16.400000,9.74374890320036
2015-03-26T16:12:16.500000,9.745477651954715
2015-03-26T16:12:16.600000,9.74718960681428
2015-03-26T16:12:16.700000,9.758913520501611
2015-03-26T16:12:16.800000,9.762483584287724
2015-03-26T16:12:16.900000,9.767312531470685
2015-03-26T16:12:17.000000,9.776290219989352
2015-03-26T16:12:17.100000,9.781231429937105
2015-03-26T16:12:17.200000,9.79823975767049
2015-03-26T16:12:17.300000,9.79052122295742
2015-03-26T16:12:17.400000,9.785845501347522
2015-03-26T16:12:17.500000,9.783617670057325
2015-03-26T16:12:17.600000,9.793681626190986
2015-03-26T16:12:17.700000,9.792770808275796
2015-03-26T16:12:17.800000,9.785342614723197
2015-03-26T16:12:17.900000,9.797596680289889
2015-03-26T16:12:18.000000,9.809844428344746
2015-03-26T16:12:18.100000,9.816515962695137
2015-03-26T16:12:18.200000,9.815791488229632
2015-03-26T16:12:18.300000,9.7903028585161
2015-03-26T16:12:18.400000,9.782277049574956
2015-03-26T16:12:18.500000,9.788701451011322
2015-03-26T16:12:18.600000,9.796831493019182
2015-03-26T16:12:18.700000,9.811181815918737
2015-03-26T16:12:18.800000,9.823876915144576
2015-03-26T16:12:18.900000,9.812764609444692
2015-03-26T16:12:19.000000,9.7932504287348
2015-03-26T16:12:19.100000,9.820828355752187
2015-03-26T16:12:19.200000,9.815040284142812
2015-03-26T16:12:19.300000,9.79905327674997
2015-03-26T16:12:19.400000,9.77694182287456
2015-03-26T16:12:19.500000,9.771939803174805
2015-03-26T16:12:19.600000,9.765416812866489
2015-03-26T16:12:19.700000,9.764968073969763
2015-03-26T16:12:19.800000,9.76963657427655
2015-03-26T16:12:19.900000,9.774310412388738
2015-03-26T16:12:20.000000,9.775662691688636
2015-03-26T16:12:20.100000,9.757270102020351
2015-03-26T16:12:20.200000,9.74167288366891
2015-03-26T16:12:20.300000,9.736905737518024
2015-03-26T16:12:20.400000,9.740225543471515
2015-03-26T16:12:20.500000,9.746308407196942
2015-03-26T16:12:20.600000,9.756135531001876
2015-03-26T16:12:20.700000,9.742992880248329
2015-03-26T16:12:20.800000,9.729756812410432
2015-03-26T16:12:20.900000,9.725863620349118
2015-03-26T16:12:21.000000,9.728987103409096
2015-03-26T16:12:21.100000,9.73298421998128
2015-03-26T16:12:21.200000,9.73856254124203
2015-03-26T16:12:21.300000,9.747675604544602
2015-03-26T16:12:21.400000,9.740211432909138
2015-03-26T16:12:21.500000,9.7456000654581
2015-03-26T16:12:21.600000,9.740633303642024
2015-03-26T16:12:21.700000,9.730698552846093
2015-03-26T16:12:21.800000,9.73343138107738
2015-03-26T16:12:21.900000,9.743237782477044
2015-03-26T16:12:22.000000,9.75066464448396
2015-03-26T16:12:22.100000,9.742040255531018
2015-03-26T16:12:22.200000,9.755847948203098
2015-03-26T16:12:22.300000,9.776760772754889
2015-03-26T16:12:22.400000,9.76656203017506
2015-03-26T16:12:22.500000,9.774466296258453
2015-03-26T16:12:22.600000,9.783340357414083
2015-03-26T16:12:22.700000,9.785011925261388
2015-03-26T16:12:22.800000,9.7865944837244
2015-03-26T16:12:22.900000,9.78769190474956
2015-03-26T16:12:23.000000,9.790486152300309
2015-03-26T16:12:23.100000,9.795939463228388
2015-03-26T16:12:23.200000,9.79445131407194
2015-03-26T16:12:23.300000,9.77769347079363
2015-03-26T16:12:23.400000,9.793259686700305
2015-03-26T16:12:23.500000,9.803855497526593
2015-03-26T16:12:23.600000,9.786009098930345
2015-03-26T16:12:23.700000,9.774522084852228
2015-03-26T16:12:23.800000,9.7908462177419
2015-03-26T16:12:23.900000,9.801325099966006
2015-03-26T16:12:24.000000,9.803744673073432
2015-03-26T16:12:24.100000,9.803565514179285
2015-03-26T16:12:24.200000,9.79994317162906
2015-03-26T16:12:24.300000,9.79521464344942
2015-03-26T16:12:24.400000,9.792674533396063
2015-03-26T16:12:24.500000,9.788774914538047
2015-03-26T16:12:24.600000,9.7671321173669
2015-03-26T16:12:24.700000,9.7755823963575
2015-03-26T16:12:24.800000,9.772684115793115
2015-03-26T16:12:24.900000,9.772811381847106
2015-03-26T16:12:25.000000,9.77293721173195
2015-03-26T16:12:25.100000,9.774974620520718
2015-03-26T16:12:25.200000,9.779695602645504
2015-03-26T16:12:25.300000,9.782027536549752
2015-03-26T16:12:25.400000,9.76438556346956
2015-03-26T16:12:25.500000,9.75229789520502
2015-03-26T16:12:25.600000,9.751230448561158
2015-03-26T16:12:25.700000,9.743673328506231
2015-03-26T16:12:25.800000,9.735812925128856
2015-03-26T16:12:25.900000,9.732644464412791
2015-03-26T16:12:26.000000,9.734849434714288
2015-03-26T16:12:26.100000,9.743259533078326
2015-03-26T16:12:26.200000,9.746878321018562
2015-03-26T16:12:26.300000,9.7475941195476
2015-03-26T16:12:26.400000,9.724990149535564
2015-03-26T16:12:26.500000,9.718913231297195
2015-03-26T16:12:26.600000,9.738361646566956
2015-03-26T16:12:26.700000,9.738113299952293
2015-03-26T16:12:26.800000,9.742169402984985
2015-03-26T16:12:26.900000,9.745985234805245
2015-03-26T16:12:27.000000,9.751396758247209
2015-03-26T16:12:27.100000,9.759316296911305
2015-03-26T16:12:27.200000,9.766368515378415
2015-03-26T16:12:27.300000,9.767551145649051
2015-03-26T16:12:27.400000,9.768732754957716
2015-03-26T16:12:27.500000,9.76991356882021
2015-03-26T16:12:27.600000,9.771093704482857
2015-03-26T16:12:27.700000,9.772273253985416
2015-03-26T16:12:27.800000,9.775125352958558
2015-03-26T16:12:27.900000,9.773563065758054
2015-03-26T16:12:28.000000,9.77338179544016
2015-03-26T16:12:28.100000,9.77798400753884
2015-03-26T16:12:28.200000,9.77796965961962
2015-03-26T16:12:28.300000,9.785189118599831
2015-03-26T16:12:28.400000,9.788416678651144
2015-03-26T16:12:28.500000,9.779549623268668
2015-03-26T16:12:28.600000,9.799050993826606
2015-03-26T16:12:28.700000,9.800453876584958
2015-03-26T16:12:28.800000,9.790107676835357
2015-03-26T16:12:28.900000,9.785366186364763
2015-03-26T16:12:29.000000,9.785106842068508
2015-03-26T16:12:29.100000,9.774823275168131
2015-03-26T16:12:29.200000,9.778953658627534
2015-03-26T16:12:29.300000,9.785591631974972
2015-03-26T16:12:29.400000,9.790043105114297
2015-03-26T16:12:29.500000,9.78962957685603
2015-03-26T16:12:29.600000,9.789214960031046
2015-03-26T16:12:29.700000,9.784554107781652
2015-03-26T16:12:29.800000,9.769892283730494
2015-03-26T16:12:29.900000,9.7733081901628
2015-03-26T16:12:30.000000,9.776734083827394
2015-03-26T16:12:30.100000,9.785120107874466
2015-03-26T16:12:30.200000,9.794110802834664
2015-03-26T16:12:30.300000,9.802015183759693
2015-03-26T16:12:30.400000,9.804071266672407
2015-03-26T16:12:30.500000,9.780467137486598
2015-03-26T16:12:30.600000,9.768867393096071
2015-03-26T16:12:30.700000,9.778474200709685
2015-03-26T16:12:30.800000,9.768460461445102
2015-03-26T16:12:30.900000,9.759485951027946
2015-03-26T16:12:31.000000,9.761328454925732
2015-03-26T16:12:31.100000,9.760384054451366
2015-03-26T16:12:31.200000,9.759440206314618
2015-03-26T16:12:31.300000,9.76253448283537
2015-03-26T16:12:31.400000,9.75004952836122
2015-03-26T16:12:31.500000,9.733448123387346
2015-03-26T16:12:31.600000,9.728850506906747
2015-03-26T16:12:31.700000,9.74630480959432
2015-03-26T16:12:31.800000,9.751056488248189
2015-03-26T16:12:31.900000,9.733996356945733
2015-03-26T16:12:32.000000,9.732822723015804
2015-03-26T16:12:32.100000,9.742437248468969
2015-03-26T16:12:32.200000,9.746807419421671
2015-03-26T16:12:32.300000,9.74924030428638
2015-03-26T16:12:32.400000,9.741193055434648
2015-03-26T16:12:32.500000,9.745841647193048
2015-03-26T16:12:32.600000,9.76160540637088
2015-03-26T16:12:32.700000,9.762403552886823
2015-03-26T16:12:32.800000,9.734126199434426
2015-03-26T16:12:32.900000,9.751878727537706
2015-03-26T16:12:33.000000,9.755168300042769
2015-03-26T16:12:33.100000,9.76877059638836
2015-03-26T16:12:33.200000,9.763407789514728
2015-03-26T16:12:33.300000,9.76302525784429
2015-03-26T16:12:33.400000,9.772085053661478
2015-03-26T16:12:33.500000,9.766401049583024
2015-03-26T16:12:33.600000,9.7615168100914
2015-03-26T16:12:33.700000,9.765165503918752
2015-03-26T16:12:33.800000,9.772420086966523
2015-03-26T16:12:33.900000,9.777311836948442
2015-03-26T16:12:34.000000,9.768157629726874
2015-03-26T16:12:34.100000,9.775131976353835
2015-03-26T16:12:34.200000,9.777649233586196
2015-03-26T16:12:34.300000,9.772179634297329
2015-03-26T16:12:34.400000,9.768286513906816
2015-03-26T16:12:34.500000,9.769015951438648
2015-03-26T16:12:34.600000,9.76974305663292
2015-03-26T16:12:34.700000,9.773806418058166
2015-03-26T16:12:34.800000,9.783679328669445
2015-03-26T16:12:34.900000,9.789210870842917
2015-03-26T16:12:35.000000,9.795751166428738
2015-03-26T16:12:35.100000,9.793029852561302
2015-03-26T16:12:35.200000,9.772560871633916
2015-03-26T16:12:35.300000,9.777666601400274
2015-03-26T16:12:35.400000,9.79655603677972
2015-03-26T16:12:35.500000,9.81326445311774
2015-03-26T16:12:35.600000,9.81012360008888
2015-03-26T16:12:35.700000,9.806980584413852
2015-03-26T16:12:35.800000,9.79884509921533
2015-03-26T16:12:35.900000,9.785584850938754
2015-03-26T16:12:36.000000,9.77741305207253
2015-03-26T16:12:36.100000,9.783042995249394
2015-03-26T16:12:36.200000,9.765234456310916
2015-03-26T16:12:36.300000,9.7737406364764
2015-03-26T16:12:36.400000,9.764766119906666
2015-03-26T16:12:36.500000,9.753775221350148
2015-03-26T16:12:36.600000,9.74970071053492
2015-03-26T16:12:36.700000,9.751178701305356
2015-03-26T16:12:36.800000,9.752890646385287
2015-03-26T16:12:36.900000,9.755479395969516
2015-03-26T16:12:37.000000,9.763395927322176
2015-03-26T16:12:37.100000,9.768454059047286
2015-03-26T16:12:37.200000,9.768552632521642
2015-03-26T16:12:37.300000,9.760920143158982
2015-03-26T16:12:37.400000,9.752341569398084
2015-03-26T16:12:37.500000,9.741228331439064
2015-03-26T16:12:37.600000,9.737321145587178
2015-03-26T16:12:37.700000,9.737110756369662
2015-03-26T16:12:37.800000,9.745657099806603
2015-03-26T16:12:37.900000,9.74911766858247
2015-03-26T16:12:38.000000,9.74991890847638
2015-03-26T16:12:38.100000,9.766438674215738
2015-03-26T16:12:38.200000,9.766642416881451
2015-03-26T16:12:38.300000,9.750394310943316
2015-03-26T16:12:38.400000,9.766741564714398
2015-03-26T16:12:38.500000,9.774704505635508
2015-03-26T16:12:38.600000,9.789956447647866
2015-03-26T16:12:38.700000,9.788803340251294
2015-03-26T16:12:38.800000,9.78242875363084
2015-03-26T16:12:38.900000,9.776053660522413
2015-03-26T16:12:39.000000,9.76561472771209
2015-03-26T16:12:39.100000,9.771625562657558
2015-03-26T16:12:39.200000,9.774048216517174
2015-03-26T16:12:39.300000,9.769311979994631
2015-03-26T16:12:39.400000,9.76428589760256
2015-03-26T16:12:39.500000,9.761959208799492
2015-03-26T16:12:39.600000,9.762455547860212
2015-03-26T16:12:39.700000,9.764185072862231
2015-03-26T16:12:39.800000,9.76776451340012
2015-03-26T16:12:39.900000,9.773327265029629
2015-03-26T16:12:40.000000,9.7847886466106
2015-03-26T16:12:40.100000,9.76793506836978
2015-03-26T16:12:40.200000,9.761151099214548
2015-03-26T16:12:40.300000,9.774034439157152
2015-03-26T16:12:40.400000,9.78162884305135
2015-03-26T16:12:40.500000,9.780997780967708
2015-03-26T16:12:40.600000,9.780367755143386
2015-03-26T16:12:40.700000,9.778465794259896
2015-03-26T16:12:40.800000,9.78568589134283
2015-03-26T16:12:40.900000,9.79786774828303
2015-03-26T16:12:41.000000,9.80643869439862
2015-03-26T16:12:41.100000,9.795894509611744
2015-03-26T16:12:41.200000,9.776858598588364
2015-03-26T16:12:41.300000,9.767563365629474
2015-03-26T16:12:41.400000,9.764375478517024
2015-03-26T16:12:41.500000,9.774417756901578
2015-03-26T16:12:41.600000,9.781843912222776
2015-03-26T16:12:41.700000,9.754859507768783
2015-03-26T16:12:41.800000,9.767807626548134
2015-03-26T16:12:41.900000,9.78187075595437
2015-03-26T16:12:42.000000,9.778278652515995
2015-03-26T16:12:42.100000,9.772404130080684
2015-03-26T16:12:42.200000,9.761943726988491
2015-03-26T16:12:42.300000,9.765751388640968
2015-03-26T16:12:42.400000,9.76951820855063
2015-03-26T16:12:42.500000,9.758676623590867
2015-03-26T16:12:42.600000,9.747897723494198
2015-03-26T16:12:42.700000,9.740630425273856
2015-03-26T16:12:42.800000,9.746804405406644
2015-03-26T16:12:42.900000,9.753740910475209
2015-03-26T16:12:43.000000,9.75357671947283
2015-03-26T16:12:43.100000,9.780390642471424
2015-03-26T16:12:43.200000,9.783279167686562
2015-03-26T16:12:43.300000,9.775749355252886
2015-03-26T16:12:43.400000,9.764139575374656
2015-03-26T16:12:43.500000,9.775278779726728
2015-03-26T16:12:43.600000,9.77673791453742
2015-03-26T16:12:43.700000,9.775640172031231
2015-03-26T16:12:43.800000,9.763712406852113
2015-03-26T16:12:43.900000,9.757784196694027
2015-03-26T16:12:44.000000,9.75792699012766
2015-03-26T16:12:44.100000,9.758737629994611
2015-03-26T16:12:44.200000,9.75957795105874
2015-03-26T16:12:44.300000,9.760420486300813
2015-03-26T16:12:44.400000,9.761479952677098
2015-03-26T16:12:44.500000,9.763994119502687
2015-03-26T16:12:44.600000,9.76915115285942
2015-03-26T16:12:44.700000,9.77583008845592
2015-03-26T16:12:44.800000,9.782677279393472
2015-03-26T16:12:44.900000,9.785231721878676
2015-03-26T16:12:45.000000,9.788080883584731
2015-03-26T16:12:45.100000,9.79133305603439
2015-03-26T16:12:45.200000,9.783787583273408
2015-03-26T16:12:45.300000,9.774098274887413
2015-03-26T16:12:45.400000,9.762960335036167
2015-03-26T16:12:45.500000,9.76480135298684
2015-03-26T16:12:45.600000,9.76556924175372
2015-03-26T16:12:45.700000,9.766960545831418
2015-03-26T16:12:45.800000,9.769974767090778
2015-03-26T16:12:45.900000,9.772987957720824
2015-03-26T16:12:46.000000,9.776001064155126
2015-03-26T16:12:46.100000,9.77747180967028
2015-03-26T16:12:46.200000,9.764987175516346
2015-03-26T16:12:46.300000,9.761725300000254
2015-03-26T16:12:46.400000,9.758457665318993
2015-03-26T16:12:46.500000,9.756824646913184
2015-03-26T16:12:46.600000,9.762334826805397
2015-03-26T16:12:46.700000,9.764280820200383
2015-03-26T16:12:46.800000,9.761939890920548
2015-03-26T16:12:46.900000,9.761145784594948
2015-03-26T16:12:47.000000,9.76140798621434
2015-03-26T16:12:47.100000,9.769228496584756
2015-03-26T16:12:47.200000,9.753999571569503
2015-03-26T16:12:47.300000,9.753053493260644
2015-03-26T16:12:47.400000,9.749899983854386
2015-03-26T16:12:47.500000,9.755799490022428
2015-03-26T16:12:47.600000,9.7643604174297
2015-03-26T16:12:47.700000,9.767680430243288
2015-03-26T16:12:47.800000,9.7516505415322
2015-03-26T16:12:47.900000,9.75847999755694
2015-03-26T16:12:48.000000,9.740395963658273
2015-03-26T16:12:48.100000,9.754354526104828
2015-03-26T16:12:48.200000,9.748371036449903
2015-03-26T16:12:48.300000,9.750402091917962
2015-03-26T16:12:48.400000,9.756656997895192
2015-03-26T16:12:48.500000,9.76418153319673
2015-03-26T16:12:48.600000,9.772394910786998
2015-03-26T16:12:48.700000,9.772184331712436
2015-03-26T16:12:48.800000,9.771831519759605
2015-03-26T16:12:48.900000,9.768212563458398
2015-03-26T16:12:49.000000,9.762669833132184
2015-03-26T16:12:49.100000,9.762850180862408
2015-03-26T16:12:49.200000,9.765537208593182
2015-03-26T16:12:49.300000,9.784640135897526
2015-03-26T16:12:49.400000,9.794781958325084
2015-03-26T16:12:49.500000,9.799500987819837
2015-03-26T16:12:49.600000,9.795381860341598
2015-03-26T16:12:49.700000,9.789194219412591
2015-03-26T16:12:49.800000,9.78084624565962
2015-03-26T16:12:49.900000,9.769901569600329
2015-03-26T16:12:50.000000,9.76311996287635
2015-03-26T16:12:50.100000,9.76762039016146
2015-03-26T16:12:50.200000,9.77651000587738
2015-03-26T16:12:50.300000,9.76667009235578
2015-03-26T16:12:50.400000,9.775027440555494
2015-03-26T16:12:50.500000,9.7796762794462
2015-03-26T16:12:50.600000,9.77755561546252
2015-03-26T16:12:50.700000,9.792656821251107
2015-03-26T16:12:50.800000,9.791882550274106
2015-03-26T16:12:50.900000,9.804943078006902
2015-03-26T16:12:51.000000,9.800137116091578
2015-03-26T16:12:51.100000,9.7931349765944
2015-03-26T16:12:51.200000,9.792724659249371
2015-03-26T16:12:51.300000,9.787481474646668
2015-03-26T16:12:51.400000,9.778317695418211
2015-03-26T16:12:51.500000,9.764472307648123
2015-03-26T16:12:51.600000,9.745280353943809
2015-03-26T16:12:51.700000,9.73793274833981
2015-03-26T16:12:51.800000,9.731249270700436
2015-03-26T16:12:51.900000,9.753620399578876
2015-03-26T16:12:52.000000,9.765585000726302
2015-03-26T16:12:52.100000,9.75947521853993
2015-03-26T16:12:52.200000,9.75730027518212
2015-03-26T16:12:52.300000,9.758798432326971
2015-03-26T16:12:52.400000,9.765042722685678
2015-03-26T16:12:52.500000,9.764665284069077
2015-03-26T16:12:52.600000,9.73995049397872
2015-03-26T16:12:52.700000,9.73693426950948
2015-03-26T16:12:52.800000,9.74207119094184
2015-03-26T16:12:52.900000,9.758774833142922
2015-03-26T16:12:53.000000,9.745832552556784
2015-03-26T16:12:53.100000,9.740901697334696
2015-03-26T16:12:53.200000,9.738179406903209
2015-03-26T16:12:53.300000,9.73924491244435
2015-03-26T16:12:53.400000,9.752404975784811
2015-03-26T16:12:53.500000,9.762170628642238
2015-03-26T16:12:53.600000,9.751525124969566
2015-03-26T16:12:53.700000,9.745404311276262
2015-03-26T16:12:53.800000,9.751152745300718
2015-03-26T16:12:53.900000,9.756899371629222
2015-03-26T16:12:54.000000,9.76214940041009
2015-03-26T16:12:54.100000,9.760403601578492
2015-03-26T16:12:54.200000,9.763791312802663
2015-03-26T16:12:54.300000,9.76275319384499
2015-03-26T16:12:54.400000,9.761954434391724
2015-03-26T16:12:54.500000,9.766009296901904
2015-03-26T16:12:54.600000,9.765363502168848
2015-03-26T16:12:54.700000,9.7548150580552
2015-03-26T16:12:54.800000,9.759989408641555
2015-03-26T16:12:54.900000,9.777666514311631
2015-03-26T16:12:55.000000,9.774436899670867
2015-03-26T16:12:55.100000,9.768347364344102
2015-03-26T16:12:55.200000,9.773159400708613
2015-03-26T16:12:55.300000,9.795242804904396
2015-03-26T16:12:55.400000,9.774787032517246
2015-03-26T16:12:55.500000,9.782898729901955
2015-03-26T16:12:55.600000,9.801456226048094
2015-03-26T16:12:55.700000,9.79393108130523
2015-03-26T16:12:55.800000,9.79163429528729
2015-03-26T16:12:55.900000,9.799664262819308
2015-03-26T16:12:56.000000,9.788420265880726
2015-03-26T16:12:56.100000,9.775849099716355
2015-03-26T16:12:56.200000,9.772788382068056
2015-03-26T16:12:56.300000,9.785139090327093
2015-03-26T16:12:56.400000,9.790572402084203
2015-03-26T16:12:56.500000,9.775862486108633
2015-03-26T16:12:56.600000,9.790289841711369
2015-03-26T16:12:56.700000,9.789789016775932
2015-03-26T16:12:56.800000,9.77870664007956
2015-03-26T16:12:56.900000,9.771729087429756
2015-03-26T16:12:57.000000,9.77017210511614
2015-03-26T16:12:57.100000,9.7610125047139
2015-03-26T16:12:57.200000,9.759786858037948
2015-03-26T16:12:57.300000,9.758532282528511
2015-03-26T16:12:57.400000,9.763123112488454
2015-03-26T16:12:57.500000,9.769742890958984
2015-03-26T16:12:57.600000,9.76588015749443
2015-03-26T16:12:57.700000,9.755724297985456
2015-03-26T16:12:57.800000,9.772272626041596
2015-03-26T16:12:57.900000,9.765163434373362
2015-03-26T16:12:58.000000,9.762313942562916
2015-03-26T16:12:58.100000,9.769065068790391
2015-03-26T16:12:58.200000,9.766903409893905
2015-03-26T16:12:58.300000,9.764000212010693
2015-03-26T16:12:58.400000,9.76109550859083
2015-03-26T16:12:58.500000,9.751143185335506
2015-03-26T16:12:58.600000,9.7573340275772
2015-03-26T16:12:58.700000,9.769175337184643
2015-03-26T16:12:58.800000,9.760846536579091
2015-03-26T16:12:58.900000,9.751943041511408
2015-03-26T16:12:59.000000,9.763777823884508
2015-03-26T16:12:59.100000,9.766520449867222
2015-03-26T16:12:59.200000,9.76524322725822
2015-03-26T16:12:59.300000,9.76396611771328
2015-03-26T16:12:59.400000,9.760207549076211
2015-03-26T16:12:59.500000,9.755829655929231
2015-03-26T16:12:59.600000,9.759494002595082
2015-03-26T16:12:59.700000,9.740564636325184
2015-03-26T16:12:59.800000,9.772960850214192
2015-03-26T16:12:59.900000,9.774192920340946
2015-03-26T16:13:00.000000,9.771431808761951
2015-03-26T16:13:00.100000,9.768386954036192
2015-03-26T16:13:00.200000,9.764282534773033
2015-03-26T16:13:00.300000,9.767476529161174
2015-03-26T16:13:00.400000,9.771099866196796
2015-03-26T16:13:00.500000,9.7752923798122
2015-03-26T16:13:00.600000,9.77740511227243
2015-03-26T16:13:00.700000,9.767641076086225
2015-03-26T16:13:00.800000,9.760036354518528
2015-03-26T16:13:00.900000,9.768448994396875
2015-03-26T16:13:01.000000,9.777434191165126
2015-03-26T16:13:01.100000,9.774527203117122
2015-03-26T16:13:01.200000,9.771625809015712
2015-03-26T16:13:01.300000,9.766882389117637
2015-03-26T16:13:01.400000,9.755583660284255
2015-03-26T16:13:01.500000,9.747052464626927
2015-03-26T16:13:01.600000,9.740756899298674
2015-03-26T16:13:01.700000,9.744002717746874
2015-03-26T16:13:01.800000,9.75754053414011
2015-03-26T16:13:01.900000,9.767559670176228
2015-03-26T16:13:02.000000,9.756164653750774
2015-03-26T16:13:02.100000,9.754385000169732
2015-03-26T16:13:02.200000,9.755443798653667
2015-03-26T16:13:02.300000,9.763442071348262
2015-03-26T16:13:02.400000,9.748681212088544
2015-03-26T16:13:02.500000,9.744854194527845
2015-03-26T16:13:02.600000,9.770142570225651
2015-03-26T16:13:02.700000,9.77713057529836
2015-03-26T16:13:02.800000,9.769720903427343
2015-03-26T16:13:02.900000,9.765456475829492
2015-03-26T16:13:03.000000,9.764414135233514
2015-03-26T16:13:03.100000,9.76337274610411
2015-03-26T16:13:03.200000,9.762515121336133
2015-03-26T16:13:03.300000,9.763475206011565
2015-03-26T16:13:03.400000,9.767384938582351
2015-03-26T16:13:03.500000,9.77190914255264
2015-03-26T16:13:03.600000,9.775247194285852
2015-03-26T16:13:03.700000,9.791618632974854
2015-03-26T16:13:03.800000,9.791316077774296
2015-03-26T16:13:03.900000,9.787921486434746
2015-03-26T16:13:04.000000,9.78988907291338
2015-03-26T16:13:04.100000,9.784687550244549
2015-03-26T16:13:04.200000,9.77446175484331
2015-03-26T16:13:04.300000,9.77845925064656
2015-03-26T16:13:04.400000,9.778645509207658
2015-03-26T16:13:04.500000,9.786549882864842
2015-03-26T16:13:04.600000,9.76944821361909
2015-03-26T16:13:04.700000,9.765376262005228
2015-03-26T16:13:04.800000,9.761304000596391
2015-03-26T16:13:04.900000,9.7582243331103
2015-03-26T16:13:05.000000,9.756906661899688
2015-03-26T16:13:05.100000,9.756934640224914
2015-03-26T16:13:05.200000,9.766356807706371
2015-03-26T16:13:05.300000,9.8015320406205
2015-03-26T16:13:05.400000,9.803254854397888
2015-03-26T16:13:05.500000,9.804976444998116
2015-03-26T16:13:05.600000,9.781235473223296
2015-03-26T16:13:05.700000,9.767708448029204
2015-03-26T16:13:05.800000,9.765338063130432
2015-03-26T16:13:05.900000,9.76925511719916
2015-03-26T16:13:06.000000,9.762576889400789
2015-03-26T16:13:06.100000,9.76968299012226
2015-03-26T16:13:06.200000,9.773708535746415
2015-03-26T16:13:06.300000,9.761010380168363
2015-03-26T16:13:06.400000,9.74645229584712
2015-03-26T16:13:06.500000,9.752784595924057
2015-03-26T16:13:06.600000,9.76320519511009
2015-03-26T16:13:06.700000,9.762497681784922
2015-03-26T16:13:06.800000,9.732074587449295
2015-03-26T16:13:06.900000,9.739155203431505
2015-03-26T16:13:07.000000,9.755885147507607
2015-03-26T16:13:07.100000,9.748028078529195
2015-03-26T16:13:07.200000,9.736821082265813
2015-03-26T16:13:07.300000,9.726443626535854
2015-03-26T16:13:07.400000,9.734370166426777
2015-03-26T16:13:07.500000,9.739231755279732
2015-03-26T16:13:07.600000,9.726979749059314
2015-03-26T16:13:07.700000,9.732706038227663
2015-03-26T16:13:07.800000,9.749517606770672
2015-03-26T16:13:07.900000,9.760874627264435
2015-03-26T16:13:08.000000,9.766993249923429
2015-03-26T16:13:08.100000,9.767221750464282
2015-03-26T16:13:08.200000,9.760871491481762
2015-03-26T16:13:08.300000,9.746445078863674
2015-03-26T16:13:08.400000,9.75913445054148
2015-03-26T16:13:08.500000,9.759792159422927
2015-03-26T16:13:08.600000,9.75847182807579
2015-03-26T16:13:08.700000,9.757539063100314
2015-03-26T16:13:08.800000,9.759452284216245
2015-03-26T16:13:08.900000,9.76453821931675
2015-03-26T16:13:09.000000,9.76569124688202
2015-03-26T16:13:09.100000,9.77571143393736
2015-03-26T16:13:09.200000,9.778324018236177
2015-03-26T16:13:09.300000,9.78356128806754
2015-03-26T16:13:09.400000,9.795669801416397
2015-03-26T16:13:09.500000,9.791206634156024
2015-03-26T16:13:09.600000,9.786740236066324
2015-03-26T16:13:09.700000,9.789398444146832
2015-03-26T16:13:09.800000,9.798238201027967
2015-03-26T16:13:09.900000,9.79803196542075
2015-03-26T16:13:10.000000,9.787945664086273
2015-03-26T16:13:10.100000,9.779274653006237
2015-03-26T16:13:10.200000,9.779495831588918
2015-03-26T16:13:10.300000,9.795030360713383
2015-03-26T16:13:10.400000,9.802455945513632
2015-03-26T16:13:10.500000,9.78404791102874
2015-03-26T16:13:10.600000,9.780469918817332
2015-03-26T16:13:10.700000,9.779233479524414
2015-03-26T16:13:10.800000,9.788821220141516
2015-03-26T16:13:10.900000,9.794483050324718
2015-03-26T16:13:11.000000,9.800616930274252
2015-03-26T16:13:11.100000,9.810084974139594
2015-03-26T16:13:11.200000,9.809748675662943
2015-03-26T16:13:11.300000,9.809410444285463
2015-03-26T16:13:11.400000,9.806558743189006
2015-03-26T16:13:11.500000,9.788624125873287
2015-03-26T16:13:11.600000,9.784938231112124
2015-03-26T16:13:11.700000,9.769299640466215
2015-03-26T16:13:11.800000,9.756663199749989
2015-03-26T16:13:11.900000,9.75041562775432
2015-03-26T16:13:12.000000,9.7444113570698
2015-03-26T16:13:12.100000,9.739710822842737
2015-03-26T16:13:12.200000,9.739129189487263
2015-03-26T16:13:12.300000,9.73856259989608
2015-03-26T16:13:12.400000,9.738141918547456
2015-03-26T16:13:12.500000,9.74658787185676
2015-03-26T16:13:12.600000,9.74303011780217
2015-03-26T16:13:12.700000,9.746027752637117
2015-03-26T16:13:12.800000,9.723499739804009
2015-03-26T16:13:12.900000,9.743455919854782
2015-03-26T16:13:13.000000,9.735097858045076
2015-03-26T16:13:13.100000,9.731025632141863
2015-03-26T16:13:13.200000,9.733761827950238
2015-03-26T16:13:13.300000,9.72607484222502
2015-03-26T16:13:13.400000,9.730134510905277
2015-03-26T16:13:13.500000,9.726329739447266
2015-03-26T16:13:13.600000,9.740671297915323
2015-03-26T16:13:13.700000,9.75005231547182
2015-03-26T16:13:13.800000,9.775044397514472
2015-03-26T16:13:13.900000,9.780760293858004
2015-03-26T16:13:14.000000,9.778599610143532
2015-03-26T16:13:14.100000,9.769283462222342
2015-03-26T16:13:14.200000,9.77119407199156
2015-03-26T16:13:14.300000,9.769623568938526
2015-03-26T16:13:14.400000,9.757950527922352
2015-03-26T16:13:14.500000,9.766723018841104
2015-03-26T16:13:14.600000,9.779331947433407
2015-03-26T16:13:14.700000,9.77754115922523
2015-03-26T16:13:14.800000,9.77574955835449
2015-03-26T16:13:14.900000,9.776216985369771
2015-03-26T16:13:15.000000,9.79864551481102
2015-03-26T16:13:15.100000,9.80672140139206
2015-03-26T16:13:15.200000,9.802642043429794
2015-03-26T16:13:15.300000,9.78613483196103
2015-03-26T16:13:15.400000,9.775443085144795
2015-03-26T16:13:15.500000,9.78300014155104
2015-03-26T16:13:15.600000,9.796385230544796
2015-03-26T16:13:15.700000,9.81275123585496
2015-03-26T16:13:15.800000,9.815149282121714
2015-03-26T16:13:15.900000,9.811412207667944
2015-03-26T16:13:16.000000,9.810833283333112
2015-03-26T16:13:16.100000,9.81173089493922
2015-03-26T16:13:16.200000,9.80896350590658
2015-03-26T16:13:16.300000,9.806191527679328
2015-03-26T16:13:16.400000,9.804808328676083
2015-03-26T16:13:16.500000,9.809620241351691
2015-03-26T16:13:16.600000,9.7906788738011
2015-03-26T16:13:16.700000,9.767821965571716
2015-03-26T16:13:16.800000,9.759262254331253
2015-03-26T16:13:16.900000,9.758641137018918
2015-03-26T16:13:17.000000,9.76386805093486
2015-03-26T16:13:17.100000,9.747267897721922
2015-03-26T16:13:17.200000,9.737445649311708
2015-03-26T16:13:17.300000,9.754910809521954
2015-03-26T16:13:17.400000,9.746455655083327
2015-03-26T16:13:17.500000,9.733610106969758
2015-03-26T16:13:17.600000,9.75409604440256
2015-03-26T16:13:17.700000,9.7456237241176
2015-03-26T16:13:17.800000,9.734848719494977
2015-03-26T16:13:17.900000,9.729384985970947
2015-03-26T16:13:18.000000,9.728736125627568
2015-03-26T16:13:18.100000,9.73711520878259
2015-03-26T16:13:18.200000,9.746341760578565
2015-03-26T16:13:18.300000,9.729188873819536
2015-03-26T16:13:18.400000,9.729526920045942
2015-03-26T16:13:18.500000,9.735255995116288
2015-03-26T16:13:18.600000,9.758931416592697
2015-03-26T16:13:18.700000,9.756697734534937
2015-03-26T16:13:18.800000,9.748788164436116
2015-03-26T16:13:18.900000,9.752902346800395
2015-03-26T16:13:19.000000,9.75565018384856
2015-03-26T16:13:19.100000,9.755170774617278
2015-03-26T16:13:19.200000,9.75729883664038
2015-03-26T16:13:19.300000,9.77421138594524
2015-03-26T16:13:19.400000,9.776710136897492
2015-03-26T16:13:19.500000,9.761735582484189
2015-03-26T16:13:19.600000,9.758893820344328
2015-03-26T16:13:19.700000,9.764320038720836
2015-03-26T16:13:19.800000,9.763743669860805
2015-03-26T16:13:19.900000,9.76490014002674
2015-03-26T16:13:20.000000,9.76375624493077
2015-03-26T16:13:20.100000,9.76965161039163
2015-03-26T16:13:20.200000,9.779691379162012
2015-03-26T16:13:20.300000,9.782869511044016
2015-03-26T16:13:20.400000,9.804878933274878
2015-03-26T16:13:20.500000,9.813352466829178
2015-03-26T16:13:20.600000,9.774052203312362
2015-03-26T16:13:20.700000,9.789491540965454
2015-03-26T16:13:20.800000,9.792062186203326
2015-03-26T16:13:20.900000,9.809014337298471
2015-03-26T16:13:21.000000,9.797612380244246
2015-03-26T16:13:21.100000,9.777975760933003
2015-03-26T16:13:21.200000,9.778918823093267
2015-03-26T16:13:21.300000,9.78979187265056
2015-03-26T16:13:21.400000,9.78812442601953
2015-03-26T16:13:21.500000,9.78045129878537
2015-03-26T16:13:21.600000,9.770292236534932
2015-03-26T16:13:21.700000,9.766082803888937
2015-03-26T16:13:21.800000,9.778640518699932
2015-03-26T16:13:21.900000,9.80410338210512
2015-03-26T16:13:22.000000,9.770917751266463
2015-03-26T16:13:22.100000,9.781931052431007
2015-03-26T16:13:22.200000,9.770311562916952
2015-03-26T16:13:22.300000,9.759454747684863
2015-03-26T16:13:22.400000,9.77129330447022
2015-03-26T16:13:22.500000,9.764598838411915
2015-03-26T16:13:22.600000,9.76339444697254
2015-03-26T16:13:22.700000,9.764936861192158
2015-03-26T16:13:22.800000,9.754021812107531
2015-03-26T16:13:22.900000,9.757180461464348
2015-03-26T16:13:23.000000,9.75392122271377
2015-03-26T16:13:23.100000,9.741339902686384
2015-03-26T16:13:23.200000,9.738923473154324
2015-03-26T16:13:23.300000,9.736975127882188
2015-03-26T16:13:23.400000,9.75358111033201
2015-03-26T16:13:23.500000,9.75830308980837
2015-03-26T16:13:23.600000,9.738928232745192
2015-03-26T16:13:23.700000,9.73267931911743
2015-03-26T16:13:23.800000,9.729486160123304
2015-03-26T16:13:23.900000,9.72988867004206
2015-03-26T16:13:24.000000,9.743200759988234
2015-03-26T16:13:24.100000,9.760152213374994
2015-03-26T16:13:24.200000,9.765244840828789
2015-03-26T16:13:24.300000,9.750401265526929
2015-03-26T16:13:24.400000,9.757836744422567
2015-03-26T16:13:24.500000,9.77625685740003
2015-03-26T16:13:24.600000,9.77850057735075
2015-03-26T16:13:24.700000,9.774760592132342
2015-03-26T16:13:24.800000,9.756477932483453
2015-03-26T16:13:24.900000,9.757826738224065
2015-03-26T16:13:25.000000,9.754186723619394
2015-03-26T16:13:25.100000,9.74401915715788
2015-03-26T16:13:25.200000,9.740011560466984
2015-03-26T16:13:25.300000,9.736718041112706
2015-03-26T16:13:25.400000,9.74972657363693
2015-03-26T16:13:25.500000,9.762265652247065
2015-03-26T16:13:25.600000,9.785489757724967
2015-03-26T16:13:25.700000,9.79628888838427
2015-03-26T16:13:25.800000,9.77073642121662
2015-03-26T16:13:25.900000,9.780184949923134
2015-03-26T16:13:26.000000,9.766315687302484
2015-03-26T16:13:26.100000,9.766962046933218
2015-03-26T16:13:26.200000,9.772495926592734
2015-03-26T16:13:26.300000,9.780333734381694
2015-03-26T16:13:26.400000,9.786977201472268
2015-03-26T16:13:26.500000,9.783873791106068
2015-03-26T16:13:26.600000,9.780759193134257
2015-03-26T16:13:26.700000,9.783554307394896
2015-03-26T16:13:26.800000,9.781777036414198
2015-03-26T16:13:26.900000,9.769752206803824
2015-03-26T16:13:27.000000,9.787435971981909
2015-03-26T16:13:27.100000,9.773921471814896
2015-03-26T16:13:27.200000,9.76173033333374
2015-03-26T16:13:27.300000,9.75129475397021
2015-03-26T16:13:27.400000,9.759087455135017
2015-03-26T16:13:27.500000,9.777190493807772
2015-03-26T16:13:27.600000,9.782831101659156
2015-03-26T16:13:27.700000,9.770626074193448
2015-03-26T16:13:27.800000,9.757708578344475
2015-03-26T16:13:27.900000,9.763041102759862
2015-03-26T16:13:28.000000,9.78431985783804
2015-03-26T16:13:28.100000,9.781638658295735
2015-03-26T16:13:28.200000,9.775748418250396
2015-03-26T16:13:28.300000,9.765598902340493
2015-03-26T16:13:28.400000,9.766449684473924
2015-03-26T16:13:28.500000,9.761158242306768
2015-03-26T16:13:28.600000,9.768982057469536
2015-03-26T16:13:28.700000,9.769572278627342
2015-03-26T16:13:28.800000,9.752242148512789
2015-03-26T16:13:28.900000,9.740849979688166
2015-03-26T16:13:29.000000,9.738903610718737
2015-03-26T16:13:29.100000,9.768967404591258
2015-03-26T16:13:29.200000,9.772957818035344
2015-03-26T16:13:29.300000,9.754972411569968
2015-03-26T16:13:29.400000,9.744670240235118
2015-03-26T16:13:29.500000,9.767867120513731
2015-03-26T16:13:29.600000,9.770597674365511
2015-03-26T16:13:29.700000,9.76479272905389
2015-03-26T16:13:29.800000,9.779048002359826
2015-03-26T16:13:29.900000,9.800183428809
2015-03-26T16:13:30.000000,9.798082322721182
2015-03-26T16:13:30.100000,9.793074865953344
2015-03-26T16:13:30.200000,9.781220043263804
2015-03-26T16:13:30.300000,9.794583010423944
2015-03-26T16:13:30.400000,9.79859107530304
2015-03-26T16:13:30.500000,9.790846565569042
2015-03-26T16:13:30.600000,9.764525015666486
2015-03-26T16:13:30.700000,9.76866964462336
2015-03-26T16:13:30.800000,9.780024025770564
2015-03-26T16:13:30.900000,9.77703589291314
2015-03-26T16:13:31.000000,9.7767455204445
2015-03-26T16:13:31.100000,9.79528320045908
2015-03-26T16:13:31.200000,9.79492720639768
2015-03-26T16:13:31.300000,9.791239403509978
2015-03-26T16:13:31.400000,9.7978235344332
2015-03-26T16:13:31.500000,9.800707394910768
2015-03-26T16:13:31.600000,9.79674833292414
2015-03-26T16:13:31.700000,9.801082321507684
2015-03-26T16:13:31.800000,9.789955386858578
2015-03-26T16:13:31.900000,9.776048087616466
2015-03-26T16:13:32.000000,9.768936437098802
2015-03-26T16:13:32.100000,9.751457481950098
2015-03-26T16:13:32.200000,9.749537283469412
2015-03-26T16:13:32.300000,9.753139424009277
2015-03-26T16:13:32.400000,9.7737090479033
2015-03-26T16:13:32.500000,9.775181993740215
2015-03-26T16:13:32.600000,9.77353232956876
2015-03-26T16:13:32.700000,9.75348556426708
2015-03-26T16:13:32.800000,9.754087812429256
2015-03-26T16:13:32.900000,9.779295466060775
2015-03-26T16:13:33.000000,9.790416395118964
2015-03-26T16:13:33.100000,9.767599558139535
2015-03-26T16:13:33.200000,9.761952372918245
2015-03-26T16:13:33.300000,9.769907574607908
2015-03-26T16:13:33.400000,9.745114353469134
2015-03-26T16:13:33.500000,9.759298894321905
2015-03-26T16:13:33.600000,9.75731918038798
2015-03-26T16:13:33.700000,9.748247003977148
2015-03-26T16:13:33.800000,9.734702055499572
2015-03-26T16:13:33.900000,9.743271733170344
2015-03-26T16:13:34.000000,9.734488241067968
2015-03-26T16:13:34.100000,9.72131857694774
2015-03-26T16:13:34.200000,9.736066701698128
2015-03-26T16:13:34.300000,9.716879686848433
2015-03-26T16:13:34.400000,9.712071760828495
2015-03-26T16:13:34.500000,9.73033710875421
2015-03-26T16:13:34.600000,9.755128389841849
2015-03-26T16:13:34.700000,9.738965307444312
2015-03-26T16:13:34.800000,9.745057314687454
2015-03-26T16:13:34.900000,9.754944684343622
2015-03-26T16:13:35.000000,9.740851907828626
2015-03-26T16:13:35.100000,9.764524857168112
2015-03-26T16:13:35.200000,9.765803704947796
2015-03-26T16:13:35.300000,9.764971483468742
2015-03-26T16:13:35.400000,9.7636203815312
2015-03-26T16:13:35.500000,9.770372504970776
2015-03-26T16:13:35.600000,9.769406141882506
2015-03-26T16:13:35.700000,9.767889883164528
2015-03-26T16:13:35.800000,9.764794184305725
2015-03-26T16:13:35.900000,9.763219685138353
2015-03-26T16:13:36.000000,9.764674880970526
2015-03-26T16:13:36.100000,9.769091755826103
2015-03-26T16:13:36.200000,9.779522095128568
2015-03-26T16:13:36.300000,9.79629252816065
2015-03-26T16:13:36.400000,9.817720978530623
2015-03-26T16:13:36.500000,9.818937408285125
2015-03-26T16:13:36.600000,9.820153506725694
2015-03-26T16:13:36.700000,9.82136975884317
2015-03-26T16:13:36.800000,9.816121782237271
2015-03-26T16:13:36.900000,9.809682772384168
2015-03-26T16:13:37.000000,9.78870047583606
2015-03-26T16:13:37.100000,9.7868236330445
2015-03-26T16:13:37.200000,9.799624281326528
2015-03-26T16:13:37.300000,9.789608733295388
2015-03-26T16:13:37.400000,9.805119689252102
2015-03-26T16:13:37.500000,9.802200170930314
2015-03-26T16:13:37.600000,9.806109810338228
2015-03-26T16:13:37.700000,9.8082857054658
2015-03-26T16:13:37.800000,9.800445253039085
2015-03-26T16:13:37.900000,9.792283777360684
2015-03-26T16:13:38.000000,9.795450637484391
2015-03-26T16:13:38.100000,9.790404773645054
2015-03-26T16:13:38.200000,9.786070815950175
2015-03-26T16:13:38.300000,9.786008711374368
2015-03-26T16:13:38.400000,9.781864425613245
2015-03-26T16:13:38.500000,9.771454978350071
2015-03-26T16:13:38.600000,9.77392376356011
2015-03-26T16:13:38.700000,9.748885433149496
2015-03-26T16:13:38.800000,9.749993198853751
2015-03-26T16:13:38.900000,9.770651812359947
2015-03-26T16:13:39.000000,9.766398394292796
2015-03-26T16:13:39.100000,9.75713589762647
2015-03-26T16:13:39.200000,9.757672701827149
2015-03-26T16:13:39.300000,9.761139282414549
2015-03-26T16:13:39.400000,9.762946772626226
2015-03-26T16:13:39.500000,9.75237874307397
2015-03-26T16:13:39.600000,9.722036892832731
2015-03-26T16:13:39.700000,9.72794421575585
2015-03-26T16:13:39.800000,9.761052783338185
2015-03-26T16:13:39.900000,9.763295977784075
2015-03-26T16:13:40.000000,9.752349099626633
2015-03-26T16:13:40.100000,9.734798798947784
2015-03-26T16:13:40.200000,9.743603877045246
2015-03-26T16:13:40.300000,9.754760255796834
2015-03-26T16:13:40.400000,9.752737528296969
2015-03-26T16:13:40.500000,9.747274282291755
2015-03-26T16:13:40.600000,9.74181440970649
2015-03-26T16:13:40.700000,9.737881708239032
2015-03-26T16:13:40.800000,9.743347847238732
2015-03-26T16:13:40.900000,9.757900092313015
2015-03-26T16:13:41.000000,9.766826246014874
2015-03-26T16:13:41.100000,9.764537892064752
2015-03-26T16:13:41.200000,9.758991469613104
2015-03-26T16:13:41.300000,9.787133049434328
2015-03-26T16:13:41.400000,9.79335591929117
2015-03-26T16:13:41.500000,9.799578446873804
2015-03-26T16:13:41.600000,9.792342022723073
2015-03-26T16:13:41.700000,9.763254226492943
2015-03-26T16:13:41.800000,9.762755271298422
2015-03-26T16:13:41.900000,9.767184528134706
2015-03-26T16:13:42.000000,9.80949006021852
2015-03-26T16:13:42.100000,9.791795240708346
2015-03-26T16:13:42.200000,9.795470508077893
2015-03-26T16:13:42.300000,9.799146240644124
2015-03-26T16:13:42.400000,9.78503446062726
2015-03-26T16:13:42.500000,9.773918567434013
2015-03-26T16:13:42.600000,9.781776019218356
2015-03-26T16:13:42.700000,9.783517018837404
2015-03-26T16:13:42.800000,9.777332989622304
2015-03-26T16:13:42.900000,9.75564273297687
2015-03-26T16:13:43.000000,9.745476382880316
2015-03-26T16:13:43.100000,9.749395812138577
2015-03-26T16:13:43.200000,9.753316583237671
2015-03-26T16:13:43.300000,9.75878334657044
2015-03-26T16:13:43.400000,9.768886912216832
2015-03-26T16:13:43.500000,9.775241950524183
2015-03-26T16:13:43.600000,9.775968625327351
2015-03-26T16:13:43.700000,9.776694363681733
2015-03-26T16:13:43.800000,9.777419465873184
2015-03-26T16:13:43.900000,9.778144043944534
2015-03-26T16:13:44.000000,9.77781591905619
2015-03-26T16:13:44.100000,9.7754445554833
2015-03-26T16:13:44.200000,9.773072784453136
2015-03-26T16:13:44.300000,9.741587108195423
2015-03-26T16:13:44.400000,9.73745641356627
2015-03-26T16:13:44.500000,9.740601977416487
2015-03-26T16:13:44.600000,9.752370727694991
2015-03-26T16:13:44.700000,9.732636947637584
2015-03-26T16:13:44.800000,9.72077131922038
2015-03-26T16:13:44.900000,9.73112151667872
2015-03-26T16:13:45.000000,9.74283690648484
2015-03-26T16:13:45.100000,9.772682565248443
2015-03-26T16:13:45.200000,9.774035982239678
2015-03-26T16:13:45.300000,9.775388389875411
2015-03-26T16:13:45.400000,9.777370638803411
2015-03-26T16:13:45.500000,9.776707350637995
2015-03-26T16:13:45.600000,9.759756808020777
2015-03-26T16:13:45.700000,9.775564893336126
2015-03-26T16:13:45.800000,9.770993066394638
2015-03-26T16:13:45.900000,9.772095597587509
2015-03-26T16:13:46.000000,9.773198314113978
2015-03-26T16:13:46.100000,9.776636292033354
2015-03-26T16:13:46.200000,9.7864312698238
2015-03-26T16:13:46.300000,9.789325411514069
2015-03-26T16:13:46.400000,9.797734554219016
2015-03-26T16:13:46.500000,9.785560447329534
2015-03-26T16:13:46.600000,9.797157866724106
2015-03-26T16:13:46.700000,9.790841003768202
2015-03-26T16:13:46.800000,9.78517202423307
2015-03-26T16:13:46.900000,9.803246500913447
2015-03-26T16:13:47.000000,9.783271623264229
2015-03-26T16:13:47.100000,9.79028634604166
2015-03-26T16:13:47.200000,9.797009066252349
2015-03-26T16:13:47.300000,9.800409888189224
2015-03-26T16:13:47.400000,9.796006755188728
2015-03-26T16:13:47.500000,9.784538742532623
2015-03-26T16:13:47.600000,9.782255408652745
2015-03-26T16:13:47.700000,9.795889496240289
2015-03-26T16:13:47.800000,9.81283987242595
2015-03-26T16:13:47.900000,9.77769923644579
2015-03-26T16:13:48.000000,9.79624671948463
2015-03-26T16:13:48.100000,9.7946797748878
2015-03-26T16:13:48.200000,9.777923014880072
2015-03-26T16:13:48.300000,9.764118920175967
2015-03-26T16:13:48.400000,9.755715851815664
2015-03-26T16:13:48.500000,9.75555134294692
2015-03-26T16:13:48.600000,9.761050137675976
2015-03-26T16:13:48.700000,9.761336056857935
2015-03-26T16:13:48.800000,9.747305698134738
2015-03-26T16:13:48.900000,9.733447443508858
2015-03-26T16:13:49.000000,9.722572818279012
2015-03-26T16:13:49.100000,9.728287064484489
2015-03-26T16:13:49.200000,9.72236516881084
2015-03-26T16:13:49.300000,9.708758137887274
2015-03-26T16:13:49.400000,9.71265733474964
2015-03-26T16:13:49.500000,9.727060565955467
2015-03-26T16:13:49.600000,9.738738280146157
2015-03-26T16:13:49.700000,9.742952760195733
2015-03-26T16:13:49.800000,9.742954248203404
2015-03-26T16:13:49.900000,9.738803470259224
2015-03-26T16:13:50.000000,9.73528536675632
2015-03-26T16:13:50.100000,9.737305493802609
2015-03-26T16:13:50.200000,9.754975417140258
2015-03-26T16:13:50.300000,9.75539299152864
2015-03-26T16:13:50.400000,9.75475778479529
2015-03-26T16:13:50.500000,9.742451918020423
2015-03-26T16:13:50.600000,9.736688030995555
2015-03-26T16:13:50.700000,9.738866741926984
2015-03-26T16:13:50.800000,9.748793795431949
2015-03-26T16:13:50.900000,9.754590130684198
2015-03-26T16:13:51.000000,9.769106515351549
2015-03-26T16:13:51.100000,9.773411818671494
2015-03-26T16:13:51.200000,9.768597563065748
2015-03-26T16:13:51.300000,9.758002639762893
2015-03-26T16:13:51.400000,9.779723406601256
2015-03-26T16:13:51.500000,9.780992436843553
2015-03-26T16:13:51.600000,9.778673278029542
2015-03-26T16:13:51.700000,9.791280362898664
2015-03-26T16:13:51.800000,9.789746920673846
2015-03-26T16:13:51.900000,9.779699718742162
2015-03-26T16:13:52.000000,9.7719613546405
2015-03-26T16:13:52.100000,9.769130853624436
2015-03-26T16:13:52.200000,9.766301777986923
2015-03-26T16:13:52.300000,9.763701733703297
2015-03-26T16:13:52.400000,9.762499830509364
2015-03-26T16:13:52.500000,9.76187997189806
2015-03-26T16:13:52.600000,9.766443851268413
2015-03-26T16:13:52.700000,9.771005199397482
2015-03-26T16:13:52.800000,9.776565685355502
2015-03-26T16:13:52.900000,9.78390170625566
2015-03-26T16:13:53.000000,9.789437457437057
2015-03-26T16:13:53.100000,9.7890518001056
2015-03-26T16:13:53.200000,9.78345968058455
2015-03-26T16:13:53.300000,9.777767863440554
2015-03-26T16:13:53.400000,9.77396790791251
2015-03-26T16:13:53.500000,9.77418978101416
2015-03-26T16:13:53.600000,9.77533573184955
2015-03-26T16:13:53.700000,9.77752192858278
2015-03-26T16:13:53.800000,9.780483820514538
2015-03-26T16:13:53.900000,9.78563818957593
2015-03-26T16:13:54.000000,9.784610908242904
2015-03-26T16:13:54.100000,9.776486976695386
2015-03-26T16:13:54.200000,9.770406636128191
2015-03-26T16:13:54.300000,9.759521240737962
2015-03-26T16:13:54.400000,9.777160347944712
2015-03-26T16:13:54.500000,9.784002301915526
2015-03-26T16:13:54.600000,9.778191894190078
2015-03-26T16:13:54.700000,9.780715033980243
2015-03-26T16:13:54.800000,9.786139335912962
2015-03-26T16:13:54.900000,9.791567596743215
2015-03-26T16:13:55.000000,9.793751202474413
2015-03-26T16:13:55.100000,9.790624103631169
2015-03-26T16:13:55.200000,9.785945096295931
2015-03-26T16:13:55.300000,9.781267561301789
2015-03-26T16:13:55.400000,9.77659232613264
2015-03-26T16:13:55.500000,9.776043452866425
2015-03-26T16:13:55.600000,9.78467262258595
2015-03-26T16:13:55.700000,9.7897350478685
2015-03-26T16:13:55.800000,9.777305223388112
2015-03-26T16:13:55.900000,9.774254995379328
2015-03-26T16:13:56.000000,9.757095760763866
2015-03-26T16:13:56.100000,9.755960341599836
2015-03-26T16:13:56.200000,9.788609496978918
2015-03-26T16:13:56.300000,9.79309663250861
2015-03-26T16:13:56.400000,9.790571722784804
2015-03-26T16:13:56.500000,9.790794962710644
2015-03-26T16:13:56.600000,9.782532520567798
2015-03-26T16:13:56.700000,9.768398650837634
2015-03-26T16:13:56.800000,9.771978937507198
2015-03-26T16:13:56.900000,9.759819180261829
2015-03-26T16:13:57.000000,9.769891699258654
2015-03-26T16:13:57.100000,9.766091127993173
2015-03-26T16:13:57.200000,9.76258158771354
2015-03-26T16:13:57.300000,9.752169575933712
2015-03-26T16:13:57.400000,9.74216889167094
2015-03-26T16:13:57.500000,9.750747179431606
2015-03-26T16:13:57.600000,9.741046321856311
2015-03-26T16:13:57.700000,9.749197223677108
2015-03-26T16:13:57.800000,9.747243569819894
2015-03-26T16:13:57.900000,9.742548212887051
2015-03-26T16:13:58.000000,9.73362326573421
2015-03-26T16:13:58.100000,9.744962258339172
2015-03-26T16:13:58.200000,9.739530927251243
2015-03-26T16:13:58.300000,9.73596653591554
2015-03-26T16:13:58.400000,9.724852270477296
2015-03-26T16:13:58.500000,9.724062078727911
2015-03-26T16:13:58.600000,9.72458976248281
2015-03-26T16:13:58.700000,9.725119744717457
2015-03-26T16:13:58.800000,9.727425814770005
2015-03-26T16:13:58.900000,9.739649933632226
2015-03-26T16:13:59.000000,9.743526023827611
2015-03-26T16:13:59.100000,9.746186349672838
2015-03-26T16:13:59.200000,9.74658911825832
2015-03-26T16:13:59.300000,9.746990488932417
2015-03-26T16:13:59.400000,9.747391060002426
2015-03-26T16:13:59.500000,9.74858909630654
2015-03-26T16:13:59.600000,9.754171260133967
2015-03-26T16:13:59.700000,9.760707150670784
2015-03-26T16:13:59.800000,9.76683769003878
2015-03-26T16:13:59.900000,9.772452195226975
2015-03-26T16:14:00.000000,9.77919241577938
2015-03-26T16:14:00.100000,9.78637207708974
2015-03-26T16:14:00.200000,9.787132385477936
2015-03-26T16:14:00.300000,9.785184228932184
2015-03-26T16:14:00.400000,9.778511190451946
2015-03-26T16:14:00.500000,9.77866484242071
2015-03-26T16:14:00.600000,9.779108328373685
2015-03-26T16:14:00.700000,9.78348082439983
2015-03-26T16:14:00.800000,9.797903846452948
2015-03-26T16:14:00.900000,9.795080999061192
2015-03-26T16:14:01.000000,9.782209662571956
2015-03-26T16:14:01.100000,9.78265186796429
2015-03-26T16:14:01.200000,9.792528944172345
2015-03-26T16:14:01.300000,9.794709210346806
2015-03-26T16:14:01.400000,9.777943246986691
2015-03-26T16:14:01.500000,9.775897451434036
2015-03-26T16:14:01.600000,9.760248353336891
2015-03-26T16:14:01.700000,9.754113372075816
2015-03-26T16:14:01.800000,9.75837916111934
2015-03-26T16:14:01.900000,9.768299133914232
2015-03-26T16:14:02.000000,9.772251549596502
2015-03-26T16:14:02.100000,9.7611869951718
2015-03-26T16:14:02.200000,9.769133588931645
2015-03-26T16:14:02.300000,9.760268335888608
2015-03-26T16:14:02.400000,9.737078427832902
2015-03-26T16:14:02.500000,9.733193885144818
2015-03-26T16:14:02.600000,9.73630481064988
2015-03-26T16:14:02.700000,9.739861847501343
2015-03-26T16:14:02.800000,9.74468828729319
2015-03-26T16:14:02.900000,9.75375976432776
2015-03-26T16:14:03.000000,9.755467844080904
2015-03-26T16:14:03.100000,9.757176521114165
2015-03-26T16:14:03.200000,9.758885820642687
2015-03-26T16:14:03.300000,9.756854778691768
2015-03-26T16:14:03.400000,9.755766068174635
2015-03-26T16:14:03.500000,9.759799316684829
2015-03-26T16:14:03.600000,9.75428171541664
2015-03-26T16:14:03.700000,9.732895118173394
2015-03-26T16:14:03.800000,9.758806976139851
2015-03-26T16:14:03.900000,9.771159477465774
2015-03-26T16:14:04.000000,9.770679599798145
2015-03-26T16:14:04.100000,9.768878496745453
2015-03-26T16:14:04.200000,9.763418400524811
2015-03-26T16:14:04.300000,9.77874673292138
2015-03-26T16:14:04.400000,9.77971645786389
2015-03-26T16:14:04.500000,9.791786750037843
2015-03-26T16:14:04.600000,9.794157438106316
2015-03-26T16:14:04.700000,9.776703233911254
2015-03-26T16:14:04.800000,9.7877455442138
2015-03-26T16:14:04.900000,9.796314613486825
2015-03-26T16:14:05.000000,9.783589304194814
2015-03-26T16:14:05.100000,9.77721140227753
2015-03-26T16:14:05.200000,9.791791831750055
2015-03-26T16:14:05.300000,9.785037752534022
2015-03-26T16:14:05.400000,9.780737578755271
2015-03-26T16:14:05.500000,9.78856729450792
2015-03-26T16:14:05.600000,9.793593724648188
2015-03-26T16:14:05.700000,9.789775698949754
2015-03-26T16:14:05.800000,9.786545766861323
2015-03-26T16:14:05.900000,9.79221204007195
2015-03-26T16:14:06.000000,9.81904180197179
2015-03-26T16:14:06.100000,9.823409945589216
2015-03-26T16:14:06.200000,9.81791833690743
2015-03-26T16:14:06.300000,9.78036566614829
2015-03-26T16:14:06.400000,9.769193665479063
2015-03-26T16:14:06.500000,9.768436061122484
2015-03-26T16:14:06.600000,9.764321600030286
2015-03-26T16:14:06.700000,9.770312927694016
2015-03-26T16:14:06.800000,9.781325317219917
2015-03-26T16:14:06.900000,9.77323971587124
2015-03-26T16:14:07.000000,9.769961178047648
2015-03-26T16:14:07.100000,9.75484766158266
2015-03-26T16:14:07.200000,9.744477419222424
2015-03-26T16:14:07.300000,9.74538496808462
2015-03-26T16:14:07.400000,9.742441823520302
2015-03-26T16:14:07.500000,9.730028364689414
2015-03-26T16:14:07.600000,9.725033224743084
2015-03-26T16:14:07.700000,9.762461863489069
2015-03-26T16:14:07.800000,9.763114904435858
2015-03-26T16:14:07.900000,9.750187155082545
2015-03-26T16:14:08.000000,9.74432669598444
2015-03-26T16:14:08.100000,9.74488877146286
2015-03-26T16:14:08.200000,9.74795851623337
2015-03-26T16:14:08.300000,9.745466391432968
2015-03-26T16:14:08.400000,9.735482453055493
2015-03-26T16:14:08.500000,9.760939888343524
2015-03-26T16:14:08.600000,9.762266548338376
2015-03-26T16:14:08.700000,9.760692226925167
2015-03-26T16:14:08.800000,9.761001483631176
2015-03-26T16:14:08.900000,9.762616752745108
2015-03-26T16:14:09.000000,9.757767239519092
2015-03-26T16:14:09.100000,9.758323637707347
2015-03-26T16:14:09.200000,9.765316009647515
2015-03-26T16:14:09.300000,9.755327586405445
2015-03-26T16:14:09.400000,9.757767750814171
2015-03-26T16:14:09.500000,9.760207195447808
2015-03-26T16:14:09.600000,9.762646553153273
2015-03-26T16:14:09.700000,9.793401146813355
2015-03-26T16:14:09.800000,9.808210883807982
2015-03-26T16:14:09.900000,9.781803734985198
2015-03-26T16:14:10.000000,9.79086825119024
2015-03-26T16:14:10.100000,9.79993739912396
2015-03-26T16:14:10.200000,9.809011352358445
2015-03-26T16:14:10.300000,9.798195826051469
2015-03-26T16:14:10.400000,9.78704683700725
2015-03-26T16:14:10.500000,9.786556824238556
2015-03-26T16:14:10.600000,9.786066274359372
2015-03-26T16:14:10.700000,9.78557540427959
2015-03-26T16:14:10.800000,9.788877292821132
2015-03-26T16:14:10.900000,9.78578914639215
2015-03-26T16:14:11.000000,9.792920365263395
2015-03-26T16:14:11.100000,9.7980051215126
2015-03-26T16:14:11.200000,9.78375742490294
2015-03-26T16:14:11.300000,9.798065474057806
2015-03-26T16:14:11.400000,9.794570577322748
2015-03-26T16:14:11.500000,9.795458059223265
2015-03-26T16:14:11.600000,9.80144530845351
2015-03-26T16:14:11.700000,9.80113413303058
2015-03-26T16:14:11.800000,9.77937616655176
2015-03-26T16:14:11.900000,9.766683897077243
2015-03-26T16:14:12.000000,9.757302305124586
2015-03-26T16:14:12.100000,9.752452162951352
2015-03-26T16:14:12.200000,9.74835131333567
2015-03-26T16:14:12.300000,9.736024498608812
2015-03-26T16:14:12.400000,9.73692126465563
2015-03-26T16:14:12.500000,9.761035665191118
2015-03-26T16:14:12.600000,9.767618888311116
2015-03-26T16:14:12.700000,9.76009236568809
2015-03-26T16:14:12.800000,9.731482283321188
2015-03-26T16:14:12.900000,9.749082849681129
2015-03-26T16:14:13.000000,9.764122026834148
2015-03-26T16:14:13.100000,9.76039303948412
2015-03-26T16:14:13.200000,9.748761932340132
2015-03-26T16:14:13.300000,9.742593162070303
2015-03-26T16:14:13.400000,9.744550297595405
2015-03-26T16:14:13.500000,9.75163736973504
2015-03-26T16:14:13.600000,9.74086554795656
2015-03-26T16:14:13.700000,9.749570079847254
2015-03-26T16:14:13.800000,9.755584018222464
2015-03-26T16:14:13.900000,9.759522702017534
2015-03-26T16:14:14.000000,9.760650842505806
2015-03-26T16:14:14.100000,9.7590219548592
2015-03-26T16:14:14.200000,9.764081924631473
2015-03-26T16:14:14.300000,9.77131245835803
2015-03-26T16:14:14.400000,9.762242588936632
2015-03-26T16:14:14.500000,9.74909306474432
2015-03-26T16:14:14.600000,9.745180157258169
2015-03-26T16:14:14.700000,9.768198672156338
2015-03-26T16:14:14.800000,9.76999927956471
2015-03-26T16:14:14.900000,9.77719432079185
2015-03-26T16:14:15.000000,9.781031971018422
2015-03-26T16:14:15.100000,9.795407344567543
2015-03-26T16:14:15.200000,9.79721637556522
2015-03-26T16:14:15.300000,9.797669560993471
2015-03-26T16:14:15.400000,9.796367417520743
2015-03-26T16:14:15.500000,9.779228085429835
2015-03-26T16:14:15.600000,9.772865635225063
2015-03-26T16:14:15.700000,9.7737572026006
2015-03-26T16:14:15.800000,9.77824872755783
2015-03-26T16:14:15.900000,9.783650193579618
2015-03-26T16:14:16.000000,9.793892501086706
2015-03-26T16:14:16.100000,9.78623205355118
2015-03-26T16:14:16.200000,9.777979949972975
2015-03-26T16:14:16.300000,9.779475605243809
2015-03-26T16:14:16.400000,9.787272881055172
2015-03-26T16:14:16.500000,9.789637094753644
2015-03-26T16:14:16.600000,9.80639283591202
2015-03-26T16:14:16.700000,9.812065423762157
2015-03-26T16:14:16.800000,9.793095654091418
2015-03-26T16:14:16.900000,9.776069723729904
2015-03-26T16:14:17.000000,9.781962238519244
2015-03-26T16:14:17.100000,9.770138373875032
2015-03-26T16:14:17.200000,9.761682208947612
2015-03-26T16:14:17.300000,9.763952695676776
2015-03-26T16:14:17.400000,9.75172726495581
2015-03-26T16:14:17.500000,9.757087757305587
2015-03-26T16:14:17.600000,9.74683180863832
2015-03-26T16:14:17.700000,9.775535481046646
2015-03-26T16:14:17.800000,9.766636422694178
2015-03-26T16:14:17.900000,9.749753279294602
2015-03-26T16:14:18.000000,9.73209442758691
2015-03-26T16:14:18.100000,9.748729595714604
2015-03-26T16:14:18.200000,9.717717120335998
2015-03-26T16:14:18.300000,9.75275986241992
2015-03-26T16:14:18.400000,9.747617332695675
2015-03-26T16:14:18.500000,9.748308862537469
2015-03-26T16:14:18.600000,9.751045714967576
2015-03-26T16:14:18.700000,9.744495646224305
2015-03-26T16:14:18.800000,9.748660577302305
2015-03-26T16:14:18.900000,9.750527713853971
2015-03-26T16:14:19.000000,9.754304360647426
2015-03-26T16:14:19.100000,9.740273369527278
2015-03-26T16:14:19.200000,9.749331014166582
2015-03-26T16:14:19.300000,9.758391147973882
2015-03-26T16:14:19.400000,9.756538670633732
2015-03-26T16:14:19.500000,9.74858096179151
2015-03-26T16:14:19.600000,9.766902437785705
2015-03-26T16:14:19.700000,9.77615217533072
2015-03-26T16:14:19.800000,9.77528240435314
2015-03-26T16:14:19.900000,9.76982989779037
2015-03-26T16:14:20.000000,9.754735764437015
2015-03-26T16:14:20.100000,9.765382777389425
2015-03-26T16:14:20.200000,9.795197300237996
2015-03-26T16:14:20.300000,9.790773287406829
2015-03-26T16:14:20.400000,9.785530519650491
2015-03-26T16:14:20.500000,9.780698870962585
2015-03-26T16:14:20.600000,9.784236512987407
2015-03-26T16:14:20.700000,9.7877750530143
2015-03-26T16:14:20.800000,9.791314967876014
2015-03-26T16:14:20.900000,9.792339631109003
2015-03-26T16:14:21.000000,9.78630331450091
2015-03-26T16:14:21.100000,9.76442018670624
2015-03-26T16:14:21.200000,9.771291419091542
2015-03-26T16:14:21.300000,9.802054699767863
2015-03-26T16:14:21.400000,9.78029914975164
2015-03-26T16:14:21.500000,9.815765053312946
2015-03-26T16:14:21.600000,9.820310501185762
2015-03-26T16:14:21.700000,9.799442665269767
2015-03-26T16:14:21.800000,9.772218753280931
2015-03-26T16:14:21.900000,9.795070038587143
2015-03-26T16:14:22.000000,9.80586592510361
2015-03-26T16:14:22.100000,9.791178183599788
2015-03-26T16:14:22.200000,9.79262537854989
2015-03-26T16:14:22.300000,9.79342118362866
2015-03-26T16:14:22.400000,9.747604744223738
2015-03-26T16:14:22.500000,9.745825941559398
2015-03-26T16:14:22.600000,9.767855631697786
2015-03-26T16:14:22.700000,9.785547142606214
2015-03-26T16:14:22.800000,9.76178645211568
2015-03-26T16:14:22.900000,9.761654516351957
2015-03-26T16:14:23.000000,9.762096545100992
2015-03-26T16:14:23.100000,9.761080054593975
2015-03-26T16:14:23.200000,9.76634760545163
2015-03-26T16:14:23.300000,9.751703298235611
2015-03-26T16:14:23.400000,9.743742847913188
2015-03-26T16:14:23.500000,9.744373377874457
2015-03-26T16:14:23.600000,9.73775889903978
2015-03-26T16:14:23.700000,9.74104844022848
2015-03-26T16:14:23.800000,9.748816579530178
2015-03-26T16:14:23.900000,9.75935893505984
2015-03-26T16:14:24.000000,9.773096697271464
2015-03-26T16:14:24.100000,9.747151475889238
2015-03-26T16:14:24.200000,9.746573449717449
2015-03-26T16:14:24.300000,9.761305612780422
2015-03-26T16:14:24.400000,9.742325532261352
2015-03-26T16:14:24.500000,9.742062287965998
2015-03-26T16:14:24.600000,9.74284605312673
2015-03-26T16:14:24.700000,9.753137940453604
2015-03-26T16:14:24.800000,9.759909221168137
2015-03-26T16:14:24.900000,9.75339976635798
2015-03-26T16:14:25.000000,9.754630346132297
2015-03-26T16:14:25.100000,9.772793254203266
2015-03-26T16:14:25.200000,9.773529244164834
2015-03-26T16:14:25.300000,9.760203582360084
2015-03-26T16:14:25.400000,9.75375765538673
2015-03-26T16:14:25.500000,9.751082426014548
2015-03-26T16:14:25.600000,9.752422135001678
2015-03-26T16:14:25.700000,9.755617494634308
2015-03-26T16:14:25.800000,9.75963635893002
2015-03-26T16:14:25.900000,9.764247360929613
2015-03-26T16:14:26.000000,9.76455384200864
2015-03-26T16:14:26.100000,9.756826757708758
2015-03-26T16:14:26.200000,9.74910033661381
2015-03-26T16:14:26.300000,9.757966898617488
2015-03-26T16:14:26.400000,9.775998398416606
2015-03-26T16:14:26.500000,9.772287662702476
2015-03-26T16:14:26.600000,9.76452571457456
2015-03-26T16:14:26.700000,9.778345535247205
2015-03-26T16:14:26.800000,9.77767891239603
2015-03-26T16:14:26.900000,9.777011728166398
2015-03-26T16:14:27.000000,9.769843042525594
2015-03-26T16:14:27.100000,9.77015839907714
2015-03-26T16:14:27.200000,9.765784136473204
2015-03-26T16:14:27.300000,9.768640098215638
2015-03-26T16:14:27.400000,9.765307459094018
2015-03-26T16:14:27.500000,9.760739406943854
2015-03-26T16:14:27.600000,9.765116305723025
2015-03-26T16:14:27.700000,9.769492771804634
2015-03-26T16:14:27.800000,9.780632707992654
2015-03-26T16:14:27.900000,9.783228824939933
2015-03-26T16:14:28.000000,9.78306382323596
2015-03-26T16:14:28.100000,9.765777862369143
2015-03-26T16:14:28.200000,9.755441229992677
2015-03-26T16:14:28.300000,9.75663339993881
2015-03-26T16:14:28.400000,9.754453510662769
2015-03-26T16:14:28.500000,9.750246376028846
2015-03-26T16:14:28.600000,9.768366098520184
2015-03-26T16:14:28.700000,9.769459560620366
2015-03-26T16:14:28.800000,9.770552243943133
2015-03-26T16:14:28.900000,9.771645379126976
2015-03-26T16:14:29.000000,9.77273931181105
2015-03-26T16:14:29.100000,9.773834179226512
2015-03-26T16:14:29.200000,9.77357775182766
2015-03-26T16:14:29.300000,9.766263085203269
2015-03-26T16:14:29.400000,9.76507405027295
2015-03-26T16:14:29.500000,9.784650042209757
2015-03-26T16:14:29.600000,9.779162660754684
2015-03-26T16:14:29.700000,9.771604493818382
2015-03-26T16:14:29.800000,9.748460300049716
2015-03-26T16:14:29.900000,9.758762702428909
2015-03-26T16:14:30.000000,9.774441027974952
2015-03-26T16:14:30.100000,9.776202759080135
2015-03-26T16:14:30.200000,9.769212290152602
2015-03-26T16:14:30.300000,9.77084771191835
2015-03-26T16:14:30.400000,9.759974426421252
2015-03-26T16:14:30.500000,9.759274358560752
2015-03-26T16:14:30.600000,9.762392526990585
2015-03-26T16:14:30.700000,9.76119941509054
2015-03-26T16:14:30.800000,9.753267893790929
2015-03-26T16:14:30.900000,9.752240807754296
2015-03-26T16:14:31.000000,9.744704748322055
2015-03-26T16:14:31.100000,9.745945095882346
2015-03-26T16:14:31.200000,9.750541406039892
2015-03-26T16:14:31.300000,9.759242549676468
2015-03-26T16:14:31.400000,9.76223344801819
2015-03-26T16:14:31.500000,9.757007203916872
2015-03-26T16:14:31.600000,9.748995244709368
2015-03-26T16:14:31.700000,9.750738210795152
2015-03-26T16:14:31.800000,9.742410992284045
2015-03-26T16:14:31.900000,9.75839472840773
2015-03-26T16:14:32.000000,9.773752104489398
2015-03-26T16:14:32.100000,9.773414458549691
2015-03-26T16:14:32.200000,9.759562089156589
2015-03-26T16:14:32.300000,9.745706322398211
2015-03-26T16:14:32.400000,9.740906723002734
2015-03-26T16:14:32.500000,9.76283816785207
2015-03-26T16:14:32.600000,9.771349794615125
2015-03-26T16:14:32.700000,9.78064172238963
2015-03-26T16:14:32.800000,9.760747139822165
2015-03-26T16:14:32.900000,9.75812411408426
2015-03-26T16:14:33.000000,9.75799828329421
2015-03-26T16:14:33.100000,9.75895025549116
2015-03-26T16:14:33.200000,9.760739469366422
2015-03-26T16:14:33.300000,9.76468484590148
2015-03-26T16:14:33.400000,9.7689016292528
2015-03-26T16:14:33.500000,9.770570331636586
2015-03-26T16:14:33.600000,9.767023741601506
2015-03-26T16:14:33.700000,9.7754076455676
2015-03-26T16:14:33.800000,9.7803162686214
2015-03-26T16:14:33.900000,9.773144419448402
2015-03-26T16:14:34.000000,9.760682194503556
2015-03-26T16:14:34.100000,9.77372491674952
2015-03-26T16:14:34.200000,9.783912647726256
2015-03-26T16:14:34.300000,9.788734314381353
2015-03-26T16:14:34.400000,9.789105082787575
2015-03-26T16:14:34.500000,9.789475675528482
2015-03-26T16:14:34.600000,9.788833990299002
2015-03-26T16:14:34.700000,9.780811804503475
2015-03-26T16:14:34.800000,9.78219255380115
2015-03-26T16:14:34.900000,9.78287280129128
2015-03-26T16:14:35.000000,9.76947842788753
2015-03-26T16:14:35.100000,9.765718772353518
2015-03-26T16:14:35.200000,9.765463546057076
2015-03-26T16:14:35.300000,9.765651496592165
2015-03-26T16:14:35.400000,9.77022148690447
2015-03-26T16:14:35.500000,9.78591286440894
2015-03-26T16:14:35.600000,9.781281832304735
2015-03-26T16:14:35.700000,9.747964648789711
2015-03-26T16:14:35.800000,9.73883149487914
2015-03-26T16:14:35.900000,9.764304180136532
2015-03-26T16:14:36.000000,9.758742621061106
2015-03-26T16:14:36.100000,9.759183264314832
2015-03-26T16:14:36.200000,9.774642995156167
2015-03-26T16:14:36.300000,9.770103383556282
2015-03-26T16:14:36.400000,9.762619358114186
2015-03-26T16:14:36.500000,9.74735420788441
2015-03-26T16:14:36.600000,9.75725641440393
2015-03-26T16:14:36.700000,9.752008943828056
2015-03-26T16:14:36.800000,9.749579865160046
2015-03-26T16:14:36.900000,9.747940493152113
2015-03-26T16:14:37.000000,9.744048619256684
2015-03-26T16:14:37.100000,9.750870333630584
2015-03-26T16:14:37.200000,9.75813982905297
2015-03-26T16:14:37.300000,9.759767421613171
2015-03-26T16:14:37.400000,9.757594711168274
2015-03-26T16:14:37.500000,9.755791009319246
2015-03-26T16:14:37.600000,9.760020584122335
2015-03-26T16:14:37.700000,9.77107078000594
2015-03-26T16:14:37.800000,9.756974634655586
2015-03-26T16:14:37.900000,9.7663769247495
2015-03-26T16:14:38.000000,9.77680303565824
2015-03-26T16:14:38.100000,9.78378865979584
2015-03-26T16:14:38.200000,9.784389292411005
2015-03-26T16:14:38.300000,9.778291131131995
2015-03-26T16:14:38.400000,9.775196990164735
2015-03-26T16:14:38.500000,9.77480959926448
2015-03-26T16:14:38.600000,9.78233968176616
2015-03-26T16:14:38.700000,9.766191459587914
2015-03-26T16:14:38.800000,9.743469522615934
2015-03-26T16:14:38.900000,9.75365536446085
2015-03-26T16:14:39.000000,9.757579570627914
2015-03-26T16:14:39.100000,9.761503216963105
2015-03-26T16:14:39.200000,9.772936170531295
2015-03-26T16:14:39.300000,9.775905111217757
2015-03-26T16:14:39.400000,9.777875624559778
2015-03-26T16:14:39.500000,9.77862310437776
2015-03-26T16:14:39.600000,9.765195808129372
2015-03-26T16:14:39.700000,9.751344095402024
2015-03-26T16:14:39.800000,9.751069935343189
2015-03-26T16:14:39.900000,9.75079487347566
2015-03-26T16:14:40.000000,9.776311428090663
2015-03-26T16:14:40.100000,9.77690435005189
2015-03-26T16:14:40.200000,9.76726405831698
2015-03-26T16:14:40.300000,9.768577254333415
2015-03-26T16:14:40.400000,9.77150059446777
2015-03-26T16:14:40.500000,9.783061047224583
2015-03-26T16:14:40.600000,9.779796142279976
2015-03-26T16:14:40.700000,9.77442351655762
2015-03-26T16:14:40.800000,9.761492485102767
2015-03-26T16:14:40.900000,9.765008350424532
2015-03-26T16:14:41.000000,9.778799444355183
2015-03-26T16:14:41.100000,9.784758005710282
2015-03-26T16:14:41.200000,9.776714569825316
2015-03-26T16:14:41.300000,9.774525858440835
2015-03-26T16:14:41.400000,9.780499467888042
2015-03-26T16:14:41.500000,9.789124052265173
2015-03-26T16:14:41.600000,9.787551062317249
2015-03-26T16:14:41.700000,9.785977920671376
2015-03-26T16:14:41.800000,9.78440483780179
2015-03-26T16:14:41.900000,9.779352260146387
2015-03-26T16:14:42.000000,9.77546438674912
2015-03-26T16:14:42.100000,9.77943614620891
2015-03-26T16:14:42.200000,9.778201486250468
2015-03-26T16:14:42.300000,9.764458398753687
2015-03-26T16:14:42.400000,9.774055812614188
2015-03-26T16:14:42.500000,9.783601295231794
2015-03-26T16:14:42.600000,9.793139013278656
2015-03-26T16:14:42.700000,9.771087048313502
2015-03-26T16:14:42.800000,9.782006146038722
2015-03-26T16:14:42.900000,9.780472701711137
2015-03-26T16:14:43.000000,9.7714375416404
2015-03-26T16:14:43.100000,9.76523625800036
2015-03-26T16:14:43.200000,9.763876766477258
2015-03-26T16:14:43.300000,9.786377288049136
2015-03-26T16:14:43.400000,9.785167032376544
2015-03-26T16:14:43.500000,9.781423051592142
2015-03-26T16:14:43.600000,9.777260987984002
2015-03-26T16:14:43.700000,9.772848370588784
2015-03-26T16:14:43.800000,9.778855176031836
2015-03-26T16:14:43.900000,9.77915465959573
2015-03-26T16:14:44.000000,9.794689650734869
2015-03-26T16:14:44.100000,9.76055974822316
2015-03-26T16:14:44.200000,9.758443152370427
2015-03-26T16:14:44.300000,9.754268661467735
2015-03-26T16:14:44.400000,9.750794226593646
2015-03-26T16:14:44.500000,9.75621970991543
2015-03-26T16:14:44.600000,9.771445101803392
2015-03-26T16:14:44.700000,9.763086731001666
2015-03-26T16:14:44.800000,9.75937122763808
2015-03-26T16:14:44.900000,9.77556741295044
2015-03-26T16:14:45.000000,9.786649744842869
2015-03-26T16:14:45.100000,9.772907257179174
2015-03-26T16:14:45.200000,9.760624138437208
2015-03-26T16:14:45.300000,9.76407184675544
2015-03-26T16:14:45.400000,9.743672761269378
2015-03-26T16:14:45.500000,9.74087567343866
2015-03-26T16:14:45.600000,9.7529331160454
2015-03-26T16:14:45.700000,9.74348716994032
2015-03-26T16:14:45.800000,9.74551717074652
2015-03-26T16:14:45.900000,9.750585684430035
2015-03-26T16:14:46.000000,9.75115221312767
2015-03-26T16:14:46.100000,9.74422508800232
2015-03-26T16:14:46.200000,9.775979331051415
2015-03-26T16:14:46.300000,9.779609431829918
2015-03-26T16:14:46.400000,9.76320184938431
2015-03-26T16:14:46.500000,9.754150777569151
2015-03-26T16:14:46.600000,9.753586464790352
2015-03-26T16:14:46.700000,9.765808188411278
2015-03-26T16:14:46.800000,9.77659332299094
2015-03-26T16:14:46.900000,9.746075377275178
2015-03-26T16:14:47.000000,9.743529742496928
2015-03-26T16:14:47.100000,9.74704488519135
2015-03-26T16:14:47.200000,9.750557235421244
2015-03-26T16:14:47.300000,9.755792182595624
2015-03-26T16:14:47.400000,9.762007445494222
2015-03-26T16:14:47.500000,9.758313380149428
2015-03-26T16:14:47.600000,9.768975529306168
2015-03-26T16:14:47.700000,9.77250423961359
2015-03-26T16:14:47.800000,9.766952587395986
2015-03-26T16:14:47.900000,9.767398122873322
2015-03-26T16:14:48.000000,9.771777569318164
2015-03-26T16:14:48.100000,9.77243818825498
2015-03-26T16:14:48.200000,9.761454628550716
2015-03-26T16:14:48.300000,9.75995177982652
2015-03-26T16:14:48.400000,9.764446013602264
2015-03-26T16:14:48.500000,9.774734222638836
2015-03-26T16:14:48.600000,9.774448843312175
2015-03-26T16:14:48.700000,9.756760138232696
2015-03-26T16:14:48.800000,9.758342899781049
2015-03-26T16:14:48.900000,9.760141421802588
2015-03-26T16:14:49.000000,9.761939890786044
2015-03-26T16:14:49.100000,9.761635463982252
2015-03-26T16:14:49.200000,9.761488275303302
2015-03-26T16:14:49.300000,9.76633655073324
2015-03-26T16:14:49.400000,9.76891580407912
2015-03-26T16:14:49.500000,9.766245649623924
2015-03-26T16:14:49.600000,9.769534651818526
2015-03-26T16:14:49.700000,9.757421778139216
2015-03-26T16:14:49.800000,9.75375410824306
2015-03-26T16:14:49.900000,9.758035293896343
2015-03-26T16:14:50.000000,9.77203217889163
2015-03-26T16:14:50.100000,9.776847117425651
2015-03-26T16:14:50.200000,9.762461937619088
2015-03-26T16:14:50.300000,9.765505703426989
2015-03-26T16:14:50.400000,9.788972636873527
2015-03-26T16:14:50.500000,9.803248874812128
2015-03-26T16:14:50.600000,9.792631886021669
2015-03-26T16:14:50.700000,9.781456864522074
2015-03-26T16:14:50.800000,9.791352583273367
2015-03-26T16:14:50.900000,9.775894388781929
2015-03-26T16:14:51.000000,9.77243150711736
2015-03-26T16:14:51.100000,9.781499499476634
2015-03-26T16:14:51.200000,9.788680492934786
2015-03-26T16:14:51.300000,9.785361215692074
2015-03-26T16:14:51.400000,9.767742425941062
2015-03-26T16:14:51.500000,9.758423278755998
2015-03-26T16:14:51.600000,9.761581684498209
2015-03-26T16:14:51.700000,9.778451557298675
2015-03-26T16:14:51.800000,9.78659680141749
2015-03-26T16:14:51.900000,9.763321410569198
2015-03-26T16:14:52.000000,9.761485571627633
2015-03-26T16:14:52.100000,9.770610007483867
2015-03-26T16:14:52.200000,9.772483862375882
2015-03-26T16:14:52.300000,9.771121907591851
2015-03-26T16:14:52.400000,9.771028898044255
2015-03-26T16:14:52.500000,9.77073915868249
2015-03-26T16:14:52.600000,9.769900203292366
2015-03-26T16:14:52.700000,9.766326432749583
2015-03-26T16:14:52.800000,9.767684692751978
2015-03-26T16:14:52.900000,9.772799168004465
2015-03-26T16:14:53.000000,9.777864334199045
2015-03-26T16:14:53.100000,9.77001668479988
2015-03-26T16:14:53.200000,9.76559536594453
2015-03-26T16:14:53.300000,9.760534163865572
2015-03-26T16:14:53.400000,9.753611630138067
2015-03-26T16:14:53.500000,9.749739769638074
2015-03-26T16:14:53.600000,9.746907180647504
2015-03-26T16:14:53.700000,9.745237117390884
2015-03-26T16:14:53.800000,9.75488223482533
2015-03-26T16:14:53.900000,9.764028492783124
2015-03-26T16:14:54.000000,9.771506021180668
2015-03-26T16:14:54.100000,9.768647923509446
2015-03-26T16:14:54.200000,9.752649294775653
2015-03-26T16:14:54.300000,9.741357328949286
2015-03-26T16:14:54.400000,9.73954460506565
2015-03-26T16:14:54.500000,9.754908755211307
2015-03-26T16:14:54.600000,9.74640159002037
2015-03-26T16:14:54.700000,9.748649252650203
2015-03-26T16:14:54.800000,9.764034340128276
2015-03-26T16:14:54.900000,9.76398474690906
2015-03-26T16:14:55.000000,9.747392579180298
2015-03-26T16:14:55.100000,9.748570895228122
2015-03-26T16:14:55.200000,9.761812473022124
2015-03-26T16:14:55.300000,9.779086867253078
2015-03-26T16:14:55.400000,9.77209665191125
2015-03-26T16:14:55.500000,9.765105482204696
2015-03-26T16:14:55.600000,9.7554832903074
2015-03-26T16:14:55.700000,9.755858431481233
2015-03-26T16:14:55.800000,9.773968225094636
2015-03-26T16:14:55.900000,9.787207863326817
2015-03-26T16:14:56.000000,9.78346005491814
2015-03-26T16:14:56.100000,9.779710633015249
2015-03-26T16:14:56.200000,9.781014740472042
2015-03-26T16:14:56.300000,9.79313637706281
2015-03-26T16:14:56.400000,9.808876350300691
2015-03-26T16:14:56.500000,9.801276902257907
2015-03-26T16:14:56.600000,9.800350356356956
2015-03-26T16:14:56.700000,9.808017895467833
2015-03-26T16:14:56.800000,9.799244998814023
2015-03-26T16:14:56.900000,9.804200124287744
2015-03-26T16:14:57.000000,9.79103959890912
2015-03-26T16:14:57.100000,9.782371773470848
2015-03-26T16:14:57.200000,9.783459225716202
2015-03-26T16:14:57.300000,9.78148297350547
2015-03-26T16:14:57.400000,9.783418689384224
2015-03-26T16:14:57.500000,9.792122795843191
2015-03-26T16:14:57.600000,9.763689091316
2015-03-26T16:14:57.700000,9.773414656550525
2015-03-26T16:14:57.800000,9.786537719398876
2015-03-26T16:14:57.900000,9.774122521633148
2015-03-26T16:14:58.000000,9.763816231546722
2015-03-26T16:14:58.100000,9.771068491011432
2015-03-26T16:14:58.200000,9.78332431573817
2015-03-26T16:14:58.300000,9.77952920644165
2015-03-26T16:14:58.400000,9.76437961150993
2015-03-26T16:14:58.500000,9.752334785684726
2015-03-26T16:14:58.600000,9.743134427207991
2015-03-26T16:14:58.700000,9.744317142007338
2015-03-26T16:14:58.800000,9.754457672791313
2015-03-26T16:14:58.900000,9.759072838170349
2015-03-26T16:14:59.000000,9.743833240902502
2015-03-26T16:14:59.100000,9.733192313387066
2015-03-26T16:14:59.200000,9.748639846341788
2015-03-26T16:14:59.300000,9.74217202361823
2015-03-26T16:14:59.400000,9.733418963290127
2015-03-26T16:14:59.500000,9.726609747554992
2015-03-26T16:14:59.600000,9.725594995263862
2015-03-26T16:14:59.700000,9.72850215392055
2015-03-26T16:14:59.800000,9.728578205520233
2015-03-26T16:14:59.900000,9.743252621970466
2015-03-26T16:15:00.000000,9.724053718235414
2015-03-26T16:15:00.100000,9.719535692820957
2015-03-26T16:15:00.200000,9.733466900086407
2015-03-26T16:15:00.300000,9.747386240418134
2015-03-26T16:15:00.400000,9.754756034644975
2015-03-26T16:15:00.500000,9.7465538304703
2015-03-26T16:15:00.600000,9.74835973526275
2015-03-26T16:15:00.700000,9.75065262448966
2015-03-26T16:15:00.800000,9.752946240490674
2015-03-26T16:15:00.900000,9.755458966921402
2015-03-26T16:15:01.000000,9.756376361778369
2015-03-26T16:15:01.100000,9.770306339618454
2015-03-26T16:15:01.200000,9.781907571312594
2015-03-26T16:15:01.300000,9.78290799963266
2015-03-26T16:15:01.400000,9.768966847699035
2015-03-26T16:15:01.500000,9.761453384421506
2015-03-26T16:15:01.600000,9.776393479750473
2015-03-26T16:15:01.700000,9.792683390576142
2015-03-26T16:15:01.800000,9.78647676887334
2015-03-26T16:15:01.900000,9.79696409687612
2015-03-26T16:15:02.000000,9.796095001017887
2015-03-26T16:15:02.100000,9.813151740972192
2015-03-26T16:15:02.200000,9.807114223254706
2015-03-26T16:15:02.300000,9.801077473106524
2015-03-26T16:15:02.400000,9.79841240212562
2015-03-26T16:15:02.500000,9.802111453415709
2015-03-26T16:15:02.600000,9.7867106571958
2015-03-26T16:15:02.700000,9.798033644529786
2015-03-26T16:15:02.800000,9.8007764549449
2015-03-26T16:15:02.900000,9.79272791496107
2015-03-26T16:15:03.000000,9.795741014332268
2015-03-26T16:15:03.100000,9.803719842461684
2015-03-26T16:15:03.200000,9.796105893936716
2015-03-26T16:15:03.300000,9.79151061853346
2015-03-26T16:15:03.400000,9.800875823461489
2015-03-26T16:15:03.500000,9.77362186092687
2015-03-26T16:15:03.600000,9.776473916448856
2015-03-26T16:15:03.700000,9.784269474477226
2015-03-26T16:15:03.800000,9.777117055610372
2015-03-26T16:15:03.900000,9.77257820379559
2015-03-26T16:15:04.000000,9.75020958082919
2015-03-26T16:15:04.100000,9.758421242255762
2015-03-26T16:15:04.200000,9.754379652122578
2015-03-26T16:15:04.300000,9.749081052431444
2015-03-26T16:15:04.400000,9.758368293208315
2015-03-26T16:15:04.500000,9.760902584559476
2015-03-26T16:15:04.600000,9.763437034337214
2015-03-26T16:15:04.700000,9.761319821675809
2015-03-26T16:15:04.800000,9.74913012384252
2015-03-26T16:15:04.900000,9.746443467118668
2015-03-26T16:15:05.000000,9.73700031811676
2015-03-26T16:15:05.100000,9.74946446954726
2015-03-26T16:15:05.200000,9.746745370579312
2015-03-26T16:15:05.300000,9.736917548424405
2015-03-26T16:15:05.400000,9.750287785637788
2015-03-26T16:15:05.500000,9.764070089347916
2015-03-26T16:15:05.600000,9.752345897413257
2015-03-26T16:15:05.700000,9.726969664009378
2015-03-26T16:15:05.800000,9.740920526612095
2015-03-26T16:15:05.900000,9.740209708336454
2015-03-26T16:15:06.000000,9.741398612757466
2015-03-26T16:15:06.100000,9.748256431023176
2015-03-26T16:15:06.200000,9.752277581830596
2015-03-26T16:15:06.300000,9.762116384420873
2015-03-26T16:15:06.400000,9.76236265150612
2015-03-26T16:15:06.500000,9.762615118411468
2015-03-26T16:15:06.600000,9.762874457625925
2015-03-26T16:15:06.700000,9.75511021126992
2015-03-26T16:15:06.800000,9.755249218960834
2015-03-26T16:15:06.900000,9.761148028970576
2015-03-26T16:15:07.000000,9.774892540320687
2015-03-26T16:15:07.100000,9.766335604237552
2015-03-26T16:15:07.200000,9.769127183856392
2015-03-26T16:15:07.300000,9.759276005635042
2015-03-26T16:15:07.400000,9.764531689732726
2015-03-26T16:15:07.500000,9.77408738757944
2015-03-26T16:15:07.600000,9.764126534926069
2015-03-26T16:15:07.700000,9.754699312165922
2015-03-26T16:15:07.800000,9.76865378378482
2015-03-26T16:15:07.900000,9.78304884492785
2015-03-26T16:15:08.000000,9.792325376402916
2015-03-26T16:15:08.100000,9.786855530541084
2015-03-26T16:15:08.200000,9.779251488551552
2015-03-26T16:15:08.300000,9.769322798998283
2015-03-26T16:15:08.400000,9.782326938087504
2015-03-26T16:15:08.500000,9.786061642324407
2015-03-26T16:15:08.600000,9.788127773898992
2015-03-26T16:15:08.700000,9.796102562086467
2015-03-26T16:15:08.800000,9.78243438275226
2015-03-26T16:15:08.900000,9.783551083978418
2015-03-26T16:15:09.000000,9.772307568579208
2015-03-26T16:15:09.100000,9.76181283102409
2015-03-26T16:15:09.200000,9.761513262022836
2015-03-26T16:15:09.300000,9.7653763881538
2015-03-26T16:15:09.400000,9.770143938775218
2015-03-26T16:15:09.500000,9.761183095107674
2015-03-26T16:15:09.600000,9.753873271025997
2015-03-26T16:15:09.700000,9.748111142442394
2015-03-26T16:15:09.800000,9.738026159340407
2015-03-26T16:15:09.900000,9.73172265400699
2015-03-26T16:15:10.000000,9.733829724510157
2015-03-26T16:15:10.100000,9.735936684008156
2015-03-26T16:15:10.200000,9.747101915681764
2015-03-26T16:15:10.300000,9.747457913344546
2015-03-26T16:15:10.400000,9.739910338132503
2015-03-26T16:15:10.500000,9.73299108848375
2015-03-26T16:15:10.600000,9.741806204727364
2015-03-26T16:15:10.700000,9.76453923960204
2015-03-26T16:15:10.800000,9.754946920312486
2015-03-26T16:15:10.900000,9.755408999401512
2015-03-26T16:15:11.000000,9.75245344751466
2015-03-26T16:15:11.100000,9.745135584620597
2015-03-26T16:15:11.200000,9.751758428657071
2015-03-26T16:15:11.300000,9.757996704876014
2015-03-26T16:15:11.400000,9.764233616768918
2015-03-26T16:15:11.500000,9.774477235579823
2015-03-26T16:15:11.600000,9.77843961021452
2015-03-26T16:15:11.700000,9.783414281888582
2015-03-26T16:15:11.800000,9.759186644591647
2015-03-26T16:15:11.900000,9.768987049052145
2015-03-26T16:15:12.000000,9.775129407253257
2015-03-26T16:15:12.100000,9.784455651049784
2015-03-26T16:15:12.200000,9.79350685482328
2015-03-26T16:15:12.300000,9.781901520695314
2015-03-26T16:15:12.400000,9.772997886588152
2015-03-26T16:15:12.500000,9.767676874049975
2015-03-26T16:15:12.600000,9.768503133125728
2015-03-26T16:15:12.700000,9.782672862664564
2015-03-26T16:15:12.800000,9.779754069557857
2015-03-26T16:15:12.900000,9.773204685500971
2015-03-26T16:15:13.000000,9.760421230131174
2015-03-26T16:15:13.100000,9.760160461376731
2015-03-26T16:15:13.200000,9.764302777945442
2015-03-26T16:15:13.300000,9.784736271943268
2015-03-26T16:15:13.400000,9.785312473729816
2015-03-26T16:15:13.500000,9.777897214429643
2015-03-26T16:15:13.600000,9.772076581641322
2015-03-26T16:15:13.700000,9.769619784356664
2015-03-26T16:15:13.800000,9.768088260960695
2015-03-26T16:15:13.900000,9.76424165931568
2015-03-26T16:15:14.000000,9.762237779885796
2015-03-26T16:15:14.100000,9.770987677940564
2015-03-26T16:15:14.200000,9.746858305921595
2015-03-26T16:15:14.300000,9.75709923176522
2015-03-26T16:15:14.400000,9.77002129231594
2015-03-26T16:15:14.500000,9.771100548233475
2015-03-26T16:15:14.600000,9.764897100550693
2015-03-26T16:15:14.700000,9.759407738715598
2015-03-26T16:15:14.800000,9.763706723940857
2015-03-26T16:15:14.900000,9.748809954396238
2015-03-26T16:15:15.000000,9.739155186906803
2015-03-26T16:15:15.100000,9.746198404606147
2015-03-26T16:15:15.200000,9.739849002135962
2015-03-26T16:15:15.300000,9.748063135833158
2015-03-26T16:15:15.400000,9.750291547162176
2015-03-26T16:15:15.500000,9.750624681331136
2015-03-26T16:15:15.600000,9.747661431097956
2015-03-26T16:15:15.700000,9.739775026217451
2015-03-26T16:15:15.800000,9.733153629140098
2015-03-26T16:15:15.900000,9.733555176624964
2015-03-26T16:15:16.000000,9.741720741904318
2015-03-26T16:15:16.100000,9.750359690492912
2015-03-26T16:15:16.200000,9.7374196149247
2015-03-26T16:15:16.300000,9.779475367149344
2015-03-26T16:15:16.400000,9.786547369118528
2015-03-26T16:15:16.500000,9.801844177697776
2015-03-26T16:15:16.600000,9.801956891894234
2015-03-26T16:15:16.700000,9.788224311640056
2015-03-26T16:15:16.800000,9.774112706987797
2015-03-26T16:15:16.900000,9.781922137961535
2015-03-26T16:15:17.000000,9.78302744910494
2015-03-26T16:15:17.100000,9.787173564470258
2015-03-26T16:15:17.200000,9.784962657518909
2015-03-26T16:15:17.300000,9.771386165074334
2015-03-26T16:15:17.400000,9.765478281491962
2015-03-26T16:15:17.500000,9.768219171226132
2015-03-26T16:15:17.600000,9.779483983854382
2015-03-26T16:15:17.700000,9.787771827774066
2015-03-26T16:15:17.800000,9.794419121405362
2015-03-26T16:15:17.900000,9.797768208781443
2015-03-26T16:15:18.000000,9.788559238991615
2015-03-26T16:15:18.100000,9.78651725344846
2015-03-26T16:15:18.200000,9.781444431537892
2015-03-26T16:15:18.300000,9.77351771064122
2015-03-26T16:15:18.400000,9.78262271547541
2015-03-26T16:15:18.500000,9.780691153927908
2015-03-26T16:15:18.600000,9.779496710235913
2015-03-26T16:15:18.700000,9.775930112879877
2015-03-26T16:15:18.800000,9.762351452671693
2015-03-26T16:15:18.900000,9.799864265046075
2015-03-26T16:15:19.000000,9.785054142192616
2015-03-26T16:15:19.100000,9.771399410060004
2015-03-26T16:15:19.200000,9.767699270101144
2015-03-26T16:15:19.300000,9.77434413747296
2015-03-26T16:15:19.400000,9.780794014459948
2015-03-26T16:15:19.500000,9.77264908380781
2015-03-26T16:15:19.600000,9.755589678266428
2015-03-26T16:15:19.700000,9.762304622724798
2015-03-26T16:15:19.800000,9.766218767666349
2015-03-26T16:15:19.900000,9.758749766072166
2015-03-26T16:15:20.000000,9.755856606340844
2015-03-26T16:15:20.100000,9.762440818140808
2015-03-26T16:15:20.200000,9.779169662158925
2015-03-26T16:15:20.300000,9.766648815309782
2015-03-26T16:15:20.400000,9.753905314603994
2015-03-26T16:15:20.500000,9.753231787893975
2015-03-26T16:15:20.600000,9.74910269518846
2015-03-26T16:15:20.700000,9.73925145657164
2015-03-26T16:15:20.800000,9.731659613403544
2015-03-26T16:15:20.900000,9.729930186260448
2015-03-26T16:15:21.000000,9.746895042668688
2015-03-26T16:15:21.100000,9.75328751400594
2015-03-26T16:15:21.200000,9.743824494881451
2015-03-26T16:15:21.300000,9.739592130567855
2015-03-26T16:15:21.400000,9.750789679948936
2015-03-26T16:15:21.500000,9.760852072091906
2015-03-26T16:15:21.600000,9.76946608623836
2015-03-26T16:15:21.700000,9.768036930541722
2015-03-26T16:15:21.800000,9.762647436037684
2015-03-26T16:15:21.900000,9.75890326349052
2015-03-26T16:15:22.000000,9.75210401594498
2015-03-26T16:15:22.100000,9.753976820712884
2015-03-26T16:15:22.200000,9.759769784762286
2015-03-26T16:15:22.300000,9.779695855174449
2015-03-26T16:15:22.400000,9.77610783532642
2015-03-26T16:15:22.500000,9.766592349121549
2015-03-26T16:15:22.600000,9.766849262444172
2015-03-26T16:15:22.700000,9.767961721054354
2015-03-26T16:15:22.800000,9.771892368475694
2015-03-26T16:15:22.900000,9.7683537690356
2015-03-26T16:15:23.000000,9.76743803446005
2015-03-26T16:15:23.100000,9.76849284231997
2015-03-26T16:15:23.200000,9.759864682612934
2015-03-26T16:15:23.300000,9.782711099204375
2015-03-26T16:15:23.400000,9.78916485842891
2015-03-26T16:15:23.500000,9.794035430791116
2015-03-26T16:15:23.600000,9.787207453883388
2015-03-26T16:15:23.700000,9.78681452401262
2015-03-26T16:15:23.800000,9.786905656844173
2015-03-26T16:15:23.900000,9.79094839909097
2015-03-26T16:15:24.000000,9.80024353712416
2015-03-26T16:15:24.100000,9.812588533486148
2015-03-26T16:15:24.200000,9.809661461766362
2015-03-26T16:15:24.300000,9.790447305109303
2015-03-26T16:15:24.400000,9.783017360672758
2015-03-26T16:15:24.500000,9.785555275101228
2015-03-26T16:15:24.600000,9.790467937016004
2015-03-26T16:15:24.700000,9.77734072162126
2015-03-26T16:15:24.800000,9.784853847916889
2015-03-26T16:15:24.900000,9.785944659676716
2015-03-26T16:15:25.000000,9.781836945622402
2015-03-26T16:15:25.100000,9.787010261237995
2015-03-26T16:15:25.200000,9.79754036998671
2015-03-26T16:15:25.300000,9.78142598563078
2015-03-26T16:15:25.400000,9.772091555042405
2015-03-26T16:15:25.500000,9.785705774938751
2015-03-26T16:15:25.600000,9.779301290960428
2015-03-26T16:15:25.700000,9.761294668356712
2015-03-26T16:15:25.800000,9.74884273384269
2015-03-26T16:15:25.900000,9.751071648907525
2015-03-26T16:15:26.000000,9.757706059382963
2015-03-26T16:15:26.100000,9.76434175121367
2015-03-26T16:15:26.200000,9.758567886106816
2015-03-26T16:15:26.300000,9.74789538370708
2015-03-26T16:15:26.400000,9.74103999455135
2015-03-26T16:15:26.500000,9.734618091554257
2015-03-26T16:15:26.600000,9.737208675314063
2015-03-26T16:15:26.700000,9.73101861738667
2015-03-26T16:15:26.800000,9.734382305058976
2015-03-26T16:15:26.900000,9.748404913107082
2015-03-26T16:15:27.000000,9.755891166643815
2015-03-26T16:15:27.100000,9.758278911810992
2015-03-26T16:15:27.200000,9.75761845383731
2015-03-26T16:15:27.300000,9.757013379045317
2015-03-26T16:15:27.400000,9.756532219184663
2015-03-26T16:15:27.500000,9.755797889759316
2015-03-26T16:15:27.600000,9.75506485567058
2015-03-26T16:15:27.700000,9.75335357232189
2015-03-26T16:15:27.800000,9.748878346758652
2015-03-26T16:15:27.900000,9.75074007032871
2015-03-26T16:15:28.000000,9.744470694162578
2015-03-26T16:15:28.100000,9.731959216980895
2015-03-26T16:15:28.200000,9.756506399432164
2015-03-26T16:15:28.300000,9.76634932070627
2015-03-26T16:15:28.400000,9.767303031797224
2015-03-26T16:15:28.500000,9.768888717854464
2015-03-26T16:15:28.600000,9.771109171154936
2015-03-26T16:15:28.700000,9.772829248691144
2015-03-26T16:15:28.800000,9.774676224507164
2015-03-26T16:15:28.900000,9.776123862900876
2015-03-26T16:15:29.000000,9.775217189482298
2015-03-26T16:15:29.100000,9.775761343084158
2015-03-26T16:15:29.200000,9.789666927011044
2015-03-26T16:15:29.300000,9.798996621837814
2015-03-26T16:15:29.400000,9.80971086830415
2015-03-26T16:15:29.500000,9.809816545498997
2015-03-26T16:15:29.600000,9.79843705315962
2015-03-26T16:15:29.700000,9.787059821924892
2015-03-26T16:15:29.800000,9.76746782469147
2015-03-26T16:15:29.900000,9.778187263097502
2015-03-26T16:15:30.000000,9.792551252014086
2015-03-26T16:15:30.100000,9.806970103266632
2015-03-26T16:15:30.200000,9.821232767851344
2015-03-26T16:15:30.300000,9.82626525104478
2015-03-26T16:15:30.400000,9.832378805074685
2015-03-26T16:15:30.500000,9.81073531937188
2015-03-26T16:15:30.600000,9.788753165364756
2015-03-26T16:15:30.700000,9.809542414478331
2015-03-26T16:15:30.800000,9.803919246526522
2015-03-26T16:15:30.900000,9.789128825449335
2015-03-26T16:15:31.000000,9.760896196057429
2015-03-26T16:15:31.100000,9.775519098055511
2015-03-26T16:15:31.200000,9.780848537111028
2015-03-26T16:15:31.300000,9.78255554354045
2015-03-26T16:15:31.400000,9.777178220164638
2015-03-26T16:15:31.500000,9.791056594957734
2015-03-26T16:15:31.600000,9.786061187364774
2015-03-26T16:15:31.700000,9.76699134258342
2015-03-26T16:15:31.800000,9.762384324910837
2015-03-26T16:15:31.900000,9.761586569137055
2015-03-26T16:15:32.000000,9.772857361540725
2015-03-26T16:15:32.100000,9.769118558775425
2015-03-26T16:15:32.200000,9.755810163439149
2015-03-26T16:15:32.300000,9.75331090572637
2015-03-26T16:15:32.400000,9.75405494669269
2015-03-26T16:15:32.500000,9.759676082299896
2015-03-26T16:15:32.600000,9.75338919726262
2015-03-26T16:15:32.700000,9.74233544584726
2015-03-26T16:15:32.800000,9.741311653741851
2015-03-26T16:15:32.900000,9.740104804766975
2015-03-26T16:15:33.000000,9.741704105872747
2015-03-26T16:15:33.100000,9.710476078264906
2015-03-26T16:15:33.200000,9.704239969792573
2015-03-26T16:15:33.300000,9.738827417137228
2015-03-26T16:15:33.400000,9.74980400723216
2015-03-26T16:15:33.500000,9.740525033709831
2015-03-26T16:15:33.600000,9.726999791397157
2015-03-26T16:15:33.700000,9.724885765867253
2015-03-26T16:15:33.800000,9.73999432456412
2015-03-26T16:15:33.900000,9.761393367372488
2015-03-26T16:15:34.000000,9.743671235334782
2015-03-26T16:15:34.100000,9.747314825113746
2015-03-26T16:15:34.200000,9.75035666191279
2015-03-26T16:15:34.300000,9.753395246679828
2015-03-26T16:15:34.400000,9.754699622200508
2015-03-26T16:15:34.500000,9.751920573570706
2015-03-26T16:15:34.600000,9.738058315062927
2015-03-26T16:15:34.700000,9.737497784734495
2015-03-26T16:15:34.800000,9.748885790642602
2015-03-26T16:15:34.900000,9.761196096096034
2015-03-26T16:15:35.000000,9.778750476104989
2015-03-26T16:15:35.100000,9.781051909835066
2015-03-26T16:15:35.200000,9.769594867182306
2015-03-26T16:15:35.300000,9.78709732044786
2015-03-26T16:15:35.400000,9.780211236176727
2015-03-26T16:15:35.500000,9.771843627572007
2015-03-26T16:15:35.600000,9.770152041808794
2015-03-26T16:15:35.700000,9.772148375192684
2015-03-26T16:15:35.800000,9.782182994713288
2015-03-26T16:15:35.900000,9.800332822063725
2015-03-26T16:15:36.000000,9.790473739048185
2015-03-26T16:15:36.100000,9.775620144300396
2015-03-26T16:15:36.200000,9.783751515473272
2015-03-26T16:15:36.300000,9.785385750069404
2015-03-26T16:15:36.400000,9.789004016618096
2015-03-26T16:15:36.500000,9.788347832290292
2015-03-26T16:15:36.600000,9.785186865525484
2015-03-26T16:15:36.700000,9.788957066264649
2015-03-26T16:15:36.800000,9.792301788789173
2015-03-26T16:15:36.900000,9.791321668900002
2015-03-26T16:15:37.000000,9.788767800381688
2015-03-26T16:15:37.100000,9.779669081221662
2015-03-26T16:15:37.200000,9.77070824277781
2015-03-26T16:15:37.300000,9.77474526820244
2015-03-26T16:15:37.400000,9.780506084614164
2015-03-26T16:15:37.500000,9.779296395051592
2015-03-26T16:15:37.600000,9.777918720431137
2015-03-26T16:15:37.700000,9.78183510267942
2015-03-26T16:15:37.800000,9.782082576829284
2015-03-26T16:15:37.900000,9.770437214030032
2015-03-26T16:15:38.000000,9.760977372702058
2015-03-26T16:15:38.100000,9.754605026564704
2015-03-26T16:15:38.200000,9.748331979134273
2015-03-26T16:15:38.300000,9.7455801276672
2015-03-26T16:15:38.400000,9.745480430228994
2015-03-26T16:15:38.500000,9.751808652989071
2015-03-26T16:15:38.600000,9.748319119581046
2015-03-26T16:15:38.700000,9.736610451868549
2015-03-26T16:15:38.800000,9.737958989362186
2015-03-26T16:15:38.900000,9.74980476161211
2015-03-26T16:15:39.000000,9.74977935915594
2015-03-26T16:15:39.100000,9.74193139819238
2015-03-26T16:15:39.200000,9.73629262360107
2015-03-26T16:15:39.300000,9.744439353193718
2015-03-26T16:15:39.400000,9.756742362018525
2015-03-26T16:15:39.500000,9.74540129754414
2015-03-26T16:15:39.600000,9.750175172970572
2015-03-26T16:15:39.700000,9.76143483424115
2015-03-26T16:15:39.800000,9.76096781763749
2015-03-26T16:15:39.900000,9.756811302593634
2015-03-26T16:15:40.000000,9.7548580212464
2015-03-26T16:15:40.100000,9.76008480882067
2015-03-26T16:15:40.200000,9.764081928874758
2015-03-26T16:15:40.300000,9.757876393245304
2015-03-26T16:15:40.400000,9.761266487522215
2015-03-26T16:15:40.500000,9.774379790588378
2015-03-26T16:15:40.600000,9.775208073013989
2015-03-26T16:15:40.700000,9.776034131757736
2015-03-26T16:15:40.800000,9.770584224498869
2015-03-26T16:15:40.900000,9.767713732054032
2015-03-26T16:15:41.000000,9.783561664116649
2015-03-26T16:15:41.100000,9.782617033094674
2015-03-26T16:15:41.200000,9.800006559014587
2015-03-26T16:15:41.300000,9.799445299330536
2015-03-26T16:15:41.400000,9.798880758798877
2015-03-26T16:15:41.500000,9.798314433105215
2015-03-26T16:15:41.600000,9.764414685663333
2015-03-26T16:15:41.700000,9.751106508361229
2015-03-26T16:15:41.800000,9.762896088701472
2015-03-26T16:15:41.900000,9.7700237885878
2015-03-26T16:15:42.000000,9.775054939760787
2015-03-26T16:15:42.100000,9.771618276489116
2015-03-26T16:15:42.200000,9.774870493812497
2015-03-26T16:15:42.300000,9.780083962046849
2015-03-26T16:15:42.400000,9.79470120900002
2015-03-26T16:15:42.500000,9.79425780577841
2015-03-26T16:15:42.600000,9.79124034629294
2015-03-26T16:15:42.700000,9.778285090930822
2015-03-26T16:15:42.800000,9.774509877765931
2015-03-26T16:15:42.900000,9.776432981667856
2015-03-26T16:15:43.000000,9.782446326419745
2015-03-26T16:15:43.100000,9.794313125928838
2015-03-26T16:15:43.200000,9.78515788703282
2015-03-26T16:15:43.300000,9.776639003087524
2015-03-26T16:15:43.400000,9.776980172072964
2015-03-26T16:15:43.500000,9.78036221476523
2015-03-26T16:15:43.600000,9.78318477230897
2015-03-26T16:15:43.700000,9.767436899839122
2015-03-26T16:15:43.800000,9.759374259038983
2015-03-26T16:15:43.900000,9.776060117444471
2015-03-26T16:15:44.000000,9.783116542182771
2015-03-26T16:15:44.100000,9.788761893978904
2015-03-26T16:15:44.200000,9.781412758374454
2015-03-26T16:15:44.300000,9.773408564992348
2015-03-26T16:15:44.400000,9.76151411084839
2015-03-26T16:15:44.500000,9.760274856413664
2015-03-26T16:15:44.600000,9.757661636699304
2015-03-26T16:15:44.700000,9.751147854525192
2015-03-26T16:15:44.800000,9.746491667042749
2015-03-26T16:15:44.900000,9.748557296567943
2015-03-26T16:15:45.000000,9.759725966399614
2015-03-26T16:15:45.100000,9.772843108539352
2015-03-26T16:15:45.200000,9.77084779242743
2015-03-26T16:15:45.300000,9.76885177576174
2015-03-26T16:15:45.400000,9.758959633848976
2015-03-26T16:15:45.500000,9.742849885173932
2015-03-26T16:15:45.600000,9.74859009499971
2015-03-26T16:15:45.700000,9.75282998224028
2015-03-26T16:15:45.800000,9.75440655647676
2015-03-26T16:15:45.900000,9.76344668605234
2015-03-26T16:15:46.000000,9.762973682901904
2015-03-26T16:15:46.100000,9.769525574288624
2015-03-26T16:15:46.200000,9.774407898602677
2015-03-26T16:15:46.300000,9.769905281325132
2015-03-26T16:15:46.400000,9.767444562993017
2015-03-26T16:15:46.500000,9.771205858540808
2015-03-26T16:15:46.600000,9.785492278986831
2015-03-26T16:15:46.700000,9.747239047692412
2015-03-26T16:15:46.800000,9.750978172819604
2015-03-26T16:15:46.900000,9.75530356618377
2015-03-26T16:15:47.000000,9.763263483339363
2015-03-26T16:15:47.100000,9.754565818723629
2015-03-26T16:15:47.200000,9.750098861814354
2015-03-26T16:15:47.300000,9.755389060895176
2015-03-26T16:15:47.400000,9.756886945479671
2015-03-26T16:15:47.500000,9.757071996897976
2015-03-26T16:15:47.600000,9.76460513630098
2015-03-26T16:15:47.700000,9.753793780270476
2015-03-26T16:15:47.800000,9.733239716150672
2015-03-26T16:15:47.900000,9.742714722500684
2015-03-26T16:15:48.000000,9.767287905325007
2015-03-26T16:15:48.100000,9.791468127808818
2015-03-26T16:15:48.200000,9.78810829135862
2015-03-26T16:15:48.300000,9.784749562611072
2015-03-26T16:15:48.400000,9.780688837296667
2015-03-26T16:15:48.500000,9.791125124434002
2015-03-26T16:15:48.600000,9.765180767614543
2015-03-26T16:15:48.700000,9.77070202970314
2015-03-26T16:15:48.800000,9.771940782496472
2015-03-26T16:15:48.900000,9.765228731757826
2015-03-26T16:15:49.000000,9.763258718231784
2015-03-26T16:15:49.100000,9.771840534594814
2015-03-26T16:15:49.200000,9.776667436038627
2015-03-26T16:15:49.300000,9.76453861627098
2015-03-26T16:15:49.400000,9.78245661398967
2015-03-26T16:15:49.500000,9.782014440418893
2015-03-26T16:15:49.600000,9.772205563218348
2015-03-26T16:15:49.700000,9.774771112025476
2015-03-26T16:15:49.800000,9.778510594699814
2015-03-26T16:15:49.900000,9.775973899585392
2015-03-26T16:15:50.000000,9.781116822655434
2015-03-26T16:15:50.100000,9.795550203371564
2015-03-26T16:15:50.200000,9.770804977784474
2015-03-26T16:15:50.300000,9.785490912492198
2015-03-26T16:15:50.400000,9.784268958215662
2015-03-26T16:15:50.500000,9.771393490640175
2015-03-26T16:15:50.600000,9.76091169758608
2015-03-26T16:15:50.700000,9.760760678104203
2015-03-26T16:15:50.800000,9.765249857026792
2015-03-26T16:15:50.900000,9.771636325102014
2015-03-26T16:15:51.000000,9.779617199435592
2015-03-26T16:15:51.100000,9.785147221727092
2015-03-26T16:15:51.200000,9.786844001030437
2015-03-26T16:15:51.300000,9.786944402123083
2015-03-26T16:15:51.400000,9.785843217633971
2015-03-26T16:15:51.500000,9.786111500787689
2015-03-26T16:15:51.600000,9.77645906547552
2015-03-26T16:15:51.700000,9.777184325981434
2015-03-26T16:15:51.800000,9.756332587655097
2015-03-26T16:15:51.900000,9.73549150276382
2015-03-26T16:15:52.000000,9.78261916154309
2015-03-26T16:15:52.100000,9.76676138641296
2015-03-26T16:15:52.200000,9.750024587700189
2015-03-26T16:15:52.300000,9.759661558991256
2015-03-26T16:15:52.400000,9.781644719573505
2015-03-26T16:15:52.500000,9.768545040411972
2015-03-26T16:15:52.600000,9.770913849452944
2015-03-26T16:15:52.700000,9.778560666788362
2015-03-26T16:15:52.800000,9.77179671360434
2015-03-26T16:15:52.900000,9.751315177128324
2015-03-26T16:15:53.000000,9.749787369329404
2015-03-26T16:15:53.100000,9.754936857867545
2015-03-26T16:15:53.200000,9.76112014424744
2015-03-26T16:15:53.300000,9.767239908413972
2015-03-26T16:15:53.400000,9.770620674223316
2015-03-26T16:15:53.500000,9.765176794325171
2015-03-26T16:15:53.600000,9.77080307012643
2015-03-26T16:15:53.700000,9.78184395068212
2015-03-26T16:15:53.800000,9.758147684601653
2015-03-26T16:15:53.900000,9.743410224903537
2015-03-26T16:15:54.000000,9.747725785407315
2015-03-26T16:15:54.100000,9.760029701903695
2015-03-26T16:15:54.200000,9.754777044997931
2015-03-26T16:15:54.300000,9.76612695313974
2015-03-26T16:15:54.400000,9.762346854448872
2015-03-26T16:15:54.500000,9.754017136841908
2015-03-26T16:15:54.600000,9.743721407080365
2015-03-26T16:15:54.700000,9.737362097516488
2015-03-26T16:15:54.800000,9.741527692675708
2015-03-26T16:15:54.900000,9.752288528680351
2015-03-26T16:15:55.000000,9.745001581075016
2015-03-26T16:15:55.100000,9.750741478477597
2015-03-26T16:15:55.200000,9.747414390934864
2015-03-26T16:15:55.300000,9.747896598981606
2015-03-26T16:15:55.400000,9.749318262842822
2015-03-26T16:15:55.500000,9.752094259155504
2015-03-26T16:15:55.600000,9.76168387233793
2015-03-26T16:15:55.700000,9.75893197338412
2015-03-26T16:15:55.800000,9.748964867315255
2015-03-26T16:15:55.900000,9.745063082373752
2015-03-26T16:15:56.000000,9.754605350132216
2015-03-26T16:15:56.100000,9.77529894289538
2015-03-26T16:15:56.200000,9.759859262605213
2015-03-26T16:15:56.300000,9.776173728847793
2015-03-26T16:15:56.400000,9.756989789387813
2015-03-26T16:15:56.500000,9.74833979331908
2015-03-26T16:15:56.600000,9.752060782334524
2015-03-26T16:15:56.700000,9.77482169682958
2015-03-26T16:15:56.800000,9.768101225065717
2015-03-26T16:15:56.900000,9.777705748626428
2015-03-26T16:15:57.000000,9.787827672305609
2015-03-26T16:15:57.100000,9.776308858088374
2015-03-26T16:15:57.200000,9.765910865683724
2015-03-26T16:15:57.300000,9.759575291768757
2015-03-26T16:15:57.400000,9.771660899416268
2015-03-26T16:15:57.500000,9.770831536962865
2015-03-26T16:15:57.600000,9.770629922137182
2015-03-26T16:15:57.700000,9.76813265156732
2015-03-26T16:15:57.800000,9.759466603454536
2015-03-26T16:15:57.900000,9.751741967377583
2015-03-26T16:15:58.000000,9.750327188229768
2015-03-26T16:15:58.100000,9.76745269883014
2015-03-26T16:15:58.200000,9.768682352779036
2015-03-26T16:15:58.300000,9.771513298465605
2015-03-26T16:15:58.400000,9.77970801803396
2015-03-26T16:15:58.500000,9.783005652621949
2015-03-26T16:15:58.600000,9.7831261638066
2015-03-26T16:15:58.700000,9.78669681538112
2015-03-26T16:15:58.800000,9.780855953086936
2015-03-26T16:15:58.900000,9.773912886902862
2015-03-26T16:15:59.000000,9.767869286951472
2015-03-26T16:15:59.100000,9.767687898199329
2015-03-26T16:15:59.200000,9.778006164158016
2015-03-26T16:15:59.300000,9.77997185375184
2015-03-26T16:15:59.400000,9.765240475093828
2015-03-26T16:15:59.500000,9.757719283299442
2015-03-26T16:15:59.600000,9.77401274981553
2015-03-26T16:15:59.700000,9.781055000697892
2015-03-26T16:15:59.800000,9.75541650328491
2015-03-26T16:15:59.900000,9.758885454443403
2015-03-26T16:16:00.000000,9.742326793471182
2015-03-26T16:16:00.100000,9.748398157270133
2015-03-26T16:16:00.200000,9.768633985350872
2015-03-26T16:16:00.300000,9.777291735640889
2015-03-26T16:16:00.400000,9.770375511848462
2015-03-26T16:16:00.500000,9.76627923279506
2015-03-26T16:16:00.600000,9.76306479966128
2015-03-26T16:16:00.700000,9.759851699336258
2015-03-26T16:16:00.800000,9.759663028752769
2015-03-26T16:16:00.900000,9.76652904690867
2015-03-26T16:16:01.000000,9.768131533276186
2015-03-26T16:16:01.100000,9.75947007389994
2015-03-26T16:16:01.200000,9.756803893800097
2015-03-26T16:16:01.300000,9.751311870467026
2015-03-26T16:16:01.400000,9.744785068104123
2015-03-26T16:16:01.500000,9.739558898862404
2015-03-26T16:16:01.600000,9.743644839395149
2015-03-26T16:16:01.700000,9.758279676683776
2015-03-26T16:16:01.800000,9.763064420783818
2015-03-26T16:16:01.900000,9.754212588840652
2015-03-26T16:16:02.000000,9.761033877944728
2015-03-26T16:16:02.100000,9.77756448861314
2015-03-26T16:16:02.200000,9.766530794868697
2015-03-26T16:16:02.300000,9.76196752075983
2015-03-26T16:16:02.400000,9.77718725920048
2015-03-26T16:16:02.500000,9.77949907541865
2015-03-26T16:16:02.600000,9.760826893752103
2015-03-26T16:16:02.700000,9.752918233050377
2015-03-26T16:16:02.800000,9.766721432025037
2015-03-26T16:16:02.900000,9.768324428482034
2015-03-26T16:16:03.000000,9.76740560565786
2015-03-26T16:16:03.100000,9.767231396886926
2015-03-26T16:16:03.200000,9.77086563847224
2015-03-26T16:16:03.300000,9.785969582682512
2015-03-26T16:16:03.400000,9.780739894305
2015-03-26T16:16:03.500000,9.7760072444989
2015-03-26T16:16:03.600000,9.77705354592062
2015-03-26T16:16:03.700000,9.774465166560615
2015-03-26T16:16:03.800000,9.764476058928386
2015-03-26T16:16:03.900000,9.751018738359145
2015-03-26T16:16:04.000000,9.748461902581056
2015-03-26T16:16:04.100000,9.76152311468914
2015-03-26T16:16:04.200000,9.771847122522807
2015-03-26T16:16:04.300000,9.76373016076869
2015-03-26T16:16:04.400000,9.757681770358868
2015-03-26T16:16:04.500000,9.765727991095822
2015-03-26T16:16:04.600000,9.768023266047626
2015-03-26T16:16:04.700000,9.75823081598505
2015-03-26T16:16:04.800000,9.760031391955128
2015-03-26T16:16:04.900000,9.762877531734151
2015-03-26T16:16:05.000000,9.76494778134794
2015-03-26T16:16:05.100000,9.770832160519925
2015-03-26T16:16:05.200000,9.77069502967028
2015-03-26T16:16:05.300000,9.767527528375124
2015-03-26T16:16:05.400000,9.771950097578983
2015-03-26T16:16:05.500000,9.764195641694675
2015-03-26T16:16:05.600000,9.771611784174889
2015-03-26T16:16:05.700000,9.756255894316524
2015-03-26T16:16:05.800000,9.761256079376418
2015-03-26T16:16:05.900000,9.787725500989632
2015-03-26T16:16:06.000000,9.79430070425312
2015-03-26T16:16:06.100000,9.785647805421917
2015-03-26T16:16:06.200000,9.786131242120396
2015-03-26T16:16:06.300000,9.786900652637753
2015-03-26T16:16:06.400000,9.786944340053006
2015-03-26T16:16:06.500000,9.783247330261224
2015-03-26T16:16:06.600000,9.76296353830816
2015-03-26T16:16:06.700000,9.757736134763762
2015-03-26T16:16:06.800000,9.789220799978942
2015-03-26T16:16:06.900000,9.798987996374445
2015-03-26T16:16:07.000000,9.794333416675446
2015-03-26T16:16:07.100000,9.776542698628248
2015-03-26T16:16:07.200000,9.778280132985302
2015-03-26T16:16:07.300000,9.780200850448576
2015-03-26T16:16:07.400000,9.78237282175955
2015-03-26T16:16:07.500000,9.784542747312804
2015-03-26T16:16:07.600000,9.779228576576012
2015-03-26T16:16:07.700000,9.7728893830047
2015-03-26T16:16:07.800000,9.792127562038663
2015-03-26T16:16:07.900000,9.786780047808527
2015-03-26T16:16:08.000000,9.783728978949052
2015-03-26T16:16:08.100000,9.7762795816227
2015-03-26T16:16:08.200000,9.751905785654094
2015-03-26T16:16:08.300000,9.767036491649684
2015-03-26T16:16:08.400000,9.76962359223225
2015-03-26T16:16:08.500000,9.763603198069184
2015-03-26T16:16:08.600000,9.764160820904335
2015-03-26T16:16:08.700000,9.75460619609645
2015-03-26T16:16:08.800000,9.746583436110852
2015-03-26T16:16:08.900000,9.750528055649824
2015-03-26T16:16:09.000000,9.74857116821577
2015-03-26T16:16:09.100000,9.754288900685252
2015-03-26T16:16:09.200000,9.756987928373489
2015-03-26T16:16:09.300000,9.75893179272257
2015-03-26T16:16:09.400000,9.750645255723686
2015-03-26T16:16:09.500000,9.74142911980858
2015-03-26T16:16:09.600000,9.756528945151135
2015-03-26T16:16:09.700000,9.757944827833123
2015-03-26T16:16:09.800000,9.74739940935147
2015-03-26T16:16:09.900000,9.742625955475688
2015-03-26T16:16:10.000000,9.737851872894955
2015-03-26T16:16:10.100000,9.731932594788091
2015-03-26T16:16:10.200000,9.742061610390786
2015-03-26T16:16:10.300000,9.73111152394484
2015-03-26T16:16:10.400000,9.739190205261597
2015-03-26T16:16:10.500000,9.748090875817578
2015-03-26T16:16:10.600000,9.742812935612744
2015-03-26T16:16:10.700000,9.753939328938952
2015-03-26T16:16:10.800000,9.761381817718677
2015-03-26T16:16:10.900000,9.75655447600166
2015-03-26T16:16:11.000000,9.774531872660814
2015-03-26T16:16:11.100000,9.778855715024555
2015-03-26T16:16:11.200000,9.77739627419637
2015-03-26T16:16:11.300000,9.767334966341515
2015-03-26T16:16:11.400000,9.769924751723233
2015-03-26T16:16:11.500000,9.77616316296117
2015-03-26T16:16:11.600000,9.773127041457414
2015-03-26T16:16:11.700000,9.785079614985266
2015-03-26T16:16:11.800000,9.781877759659832
2015-03-26T16:16:11.900000,9.783326430027842
2015-03-26T16:16:12.000000,9.788228241465124
2015-03-26T16:16:12.100000,9.78814714940884
2015-03-26T16:16:12.200000,9.785660190903592
2015-03-26T16:16:12.300000,9.797830805536584
2015-03-26T16:16:12.400000,9.777793328242398
2015-03-26T16:16:12.500000,9.784564027254376
2015-03-26T16:16:12.600000,9.789312458422083
2015-03-26T16:16:12.700000,9.78529403002792
2015-03-26T16:16:12.800000,9.784860134286747
2015-03-26T16:16:12.900000,9.783486382949016
2015-03-26T16:16:13.000000,9.778667378563592
2015-03-26T16:16:13.100000,9.770024863769624
2015-03-26T16:16:13.200000,9.771524443555714
2015-03-26T16:16:13.300000,9.796947863210738
2015-03-26T16:16:13.400000,9.7956544028991
2015-03-26T16:16:13.500000,9.776908463565071
2015-03-26T16:16:13.600000,9.787024505729567
2015-03-26T16:16:13.700000,9.772711203353577
2015-03-26T16:16:13.800000,9.753473843961004
2015-03-26T16:16:13.900000,9.743461697760331
2015-03-26T16:16:14.000000,9.751249053592252
2015-03-26T16:16:14.100000,9.754216130764178
2015-03-26T16:16:14.200000,9.75215723276608
2015-03-26T16:16:14.300000,9.757234935940714
2015-03-26T16:16:14.400000,9.763268394427913
2015-03-26T16:16:14.500000,9.754050303617
2015-03-26T16:16:14.600000,9.747070678600425
2015-03-26T16:16:14.700000,9.760415199751291
2015-03-26T16:16:14.800000,9.768986304140194
2015-03-26T16:16:14.900000,9.75680898444632
2015-03-26T16:16:15.000000,9.750643514900029
2015-03-26T16:16:15.100000,9.757281844329237
2015-03-26T16:16:15.200000,9.758518200009714
2015-03-26T16:16:15.300000,9.75695095306888
2015-03-26T16:16:15.400000,9.75801544425415
2015-03-26T16:16:15.500000,9.75540657656619
2015-03-26T16:16:15.600000,9.76336330531279
2015-03-26T16:16:15.700000,9.771048140781222
2015-03-26T16:16:15.800000,9.772490985293492
2015-03-26T16:16:15.900000,9.757952439187992
2015-03-26T16:16:16.000000,9.777199161504642
2015-03-26T16:16:16.100000,9.796859911607177
2015-03-26T16:16:16.200000,9.79262407998204
2015-03-26T16:16:16.300000,9.784776021170591
2015-03-26T16:16:16.400000,9.776365878072632
2015-03-26T16:16:16.500000,9.7817852015778
2015-03-26T16:16:16.600000,9.783358380584383
2015-03-26T16:16:16.700000,9.765871786819485
2015-03-26T16:16:16.800000,9.76637252507894
2015-03-26T16:16:16.900000,9.759850137088572
2015-03-26T16:16:17.000000,9.759560937657207
2015-03-26T16:16:17.100000,9.759757727574614
2015-03-26T16:16:17.200000,9.760902924303169
2015-03-26T16:16:17.300000,9.763973106887894
2015-03-26T16:16:17.400000,9.773113664435447
2015-03-26T16:16:17.500000,9.783011152569294
2015-03-26T16:16:17.600000,9.78415774442236
2015-03-26T16:16:17.700000,9.78357138461692
2015-03-26T16:16:17.800000,9.777302047340548
2015-03-26T16:16:17.900000,9.751217726551127
2015-03-26T16:16:18.000000,9.761944918202568
2015-03-26T16:16:18.100000,9.799299886855136
2015-03-26T16:16:18.200000,9.796157142533428
2015-03-26T16:16:18.300000,9.776703601018967
2015-03-26T16:16:18.400000,9.759604842300725
2015-03-26T16:16:18.500000,9.76107328621294
2015-03-26T16:16:18.600000,9.775788785663869
2015-03-26T16:16:18.700000,9.766418482998573
2015-03-26T16:16:18.800000,9.774255135578944
2015-03-26T16:16:18.900000,9.764982935742244
2015-03-26T16:16:19.000000,9.753236487143196
2015-03-26T16:16:19.100000,9.744726346984388
2015-03-26T16:16:19.200000,9.74853208025107
2015-03-26T16:16:19.300000,9.752696719497418
2015-03-26T16:16:19.400000,9.759229542262997
2015-03-26T16:16:19.500000,9.782100277907071
2015-03-26T16:16:19.600000,9.75071910599416
2015-03-26T16:16:19.700000,9.760039873785264
2015-03-26T16:16:19.800000,9.750835691470044
2015-03-26T16:16:19.900000,9.732251481433622
2015-03-26T16:16:20.000000,9.76858230637208
2015-03-26T16:16:20.100000,9.76298860274687
2015-03-26T16:16:20.200000,9.766429546634736
2015-03-26T16:16:20.300000,9.77222948666613
2015-03-26T16:16:20.400000,9.76997443227502
2015-03-26T16:16:20.500000,9.778406442048828
2015-03-26T16:16:20.600000,9.773236374079868
2015-03-26T16:16:20.700000,9.75028438605551
2015-03-26T16:16:20.800000,9.763376409644682
2015-03-26T16:16:20.900000,9.786754866872554
2015-03-26T16:16:21.000000,9.794259883943662
2015-03-26T16:16:21.100000,9.783631850179235
2015-03-26T16:16:21.200000,9.767273380448176
2015-03-26T16:16:21.300000,9.772870032062356
2015-03-26T16:16:21.400000,9.768636201476774
2015-03-26T16:16:21.500000,9.764863908096007
2015-03-26T16:16:21.600000,9.768762440944084
2015-03-26T16:16:21.700000,9.771807847963132
2015-03-26T16:16:21.800000,9.771835300383302
2015-03-26T16:16:21.900000,9.778304586613997
2015-03-26T16:16:22.000000,9.779052295984815
2015-03-26T16:16:22.100000,9.780601956983412
2015-03-26T16:16:22.200000,9.793987229508351
2015-03-26T16:16:22.300000,9.765527912975667
2015-03-26T16:16:22.400000,9.759885815306792
2015-03-26T16:16:22.500000,9.76351427267983
2015-03-26T16:16:22.600000,9.76636892934182
2015-03-26T16:16:22.700000,9.77944632217671
2015-03-26T16:16:22.800000,9.770386103044624
2015-03-26T16:16:22.900000,9.770531169185682
2015-03-26T16:16:23.000000,9.772256983049171
2015-03-26T16:16:23.100000,9.769615378641054
2015-03-26T16:16:23.200000,9.748444856731934
2015-03-26T16:16:23.300000,9.758835030309085
2015-03-26T16:16:23.400000,9.749739503718596
2015-03-26T16:16:23.500000,9.766821105637796
2015-03-26T16:16:23.600000,9.750594549936904
2015-03-26T16:16:23.700000,9.743527290445616
2015-03-26T16:16:23.800000,9.746274295532434
2015-03-26T16:16:23.900000,9.740597759321652
2015-03-26T16:16:24.000000,9.744242413769618
2015-03-26T16:16:24.100000,9.777535455515311
2015-03-26T16:16:24.200000,9.760432831942962
2015-03-26T16:16:24.300000,9.754200170496958
2015-03-26T16:16:24.400000,9.763225047675284
2015-03-26T16:16:24.500000,9.759726446379142
2015-03-26T16:16:24.600000,9.757528665562004
2015-03-26T16:16:24.700000,9.765507612943896
2015-03-26T16:16:24.800000,9.763761023828982
2015-03-26T16:16:24.900000,9.765051819748942
2015-03-26T16:16:25.000000,9.77454607803603
2015-03-26T16:16:25.100000,9.768404435201925
2015-03-26T16:16:25.200000,9.769750875697069
2015-03-26T16:16:25.300000,9.784852986391307
2015-03-26T16:16:25.400000,9.767337660285142
2015-03-26T16:16:25.500000,9.763469183064688
2015-03-26T16:16:25.600000,9.770756552603832
2015-03-26T16:16:25.700000,9.779389293220136
2015-03-26T16:16:25.800000,9.77868335865876
2015-03-26T16:16:25.900000,9.769371043965808
2015-03-26T16:16:26.000000,9.77028348105826
2015-03-26T16:16:26.100000,9.769043918039491
2015-03-26T16:16:26.200000,9.758023142185952
2015-03-26T16:16:26.300000,9.76528228268644
2015-03-26T16:16:26.400000,9.769173864826325
2015-03-26T16:16:26.500000,9.76726626252401
2015-03-26T16:16:26.600000,9.76521638537738
2015-03-26T16:16:26.700000,9.781798374334423
2015-03-26T16:16:26.800000,9.781851234227029
2015-03-26T16:16:26.900000,9.778157915677644
2015-03-26T16:16:27.000000,9.763790214329749
2015-03-26T16:16:27.100000,9.75819087367232
2015-03-26T16:16:27.200000,9.775977252972089
2015-03-26T16:16:27.300000,9.773597774873146
2015-03-26T16:16:27.400000,9.777348806249345
2015-03-26T16:16:27.500000,9.78807843691708
2015-03-26T16:16:27.600000,9.780342166491426
2015-03-26T16:16:27.700000,9.79222531093304
2015-03-26T16:16:27.800000,9.781141433889632
2015-03-26T16:16:27.900000,9.764607861593662
2015-03-26T16:16:28.000000,9.754376991123577
2015-03-26T16:16:28.100000,9.767230833316152
2015-03-26T16:16:28.200000,9.765734840012213
2015-03-26T16:16:28.300000,9.750494165942934
2015-03-26T16:16:28.400000,9.754545013290484
2015-03-26T16:16:28.500000,9.764131190579477
2015-03-26T16:16:28.600000,9.767601009666242
2015-03-26T16:16:28.700000,9.75872693946076
2015-03-26T16:16:28.800000,9.741111907888545
2015-03-26T16:16:28.900000,9.753375128038432
2015-03-26T16:16:29.000000,9.75090258386421
2015-03-26T16:16:29.100000,9.75529946941754
2015-03-26T16:16:29.200000,9.76917116469506
2015-03-26T16:16:29.300000,9.758940633751326
2015-03-26T16:16:29.400000,9.750574226450102
2015-03-26T16:16:29.500000,9.735472546884791
2015-03-26T16:16:29.600000,9.739836000866433
2015-03-26T16:16:29.700000,9.746054774633889
2015-03-26T16:16:29.800000,9.735565645610349
2015-03-26T16:16:29.900000,9.733962322857856
2015-03-26T16:16:30.000000,9.738727981754325
2015-03-26T16:16:30.100000,9.7470668992906
2015-03-26T16:16:30.200000,9.754843483763777
2015-03-26T16:16:30.300000,9.760903964080123
2015-03-26T16:16:30.400000,9.744931138868198
2015-03-26T16:16:30.500000,9.737772435844658
2015-03-26T16:16:30.600000,9.73719692963834
2015-03-26T16:16:30.700000,9.744668825229612
2015-03-26T16:16:30.800000,9.752139432572866
2015-03-26T16:16:30.900000,9.761368915637314
2015-03-26T16:16:31.000000,9.75710147024971
2015-03-26T16:16:31.100000,9.757604347755844
2015-03-26T16:16:31.200000,9.759923359738115
2015-03-26T16:16:31.300000,9.773324112747927
2015-03-26T16:16:31.400000,9.780470631741991
2015-03-26T16:16:31.500000,9.77609473432814
2015-03-26T16:16:31.600000,9.778861854179898
2015-03-26T16:16:31.700000,9.797337808035028
2015-03-26T16:16:31.800000,9.774092320137107
2015-03-26T16:16:31.900000,9.77065976135948
2015-03-26T16:16:32.000000,9.76722779547102
2015-03-26T16:16:32.100000,9.777334311969229
2015-03-26T16:16:32.200000,9.790062854105358
2015-03-26T16:16:32.300000,9.799557835004062
2015-03-26T16:16:32.400000,9.800064522663815
2015-03-26T16:16:32.500000,9.800570106644397
2015-03-26T16:16:32.600000,9.801077230349629
2015-03-26T16:16:32.700000,9.801486788059758
2015-03-26T16:16:32.800000,9.801754164339842
2015-03-26T16:16:32.900000,9.80476449925776
2015-03-26T16:16:33.000000,9.806920701979704
2015-03-26T16:16:33.100000,9.799488154514073
2015-03-26T16:16:33.200000,9.80030032360698
2015-03-26T16:16:33.300000,9.806847165564273
2015-03-26T16:16:33.400000,9.797241154725985
2015-03-26T16:16:33.500000,9.790244205177196
2015-03-26T16:16:33.600000,9.78178423514569
2015-03-26T16:16:33.700000,9.767736854352652
2015-03-26T16:16:33.800000,9.760985326071747
2015-03-26T16:16:33.900000,9.760262387940552
2015-03-26T16:16:34.000000,9.765198661651572
2015-03-26T16:16:34.100000,9.77104506254836
2015-03-26T16:16:34.200000,9.762331372086855
2015-03-26T16:16:34.300000,9.746583405798075
2015-03-26T16:16:34.400000,9.73722403849629
2015-03-26T16:16:34.500000,9.748656311470745
2015-03-26T16:16:34.600000,9.76372759924569
2015-03-26T16:16:34.700000,9.761796735564737
2015-03-26T16:16:34.800000,9.758475160502847
2015-03-26T16:16:34.900000,9.74797072814321
2015-03-26T16:16:35.000000,9.752511451055552
2015-03-26T16:16:35.100000,9.749730459204914
2015-03-26T16:16:35.200000,9.754560881145425
2015-03-26T16:16:35.300000,9.74862123734442
2015-03-26T16:16:35.400000,9.73379865252912
2015-03-26T16:16:35.500000,9.718858532780416
2015-03-26T16:16:35.600000,9.730939824909369
2015-03-26T16:16:35.700000,9.733882401576636
2015-03-26T16:16:35.800000,9.732909730568336
2015-03-26T16:16:35.900000,9.746669683450538
2015-03-26T16:16:36.000000,9.743426583196946
2015-03-26T16:16:36.100000,9.738309258534793
2015-03-26T16:16:36.200000,9.740567517188715
2015-03-26T16:16:36.300000,9.752505440804628
2015-03-26T16:16:36.400000,9.752375331678284
2015-03-26T16:16:36.500000,9.749833095793353
2015-03-26T16:16:36.600000,9.754435728564792
2015-03-26T16:16:36.700000,9.744333906773656
2015-03-26T16:16:36.800000,9.752086519188635
2015-03-26T16:16:36.900000,9.748798332295328
2015-03-26T16:16:37.000000,9.756255338779305
2015-03-26T16:16:37.100000,9.765411631601228
2015-03-26T16:16:37.200000,9.78041826837235
2015-03-26T16:16:37.300000,9.767412864304248
2015-03-26T16:16:37.400000,9.772798773664828
2015-03-26T16:16:37.500000,9.785659089601284
2015-03-26T16:16:37.600000,9.798726198184363
2015-03-26T16:16:37.700000,9.80732451860397
2015-03-26T16:16:37.800000,9.799367851615116
2015-03-26T16:16:37.900000,9.78645691077226
2015-03-26T16:16:38.000000,9.787238623363672
2015-03-26T16:16:38.100000,9.805789465714316
2015-03-26T16:16:38.200000,9.827427175383033
2015-03-26T16:16:38.300000,9.81076458279102
2015-03-26T16:16:38.400000,9.797939120384555
2015-03-26T16:16:38.500000,9.790744474686685
2015-03-26T16:16:38.600000,9.785413163733764
2015-03-26T16:16:38.700000,9.78538096500772
2015-03-26T16:16:38.800000,9.799252476957452
2015-03-26T16:16:38.900000,9.801150641283025
2015-03-26T16:16:39.000000,9.797700089335969
2015-03-26T16:16:39.100000,9.79424748570751
2015-03-26T16:16:39.200000,9.788734131464956
2015-03-26T16:16:39.300000,9.794170369731525
2015-03-26T16:16:39.400000,9.80399558900783
2015-03-26T16:16:39.500000,9.794286356546683
2015-03-26T16:16:39.600000,9.7732198101278
2015-03-26T16:16:39.700000,9.75251183223642
2015-03-26T16:16:39.800000,9.748117796654295
2015-03-26T16:16:39.900000,9.751465701489549
2015-03-26T16:16:40.000000,9.757288474423804
2015-03-26T16:16:40.100000,9.76352867809175
2015-03-26T16:16:40.200000,9.750412661845935
2015-03-26T16:16:40.300000,9.744277594001527
2015-03-26T16:16:40.400000,9.766703675718423
2015-03-26T16:16:40.500000,9.765818725515231
2015-03-26T16:16:40.600000,9.7601471826284
2015-03-26T16:16:40.700000,9.756829825680928
2015-03-26T16:16:40.800000,9.74414243157764
2015-03-26T16:16:40.900000,9.746643239248488
2015-03-26T16:16:41.000000,9.75333892430195
2015-03-26T16:16:41.100000,9.73349180060244
2015-03-26T16:16:41.200000,9.73951746533254
2015-03-26T16:16:41.300000,9.74989857826789
2015-03-26T16:16:41.400000,9.7652330443171
2015-03-26T16:16:41.500000,9.774011481981566
2015-03-26T16:16:41.600000,9.755438701816336
2015-03-26T16:16:41.700000,9.765979592886993
2015-03-26T16:16:41.800000,9.75847426135979
2015-03-26T16:16:41.900000,9.76733151126624
2015-03-26T16:16:42.000000,9.767416120708829
2015-03-26T16:16:42.100000,9.74955300603731
2015-03-26T16:16:42.200000,9.754711985147948
2015-03-26T16:16:42.300000,9.772380645849534
2015-03-26T16:16:42.400000,9.758207060913284
2015-03-26T16:16:42.500000,9.766306290855566
2015-03-26T16:16:42.600000,9.769651621503453
2015-03-26T16:16:42.700000,9.7652264685787
2015-03-26T16:16:42.800000,9.765256146918102
2015-03-26T16:16:42.900000,9.792885633277288
2015-03-26T16:16:43.000000,9.787776251802272
2015-03-26T16:16:43.100000,9.76621194163388
2015-03-26T16:16:43.200000,9.767065683705356
2015-03-26T16:16:43.300000,9.767474303917334
2015-03-26T16:16:43.400000,9.774172860117195
2015-03-26T16:16:43.500000,9.787649888436103
2015-03-26T16:16:43.600000,9.804237224714804
2015-03-26T16:16:43.700000,9.788960946693944
2015-03-26T16:16:43.800000,9.759537739140177
2015-03-26T16:16:43.900000,9.769097639985873
2015-03-26T16:16:44.000000,9.784164569772562
2015-03-26T16:16:44.100000,9.753218917106986
2015-03-26T16:16:44.200000,9.754497628440753
2015-03-26T16:16:44.300000,9.757018543913198
2015-03-26T16:16:44.400000,9.781184304059458
2015-03-26T16:16:44.500000,9.7768787442865
2015-03-26T16:16:44.600000,9.743607041483644
2015-03-26T16:16:44.700000,9.742811120035794
2015-03-26T16:16:44.800000,9.744694675868688
2015-03-26T16:16:44.900000,9.745173025342982
2015-03-26T16:16:45.000000,9.749187279839736
2015-03-26T16:16:45.100000,9.756912456333849
2015-03-26T16:16:45.200000,9.73891586868342
2015-03-26T16:16:45.300000,9.736894036177832
2015-03-26T16:16:45.400000,9.741187710652977
2015-03-26T16:16:45.500000,9.737132287202586
2015-03-26T16:16:45.600000,9.742885061448291
2015-03-26T16:16:45.700000,9.748732945733092
2015-03-26T16:16:45.800000,9.741208005028188
2015-03-26T16:16:45.900000,9.723864811375169
2015-03-26T16:16:46.000000,9.726862621103434
2015-03-26T16:16:46.100000,9.743979365611084
2015-03-26T16:16:46.200000,9.754833231454674
2015-03-26T16:16:46.300000,9.761416552632998
2015-03-26T16:16:46.400000,9.764951994419098
2015-03-26T16:16:46.500000,9.74725200049606
2015-03-26T16:16:46.600000,9.74363884587895
2015-03-26T16:16:46.700000,9.757207289005052
2015-03-26T16:16:46.800000,9.766156756189098
2015-03-26T16:16:46.900000,9.76395677194766
2015-03-26T16:16:47.000000,9.761748229137226
2015-03-26T16:16:47.100000,9.769905069482624
2015-03-26T16:16:47.200000,9.77548110331544
2015-03-26T16:16:47.300000,9.771946011184118
2015-03-26T16:16:47.400000,9.774320174265162
2015-03-26T16:16:47.500000,9.776690578294115
2015-03-26T16:16:47.600000,9.779059158117548
2015-03-26T16:16:47.700000,9.781426730636053
2015-03-26T16:16:47.800000,9.78447721229065
2015-03-26T16:16:47.900000,9.786973122061866
2015-03-26T16:16:48.000000,9.788032942652851
2015-03-26T16:16:48.100000,9.789983374136002
2015-03-26T16:16:48.200000,9.79306721373125
2015-03-26T16:16:48.300000,9.798243997104787
2015-03-26T16:16:48.400000,9.810789710642602
2015-03-26T16:16:48.500000,9.812291657244597
2015-03-26T16:16:48.600000,9.812848219527268
2015-03-26T16:16:48.700000,9.809012843753464
2015-03-26T16:16:48.800000,9.800323753164822
2015-03-26T16:16:48.900000,9.79768284278432
2015-03-26T16:16:49.000000,9.80329456983434
2015-03-26T16:16:49.100000,9.78232946192483
2015-03-26T16:16:49.200000,9.787392937576998
2015-03-26T16:16:49.300000,9.807705763426227
2015-03-26T16:16:49.400000,9.792655457821864
2015-03-26T16:16:49.500000,9.792798098605282
2015-03-26T16:16:49.600000,9.77800106587292
2015-03-26T16:16:49.700000,9.7626855364901
2015-03-26T16:16:49.800000,9.769988200899856
2015-03-26T16:16:49.900000,9.773539733880718
2015-03-26T16:16:50.000000,9.800998313934452
2015-03-26T16:16:50.100000,9.780597283019018
2015-03-26T16:16:50.200000,9.775784687534136
2015-03-26T16:16:50.300000,9.784435485580358
2015-03-26T16:16:50.400000,9.781490856801774
2015-03-26T16:16:50.500000,9.76447821333974
2015-03-26T16:16:50.600000,9.755705495255912
2015-03-26T16:16:50.700000,9.748728256938564
2015-03-26T16:16:50.800000,9.761792543446644
2015-03-26T16:16:50.900000,9.742406868582732
2015-03-26T16:16:51.000000,9.75224749800089
2015-03-26T16:16:51.100000,9.753841957134917
2015-03-26T16:16:51.200000,9.744641882212756
2015-03-26T16:16:51.300000,9.742983021704426
2015-03-26T16:16:51.400000,9.745318806327989
2015-03-26T16:16:51.500000,9.738847482859931
2015-03-26T16:16:51.600000,9.738619318761977
2015-03-26T16:16:51.700000,9.740519579289083
2015-03-26T16:16:51.800000,9.745336754783644
2015-03-26T16:16:51.900000,9.752327703034664
2015-03-26T16:16:52.000000,9.758950767946615
2015-03-26T16:16:52.100000,9.749302340493363
2015-03-26T16:16:52.200000,9.728596658143376
2015-03-26T16:16:52.300000,9.738110357979751
2015-03-26T16:16:52.400000,9.749717868846949
2015-03-26T16:16:52.500000,9.757746130200754
2015-03-26T16:16:52.600000,9.757024670863366
2015-03-26T16:16:52.700000,9.7575486002042
2015-03-26T16:16:52.800000,9.764540333181422
2015-03-26T16:16:52.900000,9.757486385267535
2015-03-26T16:16:53.000000,9.759883407365145
2015-03-26T16:16:53.100000,9.761799279630567
2015-03-26T16:16:53.200000,9.755334643915765
2015-03-26T16:16:53.300000,9.755804805790572
2015-03-26T16:16:53.400000,9.782327337797952
2015-03-26T16:16:53.500000,9.783378189016732
2015-03-26T16:16:53.600000,9.776514239831709
2015-03-26T16:16:53.700000,9.771206337343404
2015-03-26T16:16:53.800000,9.765124753733526
2015-03-26T16:16:53.900000,9.760186101324155
2015-03-26T16:16:54.000000,9.758343415914132
2015-03-26T16:16:54.100000,9.757399566094415
2015-03-26T16:16:54.200000,9.764335531173144
2015-03-26T16:16:54.300000,9.771615506483592
2015-03-26T16:16:54.400000,9.766690093719523
2015-03-26T16:16:54.500000,9.78040689740326
2015-03-26T16:16:54.600000,9.775877526674742
2015-03-26T16:16:54.700000,9.78869758354496
2015-03-26T16:16:54.800000,9.785599918348048
2015-03-26T16:16:54.900000,9.76795542857942
2015-03-26T16:16:55.000000,9.7770099281006
2015-03-26T16:16:55.100000,9.762864120396392
2015-03-26T16:16:55.200000,9.764667743899883
2015-03-26T16:16:55.300000,9.775104902675915
2015-03-26T16:16:55.400000,9.766058063409192
2015-03-26T16:16:55.500000,9.765430880941688
2015-03-26T16:16:55.600000,9.767160722872305
2015-03-26T16:16:55.700000,9.76908804796827
2015-03-26T16:16:55.800000,9.768488262969118
2015-03-26T16:16:55.900000,9.765026442905947
2015-03-26T16:16:56.000000,9.757789310810775
2015-03-26T16:16:56.100000,9.758965315225735
2015-03-26T16:16:56.200000,9.778790620661123
2015-03-26T16:16:56.300000,9.788345412460831
2015-03-26T16:16:56.400000,9.759091194252283
2015-03-26T16:16:56.500000,9.766803347119575
2015-03-26T16:16:56.600000,9.774909222331168
2015-03-26T16:16:56.700000,9.75160143918701
2015-03-26T16:16:56.800000,9.758950189512984
2015-03-26T16:16:56.900000,9.773423694015868
2015-03-26T16:16:57.000000,9.774068738764232
2015-03-26T16:16:57.100000,9.769940711933309
2015-03-26T16:16:57.200000,9.77051295862455
2015-03-26T16:16:57.300000,9.784872618633065
2015-03-26T16:16:57.400000,9.7951717761341
2015-03-26T16:16:57.500000,9.788773045872356
2015-03-26T16:16:57.600000,9.775769926256793
2015-03-26T16:16:57.700000,9.765360524394149
2015-03-26T16:16:57.800000,9.776577491892978
2015-03-26T16:16:57.900000,9.78596616054052
2015-03-26T16:16:58.000000,9.776647723546107
2015-03-26T16:16:58.100000,9.7938246823339
2015-03-26T16:16:58.200000,9.776061691896167
2015-03-26T16:16:58.300000,9.767985743246683
2015-03-26T16:16:58.400000,9.767581185444172
2015-03-26T16:16:58.500000,9.77489874189516
2015-03-26T16:16:58.600000,9.792585991694272
2015-03-26T16:16:58.700000,9.798076584925353
2015-03-26T16:16:58.800000,9.78798960462454
2015-03-26T16:16:58.900000,9.787106835147206
2015-03-26T16:16:59.000000,9.784042646814727
2015-03-26T16:16:59.100000,9.765321619277808
2015-03-26T16:16:59.200000,9.763231713448803
2015-03-26T16:16:59.300000,9.78058817305456
2015-03-26T16:16:59.400000,9.78543623645245
2015-03-26T16:16:59.500000,9.7726599151191
2015-03-26T16:16:59.600000,9.760310798276732
2015-03-26T16:16:59.700000,9.770397997285851
2015-03-26T16:16:59.800000,9.763468862610946
2015-03-26T16:16:59.900000,9.75523827440638
2015-03-26T16:17:00.000000,9.767019698172229
2015-03-26T16:17:00.100000,9.763224758075832
2015-03-26T16:17:00.200000,9.76169658385907
2015-03-26T16:17:00.300000,9.759933995793682
2015-03-26T16:17:00.400000,9.760227889891276
2015-03-26T16:17:00.500000,9.762889739758156
2015-03-26T16:17:00.600000,9.761532299342516
2015-03-26T16:17:00.700000,9.759384602972846
2015-03-26T16:17:00.800000,9.744976490761555
2015-03-26T16:17:00.900000,9.738597613324538
2015-03-26T16:17:01.000000,9.752560785748216
2015-03-26T16:17:01.100000,9.743990405655978
2015-03-26T16:17:01.200000,9.743497208469854
2015-03-26T16:17:01.300000,9.75505566650216
2015-03-26T16:17:01.400000,9.755143535284024
2015-03-26T16:17:01.500000,9.753140859015048
2015-03-26T16:17:01.600000,9.756162341953814
2015-03-26T16:17:01.700000,9.756529709734682
2015-03-26T16:17:01.800000,9.744468874965802
2015-03-26T16:17:01.900000,9.73538864259896
2015-03-26T16:17:02.000000,9.7404107291424
2015-03-26T16:17:02.100000,9.740187068532952
2015-03-26T16:17:02.200000,9.73996400518245
2015-03-26T16:17:02.300000,9.74430302935703
2015-03-26T16:17:02.400000,9.751280072896447
2015-03-26T16:17:02.500000,9.752117656252034
2015-03-26T16:17:02.600000,9.758156696244566
2015-03-26T16:17:02.700000,9.773651907487
2015-03-26T16:17:02.800000,9.743877605455468
2015-03-26T16:17:02.900000,9.770141862095246
2015-03-26T16:17:03.000000,9.775879733654904
2015-03-26T16:17:03.100000,9.77062477354714
2015-03-26T16:17:03.200000,9.772103055847552
2015-03-26T16:17:03.300000,9.781486380805354
2015-03-26T16:17:03.400000,9.773818190263164
2015-03-26T16:17:03.500000,9.764839968485065
2015-03-26T16:17:03.600000,9.793096927400027
2015-03-26T16:17:03.700000,9.789418178891614
2015-03-26T16:17:03.800000,9.783317075648084
2015-03-26T16:17:03.900000,9.789869418520622
2015-03-26T16:17:04.000000,9.808068188768004
2015-03-26T16:17:04.100000,9.800451977021298
2015-03-26T16:17:04.200000,9.791367149944868
2015-03-26T16:17:04.300000,9.781864884836915
2015-03-26T16:17:04.400000,9.79079958672526
2015-03-26T16:17:04.500000,9.799776808159256
2015-03-26T16:17:04.600000,9.790527485395405
2015-03-26T16:17:04.700000,9.79059606092725
2015-03-26T16:17:04.800000,9.779872453857385
2015-03-26T16:17:04.900000,9.781764334451898
2015-03-26T16:17:05.000000,9.783251534728986
2015-03-26T16:17:05.100000,9.783551227585487
2015-03-26T16:17:05.200000,9.788205424344262
2015-03-26T16:17:05.300000,9.786214407561788
2015-03-26T16:17:05.400000,9.78824933770611
2015-03-26T16:17:05.500000,9.7910071759888
2015-03-26T16:17:05.600000,9.789858831934495
2015-03-26T16:17:05.700000,9.788710808662591
2015-03-26T16:17:05.800000,9.76290608997208
2015-03-26T16:17:05.900000,9.761044524366818
2015-03-26T16:17:06.000000,9.77218233149417
2015-03-26T16:17:06.100000,9.766018490254446
2015-03-26T16:17:06.200000,9.764554908799726
2015-03-26T16:17:06.300000,9.75093074594756
2015-03-26T16:17:06.400000,9.748049568021363
2015-03-26T16:17:06.500000,9.758752259392908
2015-03-26T16:17:06.600000,9.739117156901372
2015-03-26T16:17:06.700000,9.731319680200238
2015-03-26T16:17:06.800000,9.732061191261446
2015-03-26T16:17:06.900000,9.73280248890518
2015-03-26T16:17:07.000000,9.746301614905851
2015-03-26T16:17:07.100000,9.746908188226492
2015-03-26T16:17:07.200000,9.734649880793578
2015-03-26T16:17:07.300000,9.739339608349091
2015-03-26T16:17:07.400000,9.738458045952315
2015-03-26T16:17:07.500000,9.742067293829312
2015-03-26T16:17:07.600000,9.741854732787898
2015-03-26T16:17:07.700000,9.739177527950476
2015-03-26T16:17:07.800000,9.751082782974
2015-03-26T16:17:07.900000,9.74549474860272
2015-03-26T16:17:08.000000,9.73628679710904
2015-03-26T16:17:08.100000,9.734803614017125
2015-03-26T16:17:08.200000,9.7416188589072
2015-03-26T16:17:08.300000,9.746997445162764
2015-03-26T16:17:08.400000,9.749925186018816
2015-03-26T16:17:08.500000,9.75188422374412
2015-03-26T16:17:08.600000,9.749823914419048
2015-03-26T16:17:08.700000,9.75444637490995
2015-03-26T16:17:08.800000,9.76345368583943
2015-03-26T16:17:08.900000,9.762631670890022
2015-03-26T16:17:09.000000,9.767195611422538
2015-03-26T16:17:09.100000,9.76079124489035
2015-03-26T16:17:09.200000,9.763155372331806
2015-03-26T16:17:09.300000,9.76900458202488
2015-03-26T16:17:09.400000,9.759912096503934
2015-03-26T16:17:09.500000,9.78309943828276
2015-03-26T16:17:09.600000,9.775357684581191
2015-03-26T16:17:09.700000,9.777460673451715
2015-03-26T16:17:09.800000,9.782785271036763
2015-03-26T16:17:09.900000,9.779193081892693
2015-03-26T16:17:10.000000,9.766388672744174
2015-03-26T16:17:10.100000,9.759981162159551
2015-03-26T16:17:10.200000,9.755705684820564
2015-03-26T16:17:10.300000,9.771395226601191
2015-03-26T16:17:10.400000,9.774232329015144
2015-03-26T16:17:10.500000,9.784823671396351
2015-03-26T16:17:10.600000,9.790305255508708
2015-03-26T16:17:10.700000,9.785668315367202
2015-03-26T16:17:10.800000,9.766163671186758
2015-03-26T16:17:10.900000,9.795295923475784
2015-03-26T16:17:11.000000,9.781246065785073
2015-03-26T16:17:11.100000,9.763077903931812
2015-03-26T16:17:11.200000,9.754871850516832
2015-03-26T16:17:11.300000,9.754223689695122
2015-03-26T16:17:11.400000,9.75357555495646
2015-03-26T16:17:11.500000,9.75889627278742
2015-03-26T16:17:11.600000,9.782742125814725
2015-03-26T16:17:11.700000,9.785651063854065
2015-03-26T16:17:11.800000,9.781622221206865
2015-03-26T16:17:11.900000,9.773766985387848
2015-03-26T16:17:12.000000,9.766197728407455
2015-03-26T16:17:12.100000,9.764643153004158
2015-03-26T16:17:12.200000,9.7558204328702
2015-03-26T16:17:12.300000,9.74775991689275
2015-03-26T16:17:12.400000,9.753808882371848
2015-03-26T16:17:12.500000,9.773463102646865
2015-03-26T16:17:12.600000,9.779270214219713
2015-03-26T16:17:12.700000,9.767409716316722
2015-03-26T16:17:12.800000,9.764719065938552
2015-03-26T16:17:12.900000,9.764639565482245
2015-03-26T16:17:13.000000,9.760846969844245
2015-03-26T16:17:13.100000,9.760401397128676
2015-03-26T16:17:13.200000,9.761795479257302
2015-03-26T16:17:13.300000,9.76787056968167
2015-03-26T16:17:13.400000,9.751440943930634
2015-03-26T16:17:13.500000,9.74902858404473
2015-03-26T16:17:13.600000,9.768544714533942
2015-03-26T16:17:13.700000,9.758287570509404
2015-03-26T16:17:13.800000,9.751343381693598
2015-03-26T16:17:13.900000,9.752550387448366
2015-03-26T16:17:14.000000,9.758256798986327
2015-03-26T16:17:14.100000,9.764904723034205
2015-03-26T16:17:14.200000,9.76600685282302
2015-03-26T16:17:14.300000,9.764626312470202
2015-03-26T16:17:14.400000,9.754931437563744
2015-03-26T16:17:14.500000,9.75145518020822
2015-03-26T16:17:14.600000,9.752992400594652
2015-03-26T16:17:14.700000,9.751561279982187
2015-03-26T16:17:14.800000,9.74878410277827
2015-03-26T16:17:14.900000,9.741415666150235
2015-03-26T16:17:15.000000,9.7363295476274
2015-03-26T16:17:15.100000,9.73826656990107
2015-03-26T16:17:15.200000,9.745889185369032
2015-03-26T16:17:15.300000,9.753153171178372
2015-03-26T16:17:15.400000,9.755050629265206
2015-03-26T16:17:15.500000,9.74291444922041
2015-03-26T16:17:15.600000,9.770974256196794
2015-03-26T16:17:15.700000,9.756012795252566
2015-03-26T16:17:15.800000,9.741444993196778
2015-03-26T16:17:15.900000,9.74969757439499
2015-03-26T16:17:16.000000,9.766022549196528
2015-03-26T16:17:16.100000,9.787910453332804
2015-03-26T16:17:16.200000,9.77626577071651
2015-03-26T16:17:16.300000,9.783947252957828
2015-03-26T16:17:16.400000,9.777221832093948
2015-03-26T16:17:16.500000,9.76654048281007
2015-03-26T16:17:16.600000,9.78280929050094
2015-03-26T16:17:16.700000,9.79163893968452
2015-03-26T16:17:16.800000,9.776623210189191
2015-03-26T16:17:16.900000,9.759972779375609
2015-03-26T16:17:17.000000,9.771733286788685
2015-03-26T16:17:17.100000,9.762844761748186
2015-03-26T16:17:17.200000,9.764013937268231
2015-03-26T16:17:17.300000,9.78178385040505
2015-03-26T16:17:17.400000,9.80124158611662
2015-03-26T16:17:17.500000,9.80941704194574
2015-03-26T16:17:17.600000,9.801988483479184
2015-03-26T16:17:17.700000,9.78289545623896
2015-03-26T16:17:17.800000,9.78238794321498
2015-03-26T16:17:17.900000,9.787233645707516
2015-03-26T16:17:18.000000,9.76421513331741
2015-03-26T16:17:18.100000,9.762574816722928
2015-03-26T16:17:18.200000,9.76203100259399
2015-03-26T16:17:18.300000,9.783717893432431
2015-03-26T16:17:18.400000,9.782744285614973
2015-03-26T16:17:18.500000,9.788098715277156
2015-03-26T16:17:18.600000,9.776799007581074
2015-03-26T16:17:18.700000,9.763708008594188
2015-03-26T16:17:18.800000,9.774093304319562
2015-03-26T16:17:18.900000,9.770117470958075
2015-03-26T16:17:19.000000,9.76565229567712
2015-03-26T16:17:19.100000,9.761361899015908
2015-03-26T16:17:19.200000,9.749867040401655
2015-03-26T16:17:19.300000,9.745976482131317
2015-03-26T16:17:19.400000,9.770243651063094
2015-03-26T16:17:19.500000,9.76071738316974
2015-03-26T16:17:19.600000,9.762941024674362
2015-03-26T16:17:19.700000,9.75956281987926
2015-03-26T16:17:19.800000,9.757502973166428
2015-03-26T16:17:19.900000,9.750767015547328
2015-03-26T16:17:20.000000,9.746208116784931
2015-03-26T16:17:20.100000,9.7489526042669
2015-03-26T16:17:20.200000,9.742925060612526
2015-03-26T16:17:20.300000,9.757513702739034
2015-03-26T16:17:20.400000,9.744820520542406
2015-03-26T16:17:20.500000,9.737499172426114
2015-03-26T16:17:20.600000,9.739006467548844
2015-03-26T16:17:20.700000,9.75169328222702
2015-03-26T16:17:20.800000,9.75844826503153
2015-03-26T16:17:20.900000,9.758797073303082
2015-03-26T16:17:21.000000,9.749401190822148
2015-03-26T16:17:21.100000,9.74162997642422
2015-03-26T16:17:21.200000,9.760327474484672
2015-03-26T16:17:21.300000,9.758075070696565
2015-03-26T16:17:21.400000,9.754337018909192
2015-03-26T16:17:21.500000,9.744550082003952
2015-03-26T16:17:21.600000,9.745927359726949
2015-03-26T16:17:21.700000,9.762568036974235
2015-03-26T16:17:21.800000,9.75868395685626
2015-03-26T16:17:21.900000,9.753296110914686
2015-03-26T16:17:22.000000,9.762736923417124
2015-03-26T16:17:22.100000,9.763435922500308
2015-03-26T16:17:22.200000,9.77168060211063
2015-03-26T16:17:22.300000,9.810286187378017
2015-03-26T16:17:22.400000,9.77631646178567
2015-03-26T16:17:22.500000,9.770925923376788
2015-03-26T16:17:22.600000,9.76141281669936
2015-03-26T16:17:22.700000,9.752660346267826
2015-03-26T16:17:22.800000,9.759867921971937
2015-03-26T16:17:22.900000,9.76579522669319
2015-03-26T16:17:23.000000,9.77655779879719
2015-03-26T16:17:23.100000,9.781068565670427
2015-03-26T16:17:23.200000,9.774502097358017
2015-03-26T16:17:23.300000,9.764729428988616
2015-03-26T16:17:23.400000,9.775166144250946
2015-03-26T16:17:23.500000,9.786634421618624
2015-03-26T16:17:23.600000,9.78435026876684
2015-03-26T16:17:23.700000,9.786030611916733
2015-03-26T16:17:23.800000,9.793296968174769
2015-03-26T16:17:23.900000,9.80000648323442
2015-03-26T16:17:24.000000,9.785493444071632
2015-03-26T16:17:24.100000,9.77843906618657
2015-03-26T16:17:24.200000,9.781712649612864
2015-03-26T16:17:24.300000,9.776226062820925
2015-03-26T16:17:24.400000,9.777497646474004
2015-03-26T16:17:24.500000,9.78475246207362
2015-03-26T16:17:24.600000,9.788753742819544
2015-03-26T16:17:24.700000,9.775094935765802
2015-03-26T16:17:24.800000,9.773190752016925
2015-03-26T16:17:24.900000,9.797043260994217
2015-03-26T16:17:25.000000,9.78313682421418
2015-03-26T16:17:25.100000,9.792036003589144
2015-03-26T16:17:25.200000,9.791464802317345
2015-03-26T16:17:25.300000,9.779101428187062
2015-03-26T16:17:25.400000,9.772085132320148
2015-03-26T16:17:25.500000,9.766355598011236
2015-03-26T16:17:25.600000,9.76506158073453
2015-03-26T16:17:25.700000,9.772033656312082
2015-03-26T16:17:25.800000,9.778533653473737
2015-03-26T16:17:25.900000,9.77728461917405
2015-03-26T16:17:26.000000,9.756724914239806
2015-03-26T16:17:26.100000,9.753873839877086
2015-03-26T16:17:26.200000,9.762770377276278
2015-03-26T16:17:26.300000,9.762824211330429
2015-03-26T16:17:26.400000,9.745627218833476
2015-03-26T16:17:26.500000,9.762886587177569
2015-03-26T16:17:26.600000,9.777980877496582
2015-03-26T16:17:26.700000,9.756714697095216
2015-03-26T16:17:26.800000,9.759668674457217
2015-03-26T16:17:26.900000,9.759682729483028
2015-03-26T16:17:27.000000,9.733998378034189
2015-03-26T16:17:27.100000,9.749361621169395
2015-03-26T16:17:27.200000,9.742407504336116
2015-03-26T16:17:27.300000,9.74603712300743
2015-03-26T16:17:27.400000,9.760913917487102
2015-03-26T16:17:27.500000,9.761710422046816
2015-03-26T16:17:27.600000,9.74975636264652
2015-03-26T16:17:27.700000,9.749594732457773
2015-03-26T16:17:27.800000,9.764044066698464
2015-03-26T16:17:27.900000,9.7599947585824
2015-03-26T16:17:28.000000,9.764320422546938
2015-03-26T16:17:28.100000,9.75930632654092
2015-03-26T16:17:28.200000,9.763443796896963
2015-03-26T16:17:28.300000,9.742922154552948
2015-03-26T16:17:28.400000,9.76825026249888
2015-03-26T16:17:28.500000,9.760621720515983
2015-03-26T16:17:28.600000,9.75462848246144
2015-03-26T16:17:28.700000,9.75262271122639
2015-03-26T16:17:28.800000,9.741470563908656
2015-03-26T16:17:28.900000,9.742657328717844
2015-03-26T16:17:29.000000,9.755125151030557
2015-03-26T16:17:29.100000,9.747936625648697
2015-03-26T16:17:29.200000,9.755795712548135
2015-03-26T16:17:29.300000,9.7708918035891
2015-03-26T16:17:29.400000,9.771630042431658
2015-03-26T16:17:29.500000,9.78978436589157
2015-03-26T16:17:29.600000,9.777501817162536
2015-03-26T16:17:29.700000,9.772683368314327
2015-03-26T16:17:29.800000,9.780123854478772
2015-03-26T16:17:29.900000,9.77350707840173
2015-03-26T16:17:30.000000,9.769178782011576
2015-03-26T16:17:30.100000,9.77456404861912
2015-03-26T16:17:30.200000,9.775691508521826
2015-03-26T16:17:30.300000,9.776448124256095
2015-03-26T16:17:30.400000,9.78021773598577
2015-03-26T16:17:30.500000,9.78023390908102
2015-03-26T16:17:30.600000,9.776902661322207
2015-03-26T16:17:30.700000,9.783699173146536
2015-03-26T16:17:30.800000,9.78343685317648
2015-03-26T16:17:30.900000,9.768953347123777
2015-03-26T16:17:31.000000,9.765644702437468
2015-03-26T16:17:31.100000,9.781854343305152
2015-03-26T16:17:31.200000,9.774190890637978
2015-03-26T16:17:31.300000,9.76868894624007
2015-03-26T16:17:31.400000,9.761969963909308
2015-03-26T16:17:31.500000,9.750717687611546
2015-03-26T16:17:31.600000,9.747958963648436
2015-03-26T16:17:31.700000,9.768266347909387
2015-03-26T16:17:31.800000,9.747339946180988
2015-03-26T16:17:31.900000,9.757546629121595
2015-03-26T16:17:32.000000,9.77821187164838
2015-03-26T16:17:32.100000,9.777596500057752
2015-03-26T16:17:32.200000,9.773949638601104
2015-03-26T16:17:32.300000,9.788541104198847
2015-03-26T16:17:32.400000,9.781348669068857
2015-03-26T16:17:32.500000,9.758981138737395
2015-03-26T16:17:32.600000,9.756224715413149
2015-03-26T16:17:32.700000,9.76698646782743
2015-03-26T16:17:32.800000,9.773533861008286
2015-03-26T16:17:32.900000,9.771825087159096
2015-03-26T16:17:33.000000,9.763270452227776
2015-03-26T16:17:33.100000,9.756206165674197
2015-03-26T16:17:33.200000,9.756034363532116
2015-03-26T16:17:33.300000,9.746148545116638
2015-03-26T16:17:33.400000,9.753873928360267
2015-03-26T16:17:33.500000,9.748727233781173
2015-03-26T16:17:33.600000,9.740289571969257
2015-03-26T16:17:33.700000,9.739576619774487
2015-03-26T16:17:33.800000,9.76988602244305
2015-03-26T16:17:33.900000,9.766313731186957
2015-03-26T16:17:34.000000,9.760910425289534
2015-03-26T16:17:34.100000,9.758720900906264
2015-03-26T16:17:34.200000,9.76193530255948
2015-03-26T16:17:34.300000,9.768135209302253
2015-03-26T16:17:34.400000,9.761632869103716
2015-03-26T16:17:34.500000,9.763229983911751
2015-03-26T16:17:34.600000,9.73228676915904
2015-03-26T16:17:34.700000,9.73740835999717
2015-03-26T16:17:34.800000,9.756259163692162
2015-03-26T16:17:34.900000,9.754984092869584
2015-03-26T16:17:35.000000,9.745657562153092
2015-03-26T16:17:35.100000,9.76782947545438
2015-03-26T16:17:35.200000,9.768956594031325
2015-03-26T16:17:35.300000,9.76602882903802
2015-03-26T16:17:35.400000,9.761771334588886
2015-03-26T16:17:35.500000,9.767662976705097
2015-03-26T16:17:35.600000,9.77913593804478
2015-03-26T16:17:35.700000,9.777153683876843
2015-03-26T16:17:35.800000,9.771803158132398
2015-03-26T16:17:35.900000,9.787904609569337
2015-03-26T16:17:36.000000,9.780339727613647
2015-03-26T16:17:36.100000,9.777333153286536
2015-03-26T16:17:36.200000,9.781065310634103
2015-03-26T16:17:36.300000,9.789350436692043
2015-03-26T16:17:36.400000,9.78910146918242
2015-03-26T16:17:36.500000,9.785558882484136
2015-03-26T16:17:36.600000,9.777057115547812
2015-03-26T16:17:36.700000,9.790097564607548
2015-03-26T16:17:36.800000,9.794699721421145
2015-03-26T16:17:36.900000,9.791754953804428
2015-03-26T16:17:37.000000,9.76742080831765
2015-03-26T16:17:37.100000,9.7660284132822
2015-03-26T16:17:37.200000,9.792988978183288
2015-03-26T16:17:37.300000,9.78802168440159
2015-03-26T16:17:37.400000,9.77446300096564
2015-03-26T16:17:37.500000,9.761904923947569
2015-03-26T16:17:37.600000,9.752399307122795
2015-03-26T16:17:37.700000,9.73752931760454
2015-03-26T16:17:37.800000,9.755315585101222
2015-03-26T16:17:37.900000,9.75078649511376
2015-03-26T16:17:38.000000,9.73652252301065
2015-03-26T16:17:38.100000,9.748723948345498
2015-03-26T16:17:38.200000,9.75849046151582
2015-03-26T16:17:38.300000,9.744785943134312
2015-03-26T16:17:38.400000,9.734251725613994
2015-03-26T16:17:38.500000,9.739248485164154
2015-03-26T16:17:38.600000,9.747201634369516
2015-03-26T16:17:38.700000,9.76742935303336
2015-03-26T16:17:38.800000,9.74703812974612
2015-03-26T16:17:38.900000,9.727155703477656
2015-03-26T16:17:39.000000,9.737672484908208
2015-03-26T16:17:39.100000,9.74678316538921
2015-03-26T16:17:39.200000,9.762584245853544
2015-03-26T16:17:39.300000,9.76359879170674
2015-03-26T16:17:39.400000,9.757005970978836
2015-03-26T16:17:39.500000,9.76257992758372
2015-03-26T16:17:39.600000,9.776438270789765
2015-03-26T16:17:39.700000,9.746575546531217
2015-03-26T16:17:39.800000,9.745037888751703
2015-03-26T16:17:39.900000,9.751248498571298
2015-03-26T16:17:40.000000,9.755416222415452
2015-03-26T16:17:40.100000,9.751664336089208
2015-03-26T16:17:40.200000,9.758987077354831
2015-03-26T16:17:40.300000,9.759148608848124
2015-03-26T16:17:40.400000,9.768279588278682
2015-03-26T16:17:40.500000,9.777191078019898
2015-03-26T16:17:40.600000,9.761947524627963
2015-03-26T16:17:40.700000,9.759525288923134
2015-03-26T16:17:40.800000,9.770385647548924
2015-03-26T16:17:40.900000,9.767890000628636
2015-03-26T16:17:41.000000,9.790034274836623
2015-03-26T16:17:41.100000,9.789428262923789
2015-03-26T16:17:41.200000,9.785576546798724
2015-03-26T16:17:41.300000,9.784455807623791
2015-03-26T16:17:41.400000,9.785867031559585
2015-03-26T16:17:41.500000,9.78270472805922
2015-03-26T16:17:41.600000,9.794609500729944
2015-03-26T16:17:41.700000,9.794198366254294
2015-03-26T16:17:41.800000,9.780436215263238
2015-03-26T16:17:41.900000,9.784914382692827
2015-03-26T16:17:42.000000,9.80015487372248
2015-03-26T16:17:42.100000,9.799119392379207
2015-03-26T16:17:42.200000,9.797315606461202
2015-03-26T16:17:42.300000,9.801948551339695
2015-03-26T16:17:42.400000,9.794138253494888
2015-03-26T16:17:42.500000,9.787976226848016
2015-03-26T16:17:42.600000,9.77413022701608
2015-03-26T16:17:42.700000,9.77356475376592
2015-03-26T16:17:42.800000,9.774670283992856
2015-03-26T16:17:42.900000,9.772964330520692
2015-03-26T16:17:43.000000,9.772414866432063
2015-03-26T16:17:43.100000,9.777105132576626
2015-03-26T16:17:43.200000,9.773704425606658
2015-03-26T16:17:43.300000,9.761176147931955
2015-03-26T16:17:43.400000,9.760543788671267
2015-03-26T16:17:43.500000,9.756969034333997
2015-03-26T16:17:43.600000,9.759996640495714
2015-03-26T16:17:43.700000,9.755797385169982
2015-03-26T16:17:43.800000,9.749008991911914
2015-03-26T16:17:43.900000,9.75247996840264
2015-03-26T16:17:44.000000,9.762110727970247
2015-03-26T16:17:44.100000,9.756341491326967
2015-03-26T16:17:44.200000,9.75416810436554
2015-03-26T16:17:44.300000,9.763817406195075
2015-03-26T16:17:44.400000,9.763319492095368
2015-03-26T16:17:44.500000,9.76224225234258
2015-03-26T16:17:44.600000,9.758993840481962
2015-03-26T16:17:44.700000,9.757594170805094
2015-03-26T16:17:44.800000,9.766013100904578
2015-03-26T16:17:44.900000,9.763334258547236
2015-03-26T16:17:45.000000,9.755892200542045
2015-03-26T16:17:45.100000,9.756391785294126
2015-03-26T16:17:45.200000,9.764729710514988
2015-03-26T16:17:45.300000,9.775995039947151
2015-03-26T16:17:45.400000,9.760544376559896
2015-03-26T16:17:45.500000,9.752830333694654
2015-03-26T16:17:45.600000,9.75698230367674
2015-03-26T16:17:45.700000,9.76113141096778
2015-03-26T16:17:45.800000,9.765279674960102
2015-03-26T16:17:45.900000,9.767702904519856
2015-03-26T16:17:46.000000,9.76282557592834
2015-03-26T16:17:46.100000,9.77816068087998
2015-03-26T16:17:46.200000,9.78813861491154
2015-03-26T16:17:46.300000,9.779339679924428
2015-03-26T16:17:46.400000,9.764451037198556
2015-03-26T16:17:46.500000,9.77680959633721
2015-03-26T16:17:46.600000,9.769887460538442
2015-03-26T16:17:46.700000,9.768741583651115
2015-03-26T16:17:46.800000,9.76370556976718
2015-03-26T16:17:46.900000,9.766772268278707
2015-03-26T16:17:47.000000,9.76291898370407
2015-03-26T16:17:47.100000,9.754450785464774
2015-03-26T16:17:47.200000,9.766944866727853
2015-03-26T16:17:47.300000,9.779807193167784
2015-03-26T16:17:47.400000,9.763088775742244
2015-03-26T16:17:47.500000,9.753737010484734
2015-03-26T16:17:47.600000,9.765275994998769
2015-03-26T16:17:47.700000,9.76850633419825
2015-03-26T16:17:47.800000,9.761375079446164
2015-03-26T16:17:47.900000,9.760343099920494
2015-03-26T16:17:48.000000,9.770937509894612
2015-03-26T16:17:48.100000,9.750428199047157
2015-03-26T16:17:48.200000,9.75202481436814
2015-03-26T16:17:48.300000,9.767001427408914
2015-03-26T16:17:48.400000,9.755603054566668
2015-03-26T16:17:48.500000,9.756009136484732
2015-03-26T16:17:48.600000,9.764832975186962
2015-03-26T16:17:48.700000,9.757244818738911
2015-03-26T16:17:48.800000,9.750989646171494
2015-03-26T16:17:48.900000,9.74673881676386
2015-03-26T16:17:49.000000,9.753108588751797
2015-03-26T16:17:49.100000,9.758819379684487
2015-03-26T16:17:49.200000,9.753802531408247
2015-03-26T16:17:49.300000,9.760405825972674
2015-03-26T16:17:49.400000,9.76156675367491
2015-03-26T16:17:49.500000,9.747030666436244
2015-03-26T16:17:49.600000,9.745644955438417
2015-03-26T16:17:49.700000,9.756980400353036
2015-03-26T16:17:49.800000,9.75978141182303
2015-03-26T16:17:49.900000,9.759914832035667
2015-03-26T16:17:50.000000,9.759856566872449
2015-03-26T16:17:50.100000,9.760187703396811
2015-03-26T16:17:50.200000,9.761188116710594
2015-03-26T16:17:50.300000,9.766336462968209
2015-03-26T16:17:50.400000,9.772278923288596
2015-03-26T16:17:50.500000,9.785715160506165
2015-03-26T16:17:50.600000,9.789555422342568
2015-03-26T16:17:50.700000,9.78591646705126
2015-03-26T16:17:50.800000,9.789508280910583
2015-03-26T16:17:50.900000,9.790211461778243
2015-03-26T16:17:51.000000,9.777315022667732
2015-03-26T16:17:51.100000,9.765159526598875
2015-03-26T16:17:51.200000,9.78551605038368
2015-03-26T16:17:51.300000,9.784383397204008
2015-03-26T16:17:51.400000,9.776970778591778
2015-03-26T16:17:51.500000,9.772380022988052
2015-03-26T16:17:51.600000,9.77715728485838
2015-03-26T16:17:51.700000,9.782772303660025
2015-03-26T16:17:51.800000,9.793065352830665
2015-03-26T16:17:51.900000,9.776833585485532
2015-03-26T16:17:52.000000,9.76866426716393
2015-03-26T16:17:52.100000,9.776748541069248
2015-03-26T16:17:52.200000,9.786354884567796
2015-03-26T16:17:52.300000,9.78005218227852
2015-03-26T16:17:52.400000,9.77539287470406
2015-03-26T16:17:52.500000,9.772278306373249
2015-03-26T16:17:52.600000,9.780045622361392
2015-03-26T16:17:52.700000,9.796613242312905
2015-03-26T16:17:52.800000,9.764912245926729
2015-03-26T16:17:52.900000,9.744103535562324
2015-03-26T16:17:53.000000,9.753451919090809
2015-03-26T16:17:53.100000,9.773596293378288
2015-03-26T16:17:53.200000,9.762136040909228
2015-03-26T16:17:53.300000,9.759871750534572
2015-03-26T16:17:53.400000,9.76323938134258
2015-03-26T16:17:53.500000,9.76522534315413
2015-03-26T16:17:53.600000,9.76185029125754
2015-03-26T16:17:53.700000,9.76738202875165
2015-03-26T16:17:53.800000,9.7698264589491
2015-03-26T16:17:53.900000,9.760138951899192
2015-03-26T16:17:54.000000,9.740160671182627
2015-03-26T16:17:54.100000,9.76058542336399
2015-03-26T16:17:54.200000,9.76323916510873
2015-03-26T16:17:54.300000,9.751661588169648
2015-03-26T16:17:54.400000,9.74456981706962
2015-03-26T16:17:54.500000,9.738398604837004
2015-03-26T16:17:54.600000,9.746214715144529
2015-03-26T16:17:54.700000,9.754550595132615
2015-03-26T16:17:54.800000,9.752168605959064
2015-03-26T16:17:54.900000,9.754006954639642
2015-03-26T16:17:55.000000,9.776928343725077
2015-03-26T16:17:55.100000,9.76655869635651
2015-03-26T16:17:55.200000,9.768788841435764
2015-03-26T16:17:55.300000,9.751186006716214
2015-03-26T16:17:55.400000,9.74865310431899
2015-03-26T16:17:55.500000,9.74332891835594
2015-03-26T16:17:55.600000,9.7372054504581
2015-03-26T16:17:55.700000,9.740440731724926
2015-03-26T16:17:55.800000,9.751198907422516
2015-03-26T16:17:55.900000,9.74972977210438
2015-03-26T16:17:56.000000,9.751293369003346
2015-03-26T16:17:56.100000,9.767348717189115
2015-03-26T16:17:56.200000,9.761734677602387
2015-03-26T16:17:56.300000,9.764332018020324
2015-03-26T16:17:56.400000,9.75592549023292
2015-03-26T16:17:56.500000,9.741638672166392
2015-03-26T16:17:56.600000,9.789128836725531
2015-03-26T16:17:56.700000,9.78131108156754
2015-03-26T16:17:56.800000,9.77018874963152
2015-03-26T16:17:56.900000,9.770863884907866
2015-03-26T16:17:57.000000,9.767140957006026
2015-03-26T16:17:57.100000,9.763527962581533
2015-03-26T16:17:57.200000,9.771000833496998
2015-03-26T16:17:57.300000,9.78708369962788
2015-03-26T16:17:57.400000,9.80053568718426
2015-03-26T16:17:57.500000,9.793556597317254
2015-03-26T16:17:57.600000,9.7838809920331
2015-03-26T16:17:57.700000,9.771296575414535
2015-03-26T16:17:57.800000,9.75581907348652
2015-03-26T16:17:57.900000,9.764291543581187
2015-03-26T16:17:58.000000,9.77855583839484
2015-03-26T16:17:58.100000,9.77038406774084
2015-03-26T16:17:58.200000,9.76533090247493
2015-03-26T16:17:58.300000,9.778667516584884
2015-03-26T16:17:58.400000,9.792336062785486
2015-03-26T16:17:58.500000,9.769322697151914
2015-03-26T16:17:58.600000,9.782971626089218
2015-03-26T16:17:58.700000,9.791693052785162
2015-03-26T16:17:58.800000,9.774652104123737
2015-03-26T16:17:58.900000,9.784935480443083
2015-03-26T16:17:59.000000,9.794495592690511
2015-03-26T16:17:59.100000,9.790769283360596
2015-03-26T16:17:59.200000,9.782237312258726
2015-03-26T16:17:59.300000,9.788676827243744
2015-03-26T16:17:59.400000,9.786421493636302
2015-03-26T16:17:59.500000,9.775749627555612
2015-03-26T16:17:59.600000,9.771833034705631
2015-03-26T16:17:59.700000,9.774561942979885
2015-03-26T16:17:59.800000,9.76712970092629
2015-03-26T16:17:59.900000,9.77852717035066
2015-03-26T16:18:00.000000,9.76727511305997
2015-03-26T16:18:00.100000,9.785940233492065
2015-03-26T16:18:00.200000,9.78154367011289
2015-03-26T16:18:00.300000,9.767381311147805
2015-03-26T16:18:00.400000,9.754153301802347
2015-03-26T16:18:00.500000,9.747538633106156
2015-03-26T16:18:00.600000,9.757417531987253
2015-03-26T16:18:00.700000,9.770363445317347
2015-03-26T16:18:00.800000,9.750944252444542
2015-03-26T16:18:00.900000,9.760516544706052
2015-03-26T16:18:01.000000,9.746522774323749
2015-03-26T16:18:01.100000,9.743361588173558
2015-03-26T16:18:01.200000,9.766696916613448
2015-03-26T16:18:01.300000,9.770181119078888
2015-03-26T16:18:01.400000,9.75474416908648
2015-03-26T16:18:01.500000,9.744012250024378
2015-03-26T16:18:01.600000,9.742863285089584
2015-03-26T16:18:01.700000,9.750067465911735
2015-03-26T16:18:01.800000,9.760664073926009
2015-03-26T16:18:01.900000,9.748509525827656
2015-03-26T16:18:02.000000,9.74625731170436
2015-03-26T16:18:02.100000,9.760959638739392
2015-03-26T16:18:02.200000,9.759186864626354
2015-03-26T16:18:02.300000,9.740412612868898
2015-03-26T16:18:02.400000,9.753709647177542
2015-03-26T16:18:02.500000,9.772274643403446
2015-03-26T16:18:02.600000,9.778509636327476
2015-03-26T16:18:02.700000,9.774134011937116
2015-03-26T16:18:02.800000,9.772882605105837
2015-03-26T16:18:02.900000,9.76940242206858
2015-03-26T16:18:03.000000,9.782708194911212
2015-03-26T16:18:03.100000,9.775422255211756
2015-03-26T16:18:03.200000,9.762895947787252
2015-03-26T16:18:03.300000,9.766815260001064
2015-03-26T16:18:03.400000,9.763430749465128
2015-03-26T16:18:03.500000,9.774772962189562
2015-03-26T16:18:03.600000,9.772132631645905
2015-03-26T16:18:03.700000,9.778934732338149
2015-03-26T16:18:03.800000,9.778842180653497
2015-03-26T16:18:03.900000,9.77462773751233
2015-03-26T16:18:04.000000,9.784293022556064
2015-03-26T16:18:04.100000,9.80694335351212
2015-03-26T16:18:04.200000,9.79704027448841
2015-03-26T16:18:04.300000,9.787941617361897
2015-03-26T16:18:04.400000,9.773999129066118
2015-03-26T16:18:04.500000,9.756794595121
2015-03-26T16:18:04.600000,9.762023921717306
2015-03-26T16:18:04.700000,9.789089998149295
2015-03-26T16:18:04.800000,9.788038503968318
2015-03-26T16:18:04.900000,9.781987333394786
2015-03-26T16:18:05.000000,9.788216814969111
2015-03-26T16:18:05.100000,9.78948327637004
2015-03-26T16:18:05.200000,9.771961625900977
2015-03-26T16:18:05.300000,9.76175594337028
2015-03-26T16:18:05.400000,9.764469081284243
2015-03-26T16:18:05.500000,9.753333074190058
2015-03-26T16:18:05.600000,9.756796315695142
2015-03-26T16:18:05.700000,9.762504922468557
2015-03-26T16:18:05.800000,9.761471328698343
2015-03-26T16:18:05.900000,9.765953885854884
2015-03-26T16:18:06.000000,9.761559850191333
2015-03-26T16:18:06.100000,9.75523721785621
2015-03-26T16:18:06.200000,9.748550563679212
2015-03-26T16:18:06.300000,9.749404833822243
2015-03-26T16:18:06.400000,9.758772733855697
2015-03-26T16:18:06.500000,9.750280445812034
2015-03-26T16:18:06.600000,9.744420315260165
2015-03-26T16:18:06.700000,9.755666085938984
2015-03-26T16:18:06.800000,9.733758429319504
2015-03-26T16:18:06.900000,9.747270877904482
2015-03-26T16:18:07.000000,9.748686339766095
2015-03-26T16:18:07.100000,9.751943146475645
2015-03-26T16:18:07.200000,9.755552046680876
2015-03-26T16:18:07.300000,9.763294544739752
2015-03-26T16:18:07.400000,9.758913758207015
2015-03-26T16:18:07.500000,9.757837809960993
2015-03-26T16:18:07.600000,9.747285016704238
2015-03-26T16:18:07.700000,9.753167624422836
2015-03-26T16:18:07.800000,9.763668279267218
2015-03-26T16:18:07.900000,9.780332941057033
2015-03-26T16:18:08.000000,9.783736994332097
2015-03-26T16:18:08.100000,9.773439719958596
2015-03-26T16:18:08.200000,9.793106990772728
2015-03-26T16:18:08.300000,9.782084608382846
2015-03-26T16:18:08.400000,9.77875875021563
2015-03-26T16:18:08.500000,9.781132940157692
2015-03-26T16:18:08.600000,9.792296471738064
2015-03-26T16:18:08.700000,9.798092681700576
2015-03-26T16:18:08.800000,9.796446082419264
2015-03-26T16:18:08.900000,9.78713823975992
2015-03-26T16:18:09.000000,9.780748127929442
2015-03-26T16:18:09.100000,9.77929555882626
2015-03-26T16:18:09.200000,9.778836113955192
2015-03-26T16:18:09.300000,9.782454822739568
2015-03-26T16:18:09.400000,9.781545524074726
2015-03-26T16:18:09.500000,9.777597626136256
2015-03-26T16:18:09.600000,9.767403743112329
2015-03-26T16:18:09.700000,9.75972829457454
2015-03-26T16:18:09.800000,9.775997276655868
2015-03-26T16:18:09.900000,9.797638749466357
2015-03-26T16:18:10.000000,9.800382727175489
2015-03-26T16:18:10.100000,9.778195032949318
2015-03-26T16:18:10.200000,9.748005259502762
2015-03-26T16:18:10.300000,9.750221846177316
2015-03-26T16:18:10.400000,9.745987035313869
2015-03-26T16:18:10.500000,9.72895965320146
2015-03-26T16:18:10.600000,9.736132013798736
2015-03-26T16:18:10.700000,9.740440455026432
2015-03-26T16:18:10.800000,9.743440237984888
2015-03-26T16:18:10.900000,9.74394996910375
2015-03-26T16:18:11.000000,9.73446725634773
2015-03-26T16:18:11.100000,9.74278771594722
2015-03-26T16:18:11.200000,9.752318979550305
2015-03-26T16:18:11.300000,9.740213355135737
2015-03-26T16:18:11.400000,9.737977149887277
2015-03-26T16:18:11.500000,9.735740081371686
2015-03-26T16:18:11.600000,9.729776507157956
2015-03-26T16:18:11.700000,9.738429959999165
2015-03-26T16:18:11.800000,9.748822302376531
2015-03-26T16:18:11.900000,9.74399695013692
2015-03-26T16:18:12.000000,9.742407487526794
2015-03-26T16:18:12.100000,9.735299001411416
2015-03-26T16:18:12.200000,9.744515151394594
2015-03-26T16:18:12.300000,9.744663372689768
2015-03-26T16:18:12.400000,9.753917684733665
2015-03-26T16:18:12.500000,9.764420329548315
2015-03-26T16:18:12.600000,9.772696161482136
2015-03-26T16:18:12.700000,9.760937241434528
2015-03-26T16:18:12.800000,9.763739881856754
2015-03-26T16:18:12.900000,9.765628476107503
2015-03-26T16:18:13.000000,9.765965861385142
2015-03-26T16:18:13.100000,9.766813881980458
2015-03-26T16:18:13.200000,9.761778987113008
2015-03-26T16:18:13.300000,9.761252610610992
2015-03-26T16:18:13.400000,9.765809378161917
2015-03-26T16:18:13.500000,9.770366109008014
2015-03-26T16:18:13.600000,9.78028303868864
2015-03-26T16:18:13.700000,9.79425710938228
2015-03-26T16:18:13.800000,9.796965777153442
2015-03-26T16:18:13.900000,9.791265326742131
2015-03-26T16:18:14.000000,9.792179569692644
2015-03-26T16:18:14.100000,9.775604122294006
2015-03-26T16:18:14.200000,9.779783828575454
2015-03-26T16:18:14.300000,9.781904811159812
2015-03-26T16:18:14.400000,9.783598008660416
2015-03-26T16:18:14.500000,9.787293128598574
2015-03-26T16:18:14.600000,9.784621078443896
2015-03-26T16:18:14.700000,9.78021303407956
2015-03-26T16:18:14.800000,9.768391014207882
2015-03-26T16:18:14.900000,9.757436527887434
2015-03-26T16:18:15.000000,9.791308081308165
2015-03-26T16:18:15.100000,9.782938416201626
2015-03-26T16:18:15.200000,9.769112570865357
2015-03-26T16:18:15.300000,9.776127346714656
2015-03-26T16:18:15.400000,9.77613312802026
2015-03-26T16:18:15.500000,9.766843924682975
2015-03-26T16:18:15.600000,9.75752682161252
2015-03-26T16:18:15.700000,9.771586757545558
2015-03-26T16:18:15.800000,9.76005860917917
2015-03-26T16:18:15.900000,9.770965332130023
2015-03-26T16:18:16.000000,9.77771863831287
2015-03-26T16:18:16.100000,9.763044720213356
2015-03-26T16:18:16.200000,9.753305561134315
2015-03-26T16:18:16.300000,9.756608887755618
2015-03-26T16:18:16.400000,9.752076336478297
2015-03-26T16:18:16.500000,9.757558686745938
2015-03-26T16:18:16.600000,9.770203657658724
2015-03-26T16:18:16.700000,9.75973237791158
2015-03-26T16:18:16.800000,9.733412395413565
2015-03-26T16:18:16.900000,9.736688953191177
2015-03-26T16:18:17.000000,9.7586668259245
2015-03-26T16:18:17.100000,9.761816294578214
2015-03-26T16:18:17.200000,9.765706456492586
2015-03-26T16:18:17.300000,9.766732136238176
2015-03-26T16:18:17.400000,9.764495210108317
2015-03-26T16:18:17.500000,9.761602802095732
2015-03-26T16:18:17.600000,9.7646085674042
2015-03-26T16:18:17.700000,9.781970310625123
2015-03-26T16:18:17.800000,9.768571851377072
2015-03-26T16:18:17.900000,9.766493290732123
2015-03-26T16:18:18.000000,9.769948973395682
2015-03-26T16:18:18.100000,9.7643694969312
2015-03-26T16:18:18.200000,9.763884047420833
2015-03-26T16:18:18.300000,9.781013525816464
2015-03-26T16:18:18.400000,9.756598963482212
2015-03-26T16:18:18.500000,9.766280918974402
2015-03-26T16:18:18.600000,9.794841018746776
2015-03-26T16:18:18.700000,9.785872877576844
2015-03-26T16:18:18.800000,9.784058778855387
2015-03-26T16:18:18.900000,9.789592245289246
2015-03-26T16:18:19.000000,9.785091733587995
2015-03-26T16:18:19.100000,9.783490518823012
2015-03-26T16:18:19.200000,9.773066576603927
2015-03-26T16:18:19.300000,9.75726361376356
2015-03-26T16:18:19.400000,9.758393132852497
2015-03-26T16:18:19.500000,9.775936543120093
2015-03-26T16:18:19.600000,9.77965533563846
2015-03-26T16:18:19.700000,9.77804699953742
2015-03-26T16:18:19.800000,9.79709249637392
2015-03-26T16:18:19.900000,9.787095940245177
2015-03-26T16:18:20.000000,9.758307658551605
2015-03-26T16:18:20.100000,9.758641873120508
2015-03-26T16:18:20.200000,9.765368686465155
2015-03-26T16:18:20.300000,9.770126705337915
2015-03-26T16:18:20.400000,9.75457443138752
2015-03-26T16:18:20.500000,9.755473849105163
2015-03-26T16:18:20.600000,9.762355254538583
2015-03-26T16:18:20.700000,9.740027649989388
2015-03-26T16:18:20.800000,9.734254345846574
2015-03-26T16:18:20.900000,9.741852226234862
2015-03-26T16:18:21.000000,9.73932914676543
2015-03-26T16:18:21.100000,9.73996903736138
2015-03-26T16:18:21.200000,9.7341753272479
2015-03-26T16:18:21.300000,9.73047236198482
2015-03-26T16:18:21.400000,9.730904746191932
2015-03-26T16:18:21.500000,9.749334047735562
2015-03-26T16:18:21.600000,9.7445403895179
2015-03-26T16:18:21.700000,9.738296025823312
2015-03-26T16:18:21.800000,9.735899737669612
2015-03-26T16:18:21.900000,9.73765287586682
2015-03-26T16:18:22.000000,9.73940608216829
2015-03-26T16:18:22.100000,9.733126178715144
2015-03-26T16:18:22.200000,9.720037406125098
2015-03-26T16:18:22.300000,9.756200952106054
2015-03-26T16:18:22.400000,9.74433771330924
2015-03-26T16:18:22.500000,9.745020814738114
2015-03-26T16:18:22.600000,9.757653964449547
2015-03-26T16:18:22.700000,9.75876639617498
2015-03-26T16:18:22.800000,9.763509601857514
2015-03-26T16:18:22.900000,9.772886396018189
2015-03-26T16:18:23.000000,9.774615105367792
2015-03-26T16:18:23.100000,9.76836126991973
2015-03-26T16:18:23.200000,9.763146477255152
2015-03-26T16:18:23.300000,9.765925927168738
2015-03-26T16:18:23.400000,9.808036310193147
2015-03-26T16:18:23.500000,9.80303996363977
2015-03-26T16:18:23.600000,9.79337173697163
2015-03-26T16:18:23.700000,9.782127752322442
2015-03-26T16:18:23.800000,9.776825536521477
2015-03-26T16:18:23.900000,9.789296873364869
2015-03-26T16:18:24.000000,9.824251886268746
2015-03-26T16:18:24.100000,9.817443101073293
2015-03-26T16:18:24.200000,9.799882482621324
2015-03-26T16:18:24.300000,9.80086576944642
2015-03-26T16:18:24.400000,9.807658713891918
2015-03-26T16:18:24.500000,9.819558252047091
2015-03-26T16:18:24.600000,9.803264543515136
2015-03-26T16:18:24.700000,9.79316208794683
2015-03-26T16:18:24.800000,9.790847516256118
2015-03-26T16:18:24.900000,9.783832989017098
2015-03-26T16:18:25.000000,9.799989023650834
2015-03-26T16:18:25.100000,9.813262307434387
2015-03-26T16:18:25.200000,9.802613331381176
2015-03-26T16:18:25.300000,9.79474152237708
2015-03-26T16:18:25.400000,9.791114339759924
2015-03-26T16:18:25.500000,9.789606928673368
2015-03-26T16:18:25.600000,9.7794827436382
2015-03-26T16:18:25.700000,9.770100872752856
2015-03-26T16:18:25.800000,9.771394308201678
2015-03-26T16:18:25.900000,9.782218388795748
2015-03-26T16:18:26.000000,9.772595379926994
2015-03-26T16:18:26.100000,9.775120321260673
2015-03-26T16:18:26.200000,9.764508751410382
2015-03-26T16:18:26.300000,9.742259283545668
2015-03-26T16:18:26.400000,9.76528917953291
2015-03-26T16:18:26.500000,9.747442791038411
2015-03-26T16:18:26.600000,9.755870405349931
2015-03-26T16:18:26.700000,9.756880433370124
2015-03-26T16:18:26.800000,9.73776753088176
2015-03-26T16:18:26.900000,9.716638083328816
2015-03-26T16:18:27.000000,9.738696005993896
2015-03-26T16:18:27.100000,9.739060689241713
2015-03-26T16:18:27.200000,9.73190858194996
2015-03-26T16:18:27.300000,9.7365386633009
2015-03-26T16:18:27.400000,9.730340055891087
2015-03-26T16:18:27.500000,9.735537620622368
2015-03-26T16:18:27.600000,9.747597588275214
2015-03-26T16:18:27.700000,9.727585029080418
2015-03-26T16:18:27.800000,9.73559881892761
2015-03-26T16:18:27.900000,9.751909212816896
2015-03-26T16:18:28.000000,9.756527276283904
2015-03-26T16:18:28.100000,9.744632954918776
2015-03-26T16:18:28.200000,9.725645132050822
2015-03-26T16:18:28.300000,9.73111999984616
2015-03-26T16:18:28.400000,9.748937730772042
2015-03-26T16:18:28.500000,9.753822263027622
2015-03-26T16:18:28.600000,9.745271873749068
2015-03-26T16:18:28.700000,9.756464782169797
2015-03-26T16:18:28.800000,9.7778186625371
2015-03-26T16:18:28.900000,9.782692699264288
2015-03-26T16:18:29.000000,9.77406840473746
2015-03-26T16:18:29.100000,9.772849383573972
2015-03-26T16:18:29.200000,9.773561194869163
2015-03-26T16:18:29.300000,9.774272671539476
2015-03-26T16:18:29.400000,9.774883066788547
2015-03-26T16:18:29.500000,9.772750585525566
2015-03-26T16:18:29.600000,9.77448294455032
2015-03-26T16:18:29.700000,9.78104301790055
2015-03-26T16:18:29.800000,9.783819595911282
2015-03-26T16:18:29.900000,9.78626565517312
2015-03-26T16:18:30.000000,9.795127562034551
2015-03-26T16:18:30.100000,9.805785965540148
2015-03-26T16:18:30.200000,9.788770829058944
2015-03-26T16:18:30.300000,9.781164251706183
2015-03-26T16:18:30.400000,9.789773218909511
2015-03-26T16:18:30.500000,9.796550275358255
2015-03-26T16:18:30.600000,9.7837128665522
2015-03-26T16:18:30.700000,9.789465693282477
2015-03-26T16:18:30.800000,9.806763414641855
2015-03-26T16:18:30.900000,9.802916075791906
2015-03-26T16:18:31.000000,9.795100615997434
2015-03-26T16:18:31.100000,9.780215379871391
2015-03-26T16:18:31.200000,9.77513901756994
2015-03-26T16:18:31.300000,9.789246982476657
2015-03-26T16:18:31.400000,9.781819488616453
2015-03-26T16:18:31.500000,9.77172939044616
2015-03-26T16:18:31.600000,9.767836858131126
2015-03-26T16:18:31.700000,9.770862023155582
2015-03-26T16:18:31.800000,9.771891238293636
2015-03-26T16:18:31.900000,9.76551473289596
2015-03-26T16:18:32.000000,9.761682169029688
2015-03-26T16:18:32.100000,9.767009255586045
2015-03-26T16:18:32.200000,9.769164499753318
2015-03-26T16:18:32.300000,9.76143418701742
2015-03-26T16:18:32.400000,9.744779435448624
2015-03-26T16:18:32.500000,9.755284769042133
2015-03-26T16:18:32.600000,9.760086698322104
2015-03-26T16:18:32.700000,9.734263958026284
2015-03-26T16:18:32.800000,9.757669618848126
2015-03-26T16:18:32.900000,9.76151020242178
2015-03-26T16:18:33.000000,9.754563289154996
2015-03-26T16:18:33.100000,9.757850759829054
2015-03-26T16:18:33.200000,9.751819316167174
2015-03-26T16:18:33.300000,9.75546146981454
2015-03-26T16:18:33.400000,9.769487715289948
2015-03-26T16:18:33.500000,9.750318759653544
2015-03-26T16:18:33.600000,9.758308786859192
2015-03-26T16:18:33.700000,9.765992947896292
2015-03-26T16:18:33.800000,9.766131101265506
2015-03-26T16:18:33.900000,9.771538336959653
2015-03-26T16:18:34.000000,9.769661707206517
2015-03-26T16:18:34.100000,9.763577100639548
2015-03-26T16:18:34.200000,9.759720008153383
2015-03-26T16:18:34.300000,9.761913101327254
2015-03-26T16:18:34.400000,9.767536335934771
2015-03-26T16:18:34.500000,9.761679910909784
2015-03-26T16:18:34.600000,9.763707569886314
2015-03-26T16:18:34.700000,9.762773477223336
2015-03-26T16:18:34.800000,9.776015195687316
2015-03-26T16:18:34.900000,9.78042304978699
2015-03-26T16:18:35.000000,9.769905260121265
2015-03-26T16:18:35.100000,9.765432629165373
2015-03-26T16:18:35.200000,9.768665830352344
2015-03-26T16:18:35.300000,9.77183034468528
2015-03-26T16:18:35.400000,9.77544914028952
2015-03-26T16:18:35.500000,9.779903878473831
2015-03-26T16:18:35.600000,9.78021454509019
2015-03-26T16:18:35.700000,9.760594416284327
2015-03-26T16:18:35.800000,9.756450672199229
2015-03-26T16:18:35.900000,9.782121888822717
2015-03-26T16:18:36.000000,9.782913979331427
2015-03-26T16:18:36.100000,9.774804866768148
2015-03-26T16:18:36.200000,9.76827075421384
2015-03-26T16:18:36.300000,9.763753226394073
2015-03-26T16:18:36.400000,9.77119307545939
2015-03-26T16:18:36.500000,9.756505485948251
2015-03-26T16:18:36.600000,9.755716248178024
2015-03-26T16:18:36.700000,9.772023804493276
2015-03-26T16:18:36.800000,9.774358094803846
2015-03-26T16:18:36.900000,9.757747969259308
2015-03-26T16:18:37.000000,9.754500012196358
2015-03-26T16:18:37.100000,9.76675197533656
2015-03-26T16:18:37.200000,9.751852592435736
2015-03-26T16:18:37.300000,9.746674907025335
2015-03-26T16:18:37.400000,9.760372386262674
2015-03-26T16:18:37.500000,9.76606463124311
2015-03-26T16:18:37.600000,9.762061300591114
2015-03-26T16:18:37.700000,9.759757431881264
2015-03-26T16:18:37.800000,9.770318078706207
2015-03-26T16:18:37.900000,9.769793712321109
2015-03-26T16:18:38.000000,9.76484901443268
2015-03-26T16:18:38.100000,9.768921822405211
2015-03-26T16:18:38.200000,9.765600415822652
2015-03-26T16:18:38.300000,9.771314582129977
2015-03-26T16:18:38.400000,9.7754511461737
2015-03-26T16:18:38.500000,9.787441897835222
2015-03-26T16:18:38.600000,9.781868537777026
2015-03-26T16:18:38.700000,9.77737353519558
2015-03-26T16:18:38.800000,9.77802793484466
2015-03-26T16:18:38.900000,9.778680679009373
2015-03-26T16:18:39.000000,9.779333742528555
2015-03-26T16:18:39.100000,9.779988029145033
2015-03-26T16:18:39.200000,9.80322550763665
2015-03-26T16:18:39.300000,9.795433940463257
2015-03-26T16:18:39.400000,9.775496424459671
2015-03-26T16:18:39.500000,9.783508179001506
2015-03-26T16:18:39.600000,9.780346452171695
2015-03-26T16:18:39.700000,9.79152582185504
2015-03-26T16:18:39.800000,9.768546470537366
2015-03-26T16:18:39.900000,9.77477427388664
2015-03-26T16:18:40.000000,9.772380478305594
2015-03-26T16:18:40.100000,9.791249992389927
2015-03-26T16:18:40.200000,9.788610825072444
2015-03-26T16:18:40.300000,9.78731434828634
2015-03-26T16:18:40.400000,9.783471870503485
2015-03-26T16:18:40.500000,9.773813606223388
2015-03-26T16:18:40.600000,9.767515708433658
2015-03-26T16:18:40.700000,9.776649431169265
2015-03-26T16:18:40.800000,9.76944174357541
2015-03-26T16:18:40.900000,9.762673511146296
2015-03-26T16:18:41.000000,9.77040305724146
2015-03-26T16:18:41.100000,9.752245301051731
2015-03-26T16:18:41.200000,9.755723646124451
2015-03-26T16:18:41.300000,9.749285498126268
2015-03-26T16:18:41.400000,9.75035229862034
2015-03-26T16:18:41.500000,9.755388478720672
2015-03-26T16:18:41.600000,9.759155725749622
2015-03-26T16:18:41.700000,9.766511308994287
2015-03-26T16:18:41.800000,9.74994593031625
2015-03-26T16:18:41.900000,9.748628118359566
2015-03-26T16:18:42.000000,9.74931462113262
2015-03-26T16:18:42.100000,9.734357168654796
2015-03-26T16:18:42.200000,9.74051756813346
2015-03-26T16:18:42.300000,9.758442849667638
2015-03-26T16:18:42.400000,9.762346292648049
2015-03-26T16:18:42.500000,9.758730987413164
2015-03-26T16:18:42.600000,9.75285095405566
2015-03-26T16:18:42.700000,9.763697058783668
2015-03-26T16:18:42.800000,9.759352270755867
2015-03-26T16:18:42.900000,9.761110834504764
2015-03-26T16:18:43.000000,9.76517579177581
2015-03-26T16:18:43.100000,9.7575222924175
2015-03-26T16:18:43.200000,9.759461368768656
2015-03-26T16:18:43.300000,9.776189677193983
2015-03-26T16:18:43.400000,9.783811065388852
2015-03-26T16:18:43.500000,9.77944095149744
2015-03-26T16:18:43.600000,9.77656901285888
2015-03-26T16:18:43.700000,9.778098248614278
2015-03-26T16:18:43.800000,9.763965277137048
2015-03-26T16:18:43.900000,9.75942647630561
2015-03-26T16:18:44.000000,9.780123202907593
2015-03-26T16:18:44.100000,9.780054749124044
2015-03-26T16:18:44.200000,9.77465681723376
2015-03-26T16:18:44.300000,9.778399669384983
2015-03-26T16:18:44.400000,9.776896253642054
2015-03-26T16:18:44.500000,9.778097332247349
2015-03-26T16:18:44.600000,9.77231680269058
2015-03-26T16:18:44.700000,9.774671867844509
2015-03-26T16:18:44.800000,9.792757569538756
2015-03-26T16:18:44.900000,9.799012255334787
2015-03-26T16:18:45.000000,9.778729101138747
2015-03-26T16:18:45.100000,9.76450281116426
2015-03-26T16:18:45.200000,9.760451735000396
2015-03-26T16:18:45.300000,9.769837690594176
2015-03-26T16:18:45.400000,9.762028082529762
2015-03-26T16:18:45.500000,9.756036231433631
2015-03-26T16:18:45.600000,9.75797065759796
2015-03-26T16:18:45.700000,9.757178411246226
2015-03-26T16:18:45.800000,9.759761567149951
2015-03-26T16:18:45.900000,9.7653031705631
2015-03-26T16:18:46.000000,9.762560250181084
2015-03-26T16:18:46.100000,9.771582360588326
2015-03-26T16:18:46.200000,9.769925586964565
2015-03-26T16:18:46.300000,9.762628085985162
2015-03-26T16:18:46.400000,9.775274022838373
2015-03-26T16:18:46.500000,9.780904205700258
2015-03-26T16:18:46.600000,9.770194630066833
2015-03-26T16:18:46.700000,9.767531960120046
2015-03-26T16:18:46.800000,9.762272981177494
2015-03-26T16:18:46.900000,9.753565000410196
2015-03-26T16:18:47.000000,9.749163831697338
2015-03-26T16:18:47.100000,9.75670896120844
2015-03-26T16:18:47.200000,9.750780674903543
2015-03-26T16:18:47.300000,9.753289218992082
2015-03-26T16:18:47.400000,9.766405783336358
2015-03-26T16:18:47.500000,9.768866243245924
2015-03-26T16:18:47.600000,9.769469583125334
2015-03-26T16:18:47.700000,9.770169767827468
2015-03-26T16:18:47.800000,9.769434499774531
2015-03-26T16:18:47.900000,9.76695116701947
2015-03-26T16:18:48.000000,9.75792906126888
2015-03-26T16:18:48.100000,9.775043917711333
2015-03-26T16:18:48.200000,9.778323887665993
2015-03-26T16:18:48.300000,9.763720470528067
2015-03-26T16:18:48.400000,9.747051274284036
2015-03-26T16:18:48.500000,9.75434400569534
2015-03-26T16:18:48.600000,9.76352385530514
2015-03-26T16:18:48.700000,9.766642005873734
2015-03-26T16:18:48.800000,9.764734262744382
2015-03-26T16:18:48.900000,9.757919804998544
2015-03-26T16:18:49.000000,9.764277467301472
2015-03-26T16:18:49.100000,9.759474234043974
2015-03-26T16:18:49.200000,9.76706992385791
2015-03-26T16:18:49.300000,9.776358895129787
2015-03-26T16:18:49.400000,9.79092854907126
2015-03-26T16:18:49.500000,9.791842992052448
2015-03-26T16:18:49.600000,9.77347760534508
2015-03-26T16:18:49.700000,9.77103309857744
2015-03-26T16:18:49.800000,9.7672476094408
2015-03-26T16:18:49.900000,9.76517113817428
2015-03-26T16:18:50.000000,9.7705260588331
2015-03-26T16:18:50.100000,9.780042937346323
2015-03-26T16:18:50.200000,9.78956656205658
2015-03-26T16:18:50.300000,9.793304284739166
2015-03-26T16:18:50.400000,9.791686001497322
2015-03-26T16:18:50.500000,9.778973155227334
2015-03-26T16:18:50.600000,9.762393840493454
2015-03-26T16:18:50.700000,9.769792782105958
2015-03-26T16:18:50.800000,9.774214228191973
2015-03-26T16:18:50.900000,9.7727117236694
2015-03-26T16:18:51.000000,9.768741940078662
2015-03-26T16:18:51.100000,9.77620880899654
2015-03-26T16:18:51.200000,9.786729189994457
2015-03-26T16:18:51.300000,9.74867099697079
2015-03-26T16:18:51.400000,9.74332634436573
2015-03-26T16:18:51.500000,9.738380140940013
2015-03-26T16:18:51.600000,9.757465624596204
2015-03-26T16:18:51.700000,9.76005594073566
2015-03-26T16:18:51.800000,9.7479200471774
2015-03-26T16:18:51.900000,9.74084749150478
2015-03-26T16:18:52.000000,9.74870855523478
2015-03-26T16:18:52.100000,9.762064620024212
2015-03-26T16:18:52.200000,9.76372031957768
2015-03-26T16:18:52.300000,9.744030717320506
2015-03-26T16:18:52.400000,9.73548341571382
2015-03-26T16:18:52.500000,9.730229680348778
2015-03-26T16:18:52.600000,9.752685940932444
2015-03-26T16:18:52.700000,9.730505481586214
2015-03-26T16:18:52.800000,9.74155859468866
2015-03-26T16:18:52.900000,9.74861663753561
2015-03-26T16:18:53.000000,9.747840434727346
2015-03-26T16:18:53.100000,9.756201422680688
2015-03-26T16:18:53.200000,9.764674394512085
2015-03-26T16:18:53.300000,9.767958699515772
2015-03-26T16:18:53.400000,9.77866298762602
2015-03-26T16:18:53.500000,9.780573061038154
2015-03-26T16:18:53.600000,9.758501971653876
2015-03-26T16:18:53.700000,9.765305826216585
2015-03-26T16:18:53.800000,9.764158461391084
2015-03-26T16:18:53.900000,9.772148638943069
2015-03-26T16:18:54.000000,9.78248740944623
2015-03-26T16:18:54.100000,9.768481789398878
2015-03-26T16:18:54.200000,9.763183586092111
2015-03-26T16:18:54.300000,9.781805421295443
2015-03-26T16:18:54.400000,9.784681434420955
2015-03-26T16:18:54.500000,9.772584846586737
2015-03-26T16:18:54.600000,9.781790683525909
2015-03-26T16:18:54.700000,9.790043052093084
2015-03-26T16:18:54.800000,9.788791312588966
2015-03-26T16:18:54.900000,9.759433946879875
2015-03-26T16:18:55.000000,9.784865397632254
2015-03-26T16:18:55.100000,9.794698110193377
2015-03-26T16:18:55.200000,9.7949210118992
2015-03-26T16:18:55.300000,9.8002515761832
2015-03-26T16:18:55.400000,9.78008021740298
2015-03-26T16:18:55.500000,9.783977628623342
2015-03-26T16:18:55.600000,9.789642284242763
2015-03-26T16:18:55.700000,9.796331949453934
2015-03-26T16:18:55.800000,9.776652966661269
2015-03-26T16:18:55.900000,9.770476274936687
2015-03-26T16:18:56.000000,9.772749791794428
2015-03-26T16:18:56.100000,9.7785433915042
2015-03-26T16:18:56.200000,9.782647889718389
2015-03-26T16:18:56.300000,9.75156905480466
2015-03-26T16:18:56.400000,9.783444214289876
2015-03-26T16:18:56.500000,9.779362033074158
2015-03-26T16:18:56.600000,9.768662216324666
2015-03-26T16:18:56.700000,9.77261435784021
2015-03-26T16:18:56.800000,9.776474864217048
2015-03-26T16:18:56.900000,9.783243573288551
2015-03-26T16:18:57.000000,9.78062535607772
2015-03-26T16:18:57.100000,9.774875434123164
2015-03-26T16:18:57.200000,9.755430400621783
2015-03-26T16:18:57.300000,9.771426037133924
2015-03-26T16:18:57.400000,9.773025067278311
2015-03-26T16:18:57.500000,9.761312540173977
2015-03-26T16:18:57.600000,9.762463222823298
2015-03-26T16:18:57.700000,9.763463165190272
2015-03-26T16:18:57.800000,9.763747538949389
2015-03-26T16:18:57.900000,9.760209791266355
2015-03-26T16:18:58.000000,9.752326478632622
2015-03-26T16:18:58.100000,9.744424878681734
2015-03-26T16:18:58.200000,9.742496738176046
2015-03-26T16:18:58.300000,9.74014362523011
2015-03-26T16:18:58.400000,9.73793572611597
2015-03-26T16:18:58.500000,9.736326988282572
2015-03-26T16:18:58.600000,9.751561873509544
2015-03-26T16:18:58.700000,9.748831386664664
2015-03-26T16:18:58.800000,9.758505267585962
2015-03-26T16:18:58.900000,9.766588991408415
2015-03-26T16:18:59.000000,9.74803079797714
2015-03-26T16:18:59.100000,9.754969851947507
2015-03-26T16:18:59.200000,9.74981081870377
2015-03-26T16:18:59.300000,9.755876525144783
2015-03-26T16:18:59.400000,9.752914306339092
2015-03-26T16:18:59.500000,9.768886960394562
2015-03-26T16:18:59.600000,9.754697771302457
2015-03-26T16:18:59.700000,9.7508017070964
2015-03-26T16:18:59.800000,9.74025403751777
2015-03-26T16:18:59.900000,9.744808867437458
2015-03-26T16:19:00.000000,9.746886773090646
2015-03-26T16:19:00.100000,9.750331523097335
2015-03-26T16:19:00.200000,9.752108327636387
2015-03-26T16:19:00.300000,9.75622261125722
2015-03-26T16:19:00.400000,9.760316881924645
2015-03-26T16:19:00.500000,9.741411342831746
2015-03-26T16:19:00.600000,9.758603262694631
2015-03-26T16:19:00.700000,9.764435191673298
2015-03-26T16:19:00.800000,9.775181771314404
2015-03-26T16:19:00.900000,9.778108279302687
2015-03-26T16:19:01.000000,9.765984355026609
2015-03-26T16:19:01.100000,9.74983577291229
2015-03-26T16:19:01.200000,9.75811058310152
2015-03-26T16:19:01.300000,9.769520467271777
2015-03-26T16:19:01.400000,9.780282415878066
2015-03-26T16:19:01.500000,9.78050948295729
2015-03-26T16:19:01.600000,9.782307077256004
2015-03-26T16:19:01.700000,9.779249433718444
2015-03-26T16:19:01.800000,9.758225857022792
2015-03-26T16:19:01.900000,9.786775654525892
2015-03-26T16:19:02.000000,9.785790391223948
2015-03-26T16:19:02.100000,9.781771783093486
2015-03-26T16:19:02.200000,9.796777710917963
2015-03-26T16:19:02.300000,9.806560493848544
2015-03-26T16:19:02.400000,9.806188403633818
2015-03-26T16:19:02.500000,9.795167002481874
2015-03-26T16:19:02.600000,9.790179026624031
2015-03-26T16:19:02.700000,9.80373337377667
2015-03-26T16:19:02.800000,9.808947591897269
2015-03-26T16:19:02.900000,9.800645235001086
2015-03-26T16:19:03.000000,9.77888478097674
2015-03-26T16:19:03.100000,9.795711204211653
2015-03-26T16:19:03.200000,9.795599914399006
2015-03-26T16:19:03.300000,9.792054431474266
2015-03-26T16:19:03.400000,9.77767285574676
2015-03-26T16:19:03.500000,9.775657806283943
2015-03-26T16:19:03.600000,9.783780466173411
2015-03-26T16:19:03.700000,9.783219505553744
2015-03-26T16:19:03.800000,9.77438292215773
2015-03-26T16:19:03.900000,9.764356412393674
2015-03-26T16:19:04.000000,9.759497678540178
2015-03-26T16:19:04.100000,9.767877834391385
2015-03-26T16:19:04.200000,9.76629588029997
2015-03-26T16:19:04.300000,9.757405172504956
2015-03-26T16:19:04.400000,9.75920839577094
2015-03-26T16:19:04.500000,9.754580388206566
2015-03-26T16:19:04.600000,9.755058165868236
2015-03-26T16:19:04.700000,9.76852460216253
2015-03-26T16:19:04.800000,9.742242398380366
2015-03-26T16:19:04.900000,9.731969720785528
2015-03-26T16:19:05.000000,9.745804111519751
2015-03-26T16:19:05.100000,9.74933131250972
2015-03-26T16:19:05.200000,9.748491718906084
2015-03-26T16:19:05.300000,9.75405969525806
2015-03-26T16:19:05.400000,9.746167504318803
2015-03-26T16:19:05.500000,9.742657006741885
2015-03-26T16:19:05.600000,9.735904084757356
2015-03-26T16:19:05.700000,9.736041013185131
2015-03-26T16:19:05.800000,9.734226424522232
2015-03-26T16:19:05.900000,9.735244163420171
2015-03-26T16:19:06.000000,9.729924103379506
2015-03-26T16:19:06.100000,9.735333471321534
2015-03-26T16:19:06.200000,9.738628812883904
2015-03-26T16:19:06.300000,9.732491196523094
2015-03-26T16:19:06.400000,9.722577394805214
2015-03-26T16:19:06.500000,9.72799903833726
2015-03-26T16:19:06.600000,9.740993952279718
2015-03-26T16:19:06.700000,9.754973451755651
2015-03-26T16:19:06.800000,9.750090304303502
2015-03-26T16:19:06.900000,9.759519170827868
2015-03-26T16:19:07.000000,9.778688643334489
2015-03-26T16:19:07.100000,9.783697386449877
2015-03-26T16:19:07.200000,9.768370460332138
2015-03-26T16:19:07.300000,9.745396012831838
2015-03-26T16:19:07.400000,9.796013861095377
2015-03-26T16:19:07.500000,9.807626260477214
2015-03-26T16:19:07.600000,9.8037424506597
2015-03-26T16:19:07.700000,9.799128993458575
2015-03-26T16:19:07.800000,9.792434016748476
2015-03-26T16:19:07.900000,9.792237224086271
2015-03-26T16:19:08.000000,9.791623972646372
2015-03-26T16:19:08.100000,9.783207600395528
2015-03-26T16:19:08.200000,9.784941705255926
2015-03-26T16:19:08.300000,9.786127273130344
2015-03-26T16:19:08.400000,9.794522566678545
2015-03-26T16:19:08.500000,9.815060289329129
2015-03-26T16:19:08.600000,9.823099204123215
2015-03-26T16:19:08.700000,9.802431700004002
2015-03-26T16:19:08.800000,9.790567639987122
2015-03-26T16:19:08.900000,9.79163277436138
2015-03-26T16:19:09.000000,9.795299126139676
2015-03-26T16:19:09.100000,9.79981016866088
2015-03-26T16:19:09.200000,9.807622734358764
2015-03-26T16:19:09.300000,9.80859814829478
2015-03-26T16:19:09.400000,9.787918820073411
2015-03-26T16:19:09.500000,9.779631686560505
2015-03-26T16:19:09.600000,9.785889398989063
2015-03-26T16:19:09.700000,9.781304606468373
2015-03-26T16:19:09.800000,9.773791743105392
2015-03-26T16:19:09.900000,9.77496768527218
2015-03-26T16:19:10.000000,9.7620070049689
2015-03-26T16:19:10.100000,9.754619914921134
2015-03-26T16:19:10.200000,9.750511968294823
2015-03-26T16:19:10.300000,9.761304614737243
2015-03-26T16:19:10.400000,9.758228291446452
2015-03-26T16:19:10.500000,9.76270292410987
2015-03-26T16:19:10.600000,9.749759945897052
2015-03-26T16:19:10.700000,9.750034581121504
2015-03-26T16:19:10.800000,9.75726089941254
2015-03-26T16:19:10.900000,9.757067161033584
2015-03-26T16:19:11.000000,9.739862669717002
2015-03-26T16:19:11.100000,9.738666340103284
2015-03-26T16:19:11.200000,9.7702330070974
2015-03-26T16:19:11.300000,9.772184603847462
2015-03-26T16:19:11.400000,9.754833235748944
2015-03-26T16:19:11.500000,9.742674794890466
2015-03-26T16:19:11.600000,9.74302279181166
2015-03-26T16:19:11.700000,9.759607135279587
2015-03-26T16:19:11.800000,9.760919655451293
2015-03-26T16:19:11.900000,9.760791851301644
2015-03-26T16:19:12.000000,9.765088688538402
2015-03-26T16:19:12.100000,9.757931861479449
2015-03-26T16:19:12.200000,9.750070768324887
2015-03-26T16:19:12.300000,9.734774928075256
2015-03-26T16:19:12.400000,9.761885928133966
2015-03-26T16:19:12.500000,9.758235740857367
2015-03-26T16:19:12.600000,9.772423752840211
2015-03-26T16:19:12.700000,9.795846059229126
2015-03-26T16:19:12.800000,9.79182439293026
2015-03-26T16:19:12.900000,9.768459077359587
2015-03-26T16:19:13.000000,9.773292057789366
2015-03-26T16:19:13.100000,9.782247304749497
2015-03-26T16:19:13.200000,9.781607714624398
2015-03-26T16:19:13.300000,9.781136055818692
2015-03-26T16:19:13.400000,9.77685763755384
2015-03-26T16:19:13.500000,9.762337322892163
2015-03-26T16:19:13.600000,9.764780275387302
2015-03-26T16:19:13.700000,9.764390179644067
2015-03-26T16:19:13.800000,9.766405577799798
2015-03-26T16:19:13.900000,9.775145356248856
2015-03-26T16:19:14.000000,9.770832125363862
2015-03-26T16:19:14.100000,9.778204002244632
2015-03-26T16:19:14.200000,9.783497634615902
2015-03-26T16:19:14.300000,9.782932380547631
2015-03-26T16:19:14.400000,9.776561776921914
2015-03-26T16:19:14.500000,9.772525292210188
2015-03-26T16:19:14.600000,9.771416445685112
2015-03-26T16:19:14.700000,9.771539246667244
2015-03-26T16:19:14.800000,9.76053617174195
2015-03-26T16:19:14.900000,9.748049431640863
2015-03-26T16:19:15.000000,9.75911016071945
2015-03-26T16:19:15.100000,9.766530038102308
2015-03-26T16:19:15.200000,9.759492584319212
2015-03-26T16:19:15.300000,9.748784472678503
2015-03-26T16:19:15.400000,9.7506201090317
2015-03-26T16:19:15.500000,9.767392382333757
2015-03-26T16:19:15.600000,9.777023614953675
2015-03-26T16:19:15.700000,9.766705357450734
2015-03-26T16:19:15.800000,9.761346892357915
2015-03-26T16:19:15.900000,9.755995314300051
2015-03-26T16:19:16.000000,9.75253735339761
2015-03-26T16:19:16.100000,9.754888132360522
2015-03-26T16:19:16.200000,9.76263923202976
2015-03-26T16:19:16.300000,9.76664847296956
2015-03-26T16:19:16.400000,9.758818071271726
2015-03-26T16:19:16.500000,9.749650057583182
2015-03-26T16:19:16.600000,9.744916308791373
2015-03-26T16:19:16.700000,9.746659673538243
2015-03-26T16:19:16.800000,9.75448232830762
2015-03-26T16:19:16.900000,9.765106159794334
2015-03-26T16:19:17.000000,9.746472403197204
2015-03-26T16:19:17.100000,9.75365691006164
2015-03-26T16:19:17.200000,9.764538843608248
2015-03-26T16:19:17.300000,9.773516357658243
2015-03-26T16:19:17.400000,9.774900877740745
2015-03-26T16:19:17.500000,9.774371325137214
2015-03-26T16:19:17.600000,9.769307406316289
2015-03-26T16:19:17.700000,9.780350024451552
2015-03-26T16:19:17.800000,9.785151958541736
2015-03-26T16:19:17.900000,9.788265385906527
2015-03-26T16:19:18.000000,9.791335325260007
2015-03-26T16:19:18.100000,9.77761529187939
2015-03-26T16:19:18.200000,9.772184165645347
2015-03-26T16:19:18.300000,9.774880347262828
2015-03-26T16:19:18.400000,9.789075625831366
2015-03-26T16:19:18.500000,9.783301026760595
2015-03-26T16:19:18.600000,9.789698085597765
2015-03-26T16:19:18.700000,9.77281245261407
2015-03-26T16:19:18.800000,9.773968865670987
2015-03-26T16:19:18.900000,9.793585533782938
2015-03-26T16:19:19.000000,9.785157314774905
2015-03-26T16:19:19.100000,9.78839681602945
2015-03-26T16:19:19.200000,9.796677942000562
2015-03-26T16:19:19.300000,9.787000404567408
2015-03-26T16:19:19.400000,9.778728693401668
2015-03-26T16:19:19.500000,9.78283750730417
2015-03-26T16:19:19.600000,9.782773768924937
2015-03-26T16:19:19.700000,9.78236847980656
2015-03-26T16:19:19.800000,9.783062954194277
2015-03-26T16:19:19.900000,9.776124169933372
2015-03-26T16:19:20.000000,9.77541681897148
2015-03-26T16:19:20.100000,9.777264779247938
2015-03-26T16:19:20.200000,9.765742014430751
2015-03-26T16:19:20.300000,9.753486767375303
2015-03-26T16:19:20.400000,9.771924156523724
2015-03-26T16:19:20.500000,9.761885737279828
2015-03-26T16:19:20.600000,9.76431887021952
2015-03-26T16:19:20.700000,9.770608388794937
2015-03-26T16:19:20.800000,9.769627272056924
2015-03-26T16:19:20.900000,9.753667146589166
2015-03-26T16:19:21.000000,9.773351869033844
2015-03-26T16:19:21.100000,9.789784618913847
2015-03-26T16:19:21.200000,9.78004895980125
2015-03-26T16:19:21.300000,9.772964779471106
2015-03-26T16:19:21.400000,9.762057160511995
2015-03-26T16:19:21.500000,9.765474987118557
2015-03-26T16:19:21.600000,9.7628198715167
2015-03-26T16:19:21.700000,9.764169099514207
2015-03-26T16:19:21.800000,9.748605318340864
2015-03-26T16:19:21.900000,9.751490087049438
2015-03-26T16:19:22.000000,9.76102782802425
2015-03-26T16:19:22.100000,9.759872399878176
2015-03-26T16:19:22.200000,9.765861933373689
2015-03-26T16:19:22.300000,9.763842150771245
2015-03-26T16:19:22.400000,9.759556312962264
2015-03-26T16:19:22.500000,9.755527105287523
2015-03-26T16:19:22.600000,9.747936796761868
2015-03-26T16:19:22.700000,9.743198653067967
2015-03-26T16:19:22.800000,9.755647601719115
2015-03-26T16:19:22.900000,9.736457581451338
2015-03-26T16:19:23.000000,9.739655253992357
2015-03-26T16:19:23.100000,9.739237429192784
2015-03-26T16:19:23.200000,9.738422103418005
2015-03-26T16:19:23.300000,9.744639566240188
2015-03-26T16:19:23.400000,9.751076587483862
2015-03-26T16:19:23.500000,9.742125129750072
2015-03-26T16:19:23.600000,9.732932505001203
2015-03-26T16:19:23.700000,9.72747221607531
2015-03-26T16:19:23.800000,9.73015824109246
2015-03-26T16:19:23.900000,9.743968866741954
2015-03-26T16:19:24.000000,9.753220032844558
2015-03-26T16:19:24.100000,9.750069012313984
2015-03-26T16:19:24.200000,9.738188013223484
2015-03-26T16:19:24.300000,9.745586468616157
2015-03-26T16:19:24.400000,9.76253943221416
2015-03-26T16:19:24.500000,9.772697469943363
2015-03-26T16:19:24.600000,9.76994969459786
2015-03-26T16:19:24.700000,9.772468498850962
2015-03-26T16:19:24.800000,9.774979475270223
2015-03-26T16:19:24.900000,9.771398875795796
2015-03-26T16:19:25.000000,9.767584400246092
2015-03-26T16:19:25.100000,9.775363290394582
2015-03-26T16:19:25.200000,9.776357557471403
2015-03-26T16:19:25.300000,9.784409945691763
2015-03-26T16:19:25.400000,9.79080341987986
2015-03-26T16:19:25.500000,9.797987629031924
2015-03-26T16:19:25.600000,9.79453713126362
2015-03-26T16:19:25.700000,9.793741046647442
2015-03-26T16:19:25.800000,9.804947358247908
2015-03-26T16:19:25.900000,9.821683139562433
2015-03-26T16:19:26.000000,9.822439440197108
2015-03-26T16:19:26.100000,9.808239085304638
2015-03-26T16:19:26.200000,9.798895608572783
2015-03-26T16:19:26.300000,9.8092727531662
2015-03-26T16:19:26.400000,9.83028401212288
2015-03-26T16:19:26.500000,9.812684354908033
2015-03-26T16:19:26.600000,9.789853301247993
2015-03-26T16:19:26.700000,9.82188278505516
2015-03-26T16:19:26.800000,9.81849053815437
2015-03-26T16:19:26.900000,9.816481153999227
2015-03-26T16:19:27.000000,9.802926406058686
2015-03-26T16:19:27.100000,9.78858021141191
2015-03-26T16:19:27.200000,9.801079949571408
2015-03-26T16:19:27.300000,9.794574702330747
2015-03-26T16:19:27.400000,9.795368199213897
2015-03-26T16:19:27.500000,9.774532302538326
2015-03-26T16:19:27.600000,9.768019547760112
2015-03-26T16:19:27.700000,9.77169016496104
2015-03-26T16:19:27.800000,9.783666071353164
2015-03-26T16:19:27.900000,9.77797961306666
2015-03-26T16:19:28.000000,9.753471188220905
2015-03-26T16:19:28.100000,9.770518284759884
2015-03-26T16:19:28.200000,9.757284945417464
2015-03-26T16:19:28.300000,9.740637557448512
2015-03-26T16:19:28.400000,9.719589097721176
2015-03-26T16:19:28.500000,9.724360089770126
2015-03-26T16:19:28.600000,9.752259594427924
2015-03-26T16:19:28.700000,9.746122562048637
2015-03-26T16:19:28.800000,9.72520558088513
2015-03-26T16:19:28.900000,9.74206764101642
2015-03-26T16:19:29.000000,9.727623684806108
2015-03-26T16:19:29.100000,9.715407115231187
2015-03-26T16:19:29.200000,9.724786540889635
2015-03-26T16:19:29.300000,9.729342017525363
2015-03-26T16:19:29.400000,9.71206238312193
2015-03-26T16:19:29.500000,9.70984355402872
2015-03-26T16:19:29.600000,9.726182333731549
2015-03-26T16:19:29.700000,9.728315822143475
2015-03-26T16:19:29.800000,9.731142883891325
2015-03-26T16:19:29.900000,9.737939176632969
2015-03-26T16:19:30.000000,9.735929426473136
2015-03-26T16:19:30.100000,9.72901731021531
2015-03-26T16:19:30.200000,9.730515458423024
2015-03-26T16:19:30.300000,9.738880318634962
2015-03-26T16:19:30.400000,9.737838601529331
2015-03-26T16:19:30.500000,9.719539498360676
2015-03-26T16:19:30.600000,9.741745091211811
2015-03-26T16:19:30.700000,9.7611176658656
2015-03-26T16:19:30.800000,9.753874590677784
2015-03-26T16:19:30.900000,9.766331175843124
2015-03-26T16:19:31.000000,9.763590200360955
2015-03-26T16:19:31.100000,9.76021623124288
2015-03-26T16:19:31.200000,9.763400095359057
2015-03-26T16:19:31.300000,9.775281917580497
2015-03-26T16:19:31.400000,9.766265224955498
2015-03-26T16:19:31.500000,9.766252847841733
2015-03-26T16:19:31.600000,9.78111928968877
2015-03-26T16:19:31.700000,9.792284177397754
2015-03-26T16:19:31.800000,9.80231064743634
2015-03-26T16:19:31.900000,9.774579011802034
2015-03-26T16:19:32.000000,9.774830178809166
2015-03-26T16:19:32.100000,9.774968844440046
2015-03-26T16:19:32.200000,9.776293274500173
2015-03-26T16:19:32.300000,9.791058908091184
2015-03-26T16:19:32.400000,9.807215197633324
2015-03-26T16:19:32.500000,9.805899034823312
2015-03-26T16:19:32.600000,9.799224562061356
2015-03-26T16:19:32.700000,9.788071902184866
2015-03-26T16:19:32.800000,9.791869354408057
2015-03-26T16:19:32.900000,9.79358145084592
2015-03-26T16:19:33.000000,9.794410102442562
2015-03-26T16:19:33.100000,9.79421207765548
2015-03-26T16:19:33.200000,9.784548403936254
2015-03-26T16:19:33.300000,9.777930440048276
2015-03-26T16:19:33.400000,9.787605988579102
2015-03-26T16:19:33.500000,9.774153274625045
2015-03-26T16:19:33.600000,9.77203188368711
2015-03-26T16:19:33.700000,9.774922838871356
2015-03-26T16:19:33.800000,9.77919167453677
2015-03-26T16:19:33.900000,9.781327810940397
2015-03-26T16:19:34.000000,9.778459188499598
2015-03-26T16:19:34.100000,9.771178962307896
2015-03-26T16:19:34.200000,9.765616431242158
2015-03-26T16:19:34.300000,9.758307149909808
2015-03-26T16:19:34.400000,9.757198669547517
2015-03-26T16:19:34.500000,9.77241772689493
2015-03-26T16:19:34.600000,9.778362687419124
2015-03-26T16:19:34.700000,9.7699549254093
2015-03-26T16:19:34.800000,9.772698232768407
2015-03-26T16:19:34.900000,9.774042529244944
2015-03-26T16:19:35.000000,9.77000259254572
2015-03-26T16:19:35.100000,9.767290917204884
2015-03-26T16:19:35.200000,9.771116350296476
2015-03-26T16:19:35.300000,9.776164872783108
2015-03-26T16:19:35.400000,9.76418655672972
2015-03-26T16:19:35.500000,9.758202424439927
2015-03-26T16:19:35.600000,9.762822423859518
2015-03-26T16:19:35.700000,9.767928423097288
2015-03-26T16:19:35.800000,9.771904734816754
2015-03-26T16:19:35.900000,9.770284182025572
2015-03-26T16:19:36.000000,9.768548760513516
2015-03-26T16:19:36.100000,9.75057706501111
2015-03-26T16:19:36.200000,9.768845531533104
2015-03-26T16:19:36.300000,9.778970755450583
2015-03-26T16:19:36.400000,9.776677843549708
2015-03-26T16:19:36.500000,9.77957394217048
2015-03-26T16:19:36.600000,9.766272965716489
2015-03-26T16:19:36.700000,9.76314245717506
2015-03-26T16:19:36.800000,9.769304751028235
2015-03-26T16:19:36.900000,9.751942651920588
2015-03-26T16:19:37.000000,9.747958602177404
2015-03-26T16:19:37.100000,9.77066986643242
2015-03-26T16:19:37.200000,9.780784841581864
2015-03-26T16:19:37.300000,9.747912849503685
2015-03-26T16:19:37.400000,9.750416014745348
2015-03-26T16:19:37.500000,9.748118190162296
2015-03-26T16:19:37.600000,9.748627160864038
2015-03-26T16:19:37.700000,9.747580406559932
2015-03-26T16:19:37.800000,9.745481762127698
2015-03-26T16:19:37.900000,9.747830965668404
2015-03-26T16:19:38.000000,9.744526023455022
2015-03-26T16:19:38.100000,9.732640577755197
2015-03-26T16:19:38.200000,9.7441609189224
2015-03-26T16:19:38.300000,9.745044593423504
2015-03-26T16:19:38.400000,9.742407587800017
2015-03-26T16:19:38.500000,9.746618207436724
2015-03-26T16:19:38.600000,9.73157104308503
2015-03-26T16:19:38.700000,9.73036901637248
2015-03-26T16:19:38.800000,9.740097385244708
2015-03-26T16:19:38.900000,9.735469718006184
2015-03-26T16:19:39.000000,9.73667536716358
2015-03-26T16:19:39.100000,9.766011754778845
2015-03-26T16:19:39.200000,9.7391863126066
2015-03-26T16:19:39.300000,9.73995783639014
2015-03-26T16:19:39.400000,9.734930649352734
2015-03-26T16:19:39.500000,9.75574437424418
2015-03-26T16:19:39.600000,9.74371245475127
2015-03-26T16:19:39.700000,9.739754586083004
2015-03-26T16:19:39.800000,9.757287675952092
2015-03-26T16:19:39.900000,9.75535195602054
2015-03-26T16:19:40.000000,9.75571773153452
2015-03-26T16:19:40.100000,9.748413731651224
2015-03-26T16:19:40.200000,9.766853594855496
2015-03-26T16:19:40.300000,9.778407515745226
2015-03-26T16:19:40.400000,9.786204606811916
2015-03-26T16:19:40.500000,9.785902323002924
2015-03-26T16:19:40.600000,9.792629472210026
2015-03-26T16:19:40.700000,9.808058078387225
2015-03-26T16:19:40.800000,9.794098372325353
2015-03-26T16:19:40.900000,9.7913927494106
2015-03-26T16:19:41.000000,9.803729314724366
2015-03-26T16:19:41.100000,9.804781827631263
2015-03-26T16:19:41.200000,9.807553691546463
2015-03-26T16:19:41.300000,9.813749679782648
2015-03-26T16:19:41.400000,9.818704526525568
2015-03-26T16:19:41.500000,9.801034722150812
2015-03-26T16:19:41.600000,9.79786746501282
2015-03-26T16:19:41.700000,9.8096048439208
2015-03-26T16:19:41.800000,9.807118399120398
2015-03-26T16:19:41.900000,9.797943969102324
2015-03-26T16:19:42.000000,9.803294141669117
2015-03-26T16:19:42.100000,9.798635884982245
2015-03-26T16:19:42.200000,9.805294448444736
2015-03-26T16:19:42.300000,9.800454443921913
2015-03-26T16:19:42.400000,9.791407442727774
2015-03-26T16:19:42.500000,9.789361950237678
2015-03-26T16:19:42.600000,9.797836720838555
2015-03-26T16:19:42.700000,9.785666526559398
2015-03-26T16:19:42.800000,9.782688914534988
2015-03-26T16:19:42.900000,9.75881926102593
2015-03-26T16:19:43.000000,9.759723627567308
2015-03-26T16:19:43.100000,9.782466459270683
2015-03-26T16:19:43.200000,9.7603627066606
2015-03-26T16:19:43.300000,9.738805148047543
2015-03-26T16:19:43.400000,9.74270503794959
2015-03-26T16:19:43.500000,9.747244484482588
2015-03-26T16:19:43.600000,9.745411588377287
2015-03-26T16:19:43.700000,9.75688585936546
2015-03-26T16:19:43.800000,9.757722692766478
2015-03-26T16:19:43.900000,9.748345668528684
2015-03-26T16:19:44.000000,9.72990275999347
2015-03-26T16:19:44.100000,9.728744357936405
2015-03-26T16:19:44.200000,9.739962747161504
2015-03-26T16:19:44.300000,9.74616933587476
2015-03-26T16:19:44.400000,9.743876892023044
2015-03-26T16:19:44.500000,9.731035819197494
2015-03-26T16:19:44.600000,9.721993096170944
2015-03-26T16:19:44.700000,9.73729055173724
2015-03-26T16:19:44.800000,9.735660953317964
2015-03-26T16:19:44.900000,9.727986374864294
2015-03-26T16:19:45.000000,9.727702757700586
2015-03-26T16:19:45.100000,9.72819528871516
2015-03-26T16:19:45.200000,9.73121210449668
2015-03-26T16:19:45.300000,9.730689398504287
2015-03-26T16:19:45.400000,9.73308758158486
2015-03-26T16:19:45.500000,9.738847558488953
2015-03-26T16:19:45.600000,9.745957360607571
2015-03-26T16:19:45.700000,9.755552757661684
2015-03-26T16:19:45.800000,9.76419326554536
2015-03-26T16:19:45.900000,9.771616551652205
2015-03-26T16:19:46.000000,9.769311710911865
2015-03-26T16:19:46.100000,9.760032530209596
2015-03-26T16:19:46.200000,9.761451686666474
2015-03-26T16:19:46.300000,9.77765139159821
2015-03-26T16:19:46.400000,9.772826886849112
2015-03-26T16:19:46.500000,9.785068680238735
2015-03-26T16:19:46.600000,9.761498400124854
2015-03-26T16:19:46.700000,9.762956361654403
2015-03-26T16:19:46.800000,9.775146778183386
2015-03-26T16:19:46.900000,9.784828505015993
2015-03-26T16:19:47.000000,9.784151583305665
2015-03-26T16:19:47.100000,9.793427060264309
2015-03-26T16:19:47.200000,9.809604433521072
2015-03-26T16:19:47.300000,9.804901243923188
2015-03-26T16:19:47.400000,9.793282486379304
2015-03-26T16:19:47.500000,9.787938249432376
2015-03-26T16:19:47.600000,9.797463990352364
2015-03-26T16:19:47.700000,9.796869497643751
2015-03-26T16:19:47.800000,9.78465757357692
2015-03-26T16:19:47.900000,9.781816959548616
2015-03-26T16:19:48.000000,9.798622130346692
2015-03-26T16:19:48.100000,9.798913735906
2015-03-26T16:19:48.200000,9.781418268903254
2015-03-26T16:19:48.300000,9.788840622540732
2015-03-26T16:19:48.400000,9.771101769243872
2015-03-26T16:19:48.500000,9.77505818631131
2015-03-26T16:19:48.600000,9.758939644946114
2015-03-26T16:19:48.700000,9.749356814251923
2015-03-26T16:19:48.800000,9.76356067706944
2015-03-26T16:19:48.900000,9.769928782285506
2015-03-26T16:19:49.000000,9.772619414977092
2015-03-26T16:19:49.100000,9.78537638902488
2015-03-26T16:19:49.200000,9.771928963816444
2015-03-26T16:19:49.300000,9.752705643302464
2015-03-26T16:19:49.400000,9.750651206100068
2015-03-26T16:19:49.500000,9.758351433735804
2015-03-26T16:19:49.600000,9.742261458775731
2015-03-26T16:19:49.700000,9.74695012322587
2015-03-26T16:19:49.800000,9.749514772257475
2015-03-26T16:19:49.900000,9.753677809164015
2015-03-26T16:19:50.000000,9.755424254227632
2015-03-26T16:19:50.100000,9.756234256811435
2015-03-26T16:19:50.200000,9.744350768136654
2015-03-26T16:19:50.300000,9.76260209403112
2015-03-26T16:19:50.400000,9.75879126981584
2015-03-26T16:19:50.500000,9.745354552858188
2015-03-26T16:19:50.600000,9.763845312744817
2015-03-26T16:19:50.700000,9.776083021200815
2015-03-26T16:19:50.800000,9.773375107678248
2015-03-26T16:19:50.900000,9.776834123876634
2015-03-26T16:19:51.000000,9.772364505973565
2015-03-26T16:19:51.100000,9.770310817627884
2015-03-26T16:19:51.200000,9.762759980111792
2015-03-26T16:19:51.300000,9.763312520963058
2015-03-26T16:19:51.400000,9.794842794519496
2015-03-26T16:19:51.500000,9.797787415513
2015-03-26T16:19:51.600000,9.778136600070168
2015-03-26T16:19:51.700000,9.772389288111956
2015-03-26T16:19:51.800000,9.798301973118717
2015-03-26T16:19:51.900000,9.794855081428766
2015-03-26T16:19:52.000000,9.790922627012248
2015-03-26T16:19:52.100000,9.791170102679606
2015-03-26T16:19:52.200000,9.795580567750063
2015-03-26T16:19:52.300000,9.775249125717073
2015-03-26T16:19:52.400000,9.795913132711156
2015-03-26T16:19:52.500000,9.788279410436935
2015-03-26T16:19:52.600000,9.772212416204413
2015-03-26T16:19:52.700000,9.775984737996444
2015-03-26T16:19:52.800000,9.771080497653244
2015-03-26T16:19:52.900000,9.76078239506249
2015-03-26T16:19:53.000000,9.754483484533289
2015-03-26T16:19:53.100000,9.754771129865224
2015-03-26T16:19:53.200000,9.760688878628583
2015-03-26T16:19:53.300000,9.77295093997745
2015-03-26T16:19:53.400000,9.73926996955212
2015-03-26T16:19:53.500000,9.74980113606424
2015-03-26T16:19:53.600000,9.746602030996412
2015-03-26T16:19:53.700000,9.74822666352841
2015-03-26T16:19:53.800000,9.742320227592836
2015-03-26T16:19:53.900000,9.752075521684894
2015-03-26T16:19:54.000000,9.746624483815395
2015-03-26T16:19:54.100000,9.742493120953544
2015-03-26T16:19:54.200000,9.740908359828916
2015-03-26T16:19:54.300000,9.733334985291512
2015-03-26T16:19:54.400000,9.7188433492818
2015-03-26T16:19:54.500000,9.726728658125698
2015-03-26T16:19:54.600000,9.73268514237462
2015-03-26T16:19:54.700000,9.737206476747447
2015-03-26T16:19:54.800000,9.727520056345483
2015-03-26T16:19:54.900000,9.727653573822808
2015-03-26T16:19:55.000000,9.74615325349768
2015-03-26T16:19:55.100000,9.733828476981516
2015-03-26T16:19:55.200000,9.728632108463746
2015-03-26T16:19:55.300000,9.728478565118234
2015-03-26T16:19:55.400000,9.744848292139777
2015-03-26T16:19:55.500000,9.75587895848002
2015-03-26T16:19:55.600000,9.768402046212564
2015-03-26T16:19:55.700000,9.767623572243828
2015-03-26T16:19:55.800000,9.767033546843546
2015-03-26T16:19:55.900000,9.776267793883438
2015-03-26T16:19:56.000000,9.791207389499862
2015-03-26T16:19:56.100000,9.789761916472864
2015-03-26T16:19:56.200000,9.780454407772249
2015-03-26T16:19:56.300000,9.796717349517357
2015-03-26T16:19:56.400000,9.805959681017764
2015-03-26T16:19:56.500000,9.80093823779237
2015-03-26T16:19:56.600000,9.78343462221126
2015-03-26T16:19:56.700000,9.793229768833127
2015-03-26T16:19:56.800000,9.804271404548894
2015-03-26T16:19:56.900000,9.794373456024326
2015-03-26T16:19:57.000000,9.793165552156598
2015-03-26T16:19:57.100000,9.79423054503387
2015-03-26T16:19:57.200000,9.79300977446129
2015-03-26T16:19:57.300000,9.787320224159192
2015-03-26T16:19:57.400000,9.78603416376066
2015-03-26T16:19:57.500000,9.797077982217855
2015-03-26T16:19:57.600000,9.800082434728871
2015-03-26T16:19:57.700000,9.802873042385668
2015-03-26T16:19:57.800000,9.80153564679658
2015-03-26T16:19:57.900000,9.7884653639498
2015-03-26T16:19:58.000000,9.78973231177593
2015-03-26T16:19:58.100000,9.787056432450973
2015-03-26T16:19:58.200000,9.778217973704164
2015-03-26T16:19:58.300000,9.783096206957946
2015-03-26T16:19:58.400000,9.785891990516951
2015-03-26T16:19:58.500000,9.776828889162871
2015-03-26T16:19:58.600000,9.78098419929612
2015-03-26T16:19:58.700000,9.7697279577106
2015-03-26T16:19:58.800000,9.754823478201352
2015-03-26T16:19:58.900000,9.76259342278341
2015-03-26T16:19:59.000000,9.760268289711677
2015-03-26T16:19:59.100000,9.757114986695814
2015-03-26T16:19:59.200000,9.75171349614419
2015-03-26T16:19:59.300000,9.730427112256455
2015-03-26T16:19:59.400000,9.731052833808304
2015-03-26T16:19:59.500000,9.749555346397798
2015-03-26T16:19:59.600000,9.749705996045652
2015-03-26T16:19:59.700000,9.726415531249785
2015-03-26T16:19:59.800000,9.712517470087858
2015-03-26T16:19:59.900000,9.728238919142402
2015-03-26T16:20:00.000000,9.72288274824082
2015-03-26T16:20:00.100000,9.715698621223954
2015-03-26T16:20:00.200000,9.734247154747504
2015-03-26T16:20:00.300000,9.74176105462312
2015-03-26T16:20:00.400000,9.72771247020807
2015-03-26T16:20:00.500000,9.747071601118837
2015-03-26T16:20:00.600000,9.75143159005567
2015-03-26T16:20:00.700000,9.744640043912996
2015-03-26T16:20:00.800000,9.762205237455436
2015-03-26T16:20:00.900000,9.772137090747671
2015-03-26T16:20:01.000000,9.754190654597894
2015-03-26T16:20:01.100000,9.749660896412218
2015-03-26T16:20:01.200000,9.776483709563571
2015-03-26T16:20:01.300000,9.771713346824704
2015-03-26T16:20:01.400000,9.778882094546352
2015-03-26T16:20:01.500000,9.781368800887922
2015-03-26T16:20:01.600000,9.782421408593148
2015-03-26T16:20:01.700000,9.789650407811386
2015-03-26T16:20:01.800000,9.79585585096422
2015-03-26T16:20:01.900000,9.793593205333336
2015-03-26T16:20:02.000000,9.787301218480962
2015-03-26T16:20:02.100000,9.782857138400429
2015-03-26T16:20:02.200000,9.774116049568834
2015-03-26T16:20:02.300000,9.77814480601866
2015-03-26T16:20:02.400000,9.794931321582837
2015-03-26T16:20:02.500000,9.795196062834377
2015-03-26T16:20:02.600000,9.7925619670969
2015-03-26T16:20:02.700000,9.78529018734102
2015-03-26T16:20:02.800000,9.77317709137786
2015-03-26T16:20:02.900000,9.776344261702889
2015-03-26T16:20:03.000000,9.779547354080446
2015-03-26T16:20:03.100000,9.77538166117662
2015-03-26T16:20:03.200000,9.758894620242469
2015-03-26T16:20:03.300000,9.776573188047555
2015-03-26T16:20:03.400000,9.778627416591446
2015-03-26T16:20:03.500000,9.789084388144287
2015-03-26T16:20:03.600000,9.80722445457215
2015-03-26T16:20:03.700000,9.789190312598404
2015-03-26T16:20:03.800000,9.77625513208585
2015-03-26T16:20:03.900000,9.771343071773614
2015-03-26T16:20:04.000000,9.784302899872598
2015-03-26T16:20:04.100000,9.776440493986566
2015-03-26T16:20:04.200000,9.757113495196911
2015-03-26T16:20:04.300000,9.75162810865822
2015-03-26T16:20:04.400000,9.75556355730504
2015-03-26T16:20:04.500000,9.759501000788749
2015-03-26T16:20:04.600000,9.764536901397948
2015-03-26T16:20:04.700000,9.766923678677667
2015-03-26T16:20:04.800000,9.751731479517671
2015-03-26T16:20:04.900000,9.743358087820427
2015-03-26T16:20:05.000000,9.744810798683195
2015-03-26T16:20:05.100000,9.759753956276995
2015-03-26T16:20:05.200000,9.75749970549163
2015-03-26T16:20:05.300000,9.735450433352028
2015-03-26T16:20:05.400000,9.75960429738556
2015-03-26T16:20:05.500000,9.758175378736563
2015-03-26T16:20:05.600000,9.74758955478026
2015-03-26T16:20:05.700000,9.738695030366852
2015-03-26T16:20:05.800000,9.73706958852303
2015-03-26T16:20:05.900000,9.754991190857464
2015-03-26T16:20:06.000000,9.752929711291598
2015-03-26T16:20:06.100000,9.735484621613894
2015-03-26T16:20:06.200000,9.743237613425858
2015-03-26T16:20:06.300000,9.766143475404707
2015-03-26T16:20:06.400000,9.769998560738856
2015-03-26T16:20:06.500000,9.754717651420952
2015-03-26T16:20:06.600000,9.759894110942843
2015-03-26T16:20:06.700000,9.75969890310785
2015-03-26T16:20:06.800000,9.749011190282712
2015-03-26T16:20:06.900000,9.775548075156202
2015-03-26T16:20:07.000000,9.779761321166031
2015-03-26T16:20:07.100000,9.780167933057484
2015-03-26T16:20:07.200000,9.774905356883515
2015-03-26T16:20:07.300000,9.783736700100524
2015-03-26T16:20:07.400000,9.779967580561518
2015-03-26T16:20:07.500000,9.757300255856794
2015-03-26T16:20:07.600000,9.755442909816194
2015-03-26T16:20:07.700000,9.779665768333524
2015-03-26T16:20:07.800000,9.79443203146234
2015-03-26T16:20:07.900000,9.789427850471087
2015-03-26T16:20:08.000000,9.775125690220968
2015-03-26T16:20:08.100000,9.771899398681716
2015-03-26T16:20:08.200000,9.77708293809677
2015-03-26T16:20:08.300000,9.794669075977705
2015-03-26T16:20:08.400000,9.778860926565969
2015-03-26T16:20:08.500000,9.75635930243502
2015-03-26T16:20:08.600000,9.787672330634043
2015-03-26T16:20:08.700000,9.788655198220097
2015-03-26T16:20:08.800000,9.769858209417793
2015-03-26T16:20:08.900000,9.775688386528053
2015-03-26T16:20:09.000000,9.783595594954342
2015-03-26T16:20:09.100000,9.761558194099864
2015-03-26T16:20:09.200000,9.75815777866768
2015-03-26T16:20:09.300000,9.767956086823254
2015-03-26T16:20:09.400000,9.77400136995544
2015-03-26T16:20:09.500000,9.758842410084982
2015-03-26T16:20:09.600000,9.777951061073653
2015-03-26T16:20:09.700000,9.779185886148008
2015-03-26T16:20:09.800000,9.75729478339684
2015-03-26T16:20:09.900000,9.765469872473163
2015-03-26T16:20:10.000000,9.769457673888096
2015-03-26T16:20:10.100000,9.76283820284524
2015-03-26T16:20:10.200000,9.769388427697027
2015-03-26T16:20:10.300000,9.776704051163506
2015-03-26T16:20:10.400000,9.766902282045375
2015-03-26T16:20:10.500000,9.754250291678554
2015-03-26T16:20:10.600000,9.756561039174963
2015-03-26T16:20:10.700000,9.766166671754068
2015-03-26T16:20:10.800000,9.765599000204226
2015-03-26T16:20:10.900000,9.767839411352126
2015-03-26T16:20:11.000000,9.772343613073485
2015-03-26T16:20:11.100000,9.771374347696607
2015-03-26T16:20:11.200000,9.752828733514256
2015-03-26T16:20:11.300000,9.761704656964795
2015-03-26T16:20:11.400000,9.779241026538068
2015-03-26T16:20:11.500000,9.787731726220938
2015-03-26T16:20:11.600000,9.791440845220093
2015-03-26T16:20:11.700000,9.788077371825414
2015-03-26T16:20:11.800000,9.770395345416222
2015-03-26T16:20:11.900000,9.775076382291092
2015-03-26T16:20:12.000000,9.769908903629483
2015-03-26T16:20:12.100000,9.760879365486408
2015-03-26T16:20:12.200000,9.784735561556394
2015-03-26T16:20:12.300000,9.7764526360784
2015-03-26T16:20:12.400000,9.777542590792098
2015-03-26T16:20:12.500000,9.799471238023022
2015-03-26T16:20:12.600000,9.803076400091175
2015-03-26T16:20:12.700000,9.792927022249916
2015-03-26T16:20:12.800000,9.782777894909628
2015-03-26T16:20:12.900000,9.773517942109638
2015-03-26T16:20:13.000000,9.773888860080158
2015-03-26T16:20:13.100000,9.78859534203814
2015-03-26T16:20:13.200000,9.782060504310314
2015-03-26T16:20:13.300000,9.784170251726264
2015-03-26T16:20:13.400000,9.781282358707411
2015-03-26T16:20:13.500000,9.77754115124494
2015-03-26T16:20:13.600000,9.78430768423447
2015-03-26T16:20:13.700000,9.77882759138416
2015-03-26T16:20:13.800000,9.782407013282542
2015-03-26T16:20:13.900000,9.770617934651982
2015-03-26T16:20:14.000000,9.760995340388162
2015-03-26T16:20:14.100000,9.767855366743014
2015-03-26T16:20:14.200000,9.768657894704427
2015-03-26T16:20:14.300000,9.766465089020745
2015-03-26T16:20:14.400000,9.762457265228411
2015-03-26T16:20:14.500000,9.75866750952674
2015-03-26T16:20:14.600000,9.76495796197385
2015-03-26T16:20:14.700000,9.777312917553026
2015-03-26T16:20:14.800000,9.77451711075448
2015-03-26T16:20:14.900000,9.748169548670123
2015-03-26T16:20:15.000000,9.735322922316495
2015-03-26T16:20:15.100000,9.743049162558462
2015-03-26T16:20:15.200000,9.74479472686257
2015-03-26T16:20:15.300000,9.763256471019924
2015-03-26T16:20:15.400000,9.75521823614915
2015-03-26T16:20:15.500000,9.744079174128732
2015-03-26T16:20:15.600000,9.745508631654266
2015-03-26T16:20:15.700000,9.731978516520892
2015-03-26T16:20:15.800000,9.746935414143469
2015-03-26T16:20:15.900000,9.757828612479294
2015-03-26T16:20:16.000000,9.743643059952896
2015-03-26T16:20:16.100000,9.744512254350424
2015-03-26T16:20:16.200000,9.758328240254595
2015-03-26T16:20:16.300000,9.760489449835251
2015-03-26T16:20:16.400000,9.759967718209284
2015-03-26T16:20:16.500000,9.748824988683303
2015-03-26T16:20:16.600000,9.748723679496694
2015-03-26T16:20:16.700000,9.769245254777491
2015-03-26T16:20:16.800000,9.779209662388157
2015-03-26T16:20:16.900000,9.775988909803711
2015-03-26T16:20:17.000000,9.773042349879717
2015-03-26T16:20:17.100000,9.77852916351351
2015-03-26T16:20:17.200000,9.787895927877528
2015-03-26T16:20:17.300000,9.790992503867948
2015-03-26T16:20:17.400000,9.779279958180515
2015-03-26T16:20:17.500000,9.789584178138004
2015-03-26T16:20:17.600000,9.791140948163024
2015-03-26T16:20:17.700000,9.784266972278193
2015-03-26T16:20:17.800000,9.804919657504213
2015-03-26T16:20:17.900000,9.809011207095608
2015-03-26T16:20:18.000000,9.802389412972015
2015-03-26T16:20:18.100000,9.791183406372085
2015-03-26T16:20:18.200000,9.783118123099356
2015-03-26T16:20:18.300000,9.780706951324357
2015-03-26T16:20:18.400000,9.781306236252926
2015-03-26T16:20:18.500000,9.784516160361967
2015-03-26T16:20:18.600000,9.77904879058352
2015-03-26T16:20:18.700000,9.780603165859178
2015-03-26T16:20:18.800000,9.791529683224024
2015-03-26T16:20:18.900000,9.773820434020246
2015-03-26T16:20:19.000000,9.780794938480051
2015-03-26T16:20:19.100000,9.773585428369568
2015-03-26T16:20:19.200000,9.761717144620864
2015-03-26T16:20:19.300000,9.760153149233783
2015-03-26T16:20:19.400000,9.75278280988014
2015-03-26T16:20:19.500000,9.754106980117587
2015-03-26T16:20:19.600000,9.77607475600366
2015-03-26T16:20:19.700000,9.775968587208132
2015-03-26T16:20:19.800000,9.757555578365414
2015-03-26T16:20:19.900000,9.755209844057012
2015-03-26T16:20:20.000000,9.74940530348724
2015-03-26T16:20:20.100000,9.747541625749315
2015-03-26T16:20:20.200000,9.749056158636956
2015-03-26T16:20:20.300000,9.74437569060366
2015-03-26T16:20:20.400000,9.753679006781118
2015-03-26T16:20:20.500000,9.759708521005123
2015-03-26T16:20:20.600000,9.735144110146075
2015-03-26T16:20:20.700000,9.738306579834816
2015-03-26T16:20:20.800000,9.742038354703991
2015-03-26T16:20:20.900000,9.746313151462248
2015-03-26T16:20:21.000000,9.748250805561488
2015-03-26T16:20:21.100000,9.74840844698025
2015-03-26T16:20:21.200000,9.746631885916456
2015-03-26T16:20:21.300000,9.753474508605828
2015-03-26T16:20:21.400000,9.752067790269786
2015-03-26T16:20:21.500000,9.748430668463412
2015-03-26T16:20:21.600000,9.767887739945255
2015-03-26T16:20:21.700000,9.767954586435971
2015-03-26T16:20:21.800000,9.753824299784672
2015-03-26T16:20:21.900000,9.753145591528035
2015-03-26T16:20:22.000000,9.745395436573524
2015-03-26T16:20:22.100000,9.7557081624709
2015-03-26T16:20:22.200000,9.774868071652929
2015-03-26T16:20:22.300000,9.784337537604406
2015-03-26T16:20:22.400000,9.788678065716343
2015-03-26T16:20:22.500000,9.790346434284942
2015-03-26T16:20:22.600000,9.783102178490278
2015-03-26T16:20:22.700000,9.789655910983289
2015-03-26T16:20:22.800000,9.784515701601968
2015-03-26T16:20:22.900000,9.792558346968786
2015-03-26T16:20:23.000000,9.794343264968797
2015-03-26T16:20:23.100000,9.778416069638268
2015-03-26T16:20:23.200000,9.774006547622347
2015-03-26T16:20:23.300000,9.790535353530188
2015-03-26T16:20:23.400000,9.782503497478928
2015-03-26T16:20:23.500000,9.777982228216382
2015-03-26T16:20:23.600000,9.774017805618858
2015-03-26T16:20:23.700000,9.76829219204969
2015-03-26T16:20:23.800000,9.796784680258709
2015-03-26T16:20:23.900000,9.800931890282058
2015-03-26T16:20:24.000000,9.799261305970422
2015-03-26T16:20:24.100000,9.782477042405445
2015-03-26T16:20:24.200000,9.778967796219163
2015-03-26T16:20:24.300000,9.780908223649144
2015-03-26T16:20:24.400000,9.781896191358744
2015-03-26T16:20:24.500000,9.776812058267463
2015-03-26T16:20:24.600000,9.77481547412016
2015-03-26T16:20:24.700000,9.76709638455594
2015-03-26T16:20:24.800000,9.770887853528343
2015-03-26T16:20:24.900000,9.77053486038832
2015-03-26T16:20:25.000000,9.75512447820558
2015-03-26T16:20:25.100000,9.754476408589616
2015-03-26T16:20:25.200000,9.763772291033206
2015-03-26T16:20:25.300000,9.76652588481972
2015-03-26T16:20:25.400000,9.770044703666104
2015-03-26T16:20:25.500000,9.761104825952616
2015-03-26T16:20:25.600000,9.757883413501569
2015-03-26T16:20:25.700000,9.766676672509856
2015-03-26T16:20:25.800000,9.763942637845966
2015-03-26T16:20:25.900000,9.75576694602631
2015-03-26T16:20:26.000000,9.752843186298223
2015-03-26T16:20:26.100000,9.749537422284666
2015-03-26T16:20:26.200000,9.737399152303135
2015-03-26T16:20:26.300000,9.75103033953599
2015-03-26T16:20:26.400000,9.75412869631599
2015-03-26T16:20:26.500000,9.759851144447588
2015-03-26T16:20:26.600000,9.767182345847084
2015-03-26T16:20:26.700000,9.760414833252511
2015-03-26T16:20:26.800000,9.764797609538167
2015-03-26T16:20:26.900000,9.77496620209386
2015-03-26T16:20:27.000000,9.773935896298251
2015-03-26T16:20:27.100000,9.766342587279269
2015-03-26T16:20:27.200000,9.771986399287064
2015-03-26T16:20:27.300000,9.77667460432341
2015-03-26T16:20:27.400000,9.781397888115754
2015-03-26T16:20:27.500000,9.774772506643066
2015-03-26T16:20:27.600000,9.763406254450803
2015-03-26T16:20:27.700000,9.755328272478904
2015-03-26T16:20:27.800000,9.761613937132095
2015-03-26T16:20:27.900000,9.775336452264488
2015-03-26T16:20:28.000000,9.776779397498164
2015-03-26T16:20:28.100000,9.777492651297871
2015-03-26T16:20:28.200000,9.764561385477926
2015-03-26T16:20:28.300000,9.763065838534953
2015-03-26T16:20:28.400000,9.783364493171288
2015-03-26T16:20:28.500000,9.779246007890729
2015-03-26T16:20:28.600000,9.764891539813842
2015-03-26T16:20:28.700000,9.774345254273562
2015-03-26T16:20:28.800000,9.776303384701016
2015-03-26T16:20:28.900000,9.77054007845719
2015-03-26T16:20:29.000000,9.766427012363662
2015-03-26T16:20:29.100000,9.767524920343783
2015-03-26T16:20:29.200000,9.771859848187988
2015-03-26T16:20:29.300000,9.764790384321232
2015-03-26T16:20:29.400000,9.748411337496922
2015-03-26T16:20:29.500000,9.76001118859621
2015-03-26T16:20:29.600000,9.761721887154089
2015-03-26T16:20:29.700000,9.754662763155586
2015-03-26T16:20:29.800000,9.766249095011332
2015-03-26T16:20:29.900000,9.786371542803236
2015-03-26T16:20:30.000000,9.780443090065932
2015-03-26T16:20:30.100000,9.755692973640308
2015-03-26T16:20:30.200000,9.750405047875525
2015-03-26T16:20:30.300000,9.774227846464749
2015-03-26T16:20:30.400000,9.775637153634984
2015-03-26T16:20:30.500000,9.780530402473502
2015-03-26T16:20:30.600000,9.779983995668394
2015-03-26T16:20:30.700000,9.768668016396903
2015-03-26T16:20:30.800000,9.779225686639847
2015-03-26T16:20:30.900000,9.769167152487016
2015-03-26T16:20:31.000000,9.76947664190146
2015-03-26T16:20:31.100000,9.775541066083733
2015-03-26T16:20:31.200000,9.76883414625507
2015-03-26T16:20:31.300000,9.763047456368424
2015-03-26T16:20:31.400000,9.770816991169976
2015-03-26T16:20:31.500000,9.775204857114216
2015-03-26T16:20:31.600000,9.778479592707946
2015-03-26T16:20:31.700000,9.798798695793472
2015-03-26T16:20:31.800000,9.792436313944982
2015-03-26T16:20:31.900000,9.774736170060953
2015-03-26T16:20:32.000000,9.771483688961116
2015-03-26T16:20:32.100000,9.749551147021895
2015-03-26T16:20:32.200000,9.771375259208678
2015-03-26T16:20:32.300000,9.79139068306307
2015-03-26T16:20:32.400000,9.783846651698424
2015-03-26T16:20:32.500000,9.764383122595328
2015-03-26T16:20:32.600000,9.768727340685963
2015-03-26T16:20:32.700000,9.775875678475536
2015-03-26T16:20:32.800000,9.77550143240988
2015-03-26T16:20:32.900000,9.77342076263722
2015-03-26T16:20:33.000000,9.759482402097422
2015-03-26T16:20:33.100000,9.768979351781976
2015-03-26T16:20:33.200000,9.778119355582891
2015-03-26T16:20:33.300000,9.764695232525254
2015-03-26T16:20:33.400000,9.771264735280708
2015-03-26T16:20:33.500000,9.771516077885751
2015-03-26T16:20:33.600000,9.758788258215338
2015-03-26T16:20:33.700000,9.754160075183847
2015-03-26T16:20:33.800000,9.771131968153954
2015-03-26T16:20:33.900000,9.775289474000536
2015-03-26T16:20:34.000000,9.77295477138662
2015-03-26T16:20:34.100000,9.762512528268434
2015-03-26T16:20:34.200000,9.769109276956067
2015-03-26T16:20:34.300000,9.765697350248075
2015-03-26T16:20:34.400000,9.75314787087595
2015-03-26T16:20:34.500000,9.748697636246051
2015-03-26T16:20:34.600000,9.763844811860189
2015-03-26T16:20:34.700000,9.76526336858154
2015-03-26T16:20:34.800000,9.754351339852398
2015-03-26T16:20:34.900000,9.749715870650745
2015-03-26T16:20:35.000000,9.758441910544366
2015-03-26T16:20:35.100000,9.7665236559796
2015-03-26T16:20:35.200000,9.770718273406889
2015-03-26T16:20:35.300000,9.76650793214317
2015-03-26T16:20:35.400000,9.763212160009816
2015-03-26T16:20:35.500000,9.76407563757536
2015-03-26T16:20:35.600000,9.760739333680318
2015-03-26T16:20:35.700000,9.759777527068948
2015-03-26T16:20:35.800000,9.754952661478576
2015-03-26T16:20:35.900000,9.759831290244858
2015-03-26T16:20:36.000000,9.763147130199163
2015-03-26T16:20:36.100000,9.758830809633784
2015-03-26T16:20:36.200000,9.755326326899295
2015-03-26T16:20:36.300000,9.759642361796075
2015-03-26T16:20:36.400000,9.768902997665071
2015-03-26T16:20:36.500000,9.759834611065454
2015-03-26T16:20:36.600000,9.757632860383664
2015-03-26T16:20:36.700000,9.779399180704807
2015-03-26T16:20:36.800000,9.789355568107192
2015-03-26T16:20:36.900000,9.78079899221153
2015-03-26T16:20:37.000000,9.766689354109802
2015-03-26T16:20:37.100000,9.774644724891626
2015-03-26T16:20:37.200000,9.781965228027852
2015-03-26T16:20:37.300000,9.767138783296572
2015-03-26T16:20:37.400000,9.781053348094458
2015-03-26T16:20:37.500000,9.78227279746771
2015-03-26T16:20:37.600000,9.774926299374464
2015-03-26T16:20:37.700000,9.776235859516198
2015-03-26T16:20:37.800000,9.792876544837764
2015-03-26T16:20:37.900000,9.780373441728967
2015-03-26T16:20:38.000000,9.759901884915871
2015-03-26T16:20:38.100000,9.746738532332788
2015-03-26T16:20:38.200000,9.753430721610496
2015-03-26T16:20:38.300000,9.785610508142629
2015-03-26T16:20:38.400000,9.770337738480428
2015-03-26T16:20:38.500000,9.74459940681538
2015-03-26T16:20:38.600000,9.770929527366928
2015-03-26T16:20:38.700000,9.771948527903934
2015-03-26T16:20:38.800000,9.74802834995043
2015-03-26T16:20:38.900000,9.766685513426324
2015-03-26T16:20:39.000000,9.765686571814609
2015-03-26T16:20:39.100000,9.752511967124828
2015-03-26T16:20:39.200000,9.76121295894316
2015-03-26T16:20:39.300000,9.758386717807303
2015-03-26T16:20:39.400000,9.74380100916714
2015-03-26T16:20:39.500000,9.758451893103608
2015-03-26T16:20:39.600000,9.759874502448078
2015-03-26T16:20:39.700000,9.755345996431815
2015-03-26T16:20:39.800000,9.754010794319834
2015-03-26T16:20:39.900000,9.7655000143757
2015-03-26T16:20:40.000000,9.765079291974878
2015-03-26T16:20:40.100000,9.758644599489791
2015-03-26T16:20:40.200000,9.762939286038977
2015-03-26T16:20:40.300000,9.770465416955322
2015-03-26T16:20:40.400000,9.765737499210609
2015-03-26T16:20:40.500000,9.763768546786498
2015-03-26T16:20:40.600000,9.771496820034711
2015-03-26T16:20:40.700000,9.778332329208204
2015-03-26T16:20:40.800000,9.77622236981778
2015-03-26T16:20:40.900000,9.769008961809496
2015-03-26T16:20:41.000000,9.777993530687974
2015-03-26T16:20:41.100000,9.78513814936419
2015-03-26T16:20:41.200000,9.788870937099857
2015-03-26T16:20:41.300000,9.793059998273838
2015-03-26T16:20:41.400000,9.783155178985808
2015-03-26T16:20:41.500000,9.781973624011666
2015-03-26T16:20:41.600000,9.78853798832813
2015-03-26T16:20:41.700000,9.787583279986176
2015-03-26T16:20:41.800000,9.777342744889234
2015-03-26T16:20:41.900000,9.783410777721794
2015-03-26T16:20:42.000000,9.797249565935472
2015-03-26T16:20:42.100000,9.786939360790775
2015-03-26T16:20:42.200000,9.78723755001709
2015-03-26T16:20:42.300000,9.786976338409437
2015-03-26T16:20:42.400000,9.777258496564206
2015-03-26T16:20:42.500000,9.79600354108466
2015-03-26T16:20:42.600000,9.799541078346769
2015-03-26T16:20:42.700000,9.777470217613802
2015-03-26T16:20:42.800000,9.776102866900906
2015-03-26T16:20:42.900000,9.78014585245453
2015-03-26T16:20:43.000000,9.779823569725474
2015-03-26T16:20:43.100000,9.789440330167904
2015-03-26T16:20:43.200000,9.794855881350117
2015-03-26T16:20:43.300000,9.765047414020556
2015-03-26T16:20:43.400000,9.764397366956748
2015-03-26T16:20:43.500000,9.767953915965068
2015-03-26T16:20:43.600000,9.760692997475248
2015-03-26T16:20:43.700000,9.75489627862415
2015-03-26T16:20:43.800000,9.745281163555152
2015-03-26T16:20:43.900000,9.735487557930291
2015-03-26T16:20:44.000000,9.731635276993554
2015-03-26T16:20:44.100000,9.730978318174929
2015-03-26T16:20:44.200000,9.725548478409909
2015-03-26T16:20:44.300000,9.710837635885255
2015-03-26T16:20:44.400000,9.710754683312183
2015-03-26T16:20:44.500000,9.726392758997052
2015-03-26T16:20:44.600000,9.72281847057841
2015-03-26T16:20:44.700000,9.726811255563296
2015-03-26T16:20:44.800000,9.75353004437413
2015-03-26T16:20:44.900000,9.724967434681645
2015-03-26T16:20:45.000000,9.7278064405172
2015-03-26T16:20:45.100000,9.73436965873363
2015-03-26T16:20:45.200000,9.735325211670236
2015-03-26T16:20:45.300000,9.737136577352004
2015-03-26T16:20:45.400000,9.728923106329132
2015-03-26T16:20:45.500000,9.72974982341729
2015-03-26T16:20:45.600000,9.741499841981849
2015-03-26T16:20:45.700000,9.754661404538728
2015-03-26T16:20:45.800000,9.737114807746469
2015-03-26T16:20:45.900000,9.75030780111747
2015-03-26T16:20:46.000000,9.773463149361136
2015-03-26T16:20:46.100000,9.770040802462637
2015-03-26T16:20:46.200000,9.7576279697685
2015-03-26T16:20:46.300000,9.7624806120936
2015-03-26T16:20:46.400000,9.769160674666116
2015-03-26T16:20:46.500000,9.772297623837266
2015-03-26T16:20:46.600000,9.781217477628628
2015-03-26T16:20:46.700000,9.779979857658354
2015-03-26T16:20:46.800000,9.778191062676944
2015-03-26T16:20:46.900000,9.77998643563507
2015-03-26T16:20:47.000000,9.801157874847126
2015-03-26T16:20:47.100000,9.807872143164536
2015-03-26T16:20:47.200000,9.80175981857173
2015-03-26T16:20:47.300000,9.795645493824823
2015-03-26T16:20:47.400000,9.796817685396498
2015-03-26T16:20:47.500000,9.815289698669726
2015-03-26T16:20:47.600000,9.817537318563216
2015-03-26T16:20:47.700000,9.7993274441451
2015-03-26T16:20:47.800000,9.794019902333073
2015-03-26T16:20:47.900000,9.789483844369029
2015-03-26T16:20:48.000000,9.792447163595826
2015-03-26T16:20:48.100000,9.806801966447974
2015-03-26T16:20:48.200000,9.805035444810333
2015-03-26T16:20:48.300000,9.808690486771535
2015-03-26T16:20:48.400000,9.801199045884886
2015-03-26T16:20:48.500000,9.808662454914668
2015-03-26T16:20:48.600000,9.80923731929973
2015-03-26T16:20:48.700000,9.79162064702506
2015-03-26T16:20:48.800000,9.778877690364094
2015-03-26T16:20:48.900000,9.77249764749437
2015-03-26T16:20:49.000000,9.78279825542652
2015-03-26T16:20:49.100000,9.777865487295776
2015-03-26T16:20:49.200000,9.751677915374035
2015-03-26T16:20:49.300000,9.75210010923483
2015-03-26T16:20:49.400000,9.76416938098152
2015-03-26T16:20:49.500000,9.74999695901801
2015-03-26T16:20:49.600000,9.758573284002535
2015-03-26T16:20:49.700000,9.768664758388846
2015-03-26T16:20:49.800000,9.771754563093172
2015-03-26T16:20:49.900000,9.76222138202995
2015-03-26T16:20:50.000000,9.744869497692283
2015-03-26T16:20:50.100000,9.742772164152116
2015-03-26T16:20:50.200000,9.746777889719546
2015-03-26T16:20:50.300000,9.747925982173582
2015-03-26T16:20:50.400000,9.736853795420238
2015-03-26T16:20:50.500000,9.73162214603664
2015-03-26T16:20:50.600000,9.727271863117322
2015-03-26T16:20:50.700000,9.746853014027607
2015-03-26T16:20:50.800000,9.75388447527354
2015-03-26T16:20:50.900000,9.751217451820173
2015-03-26T16:20:51.000000,9.744525781498442
2015-03-26T16:20:51.100000,9.72843864181074
2015-03-26T16:20:51.200000,9.732242310604546
2015-03-26T16:20:51.300000,9.734138205945364
2015-03-26T16:20:51.400000,9.74761926624558
2015-03-26T16:20:51.500000,9.754315087498966
2015-03-26T16:20:51.600000,9.747929462770406
2015-03-26T16:20:51.700000,9.746460851945708
2015-03-26T16:20:51.800000,9.759988569183976
2015-03-26T16:20:51.900000,9.764134591910963
2015-03-26T16:20:52.000000,9.756261800727987
2015-03-26T16:20:52.100000,9.752854023432974
2015-03-26T16:20:52.200000,9.76940920557084
2015-03-26T16:20:52.300000,9.784079809079024
2015-03-26T16:20:52.400000,9.782390114598666
2015-03-26T16:20:52.500000,9.789180153327454
2015-03-26T16:20:52.600000,9.795495737691867
2015-03-26T16:20:52.700000,9.783327894102916
2015-03-26T16:20:52.800000,9.78149158184802
2015-03-26T16:20:52.900000,9.791939125897024
2015-03-26T16:20:53.000000,9.790534722805404
2015-03-26T16:20:53.100000,9.794734287535736
2015-03-26T16:20:53.200000,9.805222273875346
2015-03-26T16:20:53.300000,9.80025363198786
2015-03-26T16:20:53.400000,9.786364252012232
2015-03-26T16:20:53.500000,9.78053695005448
2015-03-26T16:20:53.600000,9.791142718445766
2015-03-26T16:20:53.700000,9.805893436897874
2015-03-26T16:20:53.800000,9.787954384294494
2015-03-26T16:20:53.900000,9.800715515446646
2015-03-26T16:20:54.000000,9.792750536597197
2015-03-26T16:20:54.100000,9.775920648660051
2015-03-26T16:20:54.200000,9.780795181535302
2015-03-26T16:20:54.300000,9.787965212529157
2015-03-26T16:20:54.400000,9.782451206420957
2015-03-26T16:20:54.500000,9.763750918690636
2015-03-26T16:20:54.600000,9.779473882409237
2015-03-26T16:20:54.700000,9.798799933387288
2015-03-26T16:20:54.800000,9.803408176352876
2015-03-26T16:20:54.900000,9.766798307293104
2015-03-26T16:20:55.000000,9.76202386224966
2015-03-26T16:20:55.100000,9.760272422207748
2015-03-26T16:20:55.200000,9.763787673865968
2015-03-26T16:20:55.300000,9.743153608048232
2015-03-26T16:20:55.400000,9.762955349685669
2015-03-26T16:20:55.500000,9.767101775288396
2015-03-26T16:20:55.600000,9.75305504112648
2015-03-26T16:20:55.700000,9.73588078557446
2015-03-26T16:20:55.800000,9.734041492518054
2015-03-26T16:20:55.900000,9.729889954656208
2015-03-26T16:20:56.000000,9.739289470823444
2015-03-26T16:20:56.100000,9.75329271951023
2015-03-26T16:20:56.200000,9.757741704200509
2015-03-26T16:20:56.300000,9.73592021431171
2015-03-26T16:20:56.400000,9.7305703216914
2015-03-26T16:20:56.500000,9.736621146693924
2015-03-26T16:20:56.600000,9.745268499589145
2015-03-26T16:20:56.700000,9.755761186844552
2015-03-26T16:20:56.800000,9.754895857266622
2015-03-26T16:20:56.900000,9.743468601222364
2015-03-26T16:20:57.000000,9.755544816974952
2015-03-26T16:20:57.100000,9.769449655505507
2015-03-26T16:20:57.200000,9.759356438056995
2015-03-26T16:20:57.300000,9.76235885892857
2015-03-26T16:20:57.400000,9.7642240655412
2015-03-26T16:20:57.500000,9.765314611746923
2015-03-26T16:20:57.600000,9.754997722869124
2015-03-26T16:20:57.700000,9.753887665731328
2015-03-26T16:20:57.800000,9.772250429392187
2015-03-26T16:20:57.900000,9.787217866796867
2015-03-26T16:20:58.000000,9.78563933783185
2015-03-26T16:20:58.100000,9.774861900998882
2015-03-26T16:20:58.200000,9.780686959933565
2015-03-26T16:20:58.300000,9.776543797534949
2015-03-26T16:20:58.400000,9.763198046987778
2015-03-26T16:20:58.500000,9.787260250814102
2015-03-26T16:20:58.600000,9.80032229945983
2015-03-26T16:20:58.700000,9.784994097923756
2015-03-26T16:20:58.800000,9.786002052773975
2015-03-26T16:20:58.900000,9.786774006625691
2015-03-26T16:20:59.000000,9.78974706580429
2015-03-26T16:20:59.100000,9.783333570701298
2015-03-26T16:20:59.200000,9.778789530674752
2015-03-26T16:20:59.300000,9.78006726936258
2015-03-26T16:20:59.400000,9.767939200044886
2015-03-26T16:20:59.500000,9.771650905656568
2015-03-26T16:20:59.600000,9.77525397837127
2015-03-26T16:20:59.700000,9.769847695461266
2015-03-26T16:20:59.800000,9.762520126378122
2015-03-26T16:20:59.900000,9.772469137059534
2015-03-26T16:21:00.000000,9.761126042180711
2015-03-26T16:21:00.100000,9.765428123102255
2015-03-26T16:21:00.200000,9.765159524233884
2015-03-26T16:21:00.300000,9.764576454931104
2015-03-26T16:21:00.400000,9.774874161588496
2015-03-26T16:21:00.500000,9.765695614566257
2015-03-26T16:21:00.600000,9.754918784633915
2015-03-26T16:21:00.700000,9.754069039152396
2015-03-26T16:21:00.800000,9.750188506452671
2015-03-26T16:21:00.900000,9.745282915038771
2015-03-26T16:21:01.000000,9.743308492662612
2015-03-26T16:21:01.100000,9.741161459415808
2015-03-26T16:21:01.200000,9.73510906606282
2015-03-26T16:21:01.300000,9.747858714703256
2015-03-26T16:21:01.400000,9.758397690640534
2015-03-26T16:21:01.500000,9.752387425437638
2015-03-26T16:21:01.600000,9.75489601512716
2015-03-26T16:21:01.700000,9.757711158119024
2015-03-26T16:21:01.800000,9.77322711727892
2015-03-26T16:21:01.900000,9.771776354744024
2015-03-26T16:21:02.000000,9.748629509160674
2015-03-26T16:21:02.100000,9.745136163715667
2015-03-26T16:21:02.200000,9.755201749116871
2015-03-26T16:21:02.300000,9.744162488953338
2015-03-26T16:21:02.400000,9.744753927203762
2015-03-26T16:21:02.500000,9.752148276351935
2015-03-26T16:21:02.600000,9.76332445100166
2015-03-26T16:21:02.700000,9.768437297526424
2015-03-26T16:21:02.800000,9.768862074545616
2015-03-26T16:21:02.900000,9.770516680236556
2015-03-26T16:21:03.000000,9.776771012885938
2015-03-26T16:21:03.100000,9.7817095762756
2015-03-26T16:21:03.200000,9.766982819518
2015-03-26T16:21:03.300000,9.77900980587993
2015-03-26T16:21:03.400000,9.80353315978192
2015-03-26T16:21:03.500000,9.776988118094446
2015-03-26T16:21:03.600000,9.760299529966176
2015-03-26T16:21:03.700000,9.783485424723205
2015-03-26T16:21:03.800000,9.779978277327777
2015-03-26T16:21:03.900000,9.76130687924666
2015-03-26T16:21:04.000000,9.763150308522558
2015-03-26T16:21:04.100000,9.767552230567787
2015-03-26T16:21:04.200000,9.765579025927602
2015-03-26T16:21:04.300000,9.763549795069098
2015-03-26T16:21:04.400000,9.76256756754533
2015-03-26T16:21:04.500000,9.77905126962553
2015-03-26T16:21:04.600000,9.774278812911396
2015-03-26T16:21:04.700000,9.782705481434393
2015-03-26T16:21:04.800000,9.77561354604441
2015-03-26T16:21:04.900000,9.769430985265448
2015-03-26T16:21:05.000000,9.780096994928003
2015-03-26T16:21:05.100000,9.77981690902722
2015-03-26T16:21:05.200000,9.784076105644072
2015-03-26T16:21:05.300000,9.777152288319057
2015-03-26T16:21:05.400000,9.773997852507131
2015-03-26T16:21:05.500000,9.783602549903204
2015-03-26T16:21:05.600000,9.785423942839632
2015-03-26T16:21:05.700000,9.7736177460807
2015-03-26T16:21:05.800000,9.782001163460002
2015-03-26T16:21:05.900000,9.78310114159901
2015-03-26T16:21:06.000000,9.77636361430578
2015-03-26T16:21:06.100000,9.769626486474763
2015-03-26T16:21:06.200000,9.770232403844853
2015-03-26T16:21:06.300000,9.777800492404449
2015-03-26T16:21:06.400000,9.773272065563985
2015-03-26T16:21:06.500000,9.759927342542218
2015-03-26T16:21:06.600000,9.761771680172362
2015-03-26T16:21:06.700000,9.770138304448142
2015-03-26T16:21:06.800000,9.776315656570482
2015-03-26T16:21:06.900000,9.757659362221958
2015-03-26T16:21:07.000000,9.768872185991034
2015-03-26T16:21:07.100000,9.770043729851167
2015-03-26T16:21:07.200000,9.759277684646207
2015-03-26T16:21:07.300000,9.76084345524651
2015-03-26T16:21:07.400000,9.751377057184667
2015-03-26T16:21:07.500000,9.754563257480063
2015-03-26T16:21:07.600000,9.750927695716063
2015-03-26T16:21:07.700000,9.749669422904084
2015-03-26T16:21:07.800000,9.757681444480664
2015-03-26T16:21:07.900000,9.75447795790341
2015-03-26T16:21:08.000000,9.753190956565303
2015-03-26T16:21:08.100000,9.753278012351249
2015-03-26T16:21:08.200000,9.748221900528588
2015-03-26T16:21:08.300000,9.747319480258875
2015-03-26T16:21:08.400000,9.754120479071233
2015-03-26T16:21:08.500000,9.75246627148958
2015-03-26T16:21:08.600000,9.75034585138796
2015-03-26T16:21:08.700000,9.754144940835651
2015-03-26T16:21:08.800000,9.752480550540785
2015-03-26T16:21:08.900000,9.749774858353115
2015-03-26T16:21:09.000000,9.752546846668306
2015-03-26T16:21:09.100000,9.729924704633646
2015-03-26T16:21:09.200000,9.73815742553248
2015-03-26T16:21:09.300000,9.743069008162124
2015-03-26T16:21:09.400000,9.75693491049377
2015-03-26T16:21:09.500000,9.767320490831256
2015-03-26T16:21:09.600000,9.769482138984923
2015-03-26T16:21:09.700000,9.771641907884568
2015-03-26T16:21:09.800000,9.760615511916606
2015-03-26T16:21:09.900000,9.7530028526127
2015-03-26T16:21:10.000000,9.758268383204989
2015-03-26T16:21:10.100000,9.76097905637129
2015-03-26T16:21:10.200000,9.77177059569978
2015-03-26T16:21:10.300000,9.77420900022392
2015-03-26T16:21:10.400000,9.763512073421497
2015-03-26T16:21:10.500000,9.786175497930463
2015-03-26T16:21:10.600000,9.789697282444711
2015-03-26T16:21:10.700000,9.793219570238
2015-03-26T16:21:10.800000,9.793684965075697
2015-03-26T16:21:10.900000,9.7918948546031
2015-03-26T16:21:11.000000,9.796536676134147
2015-03-26T16:21:11.100000,9.797311430681038
2015-03-26T16:21:11.200000,9.771456725139508
2015-03-26T16:21:11.300000,9.78176643683022
2015-03-26T16:21:11.400000,9.792150705496391
2015-03-26T16:21:11.500000,9.783193420470074
2015-03-26T16:21:11.600000,9.785660204557296
2015-03-26T16:21:11.700000,9.802661295502563
2015-03-26T16:21:11.800000,9.805555723081666
2015-03-26T16:21:11.900000,9.814176274056353
2015-03-26T16:21:12.000000,9.79806088535595
2015-03-26T16:21:12.100000,9.783727455976624
2015-03-26T16:21:12.200000,9.797497579482805
2015-03-26T16:21:12.300000,9.79959271462576
2015-03-26T16:21:12.400000,9.795491186918346
2015-03-26T16:21:12.500000,9.802281447055048
2015-03-26T16:21:12.600000,9.78309454601498
2015-03-26T16:21:12.700000,9.790260916787757
2015-03-26T16:21:12.800000,9.767159486008795
2015-03-26T16:21:12.900000,9.756189318915974
2015-03-26T16:21:13.000000,9.76753461530848
2015-03-26T16:21:13.100000,9.774495874744112
2015-03-26T16:21:13.200000,9.76806379495957
2015-03-26T16:21:13.300000,9.768131308778614
2015-03-26T16:21:13.400000,9.76418011876574
2015-03-26T16:21:13.500000,9.766617043921322
2015-03-26T16:21:13.600000,9.77159197698818
2015-03-26T16:21:13.700000,9.75189216783968
2015-03-26T16:21:13.800000,9.747679106308214
2015-03-26T16:21:13.900000,9.757385248178188
2015-03-26T16:21:14.000000,9.769538743127738
2015-03-26T16:21:14.100000,9.754196702618428
2015-03-26T16:21:14.200000,9.742662988440868
2015-03-26T16:21:14.300000,9.744140878556127
2015-03-26T16:21:14.400000,9.745571254371027
2015-03-26T16:21:14.500000,9.746830612958204
2015-03-26T16:21:14.600000,9.75169921639542
2015-03-26T16:21:14.700000,9.757996600801686
2015-03-26T16:21:14.800000,9.758039737006548
2015-03-26T16:21:14.900000,9.74994057720177
2015-03-26T16:21:15.000000,9.72252028628752
2015-03-26T16:21:15.100000,9.725042599243157
2015-03-26T16:21:15.200000,9.732077393581154
2015-03-26T16:21:15.300000,9.739262726756458
2015-03-26T16:21:15.400000,9.734115377512458
2015-03-26T16:21:15.500000,9.74294147717865
2015-03-26T16:21:15.600000,9.758257085512648
2015-03-26T16:21:15.700000,9.762973822203197
2015-03-26T16:21:15.800000,9.764440635986906
2015-03-26T16:21:15.900000,9.775084229200194
2015-03-26T16:21:16.000000,9.77381285939022
2015-03-26T16:21:16.100000,9.774147364511114
2015-03-26T16:21:16.200000,9.77589148537607
2015-03-26T16:21:16.300000,9.772519822580856
2015-03-26T16:21:16.400000,9.768437399458476
2015-03-26T16:21:16.500000,9.776706059476108
2015-03-26T16:21:16.600000,9.783569981154882
2015-03-26T16:21:16.700000,9.768029500715436
2015-03-26T16:21:16.800000,9.771561052545715
2015-03-26T16:21:16.900000,9.78383599332534
2015-03-26T16:21:17.000000,9.778171407641228
2015-03-26T16:21:17.100000,9.776860135084494
2015-03-26T16:21:17.200000,9.78248450619386
2015-03-26T16:21:17.300000,9.776670758627365
2015-03-26T16:21:17.400000,9.770000075882134
2015-03-26T16:21:17.500000,9.791191407812232
2015-03-26T16:21:17.600000,9.789845115383596
2015-03-26T16:21:17.700000,9.77684405770551
2015-03-26T16:21:17.800000,9.77551622373029
2015-03-26T16:21:17.900000,9.796967742079564
2015-03-26T16:21:18.000000,9.789418381969703
2015-03-26T16:21:18.100000,9.775483467755398
2015-03-26T16:21:18.200000,9.780042550107169
2015-03-26T16:21:18.300000,9.786403577410494
2015-03-26T16:21:18.400000,9.777615174527908
2015-03-26T16:21:18.500000,9.738508560591145
2015-03-26T16:21:18.600000,9.740906923314943
2015-03-26T16:21:18.700000,9.757780807687942
2015-03-26T16:21:18.800000,9.770744501042978
2015-03-26T16:21:18.900000,9.776113135853132
2015-03-26T16:21:19.000000,9.77308709722875
2015-03-26T16:21:19.100000,9.766393498456685
2015-03-26T16:21:19.200000,9.76465704100551
2015-03-26T16:21:19.300000,9.767950145377984
2015-03-26T16:21:19.400000,9.766336690747602
2015-03-26T16:21:19.500000,9.74612359616933
2015-03-26T16:21:19.600000,9.75828800723196
2015-03-26T16:21:19.700000,9.760701471862198
2015-03-26T16:21:19.800000,9.761228527226509
2015-03-26T16:21:19.900000,9.76495930818508
2015-03-26T16:21:20.000000,9.746940045311234
2015-03-26T16:21:20.100000,9.748458617467154
2015-03-26T16:21:20.200000,9.74471474230969
2015-03-26T16:21:20.300000,9.742975597137915
2015-03-26T16:21:20.400000,9.740723123769351
2015-03-26T16:21:20.500000,9.733293637038075
2015-03-26T16:21:20.600000,9.74173315533967
2015-03-26T16:21:20.700000,9.76234029020818
2015-03-26T16:21:20.800000,9.764615436569658
2015-03-26T16:21:20.900000,9.760924717089267
2015-03-26T16:21:21.000000,9.748864687541246
2015-03-26T16:21:21.100000,9.754712102513237
2015-03-26T16:21:21.200000,9.747183220428072
2015-03-26T16:21:21.300000,9.732394123374258
2015-03-26T16:21:21.400000,9.765203881262098
2015-03-26T16:21:21.500000,9.779983195458811
2015-03-26T16:21:21.600000,9.772542655069753
2015-03-26T16:21:21.700000,9.779684087640376
2015-03-26T16:21:21.800000,9.78194929497655
2015-03-26T16:21:21.900000,9.771244840621783
2015-03-26T16:21:22.000000,9.760659945523232
2015-03-26T16:21:22.100000,9.763993781008688
2015-03-26T16:21:22.200000,9.782368698047872
2015-03-26T16:21:22.300000,9.791067952418151
2015-03-26T16:21:22.400000,9.781160245839269
2015-03-26T16:21:22.500000,9.766564134354269
2015-03-26T16:21:22.600000,9.7745099540477
2015-03-26T16:21:22.700000,9.770663051259223
2015-03-26T16:21:22.800000,9.759100873648062
2015-03-26T16:21:22.900000,9.770372150940252
2015-03-26T16:21:23.000000,9.78606382444039
2015-03-26T16:21:23.100000,9.786882580008992
2015-03-26T16:21:23.200000,9.78079131920125
2015-03-26T16:21:23.300000,9.788792563572366
2015-03-26T16:21:23.400000,9.784596845440872
2015-03-26T16:21:23.500000,9.776008385278214
2015-03-26T16:21:23.600000,9.766089982474837
2015-03-26T16:21:23.700000,9.781396627700492
2015-03-26T16:21:23.800000,9.785042354201234
2015-03-26T16:21:23.900000,9.78023642501832
2015-03-26T16:21:24.000000,9.788819840180247
2015-03-26T16:21:24.100000,9.788832203944896
2015-03-26T16:21:24.200000,9.778655535159904
2015-03-26T16:21:24.300000,9.766173606012805
2015-03-26T16:21:24.400000,9.777743042917615
2015-03-26T16:21:24.500000,9.758580226375797
2015-03-26T16:21:24.600000,9.768624704946692
2015-03-26T16:21:24.700000,9.773407743889804
2015-03-26T16:21:24.800000,9.777441429781332
2015-03-26T16:21:24.900000,9.780308408446762
2015-03-26T16:21:25.000000,9.774587471369008
2015-03-26T16:21:25.100000,9.76250357241766
2015-03-26T16:21:25.200000,9.755623865581994
2015-03-26T16:21:25.300000,9.76328270323658
2015-03-26T16:21:25.400000,9.756576405953954
2015-03-26T16:21:25.500000,9.753836355672645
2015-03-26T16:21:25.600000,9.746141541678243
2015-03-26T16:21:25.700000,9.746406578161745
2015-03-26T16:21:25.800000,9.756539460406428
2015-03-26T16:21:25.900000,9.76178840925416
2015-03-26T16:21:26.000000,9.763639786502363
2015-03-26T16:21:26.100000,9.761449213810364
2015-03-26T16:21:26.200000,9.763293811415627
2015-03-26T16:21:26.300000,9.762851635354457
2015-03-26T16:21:26.400000,9.759119964483055
2015-03-26T16:21:26.500000,9.759890842273656
2015-03-26T16:21:26.600000,9.759112051779768
2015-03-26T16:21:26.700000,9.74293381202124
2015-03-26T16:21:26.800000,9.740402038854798
2015-03-26T16:21:26.900000,9.759453373866934
2015-03-26T16:21:27.000000,9.771079719590182
2015-03-26T16:21:27.100000,9.78550348160666
2015-03-26T16:21:27.200000,9.771394515896487
2015-03-26T16:21:27.300000,9.765032044442584
2015-03-26T16:21:27.400000,9.756794680219146
2015-03-26T16:21:27.500000,9.75172903148211
2015-03-26T16:21:27.600000,9.759456091084358
2015-03-26T16:21:27.700000,9.76149814330642
2015-03-26T16:21:27.800000,9.755872059310107
2015-03-26T16:21:27.900000,9.753574916044313
2015-03-26T16:21:28.000000,9.773551510555736
2015-03-26T16:21:28.100000,9.778589894045297
2015-03-26T16:21:28.200000,9.783868223506827
2015-03-26T16:21:28.300000,9.776471509664855
2015-03-26T16:21:28.400000,9.751571244043127
2015-03-26T16:21:28.500000,9.75397920558026
2015-03-26T16:21:28.600000,9.764298898814614
2015-03-26T16:21:28.700000,9.7651442331135
2015-03-26T16:21:28.800000,9.750420714621171
2015-03-26T16:21:28.900000,9.762645095505796
2015-03-26T16:21:29.000000,9.7469834303829
2015-03-26T16:21:29.100000,9.755778611290982
2015-03-26T16:21:29.200000,9.759062883672842
2015-03-26T16:21:29.300000,9.762933623036766
2015-03-26T16:21:29.400000,9.760954982044094
2015-03-26T16:21:29.500000,9.769617866813723
2015-03-26T16:21:29.600000,9.777970938126773
2015-03-26T16:21:29.700000,9.774521719028666
2015-03-26T16:21:29.800000,9.767190203612936
2015-03-26T16:21:29.900000,9.761249922652013
2015-03-26T16:21:30.000000,9.77378262670164
2015-03-26T16:21:30.100000,9.774874891740978
2015-03-26T16:21:30.200000,9.79195012158633
2015-03-26T16:21:30.300000,9.798773525418104
2015-03-26T16:21:30.400000,9.787391178415636
2015-03-26T16:21:30.500000,9.785342161736244
2015-03-26T16:21:30.600000,9.775110456443636
2015-03-26T16:21:30.700000,9.773287684910132
2015-03-26T16:21:30.800000,9.77648775082526
2015-03-26T16:21:30.900000,9.77496916298448
2015-03-26T16:21:31.000000,9.773077474589815
2015-03-26T16:21:31.100000,9.77733494973346
2015-03-26T16:21:31.200000,9.770821750320575
2015-03-26T16:21:31.300000,9.758286383712
2015-03-26T16:21:31.400000,9.765423547009432
2015-03-26T16:21:31.500000,9.768383172672612
2015-03-26T16:21:31.600000,9.748117575360736
2015-03-26T16:21:31.700000,9.753615449540211
2015-03-26T16:21:31.800000,9.771572405832092
2015-03-26T16:21:31.900000,9.762701716637618
2015-03-26T16:21:32.000000,9.75649629305324
2015-03-26T16:21:32.100000,9.755619120580098
2015-03-26T16:21:32.200000,9.76152420485739
2015-03-26T16:21:32.300000,9.769354253118404
2015-03-26T16:21:32.400000,9.771479016066191
2015-03-26T16:21:32.500000,9.777899243644734
2015-03-26T16:21:32.600000,9.781175616012002
2015-03-26T16:21:32.700000,9.777638198071312
2015-03-26T16:21:32.800000,9.764741372996284
2015-03-26T16:21:32.900000,9.757887071942912
2015-03-26T16:21:33.000000,9.75264488721055
2015-03-26T16:21:33.100000,9.749350826585935
2015-03-26T16:21:33.200000,9.74476178703352
2015-03-26T16:21:33.300000,9.740761882417644
2015-03-26T16:21:33.400000,9.762938455246598
2015-03-26T16:21:33.500000,9.775196269891143
2015-03-26T16:21:33.600000,9.752390000563878
2015-03-26T16:21:33.700000,9.756934630376298
2015-03-26T16:21:33.800000,9.750425773937904
2015-03-26T16:21:33.900000,9.77279350720359
2015-03-26T16:21:34.000000,9.77081266009952
2015-03-26T16:21:34.100000,9.764199541417282
2015-03-26T16:21:34.200000,9.752226703628171
2015-03-26T16:21:34.300000,9.746549041566418
2015-03-26T16:21:34.400000,9.755331784342458
2015-03-26T16:21:34.500000,9.755579623484536
2015-03-26T16:21:34.600000,9.745576540620416
2015-03-26T16:21:34.700000,9.763655831917324
2015-03-26T16:21:34.800000,9.77010992066386
2015-03-26T16:21:34.900000,9.763078876213282
2015-03-26T16:21:35.000000,9.7846175784482
2015-03-26T16:21:35.100000,9.769081523534505
2015-03-26T16:21:35.200000,9.76055209611252
2015-03-26T16:21:35.300000,9.765475080515934
2015-03-26T16:21:35.400000,9.759550439248844
2015-03-26T16:21:35.500000,9.768662819365192
2015-03-26T16:21:35.600000,9.77571859025931
2015-03-26T16:21:35.700000,9.759812254978844
2015-03-26T16:21:35.800000,9.76253649488607
2015-03-26T16:21:35.900000,9.77762920357099
2015-03-26T16:21:36.000000,9.782826698551595
2015-03-26T16:21:36.100000,9.769440445679134
2015-03-26T16:21:36.200000,9.762726966412943
2015-03-26T16:21:36.300000,9.763613677974108
2015-03-26T16:21:36.400000,9.758321754970916
2015-03-26T16:21:36.500000,9.76606980832292
2015-03-26T16:21:36.600000,9.76459161124637
2015-03-26T16:21:36.700000,9.76901521130413
2015-03-26T16:21:36.800000,9.787281171253223
2015-03-26T16:21:36.900000,9.781896885925285
2015-03-26T16:21:37.000000,9.769695348068351
2015-03-26T16:21:37.100000,9.75408760401796
2015-03-26T16:21:37.200000,9.766679318982892
2015-03-26T16:21:37.300000,9.772323091101455
2015-03-26T16:21:37.400000,9.78729464676079
2015-03-26T16:21:37.500000,9.792412260825673
2015-03-26T16:21:37.600000,9.788344906586158
2015-03-26T16:21:37.700000,9.772617077294504
2015-03-26T16:21:37.800000,9.77975691855278
2015-03-26T16:21:37.900000,9.788127304423284
2015-03-26T16:21:38.000000,9.77808364589175
2015-03-26T16:21:38.100000,9.773588990042722
2015-03-26T16:21:38.200000,9.77125066600954
2015-03-26T16:21:38.300000,9.766848542079387
2015-03-26T16:21:38.400000,9.768336271812949
2015-03-26T16:21:38.500000,9.78179252727937
2015-03-26T16:21:38.600000,9.789518068360588
2015-03-26T16:21:38.700000,9.78716390684765
2015-03-26T16:21:38.800000,9.78747085517589
2015-03-26T16:21:38.900000,9.784716199796254
2015-03-26T16:21:39.000000,9.772333642748077
2015-03-26T16:21:39.100000,9.76783057084442
2015-03-26T16:21:39.200000,9.772025482953634
2015-03-26T16:21:39.300000,9.771398149265048
2015-03-26T16:21:39.400000,9.785525918668426
2015-03-26T16:21:39.500000,9.80554602228681
2015-03-26T16:21:39.600000,9.787754059071927
2015-03-26T16:21:39.700000,9.779281573927122
2015-03-26T16:21:39.800000,9.770305902516569
2015-03-26T16:21:39.900000,9.765345984054363
2015-03-26T16:21:40.000000,9.771099833480571
2015-03-26T16:21:40.100000,9.78664868156888
2015-03-26T16:21:40.200000,9.7721692510465
2015-03-26T16:21:40.300000,9.751639326489425
2015-03-26T16:21:40.400000,9.756682972246486
2015-03-26T16:21:40.500000,9.758075551589355
2015-03-26T16:21:40.600000,9.747523074614486
2015-03-26T16:21:40.700000,9.747762662872198
2015-03-26T16:21:40.800000,9.76525082022607
2015-03-26T16:21:40.900000,9.747790670838263
2015-03-26T16:21:41.000000,9.754555054189357
2015-03-26T16:21:41.100000,9.742500925003505
2015-03-26T16:21:41.200000,9.750393383103573
2015-03-26T16:21:41.300000,9.752782818752062
2015-03-26T16:21:41.400000,9.746487089125642
2015-03-26T16:21:41.500000,9.747951448667465
2015-03-26T16:21:41.600000,9.743318159676026
2015-03-26T16:21:41.700000,9.74525428040106
2015-03-26T16:21:41.800000,9.73911826688556
2015-03-26T16:21:41.900000,9.720845893065103
2015-03-26T16:21:42.000000,9.723030131758884
2015-03-26T16:21:42.100000,9.73460768876416
2015-03-26T16:21:42.200000,9.745261884327023
2015-03-26T16:21:42.300000,9.744885203294082
2015-03-26T16:21:42.400000,9.746907657258395
2015-03-26T16:21:42.500000,9.753445742378323
2015-03-26T16:21:42.600000,9.761472897575969
2015-03-26T16:21:42.700000,9.767577410123776
2015-03-26T16:21:42.800000,9.763947407933792
2015-03-26T16:21:42.900000,9.76033933569458
2015-03-26T16:21:43.000000,9.76528068373185
2015-03-26T16:21:43.100000,9.769909217186749
2015-03-26T16:21:43.200000,9.766550455710966
2015-03-26T16:21:43.300000,9.763038312390815
2015-03-26T16:21:43.400000,9.76886888101241
2015-03-26T16:21:43.500000,9.771325221380154
2015-03-26T16:21:43.600000,9.773777373022147
2015-03-26T16:21:43.700000,9.776227921746257
2015-03-26T16:21:43.800000,9.77113768381944
2015-03-26T16:21:43.900000,9.76254023382706
2015-03-26T16:21:44.000000,9.775271303196146
2015-03-26T16:21:44.100000,9.787501017756153
2015-03-26T16:21:44.200000,9.790170629908582
2015-03-26T16:21:44.300000,9.785685540359475
2015-03-26T16:21:44.400000,9.786611042803264
2015-03-26T16:21:44.500000,9.79198217791292
2015-03-26T16:21:44.600000,9.788891429657584
2015-03-26T16:21:44.700000,9.773194386330209
2015-03-26T16:21:44.800000,9.782181410629072
2015-03-26T16:21:44.900000,9.78355375136035
2015-03-26T16:21:45.000000,9.78859366761488
2015-03-26T16:21:45.100000,9.80457140041268
2015-03-26T16:21:45.200000,9.787184415836917
2015-03-26T16:21:45.300000,9.783347719175076
2015-03-26T16:21:45.400000,9.77199091756599
2015-03-26T16:21:45.500000,9.775887953366531
2015-03-26T16:21:45.600000,9.795274752918395
2015-03-26T16:21:45.700000,9.79214150649441
2015-03-26T16:21:45.800000,9.794704233098798
2015-03-26T16:21:45.900000,9.797469636059905
2015-03-26T16:21:46.000000,9.789597284186586
2015-03-26T16:21:46.100000,9.767777854361714
2015-03-26T16:21:46.200000,9.771710469454248
2015-03-26T16:21:46.300000,9.759975498620916
2015-03-26T16:21:46.400000,9.762767815384224
2015-03-26T16:21:46.500000,9.76706511917273
2015-03-26T16:21:46.600000,9.762117690975993
2015-03-26T16:21:46.700000,9.759795601473783
2015-03-26T16:21:46.800000,9.769788616265435
2015-03-26T16:21:46.900000,9.777413034429635
2015-03-26T16:21:47.000000,9.755053298515454
2015-03-26T16:21:47.100000,9.760041266819284
2015-03-26T16:21:47.200000,9.756294189757329
2015-03-26T16:21:47.300000,9.745259328644762
2015-03-26T16:21:47.400000,9.75197482720526
2015-03-26T16:21:47.500000,9.74825501397195
2015-03-26T16:21:47.600000,9.747241254031469
2015-03-26T16:21:47.700000,9.765898798130287
2015-03-26T16:21:47.800000,9.787862563263284
2015-03-26T16:21:47.900000,9.76553171772414
2015-03-26T16:21:48.000000,9.7604265785006
2015-03-26T16:21:48.100000,9.760691280108777
2015-03-26T16:21:48.200000,9.750388924933814
2015-03-26T16:21:48.300000,9.764065201925328
2015-03-26T16:21:48.400000,9.759757309296525
2015-03-26T16:21:48.500000,9.739298771350253
2015-03-26T16:21:48.600000,9.731966346099975
2015-03-26T16:21:48.700000,9.734707130196062
2015-03-26T16:21:48.800000,9.778896923676305
2015-03-26T16:21:48.900000,9.78021905757544
2015-03-26T16:21:49.000000,9.768547853226512
2015-03-26T16:21:49.100000,9.758585822960963
2015-03-26T16:21:49.200000,9.767634290659506
2015-03-26T16:21:49.300000,9.771521032028213
2015-03-26T16:21:49.400000,9.765638064451522
2015-03-26T16:21:49.500000,9.76219647534357
2015-03-26T16:21:49.600000,9.759128436546511
2015-03-26T16:21:49.700000,9.764423281339605
2015-03-26T16:21:49.800000,9.776584946737056
2015-03-26T16:21:49.900000,9.765886772591736
2015-03-26T16:21:50.000000,9.75687518054846
2015-03-26T16:21:50.100000,9.780252454553509
2015-03-26T16:21:50.200000,9.758181617018408
2015-03-26T16:21:50.300000,9.754697573329958
2015-03-26T16:21:50.400000,9.761231363146573
2015-03-26T16:21:50.500000,9.763734896046524
2015-03-26T16:21:50.600000,9.746370456189208
2015-03-26T16:21:50.700000,9.7384104693479
2015-03-26T16:21:50.800000,9.74312121379696
2015-03-26T16:21:50.900000,9.748185483132383
2015-03-26T16:21:51.000000,9.75373794405966
2015-03-26T16:21:51.100000,9.737992863587362
2015-03-26T16:21:51.200000,9.7224332496218
2015-03-26T16:21:51.300000,9.740613445409831
2015-03-26T16:21:51.400000,9.746796494056134
2015-03-26T16:21:51.500000,9.734915398577629
2015-03-26T16:21:51.600000,9.73650087784916
2015-03-26T16:21:51.700000,9.741724116348731
2015-03-26T16:21:51.800000,9.746289201721272
2015-03-26T16:21:51.900000,9.742358140944086
2015-03-26T16:21:52.000000,9.733466550517589
2015-03-26T16:21:52.100000,9.730758017810349
2015-03-26T16:21:52.200000,9.73321495983632
2015-03-26T16:21:52.300000,9.734623288977003
2015-03-26T16:21:52.400000,9.74072779231385
2015-03-26T16:21:52.500000,9.73410435660275
2015-03-26T16:21:52.600000,9.753359342441051
2015-03-26T16:21:52.700000,9.76287332007162
2015-03-26T16:21:52.800000,9.740290232768738
2015-03-26T16:21:52.900000,9.729782938124645
2015-03-26T16:21:53.000000,9.745240798892723
2015-03-26T16:21:53.100000,9.767032337657232
2015-03-26T16:21:53.200000,9.76844511841676
2015-03-26T16:21:53.300000,9.770893676591648
2015-03-26T16:21:53.400000,9.772691326840414
2015-03-26T16:21:53.500000,9.774919102121668
2015-03-26T16:21:53.600000,9.788156957478511
2015-03-26T16:21:53.700000,9.79734378937987
2015-03-26T16:21:53.800000,9.79948154961449
2015-03-26T16:21:53.900000,9.790737744687933
2015-03-26T16:21:54.000000,9.784315063581772
2015-03-26T16:21:54.100000,9.79402425396475
2015-03-26T16:21:54.200000,9.828287940352944
2015-03-26T16:21:54.300000,9.8477408954208
2015-03-26T16:21:54.400000,9.812311390128276
2015-03-26T16:21:54.500000,9.810743641436288
2015-03-26T16:21:54.600000,9.81283813424077
2015-03-26T16:21:54.700000,9.795754082577842
2015-03-26T16:21:54.800000,9.796603864678223
2015-03-26T16:21:54.900000,9.819561944890282
2015-03-26T16:21:55.000000,9.829611882715238
2015-03-26T16:21:55.100000,9.812360470689416
2015-03-26T16:21:55.200000,9.787291221896805
2015-03-26T16:21:55.300000,9.80803802990785
2015-03-26T16:21:55.400000,9.81269811515625
2015-03-26T16:21:55.500000,9.790237951695312
2015-03-26T16:21:55.600000,9.78397077589202
2015-03-26T16:21:55.700000,9.798582163882132
2015-03-26T16:21:55.800000,9.795676821130316
2015-03-26T16:21:55.900000,9.781809089084891
2015-03-26T16:21:56.000000,9.771382018212508
2015-03-26T16:21:56.100000,9.75778956316436
2015-03-26T16:21:56.200000,9.759715771331347
2015-03-26T16:21:56.300000,9.772105345677229
2015-03-26T16:21:56.400000,9.777047003616104
2015-03-26T16:21:56.500000,9.762286089556124
2015-03-26T16:21:56.600000,9.762177510527405
2015-03-26T16:21:56.700000,9.754608224925573
2015-03-26T16:21:56.800000,9.732350951106064
2015-03-26T16:21:56.900000,9.744422431767475
2015-03-26T16:21:57.000000,9.733443676804692
2015-03-26T16:21:57.100000,9.722520221090566
2015-03-26T16:21:57.200000,9.727549506887309
2015-03-26T16:21:57.300000,9.735421703696804
2015-03-26T16:21:57.400000,9.728322761417616
2015-03-26T16:21:57.500000,9.726677988317205
2015-03-26T16:21:57.600000,9.736737758604804
2015-03-26T16:21:57.700000,9.755759407470144
2015-03-26T16:21:57.800000,9.746669685911083
2015-03-26T16:21:57.900000,9.737000709940062
2015-03-26T16:21:58.000000,9.737173088251415
2015-03-26T16:21:58.100000,9.749686163399724
2015-03-26T16:21:58.200000,9.76432010572477
2015-03-26T16:21:58.300000,9.749122418143184
2015-03-26T16:21:58.400000,9.740922270795558
2015-03-26T16:21:58.500000,9.75025737740129
2015-03-26T16:21:58.600000,9.74133163721703
2015-03-26T16:21:58.700000,9.745272832387192
2015-03-26T16:21:58.800000,9.752058143515876
2015-03-26T16:21:58.900000,9.761686534264005
2015-03-26T16:21:59.000000,9.769128910595851
2015-03-26T16:21:59.100000,9.768942014960258
2015-03-26T16:21:59.200000,9.775857702184387
2015-03-26T16:21:59.300000,9.777492360030754
2015-03-26T16:21:59.400000,9.763492127289538
2015-03-26T16:21:59.500000,9.760791934252914
2015-03-26T16:21:59.600000,9.780458838212144
2015-03-26T16:21:59.700000,9.78513186527458
2015-03-26T16:21:59.800000,9.790889585441404
2015-03-26T16:21:59.900000,9.793274340164489
2015-03-26T16:22:00.000000,9.791974387381387
2015-03-26T16:22:00.100000,9.79070570376906
2015-03-26T16:22:00.200000,9.77798984841047
2015-03-26T16:22:00.300000,9.782517555288525
2015-03-26T16:22:00.400000,9.788206366227662
2015-03-26T16:22:00.500000,9.791984108713352
2015-03-26T16:22:00.600000,9.80178156091158
2015-03-26T16:22:00.700000,9.794896981161925
2015-03-26T16:22:00.800000,9.78800956553941
2015-03-26T16:22:00.900000,9.780715542457038
2015-03-26T16:22:01.000000,9.792582071882777
2015-03-26T16:22:01.100000,9.78326882991137
2015-03-26T16:22:01.200000,9.76670954956006
2015-03-26T16:22:01.300000,9.769212037565566
2015-03-26T16:22:01.400000,9.7798140960197
2015-03-26T16:22:01.500000,9.772823850869663
2015-03-26T16:22:01.600000,9.761538246548016
2015-03-26T16:22:01.700000,9.777297611181073
2015-03-26T16:22:01.800000,9.780534382828378
2015-03-26T16:22:01.900000,9.788878587496296
2015-03-26T16:22:02.000000,9.766267220289553
2015-03-26T16:22:02.100000,9.752698050329773
2015-03-26T16:22:02.200000,9.759517673927022
2015-03-26T16:22:02.300000,9.76758176264554
2015-03-26T16:22:02.400000,9.765562531733211
2015-03-26T16:22:02.500000,9.75187058971828
2015-03-26T16:22:02.600000,9.756417571477405
2015-03-26T16:22:02.700000,9.764027869619392
2015-03-26T16:22:02.800000,9.757356168340175
2015-03-26T16:22:02.900000,9.773107152242568
2015-03-26T16:22:03.000000,9.755149032820247
2015-03-26T16:22:03.100000,9.746024057552416
2015-03-26T16:22:03.200000,9.756167312604063
2015-03-26T16:22:03.300000,9.751629026357575
2015-03-26T16:22:03.400000,9.754911142273974
2015-03-26T16:22:03.500000,9.757922584266405
2015-03-26T16:22:03.600000,9.750097017907551
2015-03-26T16:22:03.700000,9.76359885859038
2015-03-26T16:22:03.800000,9.786846722348471
2015-03-26T16:22:03.900000,9.758581521191646
2015-03-26T16:22:04.000000,9.75509016285332
2015-03-26T16:22:04.100000,9.756788019510232
2015-03-26T16:22:04.200000,9.757533059975389
2015-03-26T16:22:04.300000,9.765719092240037
2015-03-26T16:22:04.400000,9.777557677805795
2015-03-26T16:22:04.500000,9.783825967681649
2015-03-26T16:22:04.600000,9.777158208379705
2015-03-26T16:22:04.700000,9.772616613740292
2015-03-26T16:22:04.800000,9.77353755714927
2015-03-26T16:22:04.900000,9.778285300759164
2015-03-26T16:22:05.000000,9.780563907250936
2015-03-26T16:22:05.100000,9.778182983570378
2015-03-26T16:22:05.200000,9.769515426673635
2015-03-26T16:22:05.300000,9.778604637126428
2015-03-26T16:22:05.400000,9.784450975800738
2015-03-26T16:22:05.500000,9.773270851487425
2015-03-26T16:22:05.600000,9.77563649316111
2015-03-26T16:22:05.700000,9.786113139578598
2015-03-26T16:22:05.800000,9.783080388069784
2015-03-26T16:22:05.900000,9.78172356097202
2015-03-26T16:22:06.000000,9.779512851238572
2015-03-26T16:22:06.100000,9.745174200739449
2015-03-26T16:22:06.200000,9.771327691141732
2015-03-26T16:22:06.300000,9.781556672439164
2015-03-26T16:22:06.400000,9.76796355804643
2015-03-26T16:22:06.500000,9.78507729561037
2015-03-26T16:22:06.600000,9.773125124445643
2015-03-26T16:22:06.700000,9.792845091292657
2015-03-26T16:22:06.800000,9.772233958375796
2015-03-26T16:22:06.900000,9.762922987726292
2015-03-26T16:22:07.000000,9.782755409185285
2015-03-26T16:22:07.100000,9.76567678857273
2015-03-26T16:22:07.200000,9.732851751852651
2015-03-26T16:22:07.300000,9.75871438194602
2015-03-26T16:22:07.400000,9.769464028298104
2015-03-26T16:22:07.500000,9.748791103995105
2015-03-26T16:22:07.600000,9.748279911263351
2015-03-26T16:22:07.700000,9.754609306859429
2015-03-26T16:22:07.800000,9.762586790992588
2015-03-26T16:22:07.900000,9.742158396324305
2015-03-26T16:22:08.000000,9.75256905269432
2015-03-26T16:22:08.100000,9.762881046890891
2015-03-26T16:22:08.200000,9.744322534126995
2015-03-26T16:22:08.300000,9.755966776476996
2015-03-26T16:22:08.400000,9.766323774623404
2015-03-26T16:22:08.500000,9.758087427546544
2015-03-26T16:22:08.600000,9.753646542527678
2015-03-26T16:22:08.700000,9.775649397932282
2015-03-26T16:22:08.800000,9.774576389904135
2015-03-26T16:22:08.900000,9.779507905229972
2015-03-26T16:22:09.000000,9.779072357959958
2015-03-26T16:22:09.100000,9.762069651795388
2015-03-26T16:22:09.200000,9.760139531051555
2015-03-26T16:22:09.300000,9.782538320241
2015-03-26T16:22:09.400000,9.778633444743562
2015-03-26T16:22:09.500000,9.79050953540685
2015-03-26T16:22:09.600000,9.775935232873827
2015-03-26T16:22:09.700000,9.777849167613988
2015-03-26T16:22:09.800000,9.769514616270811
2015-03-26T16:22:09.900000,9.789834307014736
2015-03-26T16:22:10.000000,9.792327007890687
2015-03-26T16:22:10.100000,9.768973237303674
2015-03-26T16:22:10.200000,9.769540041853215
2015-03-26T16:22:10.300000,9.76714334464126
2015-03-26T16:22:10.400000,9.776646131196564
2015-03-26T16:22:10.500000,9.79384985151134
2015-03-26T16:22:10.600000,9.79125156831725
2015-03-26T16:22:10.700000,9.783793252892591
2015-03-26T16:22:10.800000,9.776398886392537
2015-03-26T16:22:10.900000,9.779608449617498
2015-03-26T16:22:11.000000,9.764027401728534
2015-03-26T16:22:11.100000,9.75589230764644
2015-03-26T16:22:11.200000,9.77319603986665
2015-03-26T16:22:11.300000,9.782970368531869
2015-03-26T16:22:11.400000,9.766437311730275
2015-03-26T16:22:11.500000,9.765761824744496
2015-03-26T16:22:11.600000,9.776024729224105
2015-03-26T16:22:11.700000,9.759346663966138
2015-03-26T16:22:11.800000,9.747120629668569
2015-03-26T16:22:11.900000,9.747222429049678
2015-03-26T16:22:12.000000,9.75888864247626
2015-03-26T16:22:12.100000,9.75766411398352
2015-03-26T16:22:12.200000,9.763113953518422
2015-03-26T16:22:12.300000,9.745799865087314
2015-03-26T16:22:12.400000,9.741083202678327
2015-03-26T16:22:12.500000,9.754446744857573
2015-03-26T16:22:12.600000,9.759519678364189
2015-03-26T16:22:12.700000,9.738694788595645
2015-03-26T16:22:12.800000,9.728141029949516
2015-03-26T16:22:12.900000,9.752352563784752
2015-03-26T16:22:13.000000,9.750736095602582
2015-03-26T16:22:13.100000,9.740557775803952
2015-03-26T16:22:13.200000,9.727398892657488
2015-03-26T16:22:13.300000,9.736302735158564
2015-03-26T16:22:13.400000,9.735492598809396
2015-03-26T16:22:13.500000,9.7434685025031
2015-03-26T16:22:13.600000,9.735982127855468
2015-03-26T16:22:13.700000,9.732099853014642
2015-03-26T16:22:13.800000,9.73781067082208
2015-03-26T16:22:13.900000,9.744341757011332
2015-03-26T16:22:14.000000,9.75474859381962
2015-03-26T16:22:14.100000,9.768441805046026
2015-03-26T16:22:14.200000,9.768177263578403
2015-03-26T16:22:14.300000,9.77975949691122
2015-03-26T16:22:14.400000,9.793169771855675
2015-03-26T16:22:14.500000,9.7840564754448
2015-03-26T16:22:14.600000,9.774117090249238
2015-03-26T16:22:14.700000,9.78967753906596
2015-03-26T16:22:14.800000,9.78727391359726
2015-03-26T16:22:14.900000,9.784869049360754
2015-03-26T16:22:15.000000,9.77614356824941
2015-03-26T16:22:15.100000,9.771293664456817
2015-03-26T16:22:15.200000,9.788682156683036
2015-03-26T16:22:15.300000,9.78577778266802
2015-03-26T16:22:15.400000,9.782278284131106
2015-03-26T16:22:15.500000,9.793853223057774
2015-03-26T16:22:15.600000,9.793107799663357
2015-03-26T16:22:15.700000,9.787732857937886
2015-03-26T16:22:15.800000,9.805213163722447
2015-03-26T16:22:15.900000,9.79750965421392
2015-03-26T16:22:16.000000,9.806206538753605
2015-03-26T16:22:16.100000,9.812524309185056
2015-03-26T16:22:16.200000,9.806634996909644
2015-03-26T16:22:16.300000,9.804593590419431
2015-03-26T16:22:16.400000,9.806739866205405
2015-03-26T16:22:16.500000,9.793599940359744
2015-03-26T16:22:16.600000,9.789392202708518
2015-03-26T16:22:16.700000,9.81944981180805
2015-03-26T16:22:16.800000,9.81571626825655
2015-03-26T16:22:16.900000,9.79056212250642
2015-03-26T16:22:17.000000,9.768438974680109
2015-03-26T16:22:17.100000,9.759200260638778
2015-03-26T16:22:17.200000,9.751957685375965
2015-03-26T16:22:17.300000,9.756073726101642
2015-03-26T16:22:17.400000,9.746678193635944
2015-03-26T16:22:17.500000,9.746743624522924
2015-03-26T16:22:17.600000,9.753060172971734
2015-03-26T16:22:17.700000,9.75896177618861
2015-03-26T16:22:17.800000,9.75341885703633
2015-03-26T16:22:17.900000,9.737959351410936
2015-03-26T16:22:18.000000,9.712083422662074
2015-03-26T16:22:18.100000,9.705882169199526
2015-03-26T16:22:18.200000,9.725499157479424
2015-03-26T16:22:18.300000,9.71721599831085
2015-03-26T16:22:18.400000,9.711955669058646
2015-03-26T16:22:18.500000,9.72932733178239
2015-03-26T16:22:18.600000,9.73850492154271
2015-03-26T16:22:18.700000,9.717761485970732
2015-03-26T16:22:18.800000,9.713737147214024
2015-03-26T16:22:18.900000,9.711274839357351
2015-03-26T16:22:19.000000,9.720437699763044
2015-03-26T16:22:19.100000,9.731648535076886
2015-03-26T16:22:19.200000,9.72859853340723
2015-03-26T16:22:19.300000,9.73080790437797
2015-03-26T16:22:19.400000,9.727935533685708
2015-03-26T16:22:19.500000,9.738309060579414
2015-03-26T16:22:19.600000,9.73919094010168
2015-03-26T16:22:19.700000,9.73149918881294
2015-03-26T16:22:19.800000,9.729935955209395
2015-03-26T16:22:19.900000,9.748586028201458
2015-03-26T16:22:20.000000,9.751196957668032
2015-03-26T16:22:20.100000,9.749321332949808
2015-03-26T16:22:20.200000,9.756566644002628
2015-03-26T16:22:20.300000,9.76160185836352
2015-03-26T16:22:20.400000,9.770758857202914
2015-03-26T16:22:20.500000,9.786358777900809
2015-03-26T16:22:20.600000,9.791087163295495
2015-03-26T16:22:20.700000,9.788224427691429
2015-03-26T16:22:20.800000,9.790232789725527
2015-03-26T16:22:20.900000,9.806051060443064
2015-03-26T16:22:21.000000,9.802463260161725
2015-03-26T16:22:21.100000,9.785732995150632
2015-03-26T16:22:21.200000,9.784763836032171
2015-03-26T16:22:21.300000,9.794713223405967
2015-03-26T16:22:21.400000,9.812039928283092
2015-03-26T16:22:21.500000,9.81410649227329
2015-03-26T16:22:21.600000,9.80518245606895
2015-03-26T16:22:21.700000,9.790538121086382
2015-03-26T16:22:21.800000,9.802795432448235
2015-03-26T16:22:21.900000,9.81781839636811
2015-03-26T16:22:22.000000,9.819747048172015
2015-03-26T16:22:22.100000,9.800409177283916
2015-03-26T16:22:22.200000,9.799317595451772
2015-03-26T16:22:22.300000,9.805938947443885
2015-03-26T16:22:22.400000,9.801869098784069
2015-03-26T16:22:22.500000,9.805825686828356
2015-03-26T16:22:22.600000,9.803518694761074
2015-03-26T16:22:22.700000,9.802943632813502
2015-03-26T16:22:22.800000,9.796730042140611
2015-03-26T16:22:22.900000,9.790943567422987
2015-03-26T16:22:23.000000,9.786406867712127
2015-03-26T16:22:23.100000,9.788443500619149
2015-03-26T16:22:23.200000,9.784833364991847
2015-03-26T16:22:23.300000,9.77815881089202
2015-03-26T16:22:23.400000,9.783410275841367
2015-03-26T16:22:23.500000,9.777250488825125
2015-03-26T16:22:23.600000,9.759083161057635
2015-03-26T16:22:23.700000,9.759919009842054
2015-03-26T16:22:23.800000,9.721931117613302
2015-03-26T16:22:23.900000,9.72705122066612
2015-03-26T16:22:24.000000,9.737458343793367
2015-03-26T16:22:24.100000,9.754387751790064
2015-03-26T16:22:24.200000,9.761894094351913
2015-03-26T16:22:24.300000,9.74776615217707
2015-03-26T16:22:24.400000,9.7263930016235
2015-03-26T16:22:24.500000,9.727109531085036
2015-03-26T16:22:24.600000,9.742514923088123
2015-03-26T16:22:24.700000,9.73593590950998
2015-03-26T16:22:24.800000,9.720443951409242
2015-03-26T16:22:24.900000,9.731575902476544
2015-03-26T16:22:25.000000,9.74025536246368
2015-03-26T16:22:25.100000,9.747257643744328
2015-03-26T16:22:25.200000,9.745738678196194
2015-03-26T16:22:25.300000,9.746921522849808
2015-03-26T16:22:25.400000,9.736026373079534
2015-03-26T16:22:25.500000,9.737297408775348
2015-03-26T16:22:25.600000,9.747794046369751
2015-03-26T16:22:25.700000,9.737746870439768
2015-03-26T16:22:25.800000,9.73898665148537
2015-03-26T16:22:25.900000,9.74212073078177
2015-03-26T16:22:26.000000,9.75151450152342
2015-03-26T16:22:26.100000,9.758013553470608
2015-03-26T16:22:26.200000,9.762496674771391
2015-03-26T16:22:26.300000,9.764509947965054
2015-03-26T16:22:26.400000,9.758451548497096
2015-03-26T16:22:26.500000,9.76425042690406
2015-03-26T16:22:26.600000,9.760972227944936
2015-03-26T16:22:26.700000,9.757163936250832
2015-03-26T16:22:26.800000,9.766900842430994
2015-03-26T16:22:26.900000,9.777671869752494
2015-03-26T16:22:27.000000,9.782370090786626
2015-03-26T16:22:27.100000,9.783114547091966
2015-03-26T16:22:27.200000,9.774963268246095
2015-03-26T16:22:27.300000,9.77833027688494
2015-03-26T16:22:27.400000,9.762942360788845
2015-03-26T16:22:27.500000,9.765564398246724
2015-03-26T16:22:27.600000,9.786645023344786
2015-03-26T16:22:27.700000,9.78056015431455
2015-03-26T16:22:27.800000,9.761552497575016
2015-03-26T16:22:27.900000,9.762623605777272
2015-03-26T16:22:28.000000,9.789819512675903
2015-03-26T16:22:28.100000,9.799285203006391
2015-03-26T16:22:28.200000,9.79156980755155
2015-03-26T16:22:28.300000,9.770535400505343
2015-03-26T16:22:28.400000,9.77515910244642
2015-03-26T16:22:28.500000,9.79206240952256
2015-03-26T16:22:28.600000,9.778206764520013
2015-03-26T16:22:28.700000,9.776974169434611
2015-03-26T16:22:28.800000,9.78177774328658
2015-03-26T16:22:28.900000,9.782434996118578
2015-03-26T16:22:29.000000,9.772480903137645
2015-03-26T16:22:29.100000,9.76356672388816
2015-03-26T16:22:29.200000,9.766641693922503
2015-03-26T16:22:29.300000,9.762955814722444
2015-03-26T16:22:29.400000,9.770741432763444
2015-03-26T16:22:29.500000,9.786532610397936
2015-03-26T16:22:29.600000,9.785340423274691
2015-03-26T16:22:29.700000,9.771244982001718
2015-03-26T16:22:29.800000,9.790878534682456
2015-03-26T16:22:29.900000,9.790457691088756
2015-03-26T16:22:30.000000,9.776994296376408
2015-03-26T16:22:30.100000,9.785447989782265
2015-03-26T16:22:30.200000,9.781802578656398
2015-03-26T16:22:30.300000,9.794259950188556
2015-03-26T16:22:30.400000,9.79250104798412
2015-03-26T16:22:30.500000,9.766740475096526
2015-03-26T16:22:30.600000,9.775012973689956
2015-03-26T16:22:30.700000,9.791965804810772
2015-03-26T16:22:30.800000,9.792679515150754
2015-03-26T16:22:30.900000,9.776435385014231
2015-03-26T16:22:31.000000,9.78012520608896
2015-03-26T16:22:31.100000,9.793193507329464
2015-03-26T16:22:31.200000,9.775933408485027
2015-03-26T16:22:31.300000,9.781568421767863
2015-03-26T16:22:31.400000,9.800823274090511
2015-03-26T16:22:31.500000,9.78850056850786
2015-03-26T16:22:31.600000,9.766556686858276
2015-03-26T16:22:31.700000,9.771871699171168
2015-03-26T16:22:31.800000,9.769838304371564
2015-03-26T16:22:31.900000,9.751511945660171
2015-03-26T16:22:32.000000,9.75331864575698
2015-03-26T16:22:32.100000,9.748587470237965
2015-03-26T16:22:32.200000,9.77252630960879
2015-03-26T16:22:32.300000,9.756355647554836
2015-03-26T16:22:32.400000,9.767459334035069
2015-03-26T16:22:32.500000,9.7677615974765
2015-03-26T16:22:32.600000,9.761113134056007
2015-03-26T16:22:32.700000,9.75874554101099
2015-03-26T16:22:32.800000,9.746670350555744
2015-03-26T16:22:32.900000,9.739686603491748
2015-03-26T16:22:33.000000,9.743268544982902
2015-03-26T16:22:33.100000,9.726699833290713
2015-03-26T16:22:33.200000,9.748040098838349
2015-03-26T16:22:33.300000,9.749394829025109
2015-03-26T16:22:33.400000,9.740372864362849
2015-03-26T16:22:33.500000,9.739862214227104
2015-03-26T16:22:33.600000,9.741597584230304
2015-03-26T16:22:33.700000,9.74263477641512
2015-03-26T16:22:33.800000,9.742984265343855
2015-03-26T16:22:33.900000,9.75880486618905
2015-03-26T16:22:34.000000,9.752914110670453
2015-03-26T16:22:34.100000,9.749096459788785
2015-03-26T16:22:34.200000,9.754642507211836
2015-03-26T16:22:34.300000,9.746429361275466
2015-03-26T16:22:34.400000,9.743480201581784
2015-03-26T16:22:34.500000,9.74081267851142
2015-03-26T16:22:34.600000,9.74748523645304
2015-03-26T16:22:34.700000,9.76212710850571
2015-03-26T16:22:34.800000,9.763289024665289
2015-03-26T16:22:34.900000,9.752982923367195
2015-03-26T16:22:35.000000,9.750000334210243
2015-03-26T16:22:35.100000,9.772805973212806
2015-03-26T16:22:35.200000,9.765555433688087
2015-03-26T16:22:35.300000,9.761147430252294
2015-03-26T16:22:35.400000,9.79265211482164
2015-03-26T16:22:35.500000,9.806287474586952
2015-03-26T16:22:35.600000,9.799543175440046
2015-03-26T16:22:35.700000,9.774431322078817
2015-03-26T16:22:35.800000,9.772874891248367
2015-03-26T16:22:35.900000,9.774694566705604
2015-03-26T16:22:36.000000,9.774531512040657
2015-03-26T16:22:36.100000,9.768553921625394
2015-03-26T16:22:36.200000,9.772310470796862
2015-03-26T16:22:36.300000,9.776641744458027
2015-03-26T16:22:36.400000,9.774060767277296
2015-03-26T16:22:36.500000,9.775874318249237
2015-03-26T16:22:36.600000,9.783343973803658
2015-03-26T16:22:36.700000,9.797833958023114
2015-03-26T16:22:36.800000,9.779608890988326
2015-03-26T16:22:36.900000,9.77364235287824
2015-03-26T16:22:37.000000,9.779061698620245
2015-03-26T16:22:37.100000,9.785027569253796
2015-03-26T16:22:37.200000,9.781784127622856
2015-03-26T16:22:37.300000,9.769090884546696
2015-03-26T16:22:37.400000,9.76693496433522
2015-03-26T16:22:37.500000,9.788037653610749
2015-03-26T16:22:37.600000,9.795169981313151
2015-03-26T16:22:37.700000,9.794158842704128
2015-03-26T16:22:37.800000,9.796183999437734
2015-03-26T16:22:37.900000,9.790002419674847
2015-03-26T16:22:38.000000,9.798536665271754
2015-03-26T16:22:38.100000,9.786669049511287
2015-03-26T16:22:38.200000,9.794988869015455
2015-03-26T16:22:38.300000,9.78858138984875
2015-03-26T16:22:38.400000,9.768570690380342
2015-03-26T16:22:38.500000,9.744316850370854
2015-03-26T16:22:38.600000,9.728272793962986
2015-03-26T16:22:38.700000,9.739171644421852
2015-03-26T16:22:38.800000,9.766556837803469
2015-03-26T16:22:38.900000,9.752289021705511
2015-03-26T16:22:39.000000,9.742569099113044
2015-03-26T16:22:39.100000,9.742098806736502
2015-03-26T16:22:39.200000,9.768933871980764
2015-03-26T16:22:39.300000,9.76839743636806
2015-03-26T16:22:39.400000,9.748431096895768
2015-03-26T16:22:39.500000,9.759217903861902
2015-03-26T16:22:39.600000,9.749335132907566
2015-03-26T16:22:39.700000,9.752952008174782
2015-03-26T16:22:39.800000,9.752106728512278
2015-03-26T16:22:39.900000,9.741274251990328
2015-03-26T16:22:40.000000,9.744292008302097
2015-03-26T16:22:40.100000,9.744281360753789
2015-03-26T16:22:40.200000,9.74427087274868
2015-03-26T16:22:40.300000,9.748398550337605
2015-03-26T16:22:40.400000,9.756827864316248
2015-03-26T16:22:40.500000,9.755285426923008
2015-03-26T16:22:40.600000,9.740487432789218
2015-03-26T16:22:40.700000,9.731099564683197
2015-03-26T16:22:40.800000,9.746498828449267
2015-03-26T16:22:40.900000,9.750531614921831
2015-03-26T16:22:41.000000,9.752802289495555
2015-03-26T16:22:41.100000,9.757852115050394
2015-03-26T16:22:41.200000,9.756679016977762
2015-03-26T16:22:41.300000,9.76944697024007
2015-03-26T16:22:41.400000,9.7783892208315
2015-03-26T16:22:41.500000,9.766915744473843
2015-03-26T16:22:41.600000,9.772936587032998
2015-03-26T16:22:41.700000,9.759332978848263
2015-03-26T16:22:41.800000,9.74577235482193
2015-03-26T16:22:41.900000,9.755067122384402
2015-03-26T16:22:42.000000,9.758927960507483
2015-03-26T16:22:42.100000,9.749487867091174
2015-03-26T16:22:42.200000,9.768283236197687
2015-03-26T16:22:42.300000,9.774362462352164
2015-03-26T16:22:42.400000,9.772568905583698
2015-03-26T16:22:42.500000,9.773317588452189
2015-03-26T16:22:42.600000,9.782240198300926
2015-03-26T16:22:42.700000,9.784742712678188
2015-03-26T16:22:42.800000,9.781177820786043
2015-03-26T16:22:42.900000,9.782581244383948
2015-03-26T16:22:43.000000,9.781483289470264
2015-03-26T16:22:43.100000,9.789839245017196
2015-03-26T16:22:43.200000,9.787410397073025
2015-03-26T16:22:43.300000,9.78494724798605
2015-03-26T16:22:43.400000,9.78457047021418
2015-03-26T16:22:43.500000,9.780714767234963
2015-03-26T16:22:43.600000,9.766389100330777
2015-03-26T16:22:43.700000,9.759581064257192
2015-03-26T16:22:43.800000,9.766642309277389
2015-03-26T16:22:43.900000,9.77790030528212
2015-03-26T16:22:44.000000,9.779631656691198
2015-03-26T16:22:44.100000,9.77818466237987
2015-03-26T16:22:44.200000,9.780382677773211
2015-03-26T16:22:44.300000,9.792696279282591
2015-03-26T16:22:44.400000,9.78969408995843
2015-03-26T16:22:44.500000,9.785276891326218
2015-03-26T16:22:44.600000,9.756082536851086
2015-03-26T16:22:44.700000,9.750059561311922
2015-03-26T16:22:44.800000,9.76258379523609
2015-03-26T16:22:44.900000,9.757227220565191
2015-03-26T16:22:45.000000,9.757587091900437
2015-03-26T16:22:45.100000,9.770216266103876
2015-03-26T16:22:45.200000,9.768944482415773
2015-03-26T16:22:45.300000,9.759925823917824
2015-03-26T16:22:45.400000,9.765679862727431
2015-03-26T16:22:45.500000,9.76380401290182
2015-03-26T16:22:45.600000,9.764981436596756
2015-03-26T16:22:45.700000,9.76269057686506
2015-03-26T16:22:45.800000,9.78015610115852
2015-03-26T16:22:45.900000,9.779038627665248
2015-03-26T16:22:46.000000,9.787242356935591
2015-03-26T16:22:46.100000,9.791965385985254
2015-03-26T16:22:46.200000,9.785009884961235
2015-03-26T16:22:46.300000,9.777067092286297
2015-03-26T16:22:46.400000,9.770267943712572
2015-03-26T16:22:46.500000,9.793405569098963
2015-03-26T16:22:46.600000,9.802500560399055
2015-03-26T16:22:46.700000,9.777389032386765
2015-03-26T16:22:46.800000,9.755879295088551
2015-03-26T16:22:46.900000,9.759077918077182
2015-03-26T16:22:47.000000,9.749380596467836
2015-03-26T16:22:47.100000,9.762337211048305
2015-03-26T16:22:47.200000,9.77099019245839
2015-03-26T16:22:47.300000,9.767295971864662
2015-03-26T16:22:47.400000,9.764867817425912
2015-03-26T16:22:47.500000,9.777340933191384
2015-03-26T16:22:47.600000,9.786165030469814
2015-03-26T16:22:47.700000,9.78391121836942
2015-03-26T16:22:47.800000,9.769376586866912
2015-03-26T16:22:47.900000,9.77480624345661
2015-03-26T16:22:48.000000,9.770403969908578
2015-03-26T16:22:48.100000,9.767114491033396
2015-03-26T16:22:48.200000,9.769925409839791
2015-03-26T16:22:48.300000,9.761610740115438
2015-03-26T16:22:48.400000,9.7584378201977
2015-03-26T16:22:48.500000,9.773079909294916
2015-03-26T16:22:48.600000,9.765315544098264
2015-03-26T16:22:48.700000,9.772258578746218
2015-03-26T16:22:48.800000,9.759756138135174
2015-03-26T16:22:48.900000,9.759736073085234
2015-03-26T16:22:49.000000,9.767470654922615
2015-03-26T16:22:49.100000,9.76453017596925
2015-03-26T16:22:49.200000,9.747416177854598
2015-03-26T16:22:49.300000,9.746791524726218
2015-03-26T16:22:49.400000,9.764574490339744
2015-03-26T16:22:49.500000,9.768429786096316
2015-03-26T16:22:49.600000,9.767135726873796
2015-03-26T16:22:49.700000,9.767109550208549
2015-03-26T16:22:49.800000,9.7670832948772
2015-03-26T16:22:49.900000,9.76064882518335
2015-03-26T16:22:50.000000,9.758484542455893
2015-03-26T16:22:50.100000,9.762224334938692
2015-03-26T16:22:50.200000,9.752232375126408
2015-03-26T16:22:50.300000,9.748315685667782
2015-03-26T16:22:50.400000,9.757913926484498
2015-03-26T16:22:50.500000,9.760181804557346
2015-03-26T16:22:50.600000,9.76244995253567
2015-03-26T16:22:50.700000,9.769590988160967
2015-03-26T16:22:50.800000,9.769271643171956
2015-03-26T16:22:50.900000,9.771705533524589
2015-03-26T16:22:51.000000,9.776940828794896
2015-03-26T16:22:51.100000,9.77242447207743
2015-03-26T16:22:51.200000,9.772690174033118
2015-03-26T16:22:51.300000,9.76034186004869
2015-03-26T16:22:51.400000,9.748007395440792
2015-03-26T16:22:51.500000,9.759197465519696
2015-03-26T16:22:51.600000,9.762578920743149
2015-03-26T16:22:51.700000,9.76190978044296
2015-03-26T16:22:51.800000,9.756740063203749
2015-03-26T16:22:51.900000,9.754092939415123
2015-03-26T16:22:52.000000,9.770279873203778
2015-03-26T16:22:52.100000,9.754554232000842
2015-03-26T16:22:52.200000,9.756364914069982
2015-03-26T16:22:52.300000,9.75299015820658
2015-03-26T16:22:52.400000,9.754018957158134
2015-03-26T16:22:52.500000,9.758456147971147
2015-03-26T16:22:52.600000,9.769221818664258
2015-03-26T16:22:52.700000,9.782715990447995
2015-03-26T16:22:52.800000,9.767944970421118
2015-03-26T16:22:52.900000,9.766543985709122
2015-03-26T16:22:53.000000,9.774098405278378
2015-03-26T16:22:53.100000,9.782625427338944
2015-03-26T16:22:53.200000,9.791289297927168
2015-03-26T16:22:53.300000,9.78777354271294
2015-03-26T16:22:53.400000,9.774015969176157
2015-03-26T16:22:53.500000,9.776790185221016
2015-03-26T16:22:53.600000,9.79929842398319
2015-03-26T16:22:53.700000,9.796407130105244
2015-03-26T16:22:53.800000,9.769094980953993
2015-03-26T16:22:53.900000,9.766994617175875
2015-03-26T16:22:54.000000,9.780790421776114
2015-03-26T16:22:54.100000,9.774777140798024
2015-03-26T16:22:54.200000,9.785102368010191
2015-03-26T16:22:54.300000,9.798364949697913
2015-03-26T16:22:54.400000,9.789547265504948
2015-03-26T16:22:54.500000,9.782318918131793
2015-03-26T16:22:54.600000,9.793409396390857
2015-03-26T16:22:54.700000,9.79674248891431
2015-03-26T16:22:54.800000,9.79504283184412
2015-03-26T16:22:54.900000,9.786447771758462
2015-03-26T16:22:55.000000,9.783132845376386
2015-03-26T16:22:55.100000,9.788531200005206
2015-03-26T16:22:55.200000,9.776974542202309
2015-03-26T16:22:55.300000,9.776167329105808
2015-03-26T16:22:55.400000,9.772032082145156
2015-03-26T16:22:55.500000,9.766580801750733
2015-03-26T16:22:55.600000,9.76640415613048
2015-03-26T16:22:55.700000,9.772341993671905
2015-03-26T16:22:55.800000,9.767288415254908
2015-03-26T16:22:55.900000,9.767204134554351
2015-03-26T16:22:56.000000,9.766588516675046
2015-03-26T16:22:56.100000,9.7546981218034
2015-03-26T16:22:56.200000,9.742624149376589
2015-03-26T16:22:56.300000,9.734573624904344
2015-03-26T16:22:56.400000,9.731197128507446
2015-03-26T16:22:56.500000,9.737676783216678
2015-03-26T16:22:56.600000,9.744550830138351
2015-03-26T16:22:56.700000,9.743281023319746
2015-03-26T16:22:56.800000,9.737038722562025
2015-03-26T16:22:56.900000,9.745814343346996
2015-03-26T16:22:57.000000,9.734279619128898
2015-03-26T16:22:57.100000,9.73448969531659
2015-03-26T16:22:57.200000,9.740404122767384
2015-03-26T16:22:57.300000,9.7422118130712
2015-03-26T16:22:57.400000,9.739194694713952
2015-03-26T16:22:57.500000,9.738024609852394
2015-03-26T16:22:57.600000,9.746855149210042
2015-03-26T16:22:57.700000,9.740620412728909
2015-03-26T16:22:57.800000,9.744819596951846
2015-03-26T16:22:57.900000,9.760554745912357
2015-03-26T16:22:58.000000,9.759885394994182
2015-03-26T16:22:58.100000,9.753198891900553
2015-03-26T16:22:58.200000,9.75993086681261
2015-03-26T16:22:58.300000,9.774166798915168
2015-03-26T16:22:58.400000,9.788050904966354
2015-03-26T16:22:58.500000,9.772639936937145
2015-03-26T16:22:58.600000,9.771461443097326
2015-03-26T16:22:58.700000,9.774745628240932
2015-03-26T16:22:58.800000,9.770954260650328
2015-03-26T16:22:58.900000,9.7803516585139
2015-03-26T16:22:59.000000,9.782256915397635
2015-03-26T16:22:59.100000,9.79310740986648
2015-03-26T16:22:59.200000,9.800396914036927
2015-03-26T16:22:59.300000,9.794603823602458
2015-03-26T16:22:59.400000,9.788286873012677
2015-03-26T16:22:59.500000,9.781443263441982
2015-03-26T16:22:59.600000,9.772500597984305
2015-03-26T16:22:59.700000,9.800196074229774
2015-03-26T16:22:59.800000,9.791796684613711
2015-03-26T16:22:59.900000,9.780632621875563
2015-03-26T16:23:00.000000,9.790520042511591
2015-03-26T16:23:00.100000,9.779531445013474
2015-03-26T16:23:00.200000,9.780174474415412
2015-03-26T16:23:00.300000,9.783240773970872
2015-03-26T16:23:00.400000,9.783274012339952
2015-03-26T16:23:00.500000,9.78595341646928
2015-03-26T16:23:00.600000,9.778351229756677
2015-03-26T16:23:00.700000,9.767083682054832
2015-03-26T16:23:00.800000,9.768168624609016
2015-03-26T16:23:00.900000,9.766838912729977
2015-03-26T16:23:01.000000,9.761393699946987
2015-03-26T16:23:01.100000,9.76292661982276
2015-03-26T16:23:01.200000,9.767125223454803
2015-03-26T16:23:01.300000,9.73509247571346
2015-03-26T16:23:01.400000,9.75641268017585
2015-03-26T16:23:01.500000,9.750348023042497
2015-03-26T16:23:01.600000,9.746569828108347
2015-03-26T16:23:01.700000,9.740988146893956
2015-03-26T16:23:01.800000,9.753786541730506
2015-03-26T16:23:01.900000,9.765034048331534
2015-03-26T16:23:02.000000,9.748116169356331
2015-03-26T16:23:02.100000,9.742494562939342
2015-03-26T16:23:02.200000,9.76990995395839
2015-03-26T16:23:02.300000,9.75305778992188
2015-03-26T16:23:02.400000,9.74016883463106
2015-03-26T16:23:02.500000,9.748507706117715
2015-03-26T16:23:02.600000,9.738427823723896
2015-03-26T16:23:02.700000,9.750018159205936
2015-03-26T16:23:02.800000,9.744379531051166
2015-03-26T16:23:02.900000,9.737143566663232
2015-03-26T16:23:03.000000,9.760040425338769
2015-03-26T16:23:03.100000,9.767335228106564
2015-03-26T16:23:03.200000,9.771821751118326
2015-03-26T16:23:03.300000,9.764881108842712
2015-03-26T16:23:03.400000,9.753364004106572
2015-03-26T16:23:03.500000,9.76430311752895
2015-03-26T16:23:03.600000,9.764023558255158
2015-03-26T16:23:03.700000,9.76890699582579
2015-03-26T16:23:03.800000,9.766512958950528
2015-03-26T16:23:03.900000,9.780555551896258
2015-03-26T16:23:04.000000,9.77738859739942
2015-03-26T16:23:04.100000,9.76506548926758
2015-03-26T16:23:04.200000,9.770152431166814
2015-03-26T16:23:04.300000,9.78072086331164
2015-03-26T16:23:04.400000,9.789492335373186
2015-03-26T16:23:04.500000,9.767508762596044
2015-03-26T16:23:04.600000,9.77597796375028
2015-03-26T16:23:04.700000,9.782439867360983
2015-03-26T16:23:04.800000,9.783601380320516
2015-03-26T16:23:04.900000,9.7880463972206
2015-03-26T16:23:05.000000,9.785411713763066
2015-03-26T16:23:05.100000,9.778885160007968
2015-03-26T16:23:05.200000,9.78641746434594
2015-03-26T16:23:05.300000,9.800099820562108
2015-03-26T16:23:05.400000,9.787055686551584
2015-03-26T16:23:05.500000,9.77486627472197
2015-03-26T16:23:05.600000,9.774354561226488
2015-03-26T16:23:05.700000,9.767984260827047
2015-03-26T16:23:05.800000,9.7881591641564
2015-03-26T16:23:05.900000,9.782689542307478
2015-03-26T16:23:06.000000,9.764914625292365
2015-03-26T16:23:06.100000,9.772987499187591
2015-03-26T16:23:06.200000,9.794716371952989
2015-03-26T16:23:06.300000,9.783674605039284
2015-03-26T16:23:06.400000,9.760056970169536
2015-03-26T16:23:06.500000,9.751478756691904
2015-03-26T16:23:06.600000,9.757915347177956
2015-03-26T16:23:06.700000,9.751332000516124
2015-03-26T16:23:06.800000,9.75925038724659
2015-03-26T16:23:06.900000,9.761907131158312
2015-03-26T16:23:07.000000,9.74991937432762
2015-03-26T16:23:07.100000,9.758937078360727
2015-03-26T16:23:07.200000,9.754313627830804
2015-03-26T16:23:07.300000,9.765050172074249
2015-03-26T16:23:07.400000,9.769309818079032
2015-03-26T16:23:07.500000,9.76653113794526
2015-03-26T16:23:07.600000,9.763824460667054
2015-03-26T16:23:07.700000,9.757625176768585
2015-03-26T16:23:07.800000,9.751348729345256
2015-03-26T16:23:07.900000,9.75433722483917
2015-03-26T16:23:08.000000,9.74915109603349
2015-03-26T16:23:08.100000,9.759301347719978
2015-03-26T16:23:08.200000,9.766659653090612
2015-03-26T16:23:08.300000,9.77057571054035
2015-03-26T16:23:08.400000,9.774490683870289
2015-03-26T16:23:08.500000,9.770916114891271
2015-03-26T16:23:08.600000,9.772605340788203
2015-03-26T16:23:08.700000,9.77428028527363
2015-03-26T16:23:08.800000,9.759107417433038
2015-03-26T16:23:08.900000,9.770495278035831
2015-03-26T16:23:09.000000,9.787488026464224
2015-03-26T16:23:09.100000,9.792935459370971
2015-03-26T16:23:09.200000,9.772647781665931
2015-03-26T16:23:09.300000,9.758108894148732
2015-03-26T16:23:09.400000,9.772298210437697
2015-03-26T16:23:09.500000,9.76712807632567
2015-03-26T16:23:09.600000,9.771004169573196
2015-03-26T16:23:09.700000,9.779642404065784
2015-03-26T16:23:09.800000,9.775915997777702
2015-03-26T16:23:09.900000,9.771739065980162
2015-03-26T16:23:10.000000,9.781143982716465
2015-03-26T16:23:10.100000,9.767285970382764
2015-03-26T16:23:10.200000,9.782867845180808
2015-03-26T16:23:10.300000,9.793011104080074
2015-03-26T16:23:10.400000,9.782181451236164
2015-03-26T16:23:10.500000,9.789624695408476
2015-03-26T16:23:10.600000,9.799614026966522
2015-03-26T16:23:10.700000,9.76884188897774
2015-03-26T16:23:10.800000,9.758836823398422
2015-03-26T16:23:10.900000,9.765410679912922
2015-03-26T16:23:11.000000,9.780228240672118
2015-03-26T16:23:11.100000,9.771299833445733
2015-03-26T16:23:11.200000,9.76108820706955
2015-03-26T16:23:11.300000,9.766464620052409
2015-03-26T16:23:11.400000,9.767346296591098
2015-03-26T16:23:11.500000,9.77253157824044
2015-03-26T16:23:11.600000,9.759625611943742
2015-03-26T16:23:11.700000,9.751169803920858
2015-03-26T16:23:11.800000,9.767498512035582
2015-03-26T16:23:11.900000,9.754354429425849
2015-03-26T16:23:12.000000,9.749473124745029
2015-03-26T16:23:12.100000,9.76171013933365
2015-03-26T16:23:12.200000,9.760914903104808
2015-03-26T16:23:12.300000,9.760154030232878
2015-03-26T16:23:12.400000,9.75522520409735
2015-03-26T16:23:12.500000,9.751119171437765
2015-03-26T16:23:12.600000,9.755122406656684
2015-03-26T16:23:12.700000,9.762995676489703
2015-03-26T16:23:12.800000,9.769411335267048
2015-03-26T16:23:12.900000,9.780329752478412
2015-03-26T16:23:13.000000,9.78562243839785
2015-03-26T16:23:13.100000,9.76373058939826
2015-03-26T16:23:13.200000,9.753593985070944
2015-03-26T16:23:13.300000,9.751563755895836
2015-03-26T16:23:13.400000,9.742866762469674
2015-03-26T16:23:13.500000,9.769869488914011
2015-03-26T16:23:13.600000,9.77672676857158
2015-03-26T16:23:13.700000,9.758885782391282
2015-03-26T16:23:13.800000,9.759879033524404
2015-03-26T16:23:13.900000,9.771094942850716
2015-03-26T16:23:14.000000,9.772513955380903
2015-03-26T16:23:14.100000,9.754652023618512
2015-03-26T16:23:14.200000,9.766848668565128
2015-03-26T16:23:14.300000,9.754224179874452
2015-03-26T16:23:14.400000,9.748930295545064
2015-03-26T16:23:14.500000,9.760117875525902
2015-03-26T16:23:14.600000,9.766522738505374
2015-03-26T16:23:14.700000,9.769216568272777
2015-03-26T16:23:14.800000,9.781299085655444
2015-03-26T16:23:14.900000,9.7726587386979
2015-03-26T16:23:15.000000,9.759211356488803
2015-03-26T16:23:15.100000,9.759983339910374
2015-03-26T16:23:15.200000,9.761481098589924
2015-03-26T16:23:15.300000,9.782116980745895
2015-03-26T16:23:15.400000,9.755950116830002
2015-03-26T16:23:15.500000,9.76513998811536
2015-03-26T16:23:15.600000,9.778181141431432
2015-03-26T16:23:15.700000,9.781437778075132
2015-03-26T16:23:15.800000,9.797069872723366
2015-03-26T16:23:15.900000,9.787222040782398
2015-03-26T16:23:16.000000,9.770740172361686
2015-03-26T16:23:16.100000,9.771205817018632
2015-03-26T16:23:16.200000,9.790566001346392
2015-03-26T16:23:16.300000,9.791132875257729
2015-03-26T16:23:16.400000,9.782978099651633
2015-03-26T16:23:16.500000,9.784626846577318
2015-03-26T16:23:16.600000,9.768953562026583
2015-03-26T16:23:16.700000,9.772844097694652
2015-03-26T16:23:16.800000,9.77790553343321
2015-03-26T16:23:16.900000,9.774511072171595
2015-03-26T16:23:17.000000,9.779347239463736
2015-03-26T16:23:17.100000,9.7851307814742
2015-03-26T16:23:17.200000,9.789347952447336
2015-03-26T16:23:17.300000,9.78986461456134
2015-03-26T16:23:17.400000,9.79189662449779
2015-03-26T16:23:17.500000,9.803341015032098
2015-03-26T16:23:17.600000,9.777808332422074
2015-03-26T16:23:17.700000,9.756347500342237
2015-03-26T16:23:17.800000,9.749089227179605
2015-03-26T16:23:17.900000,9.75194144739503
2015-03-26T16:23:18.000000,9.773705122945625
2015-03-26T16:23:18.100000,9.782177323832103
2015-03-26T16:23:18.200000,9.772477172309808
2015-03-26T16:23:18.300000,9.76657497532085
2015-03-26T16:23:18.400000,9.758910855163307
2015-03-26T16:23:18.500000,9.766688653593128
2015-03-26T16:23:18.600000,9.765702129906966
2015-03-26T16:23:18.700000,9.75461753473567
2015-03-26T16:23:18.800000,9.744713833647236
2015-03-26T16:23:18.900000,9.746984297374778
2015-03-26T16:23:19.000000,9.774457298302329
2015-03-26T16:23:19.100000,9.748677418197088
2015-03-26T16:23:19.200000,9.755112442446285
2015-03-26T16:23:19.300000,9.755751948644154
2015-03-26T16:23:19.400000,9.74310532328844
2015-03-26T16:23:19.500000,9.751688471020156
2015-03-26T16:23:19.600000,9.769937128057824
2015-03-26T16:23:19.700000,9.7455478553511
2015-03-26T16:23:19.800000,9.735465551910716
2015-03-26T16:23:19.900000,9.74165241654132
2015-03-26T16:23:20.000000,9.742857894103366
2015-03-26T16:23:20.100000,9.737755786148137
2015-03-26T16:23:20.200000,9.741519376136884
2015-03-26T16:23:20.300000,9.733934503592064
2015-03-26T16:23:20.400000,9.746488556661918
2015-03-26T16:23:20.500000,9.763234203506812
2015-03-26T16:23:20.600000,9.763439528701632
2015-03-26T16:23:20.700000,9.766483964204328
2015-03-26T16:23:20.800000,9.768774765835657
2015-03-26T16:23:20.900000,9.77314364206133
2015-03-26T16:23:21.000000,9.774513045864405
2015-03-26T16:23:21.100000,9.758647960881646
2015-03-26T16:23:21.200000,9.7566308711975
2015-03-26T16:23:21.300000,9.752024263779465
2015-03-26T16:23:21.400000,9.7708294638993
2015-03-26T16:23:21.500000,9.772415839152906
2015-03-26T16:23:21.600000,9.781785409751944
2015-03-26T16:23:21.700000,9.790009986111132
2015-03-26T16:23:21.800000,9.77044855509243
2015-03-26T16:23:21.900000,9.780944359507034
2015-03-26T16:23:22.000000,9.795599263844904
2015-03-26T16:23:22.100000,9.795790421644956
2015-03-26T16:23:22.200000,9.796384702147089
2015-03-26T16:23:22.300000,9.806145067457066
2015-03-26T16:23:22.400000,9.803978605929622
2015-03-26T16:23:22.500000,9.784065624051465
2015-03-26T16:23:22.600000,9.785151745354373
2015-03-26T16:23:22.700000,9.784762494138873
2015-03-26T16:23:22.800000,9.791740543091136
2015-03-26T16:23:22.900000,9.78745414876181
2015-03-26T16:23:23.000000,9.775487306039665
2015-03-26T16:23:23.100000,9.77726623234894
2015-03-26T16:23:23.200000,9.790855064582802
2015-03-26T16:23:23.300000,9.782091038567785
2015-03-26T16:23:23.400000,9.773712148668466
2015-03-26T16:23:23.500000,9.766235436344454
2015-03-26T16:23:23.600000,9.75903574819013
2015-03-26T16:23:23.700000,9.75912832699529
2015-03-26T16:23:23.800000,9.766887939814987
2015-03-26T16:23:23.900000,9.768437545025764
2015-03-26T16:23:24.000000,9.756513074262928
2015-03-26T16:23:24.100000,9.757922618029314
2015-03-26T16:23:24.200000,9.753222178066595
2015-03-26T16:23:24.300000,9.748985960902376
2015-03-26T16:23:24.400000,9.759842124410948
2015-03-26T16:23:24.500000,9.766240788148188
2015-03-26T16:23:24.600000,9.756269705088284
2015-03-26T16:23:24.700000,9.73946645120147
2015-03-26T16:23:24.800000,9.750786595353093
2015-03-26T16:23:24.900000,9.750678066932332
2015-03-26T16:23:25.000000,9.759198943165153
2015-03-26T16:23:25.100000,9.7624189497129
2015-03-26T16:23:25.200000,9.75685640552434
2015-03-26T16:23:25.300000,9.753847058942956
2015-03-26T16:23:25.400000,9.752371490394534
2015-03-26T16:23:25.500000,9.762855280529044
2015-03-26T16:23:25.600000,9.777411415801438
2015-03-26T16:23:25.700000,9.760319458466666
2015-03-26T16:23:25.800000,9.751925731852994
2015-03-26T16:23:25.900000,9.765994192326296
2015-03-26T16:23:26.000000,9.766247411047411
2015-03-26T16:23:26.100000,9.764969009739431
2015-03-26T16:23:26.200000,9.770744855797105
2015-03-26T16:23:26.300000,9.759633853351064
2015-03-26T16:23:26.400000,9.765904624254487
2015-03-26T16:23:26.500000,9.789317422520073
2015-03-26T16:23:26.600000,9.793793502812964
2015-03-26T16:23:26.700000,9.791098325339023
2015-03-26T16:23:26.800000,9.780574898436347
2015-03-26T16:23:26.900000,9.765350917990643
2015-03-26T16:23:27.000000,9.775963351023714
2015-03-26T16:23:27.100000,9.783558084387744
2015-03-26T16:23:27.200000,9.786627138859236
2015-03-26T16:23:27.300000,9.786599712431595
2015-03-26T16:23:27.400000,9.77901945260585
2015-03-26T16:23:27.500000,9.760660965395637
2015-03-26T16:23:27.600000,9.747808333182682
2015-03-26T16:23:27.700000,9.754892752455095
2015-03-26T16:23:27.800000,9.777115350221472
2015-03-26T16:23:27.900000,9.783198633742655
2015-03-26T16:23:28.000000,9.77877741164466
2015-03-26T16:23:28.100000,9.763349018595289
2015-03-26T16:23:28.200000,9.752666907455875
2015-03-26T16:23:28.300000,9.773503427835085
2015-03-26T16:23:28.400000,9.76972172312317
2015-03-26T16:23:28.500000,9.761657955958762
2015-03-26T16:23:28.600000,9.758399193629993
2015-03-26T16:23:28.700000,9.734026557757955
2015-03-26T16:23:28.800000,9.754664060352178
2015-03-26T16:23:28.900000,9.759664787984391
2015-03-26T16:23:29.000000,9.75325642353035
2015-03-26T16:23:29.100000,9.763123544299509
2015-03-26T16:23:29.200000,9.76030249006564
2015-03-26T16:23:29.300000,9.75911703727996
2015-03-26T16:23:29.400000,9.753795412125408
2015-03-26T16:23:29.500000,9.750858637826898
2015-03-26T16:23:29.600000,9.75002624398476
2015-03-26T16:23:29.700000,9.728809289286122
2015-03-26T16:23:29.800000,9.734766812674078
2015-03-26T16:23:29.900000,9.753856412349672
2015-03-26T16:23:30.000000,9.76035806472892
2015-03-26T16:23:30.100000,9.76567598845794
2015-03-26T16:23:30.200000,9.76706633272231
2015-03-26T16:23:30.300000,9.770144764036385
2015-03-26T16:23:30.400000,9.772512291364269
2015-03-26T16:23:30.500000,9.754809725165956
2015-03-26T16:23:30.600000,9.755165914664238
2015-03-26T16:23:30.700000,9.769792356150212
2015-03-26T16:23:30.800000,9.782411667994246
2015-03-26T16:23:30.900000,9.77345664235421
2015-03-26T16:23:31.000000,9.756320499736097
2015-03-26T16:23:31.100000,9.763702121796994
2015-03-26T16:23:31.200000,9.775760609159631
2015-03-26T16:23:31.300000,9.777653848616351
2015-03-26T16:23:31.400000,9.779193466498809
2015-03-26T16:23:31.500000,9.78145684150537
2015-03-26T16:23:31.600000,9.77657521830481
2015-03-26T16:23:31.700000,9.78209592914437
2015-03-26T16:23:31.800000,9.76963096054723
2015-03-26T16:23:31.900000,9.799218504523072
2015-03-26T16:23:32.000000,9.789510292861625
2015-03-26T16:23:32.100000,9.783291650224882
2015-03-26T16:23:32.200000,9.790906782697393
2015-03-26T16:23:32.300000,9.79728787304241
2015-03-26T16:23:32.400000,9.782683263802625
2015-03-26T16:23:32.500000,9.783891072614646
2015-03-26T16:23:32.600000,9.77988582064498
2015-03-26T16:23:32.700000,9.770621817988076
2015-03-26T16:23:32.800000,9.776188133581742
2015-03-26T16:23:32.900000,9.783961827119494
2015-03-26T16:23:33.000000,9.788388912554511
2015-03-26T16:23:33.100000,9.77691054388852
2015-03-26T16:23:33.200000,9.762311153677494
2015-03-26T16:23:33.300000,9.764131277419247
2015-03-26T16:23:33.400000,9.76861175133502
2015-03-26T16:23:33.500000,9.763540192790757
2015-03-26T16:23:33.600000,9.754659717724756
2015-03-26T16:23:33.700000,9.746863408456214
2015-03-26T16:23:33.800000,9.753403949157269
2015-03-26T16:23:33.900000,9.75873092071336
2015-03-26T16:23:34.000000,9.748242421216716
2015-03-26T16:23:34.100000,9.760330101164596
2015-03-26T16:23:34.200000,9.751853065977045
2015-03-26T16:23:34.300000,9.75850231619252
2015-03-26T16:23:34.400000,9.768873458866413
2015-03-26T16:23:34.500000,9.760454288593024
2015-03-26T16:23:34.600000,9.75729049653059
2015-03-26T16:23:34.700000,9.761521984795223
2015-03-26T16:23:34.800000,9.774020075557353
2015-03-26T16:23:34.900000,9.779079704171664
2015-03-26T16:23:35.000000,9.768784272775587
2015-03-26T16:23:35.100000,9.754253372793396
2015-03-26T16:23:35.200000,9.72798648790232
2015-03-26T16:23:35.300000,9.737668800624492
2015-03-26T16:23:35.400000,9.755372715896256
2015-03-26T16:23:35.500000,9.761673883743532
2015-03-26T16:23:35.600000,9.758486457963947
2015-03-26T16:23:35.700000,9.752722856907235
2015-03-26T16:23:35.800000,9.751583369855464
2015-03-26T16:23:35.900000,9.753863766147218
2015-03-26T16:23:36.000000,9.75273500251601
2015-03-26T16:23:36.100000,9.76879947388506
2015-03-26T16:23:36.200000,9.763773849833754
2015-03-26T16:23:36.300000,9.760556941133943
2015-03-26T16:23:36.400000,9.775255890554826
2015-03-26T16:23:36.500000,9.786213479767618
2015-03-26T16:23:36.600000,9.75338728680988
2015-03-26T16:23:36.700000,9.76153308871779
2015-03-26T16:23:36.800000,9.779885243842266
2015-03-26T16:23:36.900000,9.753583237524502
2015-03-26T16:23:37.000000,9.758264267693493
2015-03-26T16:23:37.100000,9.766797462094171
2015-03-26T16:23:37.200000,9.772877118646562
2015-03-26T16:23:37.300000,9.786792487648984
2015-03-26T16:23:37.400000,9.775561484293448
2015-03-26T16:23:37.500000,9.764529214451064
2015-03-26T16:23:37.600000,9.757912219990812
2015-03-26T16:23:37.700000,9.75732702722746
2015-03-26T16:23:37.800000,9.75873871616272
2015-03-26T16:23:37.900000,9.766871792113522
2015-03-26T16:23:38.000000,9.757198086724394
2015-03-26T16:23:38.100000,9.757527723084731
2015-03-26T16:23:38.200000,9.765007493619152
2015-03-26T16:23:38.300000,9.775445394501125
2015-03-26T16:23:38.400000,9.787495436861056
2015-03-26T16:23:38.500000,9.780239833203384
2015-03-26T16:23:38.600000,9.783338712176857
2015-03-26T16:23:38.700000,9.791536497269323
2015-03-26T16:23:38.800000,9.786815184500002
2015-03-26T16:23:38.900000,9.781568223100246
2015-03-26T16:23:39.000000,9.76670748534893
2015-03-26T16:23:39.100000,9.754879629311542
2015-03-26T16:23:39.200000,9.75427516487906
2015-03-26T16:23:39.300000,9.757312583634082
2015-03-26T16:23:39.400000,9.77128644711832
2015-03-26T16:23:39.500000,9.77376795148419
2015-03-26T16:23:39.600000,9.772192485483403
2015-03-26T16:23:39.700000,9.779749434850173
2015-03-26T16:23:39.800000,9.77479508285674
2015-03-26T16:23:39.900000,9.760847900686544
2015-03-26T16:23:40.000000,9.765028827457972
2015-03-26T16:23:40.100000,9.78552099338595
2015-03-26T16:23:40.200000,9.793785598617657
2015-03-26T16:23:40.300000,9.780711630219592
2015-03-26T16:23:40.400000,9.784289450057546
2015-03-26T16:23:40.500000,9.797726752563316
2015-03-26T16:23:40.600000,9.7932902619329
2015-03-26T16:23:40.700000,9.77779243310317
2015-03-26T16:23:40.800000,9.77736372179694
2015-03-26T16:23:40.900000,9.77169568660798
2015-03-26T16:23:41.000000,9.762233309615684
2015-03-26T16:23:41.100000,9.766778076676074
2015-03-26T16:23:41.200000,9.760161375970185
2015-03-26T16:23:41.300000,9.77282291208794
2015-03-26T16:23:41.400000,9.779314146745126
2015-03-26T16:23:41.500000,9.779669652135354
2015-03-26T16:23:41.600000,9.771563948794626
2015-03-26T16:23:41.700000,9.771908068170603
2015-03-26T16:23:41.800000,9.780049717340232
2015-03-26T16:23:41.900000,9.769604826666985
2015-03-26T16:23:42.000000,9.760961215259693
2015-03-26T16:23:42.100000,9.76933705761642
2015-03-26T16:23:42.200000,9.767304105029949
2015-03-26T16:23:42.300000,9.774233674388377
2015-03-26T16:23:42.400000,9.761398314383202
2015-03-26T16:23:42.500000,9.750741278098197
2015-03-26T16:23:42.600000,9.755240939463151
2015-03-26T16:23:42.700000,9.755844826759096
2015-03-26T16:23:42.800000,9.755818063278015
2015-03-26T16:23:42.900000,9.76308001518132
2015-03-26T16:23:43.000000,9.768375518557384
2015-03-26T16:23:43.100000,9.76372799473072
2015-03-26T16:23:43.200000,9.763532498966136
2015-03-26T16:23:43.300000,9.751440860862902
2015-03-26T16:23:43.400000,9.755033111101447
2015-03-26T16:23:43.500000,9.765460945721095
2015-03-26T16:23:43.600000,9.753852380567062
2015-03-26T16:23:43.700000,9.76902645807986
2015-03-26T16:23:43.800000,9.773549372918394
2015-03-26T16:23:43.900000,9.761847489575784
2015-03-26T16:23:44.000000,9.758970931189332
2015-03-26T16:23:44.100000,9.760415337070114
2015-03-26T16:23:44.200000,9.762045105245017
2015-03-26T16:23:44.300000,9.756001860503323
2015-03-26T16:23:44.400000,9.757591573065708
2015-03-26T16:23:44.500000,9.771718404370702
2015-03-26T16:23:44.600000,9.776827769852495
2015-03-26T16:23:44.700000,9.778393073645836
2015-03-26T16:23:44.800000,9.765800909932176
2015-03-26T16:23:44.900000,9.770523742580677
2015-03-26T16:23:45.000000,9.789597814712328
2015-03-26T16:23:45.100000,9.790890893217574
2015-03-26T16:23:45.200000,9.785106661380418
2015-03-26T16:23:45.300000,9.79034332012976
2015-03-26T16:23:45.400000,9.788779433725429
2015-03-26T16:23:45.500000,9.786258998335931
2015-03-26T16:23:45.600000,9.77166003893485
2015-03-26T16:23:45.700000,9.769647202832566
2015-03-26T16:23:45.800000,9.782340282132692
2015-03-26T16:23:45.900000,9.77704039381778
2015-03-26T16:23:46.000000,9.779055866513808
2015-03-26T16:23:46.100000,9.770138889285336
2015-03-26T16:23:46.200000,9.754121465062076
2015-03-26T16:23:46.300000,9.769337976764556
2015-03-26T16:23:46.400000,9.768958827182072
2015-03-26T16:23:46.500000,9.77695573249557
2015-03-26T16:23:46.600000,9.792286801638689
2015-03-26T16:23:46.700000,9.7891292446181
2015-03-26T16:23:46.800000,9.801478094081263
2015-03-26T16:23:46.900000,9.776532754957886
2015-03-26T16:23:47.000000,9.769536684523985
2015-03-26T16:23:47.100000,9.763822232516524
2015-03-26T16:23:47.200000,9.75718714174822
2015-03-26T16:23:47.300000,9.756027987726265
2015-03-26T16:23:47.400000,9.755147345479983
2015-03-26T16:23:47.500000,9.748302874011644
2015-03-26T16:23:47.600000,9.744601466297814
2015-03-26T16:23:47.700000,9.766109833102307
2015-03-26T16:23:47.800000,9.769433565241872
2015-03-26T16:23:47.900000,9.761389393068152
2015-03-26T16:23:48.000000,9.762147010792084
2015-03-26T16:23:48.100000,9.75064019710464
2015-03-26T16:23:48.200000,9.758473012797278
2015-03-26T16:23:48.300000,9.777782080203398
2015-03-26T16:23:48.400000,9.766144583226538
2015-03-26T16:23:48.500000,9.756621803129022
2015-03-26T16:23:48.600000,9.771457058554644
2015-03-26T16:23:48.700000,9.774338916637934
2015-03-26T16:23:48.800000,9.767703936824947
2015-03-26T16:23:48.900000,9.761032013260694
2015-03-26T16:23:49.000000,9.766603351629776
2015-03-26T16:23:49.100000,9.777869063183209
2015-03-26T16:23:49.200000,9.77061680671998
2015-03-26T16:23:49.300000,9.768499150367033
2015-03-26T16:23:49.400000,9.782971568943555
2015-03-26T16:23:49.500000,9.78157214124768
2015-03-26T16:23:49.600000,9.749924056744806
2015-03-26T16:23:49.700000,9.75338413083393
2015-03-26T16:23:49.800000,9.768969259199968
2015-03-26T16:23:49.900000,9.78020067300042
2015-03-26T16:23:50.000000,9.75497571309897
2015-03-26T16:23:50.100000,9.74737960383646
2015-03-26T16:23:50.200000,9.77397410431657
2015-03-26T16:23:50.300000,9.762804621776215
2015-03-26T16:23:50.400000,9.773702029122337
2015-03-26T16:23:50.500000,9.75781233628198
2015-03-26T16:23:50.600000,9.752412764571604
2015-03-26T16:23:50.700000,9.760267603742012
2015-03-26T16:23:50.800000,9.774492461502192
2015-03-26T16:23:50.900000,9.774558180103115
2015-03-26T16:23:51.000000,9.767328077848257
2015-03-26T16:23:51.100000,9.774925695232316
2015-03-26T16:23:51.200000,9.757473450524726
2015-03-26T16:23:51.300000,9.768528071419148
2015-03-26T16:23:51.400000,9.76924216353637
2015-03-26T16:23:51.500000,9.76255539296896
2015-03-26T16:23:51.600000,9.76019667601987
2015-03-26T16:23:51.700000,9.755209094023302
2015-03-26T16:23:51.800000,9.760976211353382
2015-03-26T16:23:51.900000,9.759568621629626
2015-03-26T16:23:52.000000,9.773110588535792
2015-03-26T16:23:52.100000,9.76330765434384
2015-03-26T16:23:52.200000,9.748042664091184
2015-03-26T16:23:52.300000,9.735790821600537
2015-03-26T16:23:52.400000,9.732582435806483
2015-03-26T16:23:52.500000,9.754184898065947
2015-03-26T16:23:52.600000,9.744017639686072
2015-03-26T16:23:52.700000,9.729030316542502
2015-03-26T16:23:52.800000,9.738268178170015
2015-03-26T16:23:52.900000,9.738798307194145
2015-03-26T16:23:53.000000,9.746782580734546
2015-03-26T16:23:53.100000,9.747993618668602
2015-03-26T16:23:53.200000,9.754002296432985
2015-03-26T16:23:53.300000,9.76923049541524
2015-03-26T16:23:53.400000,9.770687722345702
2015-03-26T16:23:53.500000,9.77286980142926
2015-03-26T16:23:53.600000,9.765141376821346
2015-03-26T16:23:53.700000,9.757381645484912
2015-03-26T16:23:53.800000,9.769617201671212
2015-03-26T16:23:53.900000,9.79342334881764
2015-03-26T16:23:54.000000,9.760849458761047
2015-03-26T16:23:54.100000,9.770739864553075
2015-03-26T16:23:54.200000,9.775911118478062
2015-03-26T16:23:54.300000,9.767750102907444
2015-03-26T16:23:54.400000,9.764114278999978
2015-03-26T16:23:54.500000,9.784629192395965
2015-03-26T16:23:54.600000,9.79520171256756
2015-03-26T16:23:54.700000,9.780689817698237
2015-03-26T16:23:54.800000,9.782856684477672
2015-03-26T16:23:54.900000,9.792033142701364
2015-03-26T16:23:55.000000,9.795220668483942
2015-03-26T16:23:55.100000,9.78747962480611
2015-03-26T16:23:55.200000,9.791090539437429
2015-03-26T16:23:55.300000,9.790808215759997
2015-03-26T16:23:55.400000,9.78963087496611
2015-03-26T16:23:55.500000,9.78050784215861
2015-03-26T16:23:55.600000,9.776797792961585
2015-03-26T16:23:55.700000,9.779735686963033
2015-03-26T16:23:55.800000,9.780966571188458
2015-03-26T16:23:55.900000,9.770443910287671
2015-03-26T16:23:56.000000,9.760967346655736
2015-03-26T16:23:56.100000,9.764791619819368
2015-03-26T16:23:56.200000,9.754572057624529
2015-03-26T16:23:56.300000,9.7552149993513
2015-03-26T16:23:56.400000,9.757319765232308
2015-03-26T16:23:56.500000,9.76198261986577
2015-03-26T16:23:56.600000,9.75574267686083
2015-03-26T16:23:56.700000,9.741636976915784
2015-03-26T16:23:56.800000,9.751483559594536
2015-03-26T16:23:56.900000,9.751947613781452
2015-03-26T16:23:57.000000,9.744447539472214
2015-03-26T16:23:57.100000,9.73434523962618
2015-03-26T16:23:57.200000,9.730890463421968
2015-03-26T16:23:57.300000,9.747471329852916
2015-03-26T16:23:57.400000,9.747482626230171
2015-03-26T16:23:57.500000,9.750355339117908
2015-03-26T16:23:57.600000,9.742348263831817
2015-03-26T16:23:57.700000,9.743968079812923
2015-03-26T16:23:57.800000,9.752244035164912
2015-03-26T16:23:57.900000,9.751385832804216
2015-03-26T16:23:58.000000,9.751449440258206
2015-03-26T16:23:58.100000,9.760294016544403
2015-03-26T16:23:58.200000,9.759556141167456
2015-03-26T16:23:58.300000,9.762752620149348
2015-03-26T16:23:58.400000,9.753111238819333
2015-03-26T16:23:58.500000,9.765179201782397
2015-03-26T16:23:58.600000,9.773332016709343
2015-03-26T16:23:58.700000,9.76128666907911
2015-03-26T16:23:58.800000,9.77239245717312
2015-03-26T16:23:58.900000,9.796148429483129
2015-03-26T16:23:59.000000,9.78679210478952
2015-03-26T16:23:59.100000,9.772810474238057
2015-03-26T16:23:59.200000,9.775689456100803
2015-03-26T16:23:59.300000,9.782217813284888
2015-03-26T16:23:59.400000,9.77832865542076
2015-03-26T16:23:59.500000,9.775776558977457
2015-03-26T16:23:59.600000,9.79230068134895
2015-03-26T16:23:59.700000,9.786957441533454
2015-03-26T16:23:59.800000,9.775537638649125
2015-03-26T16:23:59.900000,9.802260747438533
2015-03-26T16:24:00.000000,9.814242851195058
2015-03-26T16:24:00.100000,9.800018053197656
2015-03-26T16:24:00.200000,9.789273266236057
2015-03-26T16:24:00.300000,9.7767039666398
2015-03-26T16:24:00.400000,9.783547175775324
2015-03-26T16:24:00.500000,9.797527864541184
2015-03-26T16:24:00.600000,9.791315237505913
2015-03-26T16:24:00.700000,9.785991317117482
2015-03-26T16:24:00.800000,9.77657219109945
2015-03-26T16:24:00.900000,9.765086669063194
2015-03-26T16:24:01.000000,9.768699907200183
2015-03-26T16:24:01.100000,9.764914439875984
2015-03-26T16:24:01.200000,9.750642395096667
2015-03-26T16:24:01.300000,9.752743767848292
2015-03-26T16:24:01.400000,9.774462296248512
2015-03-26T16:24:01.500000,9.776807267183129
2015-03-26T16:24:01.600000,9.75806600789486
2015-03-26T16:24:01.700000,9.755295113446962
2015-03-26T16:24:01.800000,9.759946788075766
2015-03-26T16:24:01.900000,9.749781966664356
2015-03-26T16:24:02.000000,9.756149690265676
2015-03-26T16:24:02.100000,9.731256642391129
2015-03-26T16:24:02.200000,9.74047561355562
2015-03-26T16:24:02.300000,9.756933045593303
2015-03-26T16:24:02.400000,9.743153765977608
2015-03-26T16:24:02.500000,9.733855856848686
2015-03-26T16:24:02.600000,9.751014916780877
2015-03-26T16:24:02.700000,9.763210569710813
2015-03-26T16:24:02.800000,9.771662123322011
2015-03-26T16:24:02.900000,9.773622440665564
2015-03-26T16:24:03.000000,9.759959052027757
2015-03-26T16:24:03.100000,9.746633561210766
2015-03-26T16:24:03.200000,9.757454677116218
2015-03-26T16:24:03.300000,9.749606185215768
2015-03-26T16:24:03.400000,9.7734077175325
2015-03-26T16:24:03.500000,9.777151129660684
2015-03-26T16:24:03.600000,9.764969829878272
2015-03-26T16:24:03.700000,9.766301609003609
2015-03-26T16:24:03.800000,9.784236603642269
2015-03-26T16:24:03.900000,9.792561659228369
2015-03-26T16:24:04.000000,9.781606155616362
2015-03-26T16:24:04.100000,9.771806031667092
2015-03-26T16:24:04.200000,9.773428498144693
2015-03-26T16:24:04.300000,9.776349431358376
2015-03-26T16:24:04.400000,9.775343758215396
2015-03-26T16:24:04.500000,9.794818208422097
2015-03-26T16:24:04.600000,9.800658375603623
2015-03-26T16:24:04.700000,9.78988338888908
2015-03-26T16:24:04.800000,9.789094598237488
2015-03-26T16:24:04.900000,9.797855981120762
2015-03-26T16:24:05.000000,9.801221863375998
2015-03-26T16:24:05.100000,9.79708839898949
2015-03-26T16:24:05.200000,9.80091860659134
2015-03-26T16:24:05.300000,9.787921929839184
2015-03-26T16:24:05.400000,9.77878302742616
2015-03-26T16:24:05.500000,9.774011177179869
2015-03-26T16:24:05.600000,9.769571899354782
2015-03-26T16:24:05.700000,9.767700221844253
2015-03-26T16:24:05.800000,9.769367212856102
2015-03-26T16:24:05.900000,9.77414395103038
2015-03-26T16:24:06.000000,9.778491485547656
2015-03-26T16:24:06.100000,9.770216746298503
2015-03-26T16:24:06.200000,9.762867927024864
2015-03-26T16:24:06.300000,9.76068120904604
2015-03-26T16:24:06.400000,9.764759756058815
2015-03-26T16:24:06.500000,9.784917419924218
2015-03-26T16:24:06.600000,9.798039597480413
2015-03-26T16:24:06.700000,9.751192007279124
2015-03-26T16:24:06.800000,9.729815426149305
2015-03-26T16:24:06.900000,9.738016187050796
2015-03-26T16:24:07.000000,9.752660400539993
2015-03-26T16:24:07.100000,9.755600659886154
2015-03-26T16:24:07.200000,9.74100976473449
2015-03-26T16:24:07.300000,9.744253230108612
2015-03-26T16:24:07.400000,9.750914590639734
2015-03-26T16:24:07.500000,9.737273145230947
2015-03-26T16:24:07.600000,9.72686315668954
2015-03-26T16:24:07.700000,9.73909023797345
2015-03-26T16:24:07.800000,9.75094968193292
2015-03-26T16:24:07.900000,9.760173960548304
2015-03-26T16:24:08.000000,9.75920165995316
2015-03-26T16:24:08.100000,9.755582102898536
2015-03-26T16:24:08.200000,9.74709178564031
2015-03-26T16:24:08.300000,9.749548028223202
2015-03-26T16:24:08.400000,9.74953744664457
2015-03-26T16:24:08.500000,9.752213748332029
2015-03-26T16:24:08.600000,9.758002068734536
2015-03-26T16:24:08.700000,9.744272052529665
2015-03-26T16:24:08.800000,9.761517081251196
2015-03-26T16:24:08.900000,9.76364993878547
2015-03-26T16:24:09.000000,9.76404612661162
2015-03-26T16:24:09.100000,9.789509705013757
2015-03-26T16:24:09.200000,9.754522288560551
2015-03-26T16:24:09.300000,9.772511842734795
2015-03-26T16:24:09.400000,9.779636506377976
2015-03-26T16:24:09.500000,9.783661364919295
2015-03-26T16:24:09.600000,9.7726671033972
2015-03-26T16:24:09.700000,9.774905632690404
2015-03-26T16:24:09.800000,9.784479186652757
2015-03-26T16:24:09.900000,9.78235985427472
2015-03-26T16:24:10.000000,9.783625018991511
2015-03-26T16:24:10.100000,9.795010624359916
2015-03-26T16:24:10.200000,9.78118260720846
2015-03-26T16:24:10.300000,9.795606889000693
2015-03-26T16:24:10.400000,9.793001258915533
2015-03-26T16:24:10.500000,9.779789206961716
2015-03-26T16:24:10.600000,9.78269555870542
2015-03-26T16:24:10.700000,9.79047249161491
2015-03-26T16:24:10.800000,9.792917508035236
2015-03-26T16:24:10.900000,9.778725362248275
2015-03-26T16:24:11.000000,9.778345547871991
2015-03-26T16:24:11.100000,9.787286180253815
2015-03-26T16:24:11.200000,9.776432436408474
2015-03-26T16:24:11.300000,9.766874340786364
2015-03-26T16:24:11.400000,9.782481906736994
2015-03-26T16:24:11.500000,9.776676737485449
2015-03-26T16:24:11.600000,9.793904406371936
2015-03-26T16:24:11.700000,9.787052112320644
2015-03-26T16:24:11.800000,9.759159827755392
2015-03-26T16:24:11.900000,9.751893479929196
2015-03-26T16:24:12.000000,9.760419519223928
2015-03-26T16:24:12.100000,9.773159388659032
2015-03-26T16:24:12.200000,9.770455953007302
2015-03-26T16:24:12.300000,9.757353718772656
2015-03-26T16:24:12.400000,9.754823227613423
2015-03-26T16:24:12.500000,9.7600510377307
2015-03-26T16:24:12.600000,9.757394740434934
2015-03-26T16:24:12.700000,9.753056735739928
2015-03-26T16:24:12.800000,9.770169044625815
2015-03-26T16:24:12.900000,9.768331366707338
2015-03-26T16:24:13.000000,9.754680559520052
2015-03-26T16:24:13.100000,9.759857954278434
2015-03-26T16:24:13.200000,9.764128528908817
2015-03-26T16:24:13.300000,9.76360835382816
2015-03-26T16:24:13.400000,9.777307502940625
2015-03-26T16:24:13.500000,9.770133485161333
2015-03-26T16:24:13.600000,9.7785314906736
2015-03-26T16:24:13.700000,9.775418380438111
2015-03-26T16:24:13.800000,9.773029930777868
2015-03-26T16:24:13.900000,9.771821504440496
2015-03-26T16:24:14.000000,9.759218642442448
2015-03-26T16:24:14.100000,9.749307118078336
2015-03-26T16:24:14.200000,9.753068588584185
2015-03-26T16:24:14.300000,9.755319360730873
2015-03-26T16:24:14.400000,9.75859865865533
2015-03-26T16:24:14.500000,9.767942766870428
2015-03-26T16:24:14.600000,9.767128872899034
2015-03-26T16:24:14.700000,9.755371185331915
2015-03-26T16:24:14.800000,9.766380197459457
2015-03-26T16:24:14.900000,9.752846565945667
2015-03-26T16:24:15.000000,9.7626068496444
2015-03-26T16:24:15.100000,9.769266114450422
2015-03-26T16:24:15.200000,9.773688874335878
2015-03-26T16:24:15.300000,9.76821924110279
2015-03-26T16:24:15.400000,9.755984173880115
2015-03-26T16:24:15.500000,9.75763205422586
2015-03-26T16:24:15.600000,9.763960586377047
2015-03-26T16:24:15.700000,9.754589193591029
2015-03-26T16:24:15.800000,9.748043693638335
2015-03-26T16:24:15.900000,9.75799868848918
2015-03-26T16:24:16.000000,9.769195987139083
2015-03-26T16:24:16.100000,9.758433584654217
2015-03-26T16:24:16.200000,9.7566186043645
2015-03-26T16:24:16.300000,9.757725884746844
2015-03-26T16:24:16.400000,9.740537925508637
2015-03-26T16:24:16.500000,9.750617163234018
2015-03-26T16:24:16.600000,9.756605531558668
2015-03-26T16:24:16.700000,9.765641593057609
2015-03-26T16:24:16.800000,9.769171394260272
2015-03-26T16:24:16.900000,9.7752325216015
2015-03-26T16:24:17.000000,9.774834756892242
2015-03-26T16:24:17.100000,9.74830362426563
2015-03-26T16:24:17.200000,9.759457496317069
2015-03-26T16:24:17.300000,9.75849790177134
2015-03-26T16:24:17.400000,9.765036180467709
2015-03-26T16:24:17.500000,9.773327911511132
2015-03-26T16:24:17.600000,9.758108379295528
2015-03-26T16:24:17.700000,9.757550836208726
2015-03-26T16:24:17.800000,9.777953548785533
2015-03-26T16:24:17.900000,9.780529530066108
2015-03-26T16:24:18.000000,9.779868806052477
2015-03-26T16:24:18.100000,9.782407653423894
2015-03-26T16:24:18.200000,9.790536958705218
2015-03-26T16:24:18.300000,9.800000976113628
2015-03-26T16:24:18.400000,9.772362892764027
2015-03-26T16:24:18.500000,9.770839343800654
2015-03-26T16:24:18.600000,9.795284352048204
2015-03-26T16:24:18.700000,9.775157233365654
2015-03-26T16:24:18.800000,9.770954760713083
2015-03-26T16:24:18.900000,9.773670557520823
2015-03-26T16:24:19.000000,9.778253873455128
2015-03-26T16:24:19.100000,9.78390595642282
2015-03-26T16:24:19.200000,9.77694647130872
2015-03-26T16:24:19.300000,9.781566733586743
2015-03-26T16:24:19.400000,9.783154969301709
2015-03-26T16:24:19.500000,9.79433522997949
2015-03-26T16:24:19.600000,9.762735981002209
2015-03-26T16:24:19.700000,9.744515321606883
2015-03-26T16:24:19.800000,9.75117357189274
2015-03-26T16:24:19.900000,9.767693316919216
2015-03-26T16:24:20.000000,9.772710751520655
2015-03-26T16:24:20.100000,9.77116962818303
2015-03-26T16:24:20.200000,9.789254259266572
2015-03-26T16:24:20.300000,9.784818956826822
2015-03-26T16:24:20.400000,9.767689576863916
2015-03-26T16:24:20.500000,9.750905534504842
2015-03-26T16:24:20.600000,9.742247617924733
2015-03-26T16:24:20.700000,9.740601044185205
2015-03-26T16:24:20.800000,9.726703440420264
2015-03-26T16:24:20.900000,9.752080280447988
2015-03-26T16:24:21.000000,9.756229737815715
2015-03-26T16:24:21.100000,9.752308949883988
2015-03-26T16:24:21.200000,9.7413758636162
2015-03-26T16:24:21.300000,9.740915606022002
2015-03-26T16:24:21.400000,9.739465753907972
2015-03-26T16:24:21.500000,9.738436251161382
2015-03-26T16:24:21.600000,9.749191313569646
2015-03-26T16:24:21.700000,9.756196026421712
2015-03-26T16:24:21.800000,9.759222735394092
2015-03-26T16:24:21.900000,9.76549358043816
2015-03-26T16:24:22.000000,9.76631104816234
2015-03-26T16:24:22.100000,9.761436277252844
2015-03-26T16:24:22.200000,9.777413724108644
2015-03-26T16:24:22.300000,9.781753576471552
2015-03-26T16:24:22.400000,9.761179806647718
2015-03-26T16:24:22.500000,9.754061370415696
2015-03-26T16:24:22.600000,9.760174663985328
2015-03-26T16:24:22.700000,9.772643462950718
2015-03-26T16:24:22.800000,9.78644560991939
2015-03-26T16:24:22.900000,9.787948088095842
2015-03-26T16:24:23.000000,9.7771986912409
2015-03-26T16:24:23.100000,9.77341570833972
2015-03-26T16:24:23.200000,9.761265654118036
2015-03-26T16:24:23.300000,9.751808990719017
2015-03-26T16:24:23.400000,9.763186708785256
2015-03-26T16:24:23.500000,9.78286245050232
2015-03-26T16:24:23.600000,9.78493085518147
2015-03-26T16:24:23.700000,9.778966784955994
2015-03-26T16:24:23.800000,9.772363687160103
2015-03-26T16:24:23.900000,9.774487236647031
2015-03-26T16:24:24.000000,9.775150341393312
2015-03-26T16:24:24.100000,9.762912165240564
2015-03-26T16:24:24.200000,9.782937520885003
2015-03-26T16:24:24.300000,9.781185569628414
2015-03-26T16:24:24.400000,9.754603641033274
2015-03-26T16:24:24.500000,9.769939291346327
2015-03-26T16:24:24.600000,9.774201737422224
2015-03-26T16:24:24.700000,9.776541038809915
2015-03-26T16:24:24.800000,9.77762840917424
2015-03-26T16:24:24.900000,9.77798999989024
2015-03-26T16:24:25.000000,9.776595539030405
2015-03-26T16:24:25.100000,9.773839055800616
2015-03-26T16:24:25.200000,9.777967434131924
2015-03-26T16:24:25.300000,9.783148781860756
2015-03-26T16:24:25.400000,9.768193800589469
2015-03-26T16:24:25.500000,9.765518691954084
2015-03-26T16:24:25.600000,9.761506170895268
2015-03-26T16:24:25.700000,9.751205991264978
2015-03-26T16:24:25.800000,9.74675122319295
2015-03-26T16:24:25.900000,9.755008574890716
2015-03-26T16:24:26.000000,9.759815315931665
2015-03-26T16:24:26.100000,9.762922989828065
2015-03-26T16:24:26.200000,9.763435896656825
2015-03-26T16:24:26.300000,9.755781031778122
2015-03-26T16:24:26.400000,9.75081759869012
2015-03-26T16:24:26.500000,9.758356287345118
2015-03-26T16:24:26.600000,9.754162147987904
2015-03-26T16:24:26.700000,9.751674646226617
2015-03-26T16:24:26.800000,9.778858756362574
2015-03-26T16:24:26.900000,9.774804586524526
2015-03-26T16:24:27.000000,9.755265817909056
2015-03-26T16:24:27.100000,9.749925250075368
2015-03-26T16:24:27.200000,9.763800579945608
2015-03-26T16:24:27.300000,9.763696462796077
2015-03-26T16:24:27.400000,9.749707798096049
2015-03-26T16:24:27.500000,9.74983130655851
2015-03-26T16:24:27.600000,9.762839874582502
2015-03-26T16:24:27.700000,9.755576199022482
2015-03-26T16:24:27.800000,9.75607863812067
2015-03-26T16:24:27.900000,9.757021007994208
2015-03-26T16:24:28.000000,9.76817671031403
2015-03-26T16:24:28.100000,9.776541107624398
2015-03-26T16:24:28.200000,9.764050680216448
2015-03-26T16:24:28.300000,9.762278831637138
2015-03-26T16:24:28.400000,9.769579966192923
2015-03-26T16:24:28.500000,9.771340361056748
2015-03-26T16:24:28.600000,9.78655478810476
2015-03-26T16:24:28.700000,9.796401451514072
2015-03-26T16:24:28.800000,9.799076050242329
2015-03-26T16:24:28.900000,9.78839292173762
2015-03-26T16:24:29.000000,9.776340019850757
2015-03-26T16:24:29.100000,9.803964383889916
2015-03-26T16:24:29.200000,9.787832240174122
2015-03-26T16:24:29.300000,9.76385767433254
2015-03-26T16:24:29.400000,9.755319992701084
2015-03-26T16:24:29.500000,9.781123615063958
2015-03-26T16:24:29.600000,9.794969257099918
2015-03-26T16:24:29.700000,9.783921306943364
2015-03-26T16:24:29.800000,9.771992995973468
2015-03-26T16:24:29.900000,9.778404689270465
2015-03-26T16:24:30.000000,9.7751782231691
2015-03-26T16:24:30.100000,9.752595424678145
2015-03-26T16:24:30.200000,9.752267109234849
2015-03-26T16:24:30.300000,9.760842728971877
2015-03-26T16:24:30.400000,9.753306664298975
2015-03-26T16:24:30.500000,9.748801457946591
2015-03-26T16:24:30.600000,9.760965976604522
2015-03-26T16:24:30.700000,9.768759877119075
2015-03-26T16:24:30.800000,9.759277920988882
2015-03-26T16:24:30.900000,9.75795829662421
2015-03-26T16:24:31.000000,9.77032679962487
2015-03-26T16:24:31.100000,9.76723809947537
2015-03-26T16:24:31.200000,9.774150304900182
2015-03-26T16:24:31.300000,9.759195223252496
2015-03-26T16:24:31.400000,9.757135467195184
2015-03-26T16:24:31.500000,9.76136675979846
2015-03-26T16:24:31.600000,9.759128686298617
2015-03-26T16:24:31.700000,9.762500995544128
2015-03-26T16:24:31.800000,9.765075955373057
2015-03-26T16:24:31.900000,9.76298464920076
2015-03-26T16:24:32.000000,9.759189587282858
2015-03-26T16:24:32.100000,9.760271996463342
2015-03-26T16:24:32.200000,9.762236362919774
2015-03-26T16:24:32.300000,9.765933070028648
2015-03-26T16:24:32.400000,9.77117339449913
2015-03-26T16:24:32.500000,9.775330654279838
2015-03-26T16:24:32.600000,9.768602169053436
2015-03-26T16:24:32.700000,9.772083425041073
2015-03-26T16:24:32.800000,9.779767275370064
2015-03-26T16:24:32.900000,9.772560057636063
2015-03-26T16:24:33.000000,9.762199358477645
2015-03-26T16:24:33.100000,9.762816142518815
2015-03-26T16:24:33.200000,9.767552756662138
2015-03-26T16:24:33.300000,9.77226298339518
2015-03-26T16:24:33.400000,9.771531076288053
2015-03-26T16:24:33.500000,9.773378643397963
2015-03-26T16:24:33.600000,9.77662446362572
2015-03-26T16:24:33.700000,9.78356727180492
2015-03-26T16:24:33.800000,9.775351406274655
2015-03-26T16:24:33.900000,9.779341148889957
2015-03-26T16:24:34.000000,9.774691718573203
2015-03-26T16:24:34.100000,9.75284101721197
2015-03-26T16:24:34.200000,9.767512936002904
2015-03-26T16:24:34.300000,9.764850521499778
2015-03-26T16:24:34.400000,9.761599480791944
2015-03-26T16:24:34.500000,9.7656445027322
2015-03-26T16:24:34.600000,9.766883654406072
2015-03-26T16:24:34.700000,9.766476110058267
2015-03-26T16:24:34.800000,9.762130966464015
2015-03-26T16:24:34.900000,9.759580409292989
2015-03-26T16:24:35.000000,9.760801778327885
2015-03-26T16:24:35.100000,9.760721258507642
2015-03-26T16:24:35.200000,9.760640815329491
2015-03-26T16:24:35.300000,9.757189874077856
2015-03-26T16:24:35.400000,9.753152695080342
2015-03-26T16:24:35.500000,9.748004254612336
2015-03-26T16:24:35.600000,9.74153456403385
2015-03-26T16:24:35.700000,9.741738104979722
2015-03-26T16:24:35.800000,9.749972579468404
2015-03-26T16:24:35.900000,9.75787271361439
2015-03-26T16:24:36.000000,9.76476657944871
2015-03-26T16:24:36.100000,9.76516622303059
2015-03-26T16:24:36.200000,9.780487336058023
2015-03-26T16:24:36.300000,9.76491631389713
2015-03-26T16:24:36.400000,9.76368046312776
2015-03-26T16:24:36.500000,9.775798943986308
2015-03-26T16:24:36.600000,9.774832780132591
2015-03-26T16:24:36.700000,9.769116947934018
2015-03-26T16:24:36.800000,9.780132311542255
2015-03-26T16:24:36.900000,9.776133295064998
2015-03-26T16:24:37.000000,9.74860002944552
2015-03-26T16:24:37.100000,9.77626426695733
2015-03-26T16:24:37.200000,9.781837645155788
2015-03-26T16:24:37.300000,9.769308075764943
2015-03-26T16:24:37.400000,9.764064029612992
2015-03-26T16:24:37.500000,9.77373329161358
2015-03-26T16:24:37.600000,9.782725751360644
2015-03-26T16:24:37.700000,9.771621376023928
2015-03-26T16:24:37.800000,9.776115986241493
2015-03-26T16:24:37.900000,9.78859607457712
2015-03-26T16:24:38.000000,9.788306123936607
2015-03-26T16:24:38.100000,9.76520525979518
2015-03-26T16:24:38.200000,9.755938388652014
2015-03-26T16:24:38.300000,9.782136473539904
2015-03-26T16:24:38.400000,9.802551748563236
2015-03-26T16:24:38.500000,9.812339052359066
2015-03-26T16:24:38.600000,9.785840809343004
2015-03-26T16:24:38.700000,9.764569469916676
2015-03-26T16:24:38.800000,9.782734419658972
2015-03-26T16:24:38.900000,9.794022168648244
2015-03-26T16:24:39.000000,9.781507829540582
2015-03-26T16:24:39.100000,9.772213241559324
2015-03-26T16:24:39.200000,9.78067381573142
2015-03-26T16:24:39.300000,9.785136783803711
2015-03-26T16:24:39.400000,9.77210469835762
2015-03-26T16:24:39.500000,9.776157836880971
2015-03-26T16:24:39.600000,9.762138958232631
2015-03-26T16:24:39.700000,9.770396013780486
2015-03-26T16:24:39.800000,9.768619713366974
2015-03-26T16:24:39.900000,9.757507101466205
2015-03-26T16:24:40.000000,9.746534502736344
2015-03-26T16:24:40.100000,9.75530394599537
2015-03-26T16:24:40.200000,9.772691832777612
2015-03-26T16:24:40.300000,9.771550008946225
2015-03-26T16:24:40.400000,9.77148199676262
2015-03-26T16:24:40.500000,9.774024541610531
2015-03-26T16:24:40.600000,9.762921673887234
2015-03-26T16:24:40.700000,9.75324749680482
2015-03-26T16:24:40.800000,9.741923037835551
2015-03-26T16:24:40.900000,9.744360724047164
2015-03-26T16:24:41.000000,9.761034660323157
2015-03-26T16:24:41.100000,9.764030629090865
2015-03-26T16:24:41.200000,9.746999824615273
2015-03-26T16:24:41.300000,9.757947888394682
2015-03-26T16:24:41.400000,9.760744936954596
2015-03-26T16:24:41.500000,9.74952604069036
2015-03-26T16:24:41.600000,9.759029854825943
2015-03-26T16:24:41.700000,9.75999327737594
2015-03-26T16:24:41.800000,9.765104280822207
2015-03-26T16:24:41.900000,9.76609601465873
2015-03-26T16:24:42.000000,9.759771563502616
2015-03-26T16:24:42.100000,9.763997771008311
2015-03-26T16:24:42.200000,9.763202190189896
2015-03-26T16:24:42.300000,9.754668604431751
2015-03-26T16:24:42.400000,9.755860871594528
2015-03-26T16:24:42.500000,9.755246458096092
2015-03-26T16:24:42.600000,9.736503018943068
2015-03-26T16:24:42.700000,9.73195004821058
2015-03-26T16:24:42.800000,9.751695840979329
2015-03-26T16:24:42.900000,9.748463698582984
2015-03-26T16:24:43.000000,9.749495383569585
2015-03-26T16:24:43.100000,9.773280342736893
2015-03-26T16:24:43.200000,9.770857583215816
2015-03-26T16:24:43.300000,9.767672322848462
2015-03-26T16:24:43.400000,9.761981183343954
2015-03-26T16:24:43.500000,9.756598839538304
2015-03-26T16:24:43.600000,9.788786892581008
2015-03-26T16:24:43.700000,9.790650050681975
2015-03-26T16:24:43.800000,9.770943364671789
2015-03-26T16:24:43.900000,9.778540475587
2015-03-26T16:24:44.000000,9.78010219951068
2015-03-26T16:24:44.100000,9.7676214532069
2015-03-26T16:24:44.200000,9.757286101502046
2015-03-26T16:24:44.300000,9.770512796345592
2015-03-26T16:24:44.400000,9.771640827633057
2015-03-26T16:24:44.500000,9.76826614113206
2015-03-26T16:24:44.600000,9.781499393859994
2015-03-26T16:24:44.700000,9.786075359819536
2015-03-26T16:24:44.800000,9.7880713607033
2015-03-26T16:24:44.900000,9.787958511532818
2015-03-26T16:24:45.000000,9.78233055573961
2015-03-26T16:24:45.100000,9.781838922349298
2015-03-26T16:24:45.200000,9.789761594737826
2015-03-26T16:24:45.300000,9.799858179467462
2015-03-26T16:24:45.400000,9.798172275119072
2015-03-26T16:24:45.500000,9.78431734392298
2015-03-26T16:24:45.600000,9.779873398985227
2015-03-26T16:24:45.700000,9.789248238772212
2015-03-26T16:24:45.800000,9.782722965242296
2015-03-26T16:24:45.900000,9.77505906440381
2015-03-26T16:24:46.000000,9.778688216113036
2015-03-26T16:24:46.100000,9.78281125283952
2015-03-26T16:24:46.200000,9.768424821709832
2015-03-26T16:24:46.300000,9.7789246920308
2015-03-26T16:24:46.400000,9.772271096643976
2015-03-26T16:24:46.500000,9.776815176469992
2015-03-26T16:24:46.600000,9.753069130026166
2015-03-26T16:24:46.700000,9.76136619022428
2015-03-26T16:24:46.800000,9.76395936961762
2015-03-26T16:24:46.900000,9.755481811615464
2015-03-26T16:24:47.000000,9.755025358786252
2015-03-26T16:24:47.100000,9.754979048928302
2015-03-26T16:24:47.200000,9.756763337774292
2015-03-26T16:24:47.300000,9.76341377915927
2015-03-26T16:24:47.400000,9.768395062156124
2015-03-26T16:24:47.500000,9.76020537647378
2015-03-26T16:24:47.600000,9.766602621423262
2015-03-26T16:24:47.700000,9.748648086457592
2015-03-26T16:24:47.800000,9.745181492319638
2015-03-26T16:24:47.900000,9.74927033288378
2015-03-26T16:24:48.000000,9.740734615941731
2015-03-26T16:24:48.100000,9.733184751993878
2015-03-26T16:24:48.200000,9.734920454294231
2015-03-26T16:24:48.300000,9.739876958523446
2015-03-26T16:24:48.400000,9.750698736722134
2015-03-26T16:24:48.500000,9.758398487343849
2015-03-26T16:24:48.600000,9.762435808088943
2015-03-26T16:24:48.700000,9.761172354934832
2015-03-26T16:24:48.800000,9.753583618818782
2015-03-26T16:24:48.900000,9.763770481616318
2015-03-26T16:24:49.000000,9.754274881700011
2015-03-26T16:24:49.100000,9.756109762531691
2015-03-26T16:24:49.200000,9.764783205447271
2015-03-26T16:24:49.300000,9.767316374590235
2015-03-26T16:24:49.400000,9.761500429815912
2015-03-26T16:24:49.500000,9.751434212907624
2015-03-26T16:24:49.600000,9.756865742062148
2015-03-26T16:24:49.700000,9.786458903800495
2015-03-26T16:24:49.800000,9.785652240432295
2015-03-26T16:24:49.900000,9.78578656692754
2015-03-26T16:24:50.000000,9.769348753661644
2015-03-26T16:24:50.100000,9.774886993472895
2015-03-26T16:24:50.200000,9.77841089567842
2015-03-26T16:24:50.300000,9.781095678524627
2015-03-26T16:24:50.400000,9.767442299142878
2015-03-26T16:24:50.500000,9.765730545249513
2015-03-26T16:24:50.600000,9.785829429205153
2015-03-26T16:24:50.700000,9.77658180989328
2015-03-26T16:24:50.800000,9.76703061864312
2015-03-26T16:24:50.900000,9.783426461543328
2015-03-26T16:24:51.000000,9.769198832396642
2015-03-26T16:24:51.100000,9.78349810863146
2015-03-26T16:24:51.200000,9.772323581806331
2015-03-26T16:24:51.300000,9.763774781626012
2015-03-26T16:24:51.400000,9.7657001601109
2015-03-26T16:24:51.500000,9.78073898363908
2015-03-26T16:24:51.600000,9.792450372632404
2015-03-26T16:24:51.700000,9.772854008912669
2015-03-26T16:24:51.800000,9.771141115024731
2015-03-26T16:24:51.900000,9.780836984452955
2015-03-26T16:24:52.000000,9.775904303016514
2015-03-26T16:24:52.100000,9.774909041635894
2015-03-26T16:24:52.200000,9.768546103615714
2015-03-26T16:24:52.300000,9.784096285993414
2015-03-26T16:24:52.400000,9.76048565025551
2015-03-26T16:24:52.500000,9.76160577424622
2015-03-26T16:24:52.600000,9.785034171537172
2015-03-26T16:24:52.700000,9.784385260030607
2015-03-26T16:24:52.800000,9.779658749784018
2015-03-26T16:24:52.900000,9.783278427255148
2015-03-26T16:24:53.000000,9.767775781468451
2015-03-26T16:24:53.100000,9.769573771404716
2015-03-26T16:24:53.200000,9.772168672727991
2015-03-26T16:24:53.300000,9.773339157850092
2015-03-26T16:24:53.400000,9.769329391809723
2015-03-26T16:24:53.500000,9.76332370403896
2015-03-26T16:24:53.600000,9.764074492011652
2015-03-26T16:24:53.700000,9.770630097796762
2015-03-26T16:24:53.800000,9.765601491854817
2015-03-26T16:24:53.900000,9.753625260560414
2015-03-26T16:24:54.000000,9.753930891321506
2015-03-26T16:24:54.100000,9.755733943877251
2015-03-26T16:24:54.200000,9.737091188718924
2015-03-26T16:24:54.300000,9.736163738968566
2015-03-26T16:24:54.400000,9.75228409784013
2015-03-26T16:24:54.500000,9.743805606693853
2015-03-26T16:24:54.600000,9.756265816596692
2015-03-26T16:24:54.700000,9.77632978699803
2015-03-26T16:24:54.800000,9.767827247185089
2015-03-26T16:24:54.900000,9.769904634515342
2015-03-26T16:24:55.000000,9.773401699167248
2015-03-26T16:24:55.100000,9.767807747673825
2015-03-26T16:24:55.200000,9.770033388876218
2015-03-26T16:24:55.300000,9.77232141749514
2015-03-26T16:24:55.400000,9.763591237653038
2015-03-26T16:24:55.500000,9.752038762654468
2015-03-26T16:24:55.600000,9.743075407097418
2015-03-26T16:24:55.700000,9.74962594774843
2015-03-26T16:24:55.800000,9.743988078206712
2015-03-26T16:24:55.900000,9.737345335539246
2015-03-26T16:24:56.000000,9.761127878542906
2015-03-26T16:24:56.100000,9.779361610389468
2015-03-26T16:24:56.200000,9.788335772073582
2015-03-26T16:24:56.300000,9.77922377419016
2015-03-26T16:24:56.400000,9.76051169916535
2015-03-26T16:24:56.500000,9.761083497232308
2015-03-26T16:24:56.600000,9.773924359162253
2015-03-26T16:24:56.700000,9.780774979684915
2015-03-26T16:24:56.800000,9.782813734140772
2015-03-26T16:24:56.900000,9.765945772351165
2015-03-26T16:24:57.000000,9.746354154142194
2015-03-26T16:24:57.100000,9.753655813308669
2015-03-26T16:24:57.200000,9.766456485724484
2015-03-26T16:24:57.300000,9.772796802960851
2015-03-26T16:24:57.400000,9.779064410071978
2015-03-26T16:24:57.500000,9.773645863066063
2015-03-26T16:24:57.600000,9.758118107339918
2015-03-26T16:24:57.700000,9.74915481441373
2015-03-26T16:24:57.800000,9.753320236121192
2015-03-26T16:24:57.900000,9.761361840585936
2015-03-26T16:24:58.000000,9.763159369702212
2015-03-26T16:24:58.100000,9.766362571328154
2015-03-26T16:24:58.200000,9.77458427628796
2015-03-26T16:24:58.300000,9.753700225927602
2015-03-26T16:24:58.400000,9.760167467806973
2015-03-26T16:24:58.500000,9.75739764775775
2015-03-26T16:24:58.600000,9.740990730167312
2015-03-26T16:24:58.700000,9.754743617701468
2015-03-26T16:24:58.800000,9.7664235906176
2015-03-26T16:24:58.900000,9.758606715258638
2015-03-26T16:24:59.000000,9.740665763365504
2015-03-26T16:24:59.100000,9.739631300747671
2015-03-26T16:24:59.200000,9.74030024143985
2015-03-26T16:24:59.300000,9.7538801366835
2015-03-26T16:24:59.400000,9.755107652542083
2015-03-26T16:24:59.500000,9.750499060421168
2015-03-26T16:24:59.600000,9.753413115127335
2015-03-26T16:24:59.700000,9.756498453279946
2015-03-26T16:24:59.800000,9.759194427698406
2015-03-26T16:24:59.900000,9.75968004334499
2015-03-26T16:25:00.000000,9.74437035182804
2015-03-26T16:25:00.100000,9.744794784286354
2015-03-26T16:25:00.200000,9.76130140700145
2015-03-26T16:25:00.300000,9.757583796750923
2015-03-26T16:25:00.400000,9.76244940629855
2015-03-26T16:25:00.500000,9.763171213791455
2015-03-26T16:25:00.600000,9.760164127333155
2015-03-26T16:25:00.700000,9.778324661458235
2015-03-26T16:25:00.800000,9.775050894280817
2015-03-26T16:25:00.900000,9.774936851885894
2015-03-26T16:25:01.000000,9.774986242473927
2015-03-26T16:25:01.100000,9.7742736964152
2015-03-26T16:25:01.200000,9.783341656527163
2015-03-26T16:25:01.300000,9.78655867277733
2015-03-26T16:25:01.400000,9.798646800619354
2015-03-26T16:25:01.500000,9.79503254504619
2015-03-26T16:25:01.600000,9.782614356329503
2015-03-26T16:25:01.700000,9.78739431572304
2015-03-26T16:25:01.800000,9.782352212584406
2015-03-26T16:25:01.900000,9.77931936097292
2015-03-26T16:25:02.000000,9.785620295057932
2015-03-26T16:25:02.100000,9.790390651451863
2015-03-26T16:25:02.200000,9.80042099153729
2015-03-26T16:25:02.300000,9.79680627761198
2015-03-26T16:25:02.400000,9.77688230630645
2015-03-26T16:25:02.500000,9.775130369166074
2015-03-26T16:25:02.600000,9.7837463665601
2015-03-26T16:25:02.700000,9.783486337380586
2015-03-26T16:25:02.800000,9.77759286223637
2015-03-26T16:25:02.900000,9.767319968425271
2015-03-26T16:25:03.000000,9.778307270107128
2015-03-26T16:25:03.100000,9.78510705488336
2015-03-26T16:25:03.200000,9.772716560324206
2015-03-26T16:25:03.300000,9.769740001897253
2015-03-26T16:25:03.400000,9.779715018017235
2015-03-26T16:25:03.500000,9.779225978818763
2015-03-26T16:25:03.600000,9.764821187900578
2015-03-26T16:25:03.700000,9.757442783119185
2015-03-26T16:25:03.800000,9.76824138895144
2015-03-26T16:25:03.900000,9.768093090401097
2015-03-26T16:25:04.000000,9.770859360831636
2015-03-26T16:25:04.100000,9.764059617817118
2015-03-26T16:25:04.200000,9.77170739577938
2015-03-26T16:25:04.300000,9.763829128885536
2015-03-26T16:25:04.400000,9.75194852596541
2015-03-26T16:25:04.500000,9.747333834411268
2015-03-26T16:25:04.600000,9.75724292135862
2015-03-26T16:25:04.700000,9.761910726997051
2015-03-26T16:25:04.800000,9.758254554946769
2015-03-26T16:25:04.900000,9.754685631319983
2015-03-26T16:25:05.000000,9.751930363184604
2015-03-26T16:25:05.100000,9.753809781103488
2015-03-26T16:25:05.200000,9.759167153179956
2015-03-26T16:25:05.300000,9.760414881838678
2015-03-26T16:25:05.400000,9.738596535459957
2015-03-26T16:25:05.500000,9.735837233336191
2015-03-26T16:25:05.600000,9.751577667009096
2015-03-26T16:25:05.700000,9.757152668022826
2015-03-26T16:25:05.800000,9.760955850704788
2015-03-26T16:25:05.900000,9.768708195675323
2015-03-26T16:25:06.000000,9.7589371253437
2015-03-26T16:25:06.100000,9.75453833504031
2015-03-26T16:25:06.200000,9.76140577069784
2015-03-26T16:25:06.300000,9.769799883770313
2015-03-26T16:25:06.400000,9.75783488714149
2015-03-26T16:25:06.500000,9.730291634480666
2015-03-26T16:25:06.600000,9.761105358019776
2015-03-26T16:25:06.700000,9.776643958160344
2015-03-26T16:25:06.800000,9.785497500248656
2015-03-26T16:25:06.900000,9.771984359184705
2015-03-26T16:25:07.000000,9.773615311765049
2015-03-26T16:25:07.100000,9.765744614832848
2015-03-26T16:25:07.200000,9.757874665751537
2015-03-26T16:25:07.300000,9.760920083589964
2015-03-26T16:25:07.400000,9.778415825618536
2015-03-26T16:25:07.500000,9.778634013951503
2015-03-26T16:25:07.600000,9.771732216254987
2015-03-26T16:25:07.700000,9.7688324250635
2015-03-26T16:25:07.800000,9.760517185091745
2015-03-26T16:25:07.900000,9.774580426007487
2015-03-26T16:25:08.000000,9.784125892642685
2015-03-26T16:25:08.100000,9.784166691983662
2015-03-26T16:25:08.200000,9.775617405431197
2015-03-26T16:25:08.300000,9.776385069492628
2015-03-26T16:25:08.400000,9.7905699898279
2015-03-26T16:25:08.500000,9.78738416735539
2015-03-26T16:25:08.600000,9.798713922871848
2015-03-26T16:25:08.700000,9.784685011801727
2015-03-26T16:25:08.800000,9.778464390122448
2015-03-26T16:25:08.900000,9.796865555250292
2015-03-26T16:25:09.000000,9.80324254650321
2015-03-26T16:25:09.100000,9.7955062092092
2015-03-26T16:25:09.200000,9.789575866839112
2015-03-26T16:25:09.300000,9.792509718333893
2015-03-26T16:25:09.400000,9.79995497190272
2015-03-26T16:25:09.500000,9.795590883682674
2015-03-26T16:25:09.600000,9.786130029148664
2015-03-26T16:25:09.700000,9.770250084618596
2015-03-26T16:25:09.800000,9.781494934110375
2015-03-26T16:25:09.900000,9.77977293944042
2015-03-26T16:25:10.000000,9.785105447432342
2015-03-26T16:25:10.100000,9.775521232558
2015-03-26T16:25:10.200000,9.76543629316952
2015-03-26T16:25:10.300000,9.769911781465138
2015-03-26T16:25:10.400000,9.75297590727906
2015-03-26T16:25:10.500000,9.754860422929358
2015-03-26T16:25:10.600000,9.75539107117131
2015-03-26T16:25:10.700000,9.757780764796792
2015-03-26T16:25:10.800000,9.75907271681232
2015-03-26T16:25:10.900000,9.75170510816303
2015-03-26T16:25:11.000000,9.744546657462404
2015-03-26T16:25:11.100000,9.756853723742724
2015-03-26T16:25:11.200000,9.732666864529476
2015-03-26T16:25:11.300000,9.74486059466055
2015-03-26T16:25:11.400000,9.775316316565656
2015-03-26T16:25:11.500000,9.754722681150543
2015-03-26T16:25:11.600000,9.734744495834825
2015-03-26T16:25:11.700000,9.747603708617966
2015-03-26T16:25:11.800000,9.749176475273831
2015-03-26T16:25:11.900000,9.734459711406574
2015-03-26T16:25:12.000000,9.738202702992892
2015-03-26T16:25:12.100000,9.7442840111968
2015-03-26T16:25:12.200000,9.735952200980648
2015-03-26T16:25:12.300000,9.746227939953371
2015-03-26T16:25:12.400000,9.75580347568713
2015-03-26T16:25:12.500000,9.748238072481012
2015-03-26T16:25:12.600000,9.740489412084123
2015-03-26T16:25:12.700000,9.74733195811769
2015-03-26T16:25:12.800000,9.748662789564383
2015-03-26T16:25:12.900000,9.750308780762309
2015-03-26T16:25:13.000000,9.76077877294995
2015-03-26T16:25:13.100000,9.75408554274059
2015-03-26T16:25:13.200000,9.756462357697831
2015-03-26T16:25:13.300000,9.758837066885846
2015-03-26T16:25:13.400000,9.75925355788831
2015-03-26T16:25:13.500000,9.75806964645438
2015-03-26T16:25:13.600000,9.75893203871886
2015-03-26T16:25:13.700000,9.763246867105936
2015-03-26T16:25:13.800000,9.766853104244854
2015-03-26T16:25:13.900000,9.77041852082024
2015-03-26T16:25:14.000000,9.768758772256902
2015-03-26T16:25:14.100000,9.76368053376309
2015-03-26T16:25:14.200000,9.76657064608598
2015-03-26T16:25:14.300000,9.783834848163346
2015-03-26T16:25:14.400000,9.797713514712717
2015-03-26T16:25:14.500000,9.795895355593718
2015-03-26T16:25:14.600000,9.7959095554782
2015-03-26T16:25:14.700000,9.793478560936483
2015-03-26T16:25:14.800000,9.782575194050125
2015-03-26T16:25:14.900000,9.80079626724536
2015-03-26T16:25:15.000000,9.806476004857364
2015-03-26T16:25:15.100000,9.79445484097296
2015-03-26T16:25:15.200000,9.798165388780223
2015-03-26T16:25:15.300000,9.791030412640962
2015-03-26T16:25:15.400000,9.788417707453428
2015-03-26T16:25:15.500000,9.79733375627497
2015-03-26T16:25:15.600000,9.809472762668015
2015-03-26T16:25:15.700000,9.790338471492
2015-03-26T16:25:15.800000,9.788929903816536
2015-03-26T16:25:15.900000,9.785207911233298
2015-03-26T16:25:16.000000,9.79173734890693
2015-03-26T16:25:16.100000,9.78008704427542
2015-03-26T16:25:16.200000,9.76574044792413
2015-03-26T16:25:16.300000,9.759643732086843
2015-03-26T16:25:16.400000,9.766944434933864
2015-03-26T16:25:16.500000,9.7660063072055
2015-03-26T16:25:16.600000,9.767758742711507
2015-03-26T16:25:16.700000,9.766844640570412
2015-03-26T16:25:16.800000,9.757665621305488
2015-03-26T16:25:16.900000,9.759234656874332
2015-03-26T16:25:17.000000,9.757525408879513
2015-03-26T16:25:17.100000,9.737496392467984
2015-03-26T16:25:17.200000,9.717944097038112
2015-03-26T16:25:17.300000,9.742653459750292
2015-03-26T16:25:17.400000,9.751918564252543
2015-03-26T16:25:17.500000,9.756007980486883
2015-03-26T16:25:17.600000,9.728545285412345
2015-03-26T16:25:17.700000,9.73489984411604
2015-03-26T16:25:17.800000,9.752474867350973
2015-03-26T16:25:17.900000,9.746462155139971
2015-03-26T16:25:18.000000,9.74536314792292
2015-03-26T16:25:18.100000,9.744249349005417
2015-03-26T16:25:18.200000,9.7540040346907
2015-03-26T16:25:18.300000,9.761884078237903
2015-03-26T16:25:18.400000,9.750539324078442
2015-03-26T16:25:18.500000,9.736344340343416
2015-03-26T16:25:18.600000,9.738830612567616
2015-03-26T16:25:18.700000,9.75090895974802
2015-03-26T16:25:18.800000,9.759978383080933
2015-03-26T16:25:18.900000,9.752136395672308
2015-03-26T16:25:19.000000,9.743197968473869
2015-03-26T16:25:19.100000,9.74946417812882
2015-03-26T16:25:19.200000,9.76993746120261
2015-03-26T16:25:19.300000,9.785128876328969
2015-03-26T16:25:19.400000,9.79184668095098
2015-03-26T16:25:19.500000,9.787628013296136
2015-03-26T16:25:19.600000,9.780267126597815
2015-03-26T16:25:19.700000,9.772612157895145
2015-03-26T16:25:19.800000,9.769469706001225
2015-03-26T16:25:19.900000,9.779101990005136
2015-03-26T16:25:20.000000,9.782384973927334
2015-03-26T16:25:20.100000,9.777209580188586
2015-03-26T16:25:20.200000,9.76976969530266
2015-03-26T16:25:20.300000,9.78793641254757
2015-03-26T16:25:20.400000,9.811100226277402
2015-03-26T16:25:20.500000,9.808590767054168
2015-03-26T16:25:20.600000,9.81065283127888
2015-03-26T16:25:20.700000,9.805525340269984
2015-03-26T16:25:20.800000,9.78491888715097
2015-03-26T16:25:20.900000,9.800289272170646
2015-03-26T16:25:21.000000,9.808930953341138
2015-03-26T16:25:21.100000,9.79931808069265
2015-03-26T16:25:21.200000,9.796919018477968
2015-03-26T16:25:21.300000,9.793838147033826
2015-03-26T16:25:21.400000,9.78401027148838
2015-03-26T16:25:21.500000,9.77983252187204
2015-03-26T16:25:21.600000,9.783248416727217
2015-03-26T16:25:21.700000,9.782315621487262
2015-03-26T16:25:21.800000,9.77974771608044
2015-03-26T16:25:21.900000,9.772866113774835
2015-03-26T16:25:22.000000,9.773862742739302
2015-03-26T16:25:22.100000,9.774772017470683
2015-03-26T16:25:22.200000,9.767312467932042
2015-03-26T16:25:22.300000,9.76007071505792
2015-03-26T16:25:22.400000,9.75767938814474
2015-03-26T16:25:22.500000,9.75125167834794
2015-03-26T16:25:22.600000,9.74548791473319
2015-03-26T16:25:22.700000,9.7366588364567
2015-03-26T16:25:22.800000,9.734063081968069
2015-03-26T16:25:22.900000,9.72745502699282
2015-03-26T16:25:23.000000,9.73149494464278
2015-03-26T16:25:23.100000,9.739957791780483
2015-03-26T16:25:23.200000,9.733591928454782
2015-03-26T16:25:23.300000,9.73869349808784
2015-03-26T16:25:23.400000,9.756695180308755
2015-03-26T16:25:23.500000,9.746933340558774
2015-03-26T16:25:23.600000,9.740376853853796
2015-03-26T16:25:23.700000,9.75337652285637
2015-03-26T16:25:23.800000,9.747320284875952
2015-03-26T16:25:23.900000,9.738040492079538
2015-03-26T16:25:24.000000,9.729028233167318
2015-03-26T16:25:24.100000,9.730755404290717
2015-03-26T16:25:24.200000,9.762175219352082
2015-03-26T16:25:24.300000,9.759067683562144
2015-03-26T16:25:24.400000,9.747418455368646
2015-03-26T16:25:24.500000,9.74857378976546
2015-03-26T16:25:24.600000,9.758783156811074
2015-03-26T16:25:24.700000,9.765240790894312
2015-03-26T16:25:24.800000,9.764548534313445
2015-03-26T16:25:24.900000,9.778221496754655
2015-03-26T16:25:25.000000,9.76474108307285
2015-03-26T16:25:25.100000,9.777142467303422
2015-03-26T16:25:25.200000,9.783220182369346
2015-03-26T16:25:25.300000,9.779443691749616
2015-03-26T16:25:25.400000,9.783707107813669
2015-03-26T16:25:25.500000,9.801337229166348
2015-03-26T16:25:25.600000,9.80653302302624
2015-03-26T16:25:25.700000,9.801364905514015
2015-03-26T16:25:25.800000,9.795896148014782
2015-03-26T16:25:25.900000,9.797516232380929
2015-03-26T16:25:26.000000,9.795794715862993
2015-03-26T16:25:26.100000,9.790741773672211
2015-03-26T16:25:26.200000,9.780711226465089
2015-03-26T16:25:26.300000,9.770686741925347
2015-03-26T16:25:26.400000,9.784779819417023
2015-03-26T16:25:26.500000,9.793526686195849
2015-03-26T16:25:26.600000,9.78084645359236
2015-03-26T16:25:26.700000,9.77802535245788
2015-03-26T16:25:26.800000,9.792130555644984
2015-03-26T16:25:26.900000,9.801913736039756
2015-03-26T16:25:27.000000,9.78925640462075
2015-03-26T16:25:27.100000,9.769674102729972
2015-03-26T16:25:27.200000,9.776855110475733
2015-03-26T16:25:27.300000,9.774597336380056
2015-03-26T16:25:27.400000,9.774063176900023
2015-03-26T16:25:27.500000,9.775869995474809
2015-03-26T16:25:27.600000,9.777636869985676
2015-03-26T16:25:27.700000,9.761768376165628
2015-03-26T16:25:27.800000,9.753223826120724
2015-03-26T16:25:27.900000,9.759163852146315
2015-03-26T16:25:28.000000,9.76784989477125
2015-03-26T16:25:28.100000,9.757389074571272
2015-03-26T16:25:28.200000,9.750630473761646
2015-03-26T16:25:28.300000,9.73657338162966
2015-03-26T16:25:28.400000,9.728883457025814
2015-03-26T16:25:28.500000,9.748355723566808
2015-03-26T16:25:28.600000,9.764807393141952
2015-03-26T16:25:28.700000,9.751947615814636
2015-03-26T16:25:28.800000,9.746541782498802
2015-03-26T16:25:28.900000,9.766254167939564
2015-03-26T16:25:29.000000,9.760241278586571
2015-03-26T16:25:29.100000,9.751904716365267
2015-03-26T16:25:29.200000,9.755650117191644
2015-03-26T16:25:29.300000,9.760825759003763
2015-03-26T16:25:29.400000,9.73932753210478
2015-03-26T16:25:29.500000,9.745487906844316
2015-03-26T16:25:29.600000,9.761366863823058
2015-03-26T16:25:29.700000,9.755874514600333
2015-03-26T16:25:29.800000,9.761888567887016
2015-03-26T16:25:29.900000,9.749959189808004
2015-03-26T16:25:30.000000,9.749402568094544
2015-03-26T16:25:30.100000,9.75843695196536
2015-03-26T16:25:30.200000,9.77629168925882
2015-03-26T16:25:30.300000,9.77186140115838
2015-03-26T16:25:30.400000,9.75976986175138
2015-03-26T16:25:30.500000,9.749402407506958
2015-03-26T16:25:30.600000,9.77323337196892
2015-03-26T16:25:30.700000,9.780989999027026
2015-03-26T16:25:30.800000,9.77260274916416
2015-03-26T16:25:30.900000,9.788962384210643
2015-03-26T16:25:31.000000,9.77429296784558
2015-03-26T16:25:31.100000,9.779529428138504
2015-03-26T16:25:31.200000,9.798208876124384
2015-03-26T16:25:31.300000,9.794144230002637
2015-03-26T16:25:31.400000,9.787449915959252
2015-03-26T16:25:31.500000,9.803080712946723
2015-03-26T16:25:31.600000,9.807487826043218
2015-03-26T16:25:31.700000,9.786344659877884
2015-03-26T16:25:31.800000,9.787009551437423
2015-03-26T16:25:31.900000,9.79125713279985
2015-03-26T16:25:32.000000,9.782392671513684
2015-03-26T16:25:32.100000,9.802685007661008
2015-03-26T16:25:32.200000,9.799664019106704
2015-03-26T16:25:32.300000,9.786687806158051
2015-03-26T16:25:32.400000,9.777750531169676
2015-03-26T16:25:32.500000,9.791683828624336
2015-03-26T16:25:32.600000,9.79656303560538
2015-03-26T16:25:32.700000,9.79058666685342
2015-03-26T16:25:32.800000,9.784097648486112
2015-03-26T16:25:32.900000,9.774902785141654
2015-03-26T16:25:33.000000,9.777733616316029
2015-03-26T16:25:33.100000,9.766922522632562
2015-03-26T16:25:33.200000,9.771189667287612
2015-03-26T16:25:33.300000,9.77237556683484
2015-03-26T16:25:33.400000,9.759646770715012
2015-03-26T16:25:33.500000,9.753967242594872
2015-03-26T16:25:33.600000,9.745392913403345
2015-03-26T16:25:33.700000,9.756971480463909
2015-03-26T16:25:33.800000,9.766038185080037
2015-03-26T16:25:33.900000,9.751884443934376
2015-03-26T16:25:34.000000,9.739948829778818
2015-03-26T16:25:34.100000,9.74329653251621
2015-03-26T16:25:34.200000,9.752082355520088
2015-03-26T16:25:34.300000,9.760869621239124
2015-03-26T16:25:34.400000,9.76303378848023
2015-03-26T16:25:34.500000,9.741814916923047
2015-03-26T16:25:34.600000,9.723641616222515
2015-03-26T16:25:34.700000,9.74187934908064
2015-03-26T16:25:34.800000,9.751202179674662
2015-03-26T16:25:34.900000,9.742803611736688
2015-03-26T16:25:35.000000,9.745373843637774
2015-03-26T16:25:35.100000,9.740653271306204
2015-03-26T16:25:35.200000,9.729709432065674
2015-03-26T16:25:35.300000,9.75855714575188
2015-03-26T16:25:35.400000,9.751376514561189
2015-03-26T16:25:35.500000,9.74385592947198
2015-03-26T16:25:35.600000,9.74037203904206
2015-03-26T16:25:35.700000,9.735393248078667
2015-03-26T16:25:35.800000,9.737760305123128
2015-03-26T16:25:35.900000,9.736286015076088
2015-03-26T16:25:36.000000,9.749284654999355
2015-03-26T16:25:36.100000,9.762015960478754
2015-03-26T16:25:36.200000,9.75210636845008
2015-03-26T16:25:36.300000,9.75386063059533
2015-03-26T16:25:36.400000,9.761068576082964
2015-03-26T16:25:36.500000,9.765942270306477
2015-03-26T16:25:36.600000,9.766032540184945
2015-03-26T16:25:36.700000,9.759548194773917
2015-03-26T16:25:36.800000,9.759133373966051
2015-03-26T16:25:36.900000,9.770090749935996
2015-03-26T16:25:37.000000,9.762870862108722
2015-03-26T16:25:37.100000,9.763279406767882
2015-03-26T16:25:37.200000,9.7829385105118
2015-03-26T16:25:37.300000,9.7953293442822
2015-03-26T16:25:37.400000,9.792646015430286
2015-03-26T16:25:37.500000,9.776754267044517
2015-03-26T16:25:37.600000,9.773010594255863
2015-03-26T16:25:37.700000,9.776817782598725
2015-03-26T16:25:37.800000,9.778935350403842
2015-03-26T16:25:37.900000,9.783589219777031
2015-03-26T16:25:38.000000,9.775875347241014
2015-03-26T16:25:38.100000,9.782773457704058
2015-03-26T16:25:38.200000,9.789667995499643
2015-03-26T16:25:38.300000,9.8043879224158
2015-03-26T16:25:38.400000,9.799494479569717
2015-03-26T16:25:38.500000,9.8084727032977
2015-03-26T16:25:38.600000,9.812818334722706
2015-03-26T16:25:38.700000,9.79789989583534
2015-03-26T16:25:38.800000,9.806773041323211
2015-03-26T16:25:38.900000,9.807141094052742
2015-03-26T16:25:39.000000,9.790610254256226
2015-03-26T16:25:39.100000,9.795534864778467
2015-03-26T16:25:39.200000,9.79901329350956
2015-03-26T16:25:39.300000,9.795442007182125
2015-03-26T16:25:39.400000,9.786771658293189
2015-03-26T16:25:39.500000,9.776991919949566
2015-03-26T16:25:39.600000,9.79072387740904
2015-03-26T16:25:39.700000,9.76978592314492
2015-03-26T16:25:39.800000,9.754859373660974
2015-03-26T16:25:39.900000,9.760983385960673
2015-03-26T16:25:40.000000,9.749126121271974
2015-03-26T16:25:40.100000,9.752589697397518
2015-03-26T16:25:40.200000,9.759861349997784
2015-03-26T16:25:40.300000,9.75864991338221
2015-03-26T16:25:40.400000,9.760400769500466
2015-03-26T16:25:40.500000,9.750015719014602
2015-03-26T16:25:40.600000,9.729282541111324
2015-03-26T16:25:40.700000,9.737288513506584
2015-03-26T16:25:40.800000,9.756149114403955
2015-03-26T16:25:40.900000,9.741199117168575
2015-03-26T16:25:41.000000,9.743431697919029
2015-03-26T16:25:41.100000,9.74682986133162
2015-03-26T16:25:41.200000,9.753856509686232
2015-03-26T16:25:41.300000,9.745730586460434
2015-03-26T16:25:41.400000,9.7355310780726
2015-03-26T16:25:41.500000,9.742173176511676
2015-03-26T16:25:41.600000,9.73922820147544
2015-03-26T16:25:41.700000,9.720004293794808
2015-03-26T16:25:41.800000,9.722846112963609
2015-03-26T16:25:41.900000,9.741025955093392
2015-03-26T16:25:42.000000,9.746412816228217
2015-03-26T16:25:42.100000,9.753616068711509
2015-03-26T16:25:42.200000,9.76030055924301
2015-03-26T16:25:42.300000,9.758784517262544
2015-03-26T16:25:42.400000,9.769670082447568
2015-03-26T16:25:42.500000,9.76409866354947
2015-03-26T16:25:42.600000,9.765740765393767
2015-03-26T16:25:42.700000,9.762949214726271
2015-03-26T16:25:42.800000,9.76568674190592
2015-03-26T16:25:42.900000,9.772661150564646
2015-03-26T16:25:43.000000,9.772446702952356
2015-03-26T16:25:43.100000,9.77190258738328
2015-03-26T16:25:43.200000,9.77108322040998
2015-03-26T16:25:43.300000,9.76685716705831
2015-03-26T16:25:43.400000,9.766353852286976
2015-03-26T16:25:43.500000,9.78938988361458
2015-03-26T16:25:43.600000,9.786879093770931
2015-03-26T16:25:43.700000,9.77259211993349
2015-03-26T16:25:43.800000,9.773797415130083
2015-03-26T16:25:43.900000,9.77382390942223
2015-03-26T16:25:44.000000,9.788543994903344
2015-03-26T16:25:44.100000,9.798890418670643
2015-03-26T16:25:44.200000,9.791705270073589
2015-03-26T16:25:44.300000,9.776152528402726
2015-03-26T16:25:44.400000,9.767471872036545
2015-03-26T16:25:44.500000,9.775357148277132
2015-03-26T16:25:44.600000,9.776158089601475
2015-03-26T16:25:44.700000,9.772774254093092
2015-03-26T16:25:44.800000,9.771628805694846
2015-03-26T16:25:44.900000,9.770573542509249
2015-03-26T16:25:45.000000,9.758314382282414
2015-03-26T16:25:45.100000,9.762721702027278
2015-03-26T16:25:45.200000,9.76907226027568
2015-03-26T16:25:45.300000,9.758407390166514
2015-03-26T16:25:45.400000,9.75211426579206
2015-03-26T16:25:45.500000,9.754850705267176
2015-03-26T16:25:45.600000,9.748957777540188
2015-03-26T16:25:45.700000,9.747969399504647
2015-03-26T16:25:45.800000,9.758508476559962
2015-03-26T16:25:45.900000,9.752725834775765
2015-03-26T16:25:46.000000,9.738073749653148
2015-03-26T16:25:46.100000,9.741095979683802
2015-03-26T16:25:46.200000,9.742382203878416
2015-03-26T16:25:46.300000,9.741397064479266
2015-03-26T16:25:46.400000,9.73975747914973
2015-03-26T16:25:46.500000,9.72250427304714
2015-03-26T16:25:46.600000,9.729684918263638
2015-03-26T16:25:46.700000,9.749365922314013
2015-03-26T16:25:46.800000,9.755983203083344
2015-03-26T16:25:46.900000,9.756844649917198
2015-03-26T16:25:47.000000,9.762185621014432
2015-03-26T16:25:47.100000,9.772240061694486
2015-03-26T16:25:47.200000,9.763838524168628
2015-03-26T16:25:47.300000,9.750452199618575
2015-03-26T16:25:47.400000,9.76151206834554
2015-03-26T16:25:47.500000,9.764483704382029
2015-03-26T16:25:47.600000,9.762192369499893
2015-03-26T16:25:47.700000,9.767528917633753
2015-03-26T16:25:47.800000,9.779023461179976
2015-03-26T16:25:47.900000,9.775011072221249
2015-03-26T16:25:48.000000,9.769342628664951
2015-03-26T16:25:48.100000,9.781436565313564
2015-03-26T16:25:48.200000,9.79648290373559
2015-03-26T16:25:48.300000,9.793575575167225
2015-03-26T16:25:48.400000,9.794847106268112
2015-03-26T16:25:48.500000,9.793736398199083
2015-03-26T16:25:48.600000,9.796038446376382
2015-03-26T16:25:48.700000,9.804778270563432
2015-03-26T16:25:48.800000,9.800966815689671
2015-03-26T16:25:48.900000,9.802313243640372
2015-03-26T16:25:49.000000,9.807290353546716
2015-03-26T16:25:49.100000,9.818518715419843
2015-03-26T16:25:49.200000,9.821582369267285
2015-03-26T16:25:49.300000,9.80018328867354
2015-03-26T16:25:49.400000,9.790765628977828
2015-03-26T16:25:49.500000,9.78747608587022
2015-03-26T16:25:49.600000,9.793141673574915
2015-03-26T16:25:49.700000,9.798020025508258
2015-03-26T16:25:49.800000,9.794330525186083
2015-03-26T16:25:49.900000,9.788374586504178
2015-03-26T16:25:50.000000,9.780608194134226
2015-03-26T16:25:50.100000,9.792191505588477
2015-03-26T16:25:50.200000,9.789465795017062
2015-03-26T16:25:50.300000,9.776702682141943
2015-03-26T16:25:50.400000,9.77039524269446
2015-03-26T16:25:50.500000,9.763770682179867
2015-03-26T16:25:50.600000,9.764812518539738
2015-03-26T16:25:50.700000,9.761552568688275
2015-03-26T16:25:50.800000,9.74525265564835
2015-03-26T16:25:50.900000,9.73661397801446
2015-03-26T16:25:51.000000,9.728025558193186
2015-03-26T16:25:51.100000,9.744773840389763
2015-03-26T16:25:51.200000,9.73457172256989
2015-03-26T16:25:51.300000,9.725775754588229
2015-03-26T16:25:51.400000,9.749349677692392
2015-03-26T16:25:51.500000,9.73588889620053
2015-03-26T16:25:51.600000,9.730090315620645
2015-03-26T16:25:51.700000,9.736497971559908
2015-03-26T16:25:51.800000,9.745550385243469
2015-03-26T16:25:51.900000,9.744697627481996
2015-03-26T16:25:52.000000,9.744254432111786
2015-03-26T16:25:52.100000,9.746415135233342
2015-03-26T16:25:52.200000,9.752411654708062
2015-03-26T16:25:52.300000,9.748856390895284
2015-03-26T16:25:52.400000,9.748111090107566
2015-03-26T16:25:52.500000,9.74666917482581
2015-03-26T16:25:52.600000,9.757678671165442
2015-03-26T16:25:52.700000,9.765910925786113
2015-03-26T16:25:52.800000,9.754786310252957
2015-03-26T16:25:52.900000,9.755290194750124
2015-03-26T16:25:53.000000,9.737830900987142
2015-03-26T16:25:53.100000,9.74728153811886
2015-03-26T16:25:53.200000,9.76502335825168
2015-03-26T16:25:53.300000,9.770645671599702
2015-03-26T16:25:53.400000,9.76941538857141
2015-03-26T16:25:53.500000,9.780777930296052
2015-03-26T16:25:53.600000,9.78552111653793
2015-03-26T16:25:53.700000,9.784600387916583
2015-03-26T16:25:53.800000,9.781154366112428
2015-03-26T16:25:53.900000,9.777707390176896
2015-03-26T16:25:54.000000,9.778137907138095
2015-03-26T16:25:54.100000,9.78644065785976
2015-03-26T16:25:54.200000,9.786101635953267
2015-03-26T16:25:54.300000,9.781367302644629
2015-03-26T16:25:54.400000,9.805894218729552
2015-03-26T16:25:54.500000,9.815927990511744
2015-03-26T16:25:54.600000,9.808990925099751
2015-03-26T16:25:54.700000,9.802871145718573
2015-03-26T16:25:54.800000,9.796299649684238
2015-03-26T16:25:54.900000,9.786978674131753
2015-03-26T16:25:55.000000,9.786069002090311
2015-03-26T16:25:55.100000,9.777545481161772
2015-03-26T16:25:55.200000,9.778784720976953
2015-03-26T16:25:55.300000,9.784802459410928
2015-03-26T16:25:55.400000,9.766310875797618
2015-03-26T16:25:55.500000,9.790720898556197
2015-03-26T16:25:55.600000,9.784348065950086
2015-03-26T16:25:55.700000,9.765697802744665
2015-03-26T16:25:55.800000,9.75882189770693
2015-03-26T16:25:55.900000,9.749349383756918
2015-03-26T16:25:56.000000,9.75286711790988
2015-03-26T16:25:56.100000,9.75553089132683
2015-03-26T16:25:56.200000,9.75509262386768
2015-03-26T16:25:56.300000,9.755425952110306
2015-03-26T16:25:56.400000,9.767926975314662
2015-03-26T16:25:56.500000,9.74800949775708
2015-03-26T16:25:56.600000,9.747680517974006
2015-03-26T16:25:56.700000,9.73636989496998
2015-03-26T16:25:56.800000,9.746209972132744
2015-03-26T16:25:56.900000,9.757815006221778
2015-03-26T16:25:57.000000,9.750848878037166
2015-03-26T16:25:57.100000,9.731838006476965
2015-03-26T16:25:57.200000,9.737645722251996
2015-03-26T16:25:57.300000,9.74358472077159
2015-03-26T16:25:57.400000,9.731661412021042
2015-03-26T16:25:57.500000,9.724052709130516
2015-03-26T16:25:57.600000,9.722868919367928
2015-03-26T16:25:57.700000,9.723042165549105
2015-03-26T16:25:57.800000,9.726536383000411
2015-03-26T16:25:57.900000,9.74230460434122
2015-03-26T16:25:58.000000,9.7512316051718
2015-03-26T16:25:58.100000,9.739534201792964
2015-03-26T16:25:58.200000,9.730975070266366
2015-03-26T16:25:58.300000,9.740074635697438
2015-03-26T16:25:58.400000,9.76596729190791
2015-03-26T16:25:58.500000,9.775925116181632
2015-03-26T16:25:58.600000,9.771115932933917
2015-03-26T16:25:58.700000,9.765405536893072
2015-03-26T16:25:58.800000,9.76698233523514
2015-03-26T16:25:58.900000,9.781170905581254
2015-03-26T16:25:59.000000,9.774365277700223
2015-03-26T16:25:59.100000,9.767221779941268
2015-03-26T16:25:59.200000,9.773465605676286
2015-03-26T16:25:59.300000,9.784588273818398
2015-03-26T16:25:59.400000,9.793355473041103
2015-03-26T16:25:59.500000,9.791077406777744
2015-03-26T16:25:59.600000,9.788425829065956
2015-03-26T16:25:59.700000,9.806793774734894
2015-03-26T16:25:59.800000,9.819051035855043
2015-03-26T16:25:59.900000,9.804837688199129
2015-03-26T16:26:00.000000,9.814660288904593
2015-03-26T16:26:00.100000,9.829707970489237
2015-03-26T16:26:00.200000,9.827978549069597
2015-03-26T16:26:00.300000,9.82366378292811
2015-03-26T16:26:00.400000,9.819345969346978
2015-03-26T16:26:00.500000,9.816653978191898
2015-03-26T16:26:00.600000,9.81652285552466
2015-03-26T16:26:00.700000,9.813804901770457
2015-03-26T16:26:00.800000,9.806029936829184
2015-03-26T16:26:00.900000,9.80086473773096
2015-03-26T16:26:01.000000,9.804821130774398
2015-03-26T16:26:01.100000,9.805743084325696
2015-03-26T16:26:01.200000,9.806640586082846
2015-03-26T16:26:01.300000,9.802791713414411
2015-03-26T16:26:01.400000,9.787932183169804
2015-03-26T16:26:01.500000,9.778855378598385
2015-03-26T16:26:01.600000,9.781364588348008
2015-03-26T16:26:01.700000,9.782518169953168
2015-03-26T16:26:01.800000,9.784648335542125
2015-03-26T16:26:01.900000,9.771660876218435
2015-03-26T16:26:02.000000,9.742179580312948
2015-03-26T16:26:02.100000,9.726375646632729
2015-03-26T16:26:02.200000,9.731668097587818
2015-03-26T16:26:02.300000,9.74118994895802
2015-03-26T16:26:02.400000,9.717753319889272
2015-03-26T16:26:02.500000,9.732221922028067
2015-03-26T16:26:02.600000,9.734739036780002
2015-03-26T16:26:02.700000,9.722102482658748
2015-03-26T16:26:02.800000,9.722032506992663
2015-03-26T16:26:02.900000,9.722418762037613
2015-03-26T16:26:03.000000,9.720772050373917
2015-03-26T16:26:03.100000,9.711039086371104
2015-03-26T16:26:03.200000,9.708255783926456
2015-03-26T16:26:03.300000,9.710164009187542
2015-03-26T16:26:03.400000,9.72413771061405
2015-03-26T16:26:03.500000,9.732473892344252
2015-03-26T16:26:03.600000,9.739466213579393
2015-03-26T16:26:03.700000,9.737079000610304
2015-03-26T16:26:03.800000,9.720416332701214
2015-03-26T16:26:03.900000,9.728264197919618
2015-03-26T16:26:04.000000,9.749548970717225
2015-03-26T16:26:04.100000,9.756355307209793
2015-03-26T16:26:04.200000,9.749093972243124
2015-03-26T16:26:04.300000,9.752309747390871
2015-03-26T16:26:04.400000,9.775131346390816
2015-03-26T16:26:04.500000,9.789743341191317
2015-03-26T16:26:04.600000,9.7747701655651
2015-03-26T16:26:04.700000,9.78043863277471
2015-03-26T16:26:04.800000,9.800851900445103
2015-03-26T16:26:04.900000,9.8007078878479
2015-03-26T16:26:05.000000,9.794885147637933
2015-03-26T16:26:05.100000,9.795806282585728
2015-03-26T16:26:05.200000,9.796008491032124
2015-03-26T16:26:05.300000,9.789789564122122
2015-03-26T16:26:05.400000,9.788503339691914
2015-03-26T16:26:05.500000,9.805668467361905
2015-03-26T16:26:05.600000,9.816707095602844
2015-03-26T16:26:05.700000,9.815607739830511
2015-03-26T16:26:05.800000,9.801374307987595
2015-03-26T16:26:05.900000,9.783297437691218
2015-03-26T16:26:06.000000,9.79206911477068
2015-03-26T16:26:06.100000,9.80922318420908
2015-03-26T16:26:06.200000,9.82065339136555
2015-03-26T16:26:06.300000,9.812570754533963
2015-03-26T16:26:06.400000,9.801080124883194
2015-03-26T16:26:06.500000,9.79393874635396
2015-03-26T16:26:06.600000,9.795841095517304
2015-03-26T16:26:06.700000,9.813328105743953
2015-03-26T16:26:06.800000,9.809172173057323
2015-03-26T16:26:06.900000,9.789935628736568
2015-03-26T16:26:07.000000,9.775309521127
2015-03-26T16:26:07.100000,9.76023635235758
2015-03-26T16:26:07.200000,9.791482630726865
2015-03-26T16:26:07.300000,9.769597459153772
2015-03-26T16:26:07.400000,9.754226714073884
2015-03-26T16:26:07.500000,9.73927995330453
2015-03-26T16:26:07.600000,9.74142420322192
2015-03-26T16:26:07.700000,9.752885186495412
2015-03-26T16:26:07.800000,9.754072186869235
2015-03-26T16:26:07.900000,9.74807035300925
2015-03-26T16:26:08.000000,9.746712830695095
2015-03-26T16:26:08.100000,9.755912139096852
2015-03-26T16:26:08.200000,9.734014577532015
2015-03-26T16:26:08.300000,9.722691596243363
2015-03-26T16:26:08.400000,9.749430735498835
2015-03-26T16:26:08.500000,9.747010293841983
2015-03-26T16:26:08.600000,9.728902782062558
2015-03-26T16:26:08.700000,9.728667531240566
2015-03-26T16:26:08.800000,9.74345268158728
2015-03-26T16:26:08.900000,9.748937673617778
2015-03-26T16:26:09.000000,9.741795237735774
2015-03-26T16:26:09.100000,9.73559844423197
2015-03-26T16:26:09.200000,9.737311212531589
2015-03-26T16:26:09.300000,9.71817602156164
2015-03-26T16:26:09.400000,9.733512404184127
2015-03-26T16:26:09.500000,9.74505445571016
2015-03-26T16:26:09.600000,9.744722164881768
2015-03-26T16:26:09.700000,9.75982455038351
2015-03-26T16:26:09.800000,9.769425416354624
2015-03-26T16:26:09.900000,9.768274976649694
2015-03-26T16:26:10.000000,9.76460089476302
2015-03-26T16:26:10.100000,9.766898991389777
2015-03-26T16:26:10.200000,9.777304351380804
2015-03-26T16:26:10.300000,9.776953716626709
2015-03-26T16:26:10.400000,9.77957932014806
2015-03-26T16:26:10.500000,9.773051052079577
2015-03-26T16:26:10.600000,9.756767260076469
2015-03-26T16:26:10.700000,9.76997939605335
2015-03-26T16:26:10.800000,9.751685208418117
2015-03-26T16:26:10.900000,9.74385939126395
2015-03-26T16:26:11.000000,9.78978416791695
2015-03-26T16:26:11.100000,9.798583145547868
2015-03-26T16:26:11.200000,9.79900558675808
2015-03-26T16:26:11.300000,9.78400888236467
2015-03-26T16:26:11.400000,9.77075774556047
2015-03-26T16:26:11.500000,9.780918749919744
2015-03-26T16:26:11.600000,9.79311875756986
2015-03-26T16:26:11.700000,9.797848317534688
2015-03-26T16:26:11.800000,9.782922267629502
2015-03-26T16:26:11.900000,9.782223970843065
2015-03-26T16:26:12.000000,9.789837079449082
2015-03-26T16:26:12.100000,9.777508302167773
2015-03-26T16:26:12.200000,9.763236183153984
2015-03-26T16:26:12.300000,9.760329543400116
2015-03-26T16:26:12.400000,9.77002845154869
2015-03-26T16:26:12.500000,9.773906290324089
2015-03-26T16:26:12.600000,9.762847810507209
2015-03-26T16:26:12.700000,9.753927127905882
2015-03-26T16:26:12.800000,9.75747477253307
2015-03-26T16:26:12.900000,9.770650110754612
2015-03-26T16:26:13.000000,9.75962970632779
2015-03-26T16:26:13.100000,9.760024784259071
2015-03-26T16:26:13.200000,9.770840332990764
2015-03-26T16:26:13.300000,9.76317046621144
2015-03-26T16:26:13.400000,9.760229981362697
2015-03-26T16:26:13.500000,9.766225602307316
2015-03-26T16:26:13.600000,9.756714344407715
2015-03-26T16:26:13.700000,9.756223524578068
2015-03-26T16:26:13.800000,9.765559887972854
2015-03-26T16:26:13.900000,9.768753793934213
2015-03-26T16:26:14.000000,9.77276736847942
2015-03-26T16:26:14.100000,9.7826802396965
2015-03-26T16:26:14.200000,9.770393665046408
2015-03-26T16:26:14.300000,9.76159751016585
2015-03-26T16:26:14.400000,9.76590555289432
2015-03-26T16:26:14.500000,9.774819497087426
2015-03-26T16:26:14.600000,9.770226375296106
2015-03-26T16:26:14.700000,9.771321707129324
2015-03-26T16:26:14.800000,9.78473175494534
2015-03-26T16:26:14.900000,9.794896029616858
2015-03-26T16:26:15.000000,9.79515246159027
2015-03-26T16:26:15.100000,9.787527133768467
2015-03-26T16:26:15.200000,9.78917297600916
2015-03-26T16:26:15.300000,9.78084976385655
2015-03-26T16:26:15.400000,9.786645800984816
2015-03-26T16:26:15.500000,9.788026785418843
2015-03-26T16:26:15.600000,9.78259230153468
2015-03-26T16:26:15.700000,9.795892023223075
2015-03-26T16:26:15.800000,9.790863832333104
2015-03-26T16:26:15.900000,9.786469727707084
2015-03-26T16:26:16.000000,9.789305407337892
2015-03-26T16:26:16.100000,9.766340321380248
2015-03-26T16:26:16.200000,9.771196061730585
2015-03-26T16:26:16.300000,9.785709425955536
2015-03-26T16:26:16.400000,9.780618326238956
2015-03-26T16:26:16.500000,9.77634895052816
2015-03-26T16:26:16.600000,9.773083973883
2015-03-26T16:26:16.700000,9.770367009025753
2015-03-26T16:26:16.800000,9.763064147463275
2015-03-26T16:26:16.900000,9.752137797166428
2015-03-26T16:26:17.000000,9.741917223853712
2015-03-26T16:26:17.100000,9.72904109142605
2015-03-26T16:26:17.200000,9.728766319923526
2015-03-26T16:26:17.300000,9.732057467579136
2015-03-26T16:26:17.400000,9.73017923286706
2015-03-26T16:26:17.500000,9.737585137163164
2015-03-26T16:26:17.600000,9.739410257430617
2015-03-26T16:26:17.700000,9.73799046460654
2015-03-26T16:26:17.800000,9.73009789590894
2015-03-26T16:26:17.900000,9.728667403309569
2015-03-26T16:26:18.000000,9.719343401200016
2015-03-26T16:26:18.100000,9.728560066863835
2015-03-26T16:26:18.200000,9.732801010200028
2015-03-26T16:26:18.300000,9.727709069475232
2015-03-26T16:26:18.400000,9.739191705932098
2015-03-26T16:26:18.500000,9.742332410269844
2015-03-26T16:26:18.600000,9.738360553985425
2015-03-26T16:26:18.700000,9.754839621035106
2015-03-26T16:26:18.800000,9.755605344673391
2015-03-26T16:26:18.900000,9.762734633031098
2015-03-26T16:26:19.000000,9.761192257244176
2015-03-26T16:26:19.100000,9.765737469845124
2015-03-26T16:26:19.200000,9.779247520095296
2015-03-26T16:26:19.300000,9.77501923624404
2015-03-26T16:26:19.400000,9.777743382372435
2015-03-26T16:26:19.500000,9.77824210225186
2015-03-26T16:26:19.600000,9.786777233088786
2015-03-26T16:26:19.700000,9.806126466093517
2015-03-26T16:26:19.800000,9.80411693857006
2015-03-26T16:26:19.900000,9.803520417676143
2015-03-26T16:26:20.000000,9.804900665181885
2015-03-26T16:26:20.100000,9.816126651427792
2015-03-26T16:26:20.200000,9.815153887828265
2015-03-26T16:26:20.300000,9.8147335849117
2015-03-26T16:26:20.400000,9.823414146872835
2015-03-26T16:26:20.500000,9.818295901013553
2015-03-26T16:26:20.600000,9.81197578399607
2015-03-26T16:26:20.700000,9.812507586312949
2015-03-26T16:26:20.800000,9.813047842094818
2015-03-26T16:26:20.900000,9.810510923329216
2015-03-26T16:26:21.000000,9.804772739622544
2015-03-26T16:26:21.100000,9.815360984021504
2015-03-26T16:26:21.200000,9.81466518819877
2015-03-26T16:26:21.300000,9.802040497795817
2015-03-26T16:26:21.400000,9.793783542783595
2015-03-26T16:26:21.500000,9.807892485030091
2015-03-26T16:26:21.600000,9.800055245461206
2015-03-26T16:26:21.700000,9.773210070420651
2015-03-26T16:26:21.800000,9.75825184946624
2015-03-26T16:26:21.900000,9.75880697722043
2015-03-26T16:26:22.000000,9.74391744999522
2015-03-26T16:26:22.100000,9.738351358457807
2015-03-26T16:26:22.200000,9.756221942706546
2015-03-26T16:26:22.300000,9.738917520941522
2015-03-26T16:26:22.400000,9.719847516851152
2015-03-26T16:26:22.500000,9.703094309551409
2015-03-26T16:26:22.600000,9.706267358024885
2015-03-26T16:26:22.700000,9.714598543082062
2015-03-26T16:26:22.800000,9.71710249256163
2015-03-26T16:26:22.900000,9.716104945298222
2015-03-26T16:26:23.000000,9.7277447986044
2015-03-26T16:26:23.100000,9.742191994361262
2015-03-26T16:26:23.200000,9.732767799492825
2015-03-26T16:26:23.300000,9.721021202787169
2015-03-26T16:26:23.400000,9.716487858283378
2015-03-26T16:26:23.500000,9.722491270112588
2015-03-26T16:26:23.600000,9.738242877955264
2015-03-26T16:26:23.700000,9.733979855187998
2015-03-26T16:26:23.800000,9.727516162599876
2015-03-26T16:26:23.900000,9.75121598794086
2015-03-26T16:26:24.000000,9.738972826615614
2015-03-26T16:26:24.100000,9.743032984109158
2015-03-26T16:26:24.200000,9.755315692619623
2015-03-26T16:26:24.300000,9.748891160034065
2015-03-26T16:26:24.400000,9.76051733459304
2015-03-26T16:26:24.500000,9.783341380472638
2015-03-26T16:26:24.600000,9.762515241749895
2015-03-26T16:26:24.700000,9.775272525003295
2015-03-26T16:26:24.800000,9.788639397691558
2015-03-26T16:26:24.900000,9.802420259390791
2015-03-26T16:26:25.000000,9.798668648351228
2015-03-26T16:26:25.100000,9.797423389519109
2015-03-26T16:26:25.200000,9.817373518298028
2015-03-26T16:26:25.300000,9.814196057383556
2015-03-26T16:26:25.400000,9.81130197324722
2015-03-26T16:26:25.500000,9.821383216152835
2015-03-26T16:26:25.600000,9.827776330196423
2015-03-26T16:26:25.700000,9.828236946545085
2015-03-26T16:26:25.800000,9.821345477297148
2015-03-26T16:26:25.900000,9.814020431329174
2015-03-26T16:26:26.000000,9.827367491495789
2015-03-26T16:26:26.100000,9.837329867872514
2015-03-26T16:26:26.200000,9.842014996898625
2015-03-26T16:26:26.300000,9.826711924316209
2015-03-26T16:26:26.400000,9.818570592163177
2015-03-26T16:26:26.500000,9.830587755870576
2015-03-26T16:26:26.600000,9.814937494877686
2015-03-26T16:26:26.700000,9.806295730744246
2015-03-26T16:26:26.800000,9.809692946545065
2015-03-26T16:26:26.900000,9.797088884408014
2015-03-26T16:26:27.000000,9.777906724826863
2015-03-26T16:26:27.100000,9.781983674761012
2015-03-26T16:26:27.200000,9.77946796548681
2015-03-26T16:26:27.300000,9.765315355340132
2015-03-26T16:26:27.400000,9.751165300863825
2015-03-26T16:26:27.500000,9.73219759834016
2015-03-26T16:26:27.600000,9.73573708050377
2015-03-26T16:26:27.700000,9.74910256892356
2015-03-26T16:26:27.800000,9.743494144236374
2015-03-26T16:26:27.900000,9.73045106598139
2015-03-26T16:26:28.000000,9.721074622715268
2015-03-26T16:26:28.100000,9.720214921752476
2015-03-26T16:26:28.200000,9.700228786202038
2015-03-26T16:26:28.300000,9.70744461583627
2015-03-26T16:26:28.400000,9.718735901490737
2015-03-26T16:26:28.500000,9.724072561151798
2015-03-26T16:26:28.600000,9.722340254798189
2015-03-26T16:26:28.700000,9.69585892740059
2015-03-26T16:26:28.800000,9.709733142383469
2015-03-26T16:26:28.900000,9.733665946079215
2015-03-26T16:26:29.000000,9.738923500282612
2015-03-26T16:26:29.100000,9.73868521740441
2015-03-26T16:26:29.200000,9.715547078552143
2015-03-26T16:26:29.300000,9.72934456214486
2015-03-26T16:26:29.400000,9.727606983495171
2015-03-26T16:26:29.500000,9.726301702330902
2015-03-26T16:26:29.600000,9.73918349720664
2015-03-26T16:26:29.700000,9.72406944000662
2015-03-26T16:26:29.800000,9.73025342649959
2015-03-26T16:26:29.900000,9.76079219767038
2015-03-26T16:26:30.000000,9.759131774228612
2015-03-26T16:26:30.100000,9.774780553594312
2015-03-26T16:26:30.200000,9.782691340096289
2015-03-26T16:26:30.300000,9.779230832966164
2015-03-26T16:26:30.400000,9.782681991853847
2015-03-26T16:26:30.500000,9.79529562165014
2015-03-26T16:26:30.600000,9.78706755396642
2015-03-26T16:26:30.700000,9.80138318115042
2015-03-26T16:26:30.800000,9.79627437570413
2015-03-26T16:26:30.900000,9.79118186670888
2015-03-26T16:26:31.000000,9.787668398719983
2015-03-26T16:26:31.100000,9.780712646668215
2015-03-26T16:26:31.200000,9.798221243209726
2015-03-26T16:26:31.300000,9.80094996442741
2015-03-26T16:26:31.400000,9.80151540730209
2015-03-26T16:26:31.500000,9.807593130273458
2015-03-26T16:26:31.600000,9.807265993939366
2015-03-26T16:26:31.700000,9.816628073004509
2015-03-26T16:26:31.800000,9.807373668248534
2015-03-26T16:26:31.900000,9.803778376270312
2015-03-26T16:26:32.000000,9.811271021864489
2015-03-26T16:26:32.100000,9.803870238514593
2015-03-26T16:26:32.200000,9.799073827181855
2015-03-26T16:26:32.300000,9.811593607510076
2015-03-26T16:26:32.400000,9.819745992025702
2015-03-26T16:26:32.500000,9.8129492443661
2015-03-26T16:26:32.600000,9.806148245852146
2015-03-26T16:26:32.700000,9.791925708412528
2015-03-26T16:26:32.800000,9.775059633374756
2015-03-26T16:26:32.900000,9.78194176142233
2015-03-26T16:26:33.000000,9.77693194880869
2015-03-26T16:26:33.100000,9.787433759805491
2015-03-26T16:26:33.200000,9.77852870317369
2015-03-26T16:26:33.300000,9.769019685890676
2015-03-26T16:26:33.400000,9.756890604301017
2015-03-26T16:26:33.500000,9.752026101555238
2015-03-26T16:26:33.600000,9.76766573706542
2015-03-26T16:26:33.700000,9.764524111254266
2015-03-26T16:26:33.800000,9.746482360915712
2015-03-26T16:26:33.900000,9.727286737655676
2015-03-26T16:26:34.000000,9.734741268942834
2015-03-26T16:26:34.100000,9.734620255537564
2015-03-26T16:26:34.200000,9.746967318866146
2015-03-26T16:26:34.300000,9.759550227440474
2015-03-26T16:26:34.400000,9.755744765839951
2015-03-26T16:26:34.500000,9.75234682874046
2015-03-26T16:26:34.600000,9.756303318472948
2015-03-26T16:26:34.700000,9.766769766035578
2015-03-26T16:26:34.800000,9.776447874191255
2015-03-26T16:26:34.900000,9.770615246042244
2015-03-26T16:26:35.000000,9.756047655961115
2015-03-26T16:26:35.100000,9.78001860099157
2015-03-26T16:26:35.200000,9.774832208531366
2015-03-26T16:26:35.300000,9.77694387917573
2015-03-26T16:26:35.400000,9.775510163725077
2015-03-26T16:26:35.500000,9.75919443985024
2015-03-26T16:26:35.600000,9.750875970229645
2015-03-26T16:26:35.700000,9.762040652906716
2015-03-26T16:26:35.800000,9.768265189833466
2015-03-26T16:26:35.900000,9.767087534299662
2015-03-26T16:26:36.000000,9.787859607347745
2015-03-26T16:26:36.100000,9.788145313363476
2015-03-26T16:26:36.200000,9.78945268273747
2015-03-26T16:26:36.300000,9.78910029531019
2015-03-26T16:26:36.400000,9.782637499011429
2015-03-26T16:26:36.500000,9.789628855435009
2015-03-26T16:26:36.600000,9.786682219989128
2015-03-26T16:26:36.700000,9.782876222370854
2015-03-26T16:26:36.800000,9.785736747078351
2015-03-26T16:26:36.900000,9.792902430138389
2015-03-26T16:26:37.000000,9.79290708708818
2015-03-26T16:26:37.100000,9.77177217303379
2015-03-26T16:26:37.200000,9.752976304226962
2015-03-26T16:26:37.300000,9.75972235012548
2015-03-26T16:26:37.400000,9.760218373569204
2015-03-26T16:26:37.500000,9.756992993375611
2015-03-26T16:26:37.600000,9.77459696161107
2015-03-26T16:26:37.700000,9.772934729922444
2015-03-26T16:26:37.800000,9.748850912946212
2015-03-26T16:26:37.900000,9.754708673075688
2015-03-26T16:26:38.000000,9.759861843795528
2015-03-26T16:26:38.100000,9.733927347718687
2015-03-26T16:26:38.200000,9.736272703922948
2015-03-26T16:26:38.300000,9.74704227962728
2015-03-26T16:26:38.400000,9.739174785745284
2015-03-26T16:26:38.500000,9.74568564696506
2015-03-26T16:26:38.600000,9.75257403009044
2015-03-26T16:26:38.700000,9.741475909335495
2015-03-26T16:26:38.800000,9.753795147471411
2015-03-26T16:26:38.900000,9.764406184872785
2015-03-26T16:26:39.000000,9.759721412270594
2015-03-26T16:26:39.100000,9.75050528637844
2015-03-26T16:26:39.200000,9.74420678230594
2015-03-26T16:26:39.300000,9.74048042641823
2015-03-26T16:26:39.400000,9.743280702730232
2015-03-26T16:26:39.500000,9.740548817846811
2015-03-26T16:26:39.600000,9.743483391370845
2015-03-26T16:26:39.700000,9.749008371422834
2015-03-26T16:26:39.800000,9.773917704504235
2015-03-26T16:26:39.900000,9.779569297216948
2015-03-26T16:26:40.000000,9.757953302011192
2015-03-26T16:26:40.100000,9.759736902094652
2015-03-26T16:26:40.200000,9.78567767205452
2015-03-26T16:26:40.300000,9.777383870046204
2015-03-26T16:26:40.400000,9.764072273200265
2015-03-26T16:26:40.500000,9.769395219794095
2015-03-26T16:26:40.600000,9.770759890688792
2015-03-26T16:26:40.700000,9.77488458122998
2015-03-26T16:26:40.800000,9.796750060071693
2015-03-26T16:26:40.900000,9.808995645746988
2015-03-26T16:26:41.000000,9.791790705746308
2015-03-26T16:26:41.100000,9.800269892940538
2015-03-26T16:26:41.200000,9.801180281100386
2015-03-26T16:26:41.300000,9.799982459562695
2015-03-26T16:26:41.400000,9.800745342263102
2015-03-26T16:26:41.500000,9.802273695351651
2015-03-26T16:26:41.600000,9.810196650161418
2015-03-26T16:26:41.700000,9.80986544869092
2015-03-26T16:26:41.800000,9.80565985355233
2015-03-26T16:26:41.900000,9.811685825754193
2015-03-26T16:26:42.000000,9.81488109901431
2015-03-26T16:26:42.100000,9.81077076156173
2015-03-26T16:26:42.200000,9.793337474963083
2015-03-26T16:26:42.300000,9.801858732065233
2015-03-26T16:26:42.400000,9.802024624791308
2015-03-26T16:26:42.500000,9.801467933215218
2015-03-26T16:26:42.600000,9.797886804720916
2015-03-26T16:26:42.700000,9.787880450040458
2015-03-26T16:26:42.800000,9.77161152764536
2015-03-26T16:26:42.900000,9.764159861072985
2015-03-26T16:26:43.000000,9.776577386826323
2015-03-26T16:26:43.100000,9.765252485647991
2015-03-26T16:26:43.200000,9.762989668045527
2015-03-26T16:26:43.300000,9.770160642236778
2015-03-26T16:26:43.400000,9.77713537719657
2015-03-26T16:26:43.500000,9.763368649818872
2015-03-26T16:26:43.600000,9.744966663109
2015-03-26T16:26:43.700000,9.751969951140392
2015-03-26T16:26:43.800000,9.769303667309662
2015-03-26T16:26:43.900000,9.77314581937697
2015-03-26T16:26:44.000000,9.747344501109508
2015-03-26T16:26:44.100000,9.734690549227029
2015-03-26T16:26:44.200000,9.726973566638684
2015-03-26T16:26:44.300000,9.727580604200844
2015-03-26T16:26:44.400000,9.726380202604116
2015-03-26T16:26:44.500000,9.73491072508864
2015-03-26T16:26:44.600000,9.752939234539513
2015-03-26T16:26:44.700000,9.754491303609436
2015-03-26T16:26:44.800000,9.746941997027228
2015-03-26T16:26:44.900000,9.74628629495955
2015-03-26T16:26:45.000000,9.73579545228322
2015-03-26T16:26:45.100000,9.735830266313894
2015-03-26T16:26:45.200000,9.741265504037544
2015-03-26T16:26:45.300000,9.726500572752746
2015-03-26T16:26:45.400000,9.725079360776556
2015-03-26T16:26:45.500000,9.74141186786473
2015-03-26T16:26:45.600000,9.756513205843804
2015-03-26T16:26:45.700000,9.7615753612419
2015-03-26T16:26:45.800000,9.760677863115465
2015-03-26T16:26:45.900000,9.75505742697244
2015-03-26T16:26:46.000000,9.745271279837652
2015-03-26T16:26:46.100000,9.76005130826264
2015-03-26T16:26:46.200000,9.778054027787428
2015-03-26T16:26:46.300000,9.773900476395362
2015-03-26T16:26:46.400000,9.758899682650718
2015-03-26T16:26:46.500000,9.755025883922588
2015-03-26T16:26:46.600000,9.765102754595944
2015-03-26T16:26:46.700000,9.761700371504242
2015-03-26T16:26:46.800000,9.783758060972524
2015-03-26T16:26:46.900000,9.784219203100667
2015-03-26T16:26:47.000000,9.766733912522117
2015-03-26T16:26:47.100000,9.759387562505207
2015-03-26T16:26:47.200000,9.75559408524474
2015-03-26T16:26:47.300000,9.758832344418664
2015-03-26T16:26:47.400000,9.768480660395827
2015-03-26T16:26:47.500000,9.771493602649691
2015-03-26T16:26:47.600000,9.78060212787607
2015-03-26T16:26:47.700000,9.76544603244912
2015-03-26T16:26:47.800000,9.765212613457582
2015-03-26T16:26:47.900000,9.765231649099912
2015-03-26T16:26:48.000000,9.760986489145417
2015-03-26T16:26:48.100000,9.774289457423755
2015-03-26T16:26:48.200000,9.784450360121244
2015-03-26T16:26:48.300000,9.79060826315878
2015-03-26T16:26:48.400000,9.793985713773424
2015-03-26T16:26:48.500000,9.797362643640104
2015-03-26T16:26:48.600000,9.798288789479804
2015-03-26T16:26:48.700000,9.793548661482342
2015-03-26T16:26:48.800000,9.78676234221388
2015-03-26T16:26:48.900000,9.789029079522445
2015-03-26T16:26:49.000000,9.80513444586974
2015-03-26T16:26:49.100000,9.792315843333888
2015-03-26T16:26:49.200000,9.7787047051329
2015-03-26T16:26:49.300000,9.783361235842978
2015-03-26T16:26:49.400000,9.793372316503929
2015-03-26T16:26:49.500000,9.809532074154973
2015-03-26T16:26:49.600000,9.809201697310575
2015-03-26T16:26:49.700000,9.801582191622945
2015-03-26T16:26:49.800000,9.785023580617214
2015-03-26T16:26:49.900000,9.77687815701896
2015-03-26T16:26:50.000000,9.787011623599572
2015-03-26T16:26:50.100000,9.771970900496871
2015-03-26T16:26:50.200000,9.757295209353169
2015-03-26T16:26:50.300000,9.773330591542583
2015-03-26T16:26:50.400000,9.769047902733307
2015-03-26T16:26:50.500000,9.76883286949915
2015-03-26T16:26:50.600000,9.773954527831004
2015-03-26T16:26:50.700000,9.771945164462553
2015-03-26T16:26:50.800000,9.770002638502564
2015-03-26T16:26:50.900000,9.76703033358896
2015-03-26T16:26:51.000000,9.75951951956846
2015-03-26T16:26:51.100000,9.750087272201212
2015-03-26T16:26:51.200000,9.761597644236232
2015-03-26T16:26:51.300000,9.773712437981008
2015-03-26T16:26:51.400000,9.749375942974284
2015-03-26T16:26:51.500000,9.764939604188164
2015-03-26T16:26:51.600000,9.757972381628136
2015-03-26T16:26:51.700000,9.758233353260955
2015-03-26T16:26:51.800000,9.765285008352272
2015-03-26T16:26:51.900000,9.781411693105868
2015-03-26T16:26:52.000000,9.77547274021208
2015-03-26T16:26:52.100000,9.76029135737848
2015-03-26T16:26:52.200000,9.761841892285204
2015-03-26T16:26:52.300000,9.76367899687655
2015-03-26T16:26:52.400000,9.7570088998526
2015-03-26T16:26:52.500000,9.762924929742487
2015-03-26T16:26:52.600000,9.76569252907936
2015-03-26T16:26:52.700000,9.758673555694092
2015-03-26T16:26:52.800000,9.76364726952911
2015-03-26T16:26:52.900000,9.767191789754143
2015-03-26T16:26:53.000000,9.775104137443208
2015-03-26T16:26:53.100000,9.781788258573451
2015-03-26T16:26:53.200000,9.7632537339296
2015-03-26T16:26:53.300000,9.75765717985492
2015-03-26T16:26:53.400000,9.771206380871972
2015-03-26T16:26:53.500000,9.787031339312469
2015-03-26T16:26:53.600000,9.784039907591389
2015-03-26T16:26:53.700000,9.782494743762026
2015-03-26T16:26:53.800000,9.775312686727812
2015-03-26T16:26:53.900000,9.772844363059798
2015-03-26T16:26:54.000000,9.763413897099468
2015-03-26T16:26:54.100000,9.769384255106209
2015-03-26T16:26:54.200000,9.767131134258763
2015-03-26T16:26:54.300000,9.763036015792618
2015-03-26T16:26:54.400000,9.768295046148053
2015-03-26T16:26:54.500000,9.76182643482443
2015-03-26T16:26:54.600000,9.754210507088024
2015-03-26T16:26:54.700000,9.746593230985235
2015-03-26T16:26:54.800000,9.747220545592011
2015-03-26T16:26:54.900000,9.761477121533142
2015-03-26T16:26:55.000000,9.736811837475916
2015-03-26T16:26:55.100000,9.73993688864558
2015-03-26T16:26:55.200000,9.742241300300927
2015-03-26T16:26:55.300000,9.744548918655168
2015-03-26T16:26:55.400000,9.756717074399674
2015-03-26T16:26:55.500000,9.742202676066626
2015-03-26T16:26:55.600000,9.732307771646848
2015-03-26T16:26:55.700000,9.747109844819738
2015-03-26T16:26:55.800000,9.75593971497859
2015-03-26T16:26:55.900000,9.749359943584642
2015-03-26T16:26:56.000000,9.739416014058762
2015-03-26T16:26:56.100000,9.75277842316749
2015-03-26T16:26:56.200000,9.756553262266952
2015-03-26T16:26:56.300000,9.757121325369582
2015-03-26T16:26:56.400000,9.763710719144688
2015-03-26T16:26:56.500000,9.75211290898455
2015-03-26T16:26:56.600000,9.740993656902706
2015-03-26T16:26:56.700000,9.757284256267198
2015-03-26T16:26:56.800000,9.766151235549236
2015-03-26T16:26:56.900000,9.769286771757164
2015-03-26T16:26:57.000000,9.777651378188866
2015-03-26T16:26:57.100000,9.787664507161525
2015-03-26T16:26:57.200000,9.771595180489475
2015-03-26T16:26:57.300000,9.760959351983727
2015-03-26T16:26:57.400000,9.763443966118553
2015-03-26T16:26:57.500000,9.764407230294694
2015-03-26T16:26:57.600000,9.784222383324732
2015-03-26T16:26:57.700000,9.788094613102778
2015-03-26T16:26:57.800000,9.76652398576862
2015-03-26T16:26:57.900000,9.757941517803063
2015-03-26T16:26:58.000000,9.761840535820602
2015-03-26T16:26:58.100000,9.773286231386791
2015-03-26T16:26:58.200000,9.771228830203473
2015-03-26T16:26:58.300000,9.76847308694345
2015-03-26T16:26:58.400000,9.784706937835606
2015-03-26T16:26:58.500000,9.784749607284956
2015-03-26T16:26:58.600000,9.786690041370456
2015-03-26T16:26:58.700000,9.789379835018442
2015-03-26T16:26:58.800000,9.794030863719072
2015-03-26T16:26:58.900000,9.797877900493058
2015-03-26T16:26:59.000000,9.802980870931025
2015-03-26T16:26:59.100000,9.779994288275654
2015-03-26T16:26:59.200000,9.770081642865192
2015-03-26T16:26:59.300000,9.786533917890624
2015-03-26T16:26:59.400000,9.79260338819837
2015-03-26T16:26:59.500000,9.784380151270136
2015-03-26T16:26:59.600000,9.794197523899612
2015-03-26T16:26:59.700000,9.802956950842557
2015-03-26T16:26:59.800000,9.790583097734425
2015-03-26T16:26:59.900000,9.782322090683063
2015-03-26T16:27:00.000000,9.77610547188351
2015-03-26T16:27:00.100000,9.77158533336858
2015-03-26T16:27:00.200000,9.767519578144777
2015-03-26T16:27:00.300000,9.756592770553224
2015-03-26T16:27:00.400000,9.75098510338198
2015-03-26T16:27:00.500000,9.748796112982388
2015-03-26T16:27:00.600000,9.753314740024791
2015-03-26T16:27:00.700000,9.779403907065308
2015-03-26T16:27:00.800000,9.757956543790584
2015-03-26T16:27:00.900000,9.747369249549347
2015-03-26T16:27:01.000000,9.755101572978491
2015-03-26T16:27:01.100000,9.75068151235226
2015-03-26T16:27:01.200000,9.737835532067402
2015-03-26T16:27:01.300000,9.742917126639863
2015-03-26T16:27:01.400000,9.749633722927117
2015-03-26T16:27:01.500000,9.752451720066182
2015-03-26T16:27:01.600000,9.764596186686694
2015-03-26T16:27:01.700000,9.769101003132564
2015-03-26T16:27:01.800000,9.7599505901072
2015-03-26T16:27:01.900000,9.754101097297545
2015-03-26T16:27:02.000000,9.747111901228482
2015-03-26T16:27:02.100000,9.752582897104956
2015-03-26T16:27:02.200000,9.77339402492766
2015-03-26T16:27:02.300000,9.776173816552031
2015-03-26T16:27:02.400000,9.75029512467504
2015-03-26T16:27:02.500000,9.744538192233652
2015-03-26T16:27:02.600000,9.763499368764537
2015-03-26T16:27:02.700000,9.767193533663468
2015-03-26T16:27:02.800000,9.768558812201745
2015-03-26T16:27:02.900000,9.762521264027788
2015-03-26T16:27:03.000000,9.757732212636908
2015-03-26T16:27:03.100000,9.76475064412198
2015-03-26T16:27:03.200000,9.775431385931345
2015-03-26T16:27:03.300000,9.763230895550384
2015-03-26T16:27:03.400000,9.773816869742474
2015-03-26T16:27:03.500000,9.767783209954768
2015-03-26T16:27:03.600000,9.769816006871451
2015-03-26T16:27:03.700000,9.780159721197512
2015-03-26T16:27:03.800000,9.77310854392527
2015-03-26T16:27:03.900000,9.76529892626624
2015-03-26T16:27:04.000000,9.764629656623804
2015-03-26T16:27:04.100000,9.7665244095375
2015-03-26T16:27:04.200000,9.76479831387163
2015-03-26T16:27:04.300000,9.78594365684676
2015-03-26T16:27:04.400000,9.76322895382184
2015-03-26T16:27:04.500000,9.777047398975164
2015-03-26T16:27:04.600000,9.782713599044031
2015-03-26T16:27:04.700000,9.783168002845878
2015-03-26T16:27:04.800000,9.780153253349376
2015-03-26T16:27:04.900000,9.774519200503434
2015-03-26T16:27:05.000000,9.771038722892202
2015-03-26T16:27:05.100000,9.782405188693629
2015-03-26T16:27:05.200000,9.778163935289909
2015-03-26T16:27:05.300000,9.76397701875815
2015-03-26T16:27:05.400000,9.784580693340208
2015-03-26T16:27:05.500000,9.786469820483031
2015-03-26T16:27:05.600000,9.785497195212
2015-03-26T16:27:05.700000,9.78661452807492
2015-03-26T16:27:05.800000,9.78288918346433
2015-03-26T16:27:05.900000,9.779978378657962
2015-03-26T16:27:06.000000,9.777683007547056
2015-03-26T16:27:06.100000,9.780877028832158
2015-03-26T16:27:06.200000,9.78886170039444
2015-03-26T16:27:06.300000,9.784377885619485
2015-03-26T16:27:06.400000,9.770341364791664
2015-03-26T16:27:06.500000,9.768811305653218
2015-03-26T16:27:06.600000,9.780891533405365
2015-03-26T16:27:06.700000,9.790663364903985
2015-03-26T16:27:06.800000,9.774693967845865
2015-03-26T16:27:06.900000,9.764637912983954
2015-03-26T16:27:07.000000,9.768291072618338
2015-03-26T16:27:07.100000,9.767568883388412
2015-03-26T16:27:07.200000,9.760219792406303
2015-03-26T16:27:07.300000,9.759903489071467
2015-03-26T16:27:07.400000,9.767463248149882
2015-03-26T16:27:07.500000,9.761441970526947
2015-03-26T16:27:07.600000,9.758288592883323
2015-03-26T16:27:07.700000,9.751982931154558
2015-03-26T16:27:07.800000,9.760972697409088
2015-03-26T16:27:07.900000,9.76703188701407
2015-03-26T16:27:08.000000,9.75771798773776
2015-03-26T16:27:08.100000,9.766936682505545
2015-03-26T16:27:08.200000,9.765423987087544
2015-03-26T16:27:08.300000,9.740651886061196
2015-03-26T16:27:08.400000,9.7557676329006
2015-03-26T16:27:08.500000,9.747865484058089
2015-03-26T16:27:08.600000,9.740224057118317
2015-03-26T16:27:08.700000,9.746067667905448
2015-03-26T16:27:08.800000,9.751913970642
2015-03-26T16:27:08.900000,9.756132633587647
2015-03-26T16:27:09.000000,9.765275043019823
2015-03-26T16:27:09.100000,9.757769443406753
2015-03-26T16:27:09.200000,9.767633550917614
2015-03-26T16:27:09.300000,9.774379845527733
2015-03-26T16:27:09.400000,9.76618917503266
2015-03-26T16:27:09.500000,9.757727770638867
2015-03-26T16:27:09.600000,9.77060268048966
2015-03-26T16:27:09.700000,9.781220115415715
2015-03-26T16:27:09.800000,9.76640677478168
2015-03-26T16:27:09.900000,9.74825025063105
2015-03-26T16:27:10.000000,9.755933588664249
2015-03-26T16:27:10.100000,9.77831270981853
2015-03-26T16:27:10.200000,9.770175734774574
2015-03-26T16:27:10.300000,9.780810525393038
2015-03-26T16:27:10.400000,9.784616091539524
2015-03-26T16:27:10.500000,9.790822312590588
2015-03-26T16:27:10.600000,9.775727345766326
2015-03-26T16:27:10.700000,9.77136239949642
2015-03-26T16:27:10.800000,9.783770271384572
2015-03-26T16:27:10.900000,9.785674943285366
2015-03-26T16:27:11.000000,9.77183705090968
2015-03-26T16:27:11.100000,9.774561068603507
2015-03-26T16:27:11.200000,9.783074649443485
2015-03-26T16:27:11.300000,9.773430982038596
2015-03-26T16:27:11.400000,9.775349621224535
2015-03-26T16:27:11.500000,9.789498596732578
2015-03-26T16:27:11.600000,9.799318339240552
2015-03-26T16:27:11.700000,9.762553475433997
2015-03-26T16:27:11.800000,9.762089322616127
2015-03-26T16:27:11.900000,9.77949268264711
2015-03-26T16:27:12.000000,9.781632506743769
2015-03-26T16:27:12.100000,9.78799844214039
2015-03-26T16:27:12.200000,9.782992957836417
2015-03-26T16:27:12.300000,9.777865749122622
2015-03-26T16:27:12.400000,9.796173027931763
2015-03-26T16:27:12.500000,9.759672732084084
2015-03-26T16:27:12.600000,9.745111034175393
2015-03-26T16:27:12.700000,9.733287913974168
2015-03-26T16:27:12.800000,9.75054347022218
2015-03-26T16:27:12.900000,9.759133178480733
2015-03-26T16:27:13.000000,9.758445913641486
2015-03-26T16:27:13.100000,9.759952727496977
2015-03-26T16:27:13.200000,9.758520348359628
2015-03-26T16:27:13.300000,9.76288226386731
2015-03-26T16:27:13.400000,9.752095226914198
2015-03-26T16:27:13.500000,9.747307587189995
2015-03-26T16:27:13.600000,9.754988047315749
2015-03-26T16:27:13.700000,9.766605790971568
2015-03-26T16:27:13.800000,9.757059623068088
2015-03-26T16:27:13.900000,9.756535555487591
2015-03-26T16:27:14.000000,9.75761742591867
2015-03-26T16:27:14.100000,9.744580655105128
2015-03-26T16:27:14.200000,9.735712966479358
2015-03-26T16:27:14.300000,9.742807833089936
2015-03-26T16:27:14.400000,9.755457918190643
2015-03-26T16:27:14.500000,9.76063179538058
2015-03-26T16:27:14.600000,9.753360208883413
2015-03-26T16:27:14.700000,9.74176136508635
2015-03-26T16:27:14.800000,9.733213590303146
2015-03-26T16:27:14.900000,9.734221157011914
2015-03-26T16:27:15.000000,9.735228691424236
2015-03-26T16:27:15.100000,9.740586248590064
2015-03-26T16:27:15.200000,9.74883917603321
2015-03-26T16:27:15.300000,9.752336037177596
2015-03-26T16:27:15.400000,9.76161852865292
2015-03-26T16:27:15.500000,9.756760924149726
2015-03-26T16:27:15.600000,9.757520615918548
2015-03-26T16:27:15.700000,9.767375561857907
2015-03-26T16:27:15.800000,9.766654476187618
2015-03-26T16:27:15.900000,9.766743182780113
2015-03-26T16:27:16.000000,9.760768164728178
2015-03-26T16:27:16.100000,9.767054885363963
2015-03-26T16:27:16.200000,9.773342736192758
2015-03-26T16:27:16.300000,9.7793319032613
2015-03-26T16:27:16.400000,9.772330230109242
2015-03-26T16:27:16.500000,9.765080595847108
2015-03-26T16:27:16.600000,9.77165241077863
2015-03-26T16:27:16.700000,9.773436552885972
2015-03-26T16:27:16.800000,9.776844266908672
2015-03-26T16:27:16.900000,9.77670302674482
2015-03-26T16:27:17.000000,9.765642797456362
2015-03-26T16:27:17.100000,9.758765340064294
2015-03-26T16:27:17.200000,9.767703686872666
2015-03-26T16:27:17.300000,9.767782836706756
2015-03-26T16:27:17.400000,9.7679971378307
2015-03-26T16:27:17.500000,9.768414464680452
2015-03-26T16:27:17.600000,9.775556426544735
2015-03-26T16:27:17.700000,9.766455756044264
2015-03-26T16:27:17.800000,9.766760078194345
2015-03-26T16:27:17.900000,9.77404320050998
2015-03-26T16:27:18.000000,9.770466958285898
2015-03-26T16:27:18.100000,9.7775797797248
2015-03-26T16:27:18.200000,9.777205447720256
2015-03-26T16:27:18.300000,9.78209445120637
