datetime,VN1007_acc_d_m/s/s
2015-03-26T16:00:00.000000,9.749622426767008
2015-03-26T16:00:00.100000,9.776895707717904
2015-03-26T16:00:00.200000,9.798167780365317
2015-03-26T16:00:00.300000,9.771579687302376
2015-03-26T16:00:00.400000,9.769075635037224
2015-03-26T16:00:00.500000,9.786349634372188
2015-03-26T16:00:00.600000,9.752118501104864
2015-03-26T16:00:00.700000,9.71635296078927
2015-03-26T16:00:00.800000,9.732771646704348
2015-03-26T16:00:00.900000,9.769599391269567
2015-03-26T16:00:01.000000,9.7600397555771
2015-03-26T16:00:01.100000,9.747595426501652
2015-03-26T16:00:01.200000,9.737140060340057
2015-03-26T16:00:01.300000,9.743044449715098
2015-03-26T16:00:01.400000,9.739563486166729
2015-03-26T16:00:01.500000,9.72784191421215
2015-03-26T16:00:01.600000,9.744619070460118
2015-03-26T16:00:01.700000,9.753599195324671
2015-03-26T16:00:01.800000,9.732082198764411
2015-03-26T16:00:01.900000,9.725999522620356
2015-03-26T16:00:02.000000,9.746381236359646
2015-03-26T16:00:02.100000,9.741667786360011
2015-03-26T16:00:02.200000,9.72203981709027
2015-03-26T16:00:02.300000,9.724839045347183
2015-03-26T16:00:02.400000,9.736767708691998
2015-03-26T16:00:02.500000,9.737308027517122
2015-03-26T16:00:02.600000,9.743174789294804
2015-03-26T16:00:02.700000,9.729948876718556
2015-03-26T16:00:02.800000,9.72331012163396
2015-03-26T16:00:02.900000,9.733871550848026
2015-03-26T16:00:03.000000,9.75502642916307
2015-03-26T16:00:03.100000,9.748354398572893
2015-03-26T16:00:03.200000,9.74077655807113
2015-03-26T16:00:03.300000,9.746582275643158
2015-03-26T16:00:03.400000,9.732153850681286
2015-03-26T16:00:03.500000,9.74197621695638
2015-03-26T16:00:03.600000,9.72818943476746
2015-03-26T16:00:03.700000,9.727882529118387
2015-03-26T16:00:03.800000,9.745882187956274
2015-03-26T16:00:03.900000,9.739514103006098
2015-03-26T16:00:04.000000,9.731630937019425
2015-03-26T16:00:04.100000,9.753234395246182
2015-03-26T16:00:04.200000,9.755153574571825
2015-03-26T16:00:04.300000,9.743384061824614
2015-03-26T16:00:04.400000,9.72654000616559
2015-03-26T16:00:04.500000,9.738698405914514
2015-03-26T16:00:04.600000,9.743205052251929
2015-03-26T16:00:04.700000,9.758316804048
2015-03-26T16:00:04.800000,9.762791616037653
2015-03-26T16:00:04.900000,9.75623346563685
2015-03-26T16:00:05.000000,9.760500772871536
2015-03-26T16:00:05.100000,9.769857313101388
2015-03-26T16:00:05.200000,9.752945240237535
2015-03-26T16:00:05.300000,9.741076856541309
2015-03-26T16:00:05.400000,9.736675842278366
2015-03-26T16:00:05.500000,9.74137490553814
2015-03-26T16:00:05.600000,9.734539398996368
2015-03-26T16:00:05.700000,9.747271210632658
2015-03-26T16:00:05.800000,9.753705598189091
2015-03-26T16:00:05.900000,9.741723985848726
2015-03-26T16:00:06.000000,9.732134055865632
2015-03-26T16:00:06.100000,9.709547821070997
2015-03-26T16:00:06.200000,9.732388012036475
2015-03-26T16:00:06.300000,9.743444921918387
2015-03-26T16:00:06.400000,9.7587598379832
2015-03-26T16:00:06.500000,9.750432755149903
2015-03-26T16:00:06.600000,9.754290882282127
2015-03-26T16:00:06.700000,9.7597462053221
2015-03-26T16:00:06.800000,9.756978339794196
2015-03-26T16:00:06.900000,9.75699671922562
2015-03-26T16:00:07.000000,9.770517907100112
2015-03-26T16:00:07.100000,9.75907479872981
2015-03-26T16:00:07.200000,9.746309145522812
2015-03-26T16:00:07.300000,9.757352699593186
2015-03-26T16:00:07.400000,9.763524652479733
2015-03-26T16:00:07.500000,9.7558345990957
2015-03-26T16:00:07.600000,9.762982640847216
2015-03-26T16:00:07.700000,9.750985904341483
2015-03-26T16:00:07.800000,9.756784554297893
2015-03-26T16:00:07.900000,9.753687009411186
2015-03-26T16:00:08.000000,9.752857001275776
2015-03-26T16:00:08.100000,9.74767936377742
2015-03-26T16:00:08.200000,9.757768765557003
2015-03-26T16:00:08.300000,9.760581981170304
2015-03-26T16:00:08.400000,9.753563124963517
2015-03-26T16:00:08.500000,9.751876491071334
2015-03-26T16:00:08.600000,9.743638440628056
2015-03-26T16:00:08.700000,9.737235866742866
2015-03-26T16:00:08.800000,9.749372511765625
2015-03-26T16:00:08.900000,9.75620076204516
2015-03-26T16:00:09.000000,9.756427495785683
2015-03-26T16:00:09.100000,9.75787101877733
2015-03-26T16:00:09.200000,9.74514976749002
2015-03-26T16:00:09.300000,9.751790233432496
2015-03-26T16:00:09.400000,9.749325492580686
2015-03-26T16:00:09.500000,9.746222266828209
2015-03-26T16:00:09.600000,9.752051367308136
2015-03-26T16:00:09.700000,9.759315410157624
2015-03-26T16:00:09.800000,9.76146675839492
2015-03-26T16:00:09.900000,9.73399081511335
2015-03-26T16:00:10.000000,9.743157207297209
2015-03-26T16:00:10.100000,9.772500902495388
2015-03-26T16:00:10.200000,9.757869645841884
2015-03-26T16:00:10.300000,9.74686940563571
2015-03-26T16:00:10.400000,9.739317970112774
2015-03-26T16:00:10.500000,9.712870931749396
2015-03-26T16:00:10.600000,9.700769491477953
2015-03-26T16:00:10.700000,9.705002409638242
2015-03-26T16:00:10.800000,9.722503453691305
2015-03-26T16:00:10.900000,9.734895127911315
2015-03-26T16:00:11.000000,9.741865816548634
2015-03-26T16:00:11.100000,9.743570390406449
2015-03-26T16:00:11.200000,9.740332014799147
2015-03-26T16:00:11.300000,9.724215354109742
2015-03-26T16:00:11.400000,9.73053820658884
2015-03-26T16:00:11.500000,9.735549521591452
2015-03-26T16:00:11.600000,9.726688344837642
2015-03-26T16:00:11.700000,9.7206758505156
2015-03-26T16:00:11.800000,9.748816000624196
2015-03-26T16:00:11.900000,9.749168501964572
2015-03-26T16:00:12.000000,9.752453402482864
2015-03-26T16:00:12.100000,9.75015454916057
2015-03-26T16:00:12.200000,9.750826807515914
2015-03-26T16:00:12.300000,9.761597063068518
2015-03-26T16:00:12.400000,9.758534009659169
2015-03-26T16:00:12.500000,9.763343414648686
2015-03-26T16:00:12.600000,9.765393661476333
2015-03-26T16:00:12.700000,9.761072907276276
2015-03-26T16:00:12.800000,9.748549862224086
2015-03-26T16:00:12.900000,9.731106368463076
2015-03-26T16:00:13.000000,9.750649739487292
2015-03-26T16:00:13.100000,9.75955544226695
2015-03-26T16:00:13.200000,9.766627463874164
2015-03-26T16:00:13.300000,9.760509031374768
2015-03-26T16:00:13.400000,9.74425699998906
2015-03-26T16:00:13.500000,9.735694133086316
2015-03-26T16:00:13.600000,9.7241002857956
2015-03-26T16:00:13.700000,9.741003252746626
2015-03-26T16:00:13.800000,9.743272395532491
2015-03-26T16:00:13.900000,9.731187607001354
2015-03-26T16:00:14.000000,9.744639105969034
2015-03-26T16:00:14.100000,9.764336905364944
2015-03-26T16:00:14.200000,9.778939671937088
2015-03-26T16:00:14.300000,9.746387335781783
2015-03-26T16:00:14.400000,9.746884241212731
2015-03-26T16:00:14.500000,9.76572475699768
2015-03-26T16:00:14.600000,9.764609096317866
2015-03-26T16:00:14.700000,9.722881154780811
2015-03-26T16:00:14.800000,9.742559551786858
2015-03-26T16:00:14.900000,9.76327578122738
2015-03-26T16:00:15.000000,9.769139191542566
2015-03-26T16:00:15.100000,9.749558536269571
2015-03-26T16:00:15.200000,9.735369431481384
2015-03-26T16:00:15.300000,9.730844992353823
2015-03-26T16:00:15.400000,9.734667823277542
2015-03-26T16:00:15.500000,9.74410671748532
2015-03-26T16:00:15.600000,9.721528187434908
2015-03-26T16:00:15.700000,9.69625275281171
2015-03-26T16:00:15.800000,9.723369023868196
2015-03-26T16:00:15.900000,9.750866692256086
2015-03-26T16:00:16.000000,9.74154990842962
2015-03-26T16:00:16.100000,9.744897260896476
2015-03-26T16:00:16.200000,9.73340187038858
2015-03-26T16:00:16.300000,9.729612778057293
2015-03-26T16:00:16.400000,9.739735970697502
2015-03-26T16:00:16.500000,9.750255642336557
2015-03-26T16:00:16.600000,9.757257077030376
2015-03-26T16:00:16.700000,9.753453659950816
2015-03-26T16:00:16.800000,9.741987198556606
2015-03-26T16:00:16.900000,9.73600511347468
2015-03-26T16:00:17.000000,9.708722528058066
2015-03-26T16:00:17.100000,9.720195912621524
2015-03-26T16:00:17.200000,9.745408401291156
2015-03-26T16:00:17.300000,9.749358825708695
2015-03-26T16:00:17.400000,9.747740110826795
2015-03-26T16:00:17.500000,9.729669418534248
2015-03-26T16:00:17.600000,9.727799876213744
2015-03-26T16:00:17.700000,9.73204549354494
2015-03-26T16:00:17.800000,9.74462340240558
2015-03-26T16:00:17.900000,9.744876518235928
2015-03-26T16:00:18.000000,9.743705721402112
2015-03-26T16:00:18.100000,9.733061185214725
2015-03-26T16:00:18.200000,9.7483265088118
2015-03-26T16:00:18.300000,9.76320521613041
2015-03-26T16:00:18.400000,9.759081063131877
2015-03-26T16:00:18.500000,9.749993757913224
2015-03-26T16:00:18.600000,9.745097361284598
2015-03-26T16:00:18.700000,9.755167012765677
2015-03-26T16:00:18.800000,9.75229411795354
2015-03-26T16:00:18.900000,9.745394683799413
2015-03-26T16:00:19.000000,9.754168937816448
2015-03-26T16:00:19.100000,9.72934950697104
2015-03-26T16:00:19.200000,9.737732809284
2015-03-26T16:00:19.300000,9.750535955918762
2015-03-26T16:00:19.400000,9.739198260637783
2015-03-26T16:00:19.500000,9.74095929814575
2015-03-26T16:00:19.600000,9.767625076907846
2015-03-26T16:00:19.700000,9.742526616443325
2015-03-26T16:00:19.800000,9.727052464266391
2015-03-26T16:00:19.900000,9.745659701151498
2015-03-26T16:00:20.000000,9.753384218287524
2015-03-26T16:00:20.100000,9.746787283125078
2015-03-26T16:00:20.200000,9.721714121992235
2015-03-26T16:00:20.300000,9.738237458104852
2015-03-26T16:00:20.400000,9.75569328659761
2015-03-26T16:00:20.500000,9.706486674603378
2015-03-26T16:00:20.600000,9.716235651634545
2015-03-26T16:00:20.700000,9.727256457493402
2015-03-26T16:00:20.800000,9.721499443579688
2015-03-26T16:00:20.900000,9.736998664806638
2015-03-26T16:00:21.000000,9.735573648950268
2015-03-26T16:00:21.100000,9.720185159183274
2015-03-26T16:00:21.200000,9.72709046495648
2015-03-26T16:00:21.300000,9.753444730234133
2015-03-26T16:00:21.400000,9.752625410138297
2015-03-26T16:00:21.500000,9.750117891135549
2015-03-26T16:00:21.600000,9.737609270678222
2015-03-26T16:00:21.700000,9.737345251391524
2015-03-26T16:00:21.800000,9.746678859340212
2015-03-26T16:00:21.900000,9.739859610748066
2015-03-26T16:00:22.000000,9.727738118912384
2015-03-26T16:00:22.100000,9.738774464903264
2015-03-26T16:00:22.200000,9.75042834567813
2015-03-26T16:00:22.300000,9.747499459154058
2015-03-26T16:00:22.400000,9.77052241445312
2015-03-26T16:00:22.500000,9.771465964645769
2015-03-26T16:00:22.600000,9.741285475705329
2015-03-26T16:00:22.700000,9.77714501808405
2015-03-26T16:00:22.800000,9.769789174098628
2015-03-26T16:00:22.900000,9.774533032389492
2015-03-26T16:00:23.000000,9.77807832560498
2015-03-26T16:00:23.100000,9.769515196246122
2015-03-26T16:00:23.200000,9.76729185942696
2015-03-26T16:00:23.300000,9.77252531102918
2015-03-26T16:00:23.400000,9.750252082756775
2015-03-26T16:00:23.500000,9.746781436355
2015-03-26T16:00:23.600000,9.753766595932412
2015-03-26T16:00:23.700000,9.778558517796254
2015-03-26T16:00:23.800000,9.771950621558696
2015-03-26T16:00:23.900000,9.75117802419456
2015-03-26T16:00:24.000000,9.768580952983216
2015-03-26T16:00:24.100000,9.780631574680836
2015-03-26T16:00:24.200000,9.767394232805156
2015-03-26T16:00:24.300000,9.760939455290869
2015-03-26T16:00:24.400000,9.7416422721452
2015-03-26T16:00:24.500000,9.745091799811208
2015-03-26T16:00:24.600000,9.727681507554252
2015-03-26T16:00:24.700000,9.728747231765368
2015-03-26T16:00:24.800000,9.726754782387475
2015-03-26T16:00:24.900000,9.759239134690954
2015-03-26T16:00:25.000000,9.753199040361707
2015-03-26T16:00:25.100000,9.741870184558175
2015-03-26T16:00:25.200000,9.744550049764158
2015-03-26T16:00:25.300000,9.732370522498318
2015-03-26T16:00:25.400000,9.74813910213904
2015-03-26T16:00:25.500000,9.766768450763086
2015-03-26T16:00:25.600000,9.736805562439937
2015-03-26T16:00:25.700000,9.73208337327853
2015-03-26T16:00:25.800000,9.736906869699686
2015-03-26T16:00:25.900000,9.728755808744245
2015-03-26T16:00:26.000000,9.725708863784751
2015-03-26T16:00:26.100000,9.715187357388364
2015-03-26T16:00:26.200000,9.718569223552729
2015-03-26T16:00:26.300000,9.70782076180829
2015-03-26T16:00:26.400000,9.705202346656284
2015-03-26T16:00:26.500000,9.71613446242682
2015-03-26T16:00:26.600000,9.740405382978958
2015-03-26T16:00:26.700000,9.719191863888298
2015-03-26T16:00:26.800000,9.714904261863149
2015-03-26T16:00:26.900000,9.711183590001362
2015-03-26T16:00:27.000000,9.72560880372453
2015-03-26T16:00:27.100000,9.706966368946448
2015-03-26T16:00:27.200000,9.686190248668872
2015-03-26T16:00:27.300000,9.716012600444826
2015-03-26T16:00:27.400000,9.743397498370244
2015-03-26T16:00:27.500000,9.757291536810715
2015-03-26T16:00:27.600000,9.74589061102298
2015-03-26T16:00:27.700000,9.757737227590054
2015-03-26T16:00:27.800000,9.777368042128982
2015-03-26T16:00:27.900000,9.783386078696182
2015-03-26T16:00:28.000000,9.740416000797268
2015-03-26T16:00:28.100000,9.73714587971706
2015-03-26T16:00:28.200000,9.74092304807176
2015-03-26T16:00:28.300000,9.74301139713888
2015-03-26T16:00:28.400000,9.760512589262865
2015-03-26T16:00:28.500000,9.770817372416053
2015-03-26T16:00:28.600000,9.77973425562148
2015-03-26T16:00:28.700000,9.78523385422728
2015-03-26T16:00:28.800000,9.783537966285422
2015-03-26T16:00:28.900000,9.755263354778805
2015-03-26T16:00:29.000000,9.753948138799176
2015-03-26T16:00:29.100000,9.773980853034354
2015-03-26T16:00:29.200000,9.77977933654524
2015-03-26T16:00:29.300000,9.767409270829909
2015-03-26T16:00:29.400000,9.76322843611038
2015-03-26T16:00:29.500000,9.761288911199394
2015-03-26T16:00:29.600000,9.75082560145336
2015-03-26T16:00:29.700000,9.75422223368769
2015-03-26T16:00:29.800000,9.75099171073447
2015-03-26T16:00:29.900000,9.742873712222345
2015-03-26T16:00:30.000000,9.75528267561961
2015-03-26T16:00:30.100000,9.757936538928238
2015-03-26T16:00:30.200000,9.748308605385205
2015-03-26T16:00:30.300000,9.737442918901769
2015-03-26T16:00:30.400000,9.746436994813005
2015-03-26T16:00:30.500000,9.758979170650289
2015-03-26T16:00:30.600000,9.754650901275106
2015-03-26T16:00:30.700000,9.750942666922256
2015-03-26T16:00:30.800000,9.753853748882843
2015-03-26T16:00:30.900000,9.745476993250696
2015-03-26T16:00:31.000000,9.732475925917845
2015-03-26T16:00:31.100000,9.73732759493635
2015-03-26T16:00:31.200000,9.748754937553118
2015-03-26T16:00:31.300000,9.730177223499467
2015-03-26T16:00:31.400000,9.718410266942874
2015-03-26T16:00:31.500000,9.711717221180214
2015-03-26T16:00:31.600000,9.71909389349894
2015-03-26T16:00:31.700000,9.733347631655503
2015-03-26T16:00:31.800000,9.710692753766285
2015-03-26T16:00:31.900000,9.712590828277795
2015-03-26T16:00:32.000000,9.752859662264582
2015-03-26T16:00:32.100000,9.73868162784765
2015-03-26T16:00:32.200000,9.744316521369424
2015-03-26T16:00:32.300000,9.730545076019132
2015-03-26T16:00:32.400000,9.722321105276848
2015-03-26T16:00:32.500000,9.721786037326202
2015-03-26T16:00:32.600000,9.736899583123003
2015-03-26T16:00:32.700000,9.757235936178406
2015-03-26T16:00:32.800000,9.749200419357644
2015-03-26T16:00:32.900000,9.720192891035692
2015-03-26T16:00:33.000000,9.70340356245977
2015-03-26T16:00:33.100000,9.710971345945223
2015-03-26T16:00:33.200000,9.735088337913544
2015-03-26T16:00:33.300000,9.77955150335076
2015-03-26T16:00:33.400000,9.735443671583104
2015-03-26T16:00:33.500000,9.728465214507606
2015-03-26T16:00:33.600000,9.77588434219456
2015-03-26T16:00:33.700000,9.77111503633565
2015-03-26T16:00:33.800000,9.770004855309612
2015-03-26T16:00:33.900000,9.762432088332488
2015-03-26T16:00:34.000000,9.761930674145807
2015-03-26T16:00:34.100000,9.766343837715787
2015-03-26T16:00:34.200000,9.76531204448525
2015-03-26T16:00:34.300000,9.74981282152932
2015-03-26T16:00:34.400000,9.753731161877653
2015-03-26T16:00:34.500000,9.768449770669568
2015-03-26T16:00:34.600000,9.759891578084485
2015-03-26T16:00:34.700000,9.756459078935425
2015-03-26T16:00:34.800000,9.769844063987868
2015-03-26T16:00:34.900000,9.774606142822291
2015-03-26T16:00:35.000000,9.767031366684687
2015-03-26T16:00:35.100000,9.740737450732135
2015-03-26T16:00:35.200000,9.75310328921659
2015-03-26T16:00:35.300000,9.748267462541468
2015-03-26T16:00:35.400000,9.766151333157342
2015-03-26T16:00:35.500000,9.742241602537334
2015-03-26T16:00:35.600000,9.75029680222586
2015-03-26T16:00:35.700000,9.780870975171974
2015-03-26T16:00:35.800000,9.73902785590126
2015-03-26T16:00:35.900000,9.722903172716896
2015-03-26T16:00:36.000000,9.756551331829684
2015-03-26T16:00:36.100000,9.764463913423102
2015-03-26T16:00:36.200000,9.755472789580256
2015-03-26T16:00:36.300000,9.774850881324882
2015-03-26T16:00:36.400000,9.738819128035145
2015-03-26T16:00:36.500000,9.7350342094791
2015-03-26T16:00:36.600000,9.733283488202806
2015-03-26T16:00:36.700000,9.71895774404796
2015-03-26T16:00:36.800000,9.741247334601317
2015-03-26T16:00:36.900000,9.754136089102012
2015-03-26T16:00:37.000000,9.736428761127812
2015-03-26T16:00:37.100000,9.732780067824988
2015-03-26T16:00:37.200000,9.748379695943942
2015-03-26T16:00:37.300000,9.720308461147903
2015-03-26T16:00:37.400000,9.75283498152236
2015-03-26T16:00:37.500000,9.761309436381518
2015-03-26T16:00:37.600000,9.746024039781192
2015-03-26T16:00:37.700000,9.729476253844204
2015-03-26T16:00:37.800000,9.733332423347306
2015-03-26T16:00:37.900000,9.73778842875549
2015-03-26T16:00:38.000000,9.732582515825346
2015-03-26T16:00:38.100000,9.723730307265518
2015-03-26T16:00:38.200000,9.746830208160516
2015-03-26T16:00:38.300000,9.756670941608046
2015-03-26T16:00:38.400000,9.75084228248378
2015-03-26T16:00:38.500000,9.723595425013484
2015-03-26T16:00:38.600000,9.725389141301148
2015-03-26T16:00:38.700000,9.747269777574449
2015-03-26T16:00:38.800000,9.749041379428038
2015-03-26T16:00:38.900000,9.744015453838218
2015-03-26T16:00:39.000000,9.74685647385923
2015-03-26T16:00:39.100000,9.721878367444052
2015-03-26T16:00:39.200000,9.73442237983036
2015-03-26T16:00:39.300000,9.77261341716025
2015-03-26T16:00:39.400000,9.760465193021208
2015-03-26T16:00:39.500000,9.747104463010835
2015-03-26T16:00:39.600000,9.76592575149104
2015-03-26T16:00:39.700000,9.764843177379015
2015-03-26T16:00:39.800000,9.764232687745144
2015-03-26T16:00:39.900000,9.744554624083229
2015-03-26T16:00:40.000000,9.75222840260686
2015-03-26T16:00:40.100000,9.768639550771926
2015-03-26T16:00:40.200000,9.76346418037224
2015-03-26T16:00:40.300000,9.768418869345084
2015-03-26T16:00:40.400000,9.768130750278708
2015-03-26T16:00:40.500000,9.74929718842223
2015-03-26T16:00:40.600000,9.742697520842787
2015-03-26T16:00:40.700000,9.752122434355089
2015-03-26T16:00:40.800000,9.735389497837032
2015-03-26T16:00:40.900000,9.743265523584016
2015-03-26T16:00:41.000000,9.765613996767858
2015-03-26T16:00:41.100000,9.760771727868734
2015-03-26T16:00:41.200000,9.742628601521629
2015-03-26T16:00:41.300000,9.759134862892624
2015-03-26T16:00:41.400000,9.76980864012952
2015-03-26T16:00:41.500000,9.751400423850177
2015-03-26T16:00:41.600000,9.729051199786488
2015-03-26T16:00:41.700000,9.743282239492476
2015-03-26T16:00:41.800000,9.76219540075229
2015-03-26T16:00:41.900000,9.746490289441285
2015-03-26T16:00:42.000000,9.737781321042604
2015-03-26T16:00:42.100000,9.74876991028467
2015-03-26T16:00:42.200000,9.75681628841555
2015-03-26T16:00:42.300000,9.756758187218963
2015-03-26T16:00:42.400000,9.738664191096271
2015-03-26T16:00:42.500000,9.723771984785596
2015-03-26T16:00:42.600000,9.739612689031286
2015-03-26T16:00:42.700000,9.752361635023876
2015-03-26T16:00:42.800000,9.759329497545782
2015-03-26T16:00:42.900000,9.750284906089272
2015-03-26T16:00:43.000000,9.73871306394167
2015-03-26T16:00:43.100000,9.72227810871649
2015-03-26T16:00:43.200000,9.750704927638314
2015-03-26T16:00:43.300000,9.757548963061026
2015-03-26T16:00:43.400000,9.75659912099993
2015-03-26T16:00:43.500000,9.756814076638651
2015-03-26T16:00:43.600000,9.750237473431977
2015-03-26T16:00:43.700000,9.737358967105452
2015-03-26T16:00:43.800000,9.712913044433128
2015-03-26T16:00:43.900000,9.735866447188778
2015-03-26T16:00:44.000000,9.7446890996389
2015-03-26T16:00:44.100000,9.732635826333174
2015-03-26T16:00:44.200000,9.742005079266145
2015-03-26T16:00:44.300000,9.750978465252604
2015-03-26T16:00:44.400000,9.736102156624227
2015-03-26T16:00:44.500000,9.72115037290555
2015-03-26T16:00:44.600000,9.70438883651475
2015-03-26T16:00:44.700000,9.71207535853561
2015-03-26T16:00:44.800000,9.72441181315628
2015-03-26T16:00:44.900000,9.744951159243984
2015-03-26T16:00:45.000000,9.75123741104406
2015-03-26T16:00:45.100000,9.739165699694698
2015-03-26T16:00:45.200000,9.742853756209032
2015-03-26T16:00:45.300000,9.752354725297856
2015-03-26T16:00:45.400000,9.766603084924206
2015-03-26T16:00:45.500000,9.757478570301796
2015-03-26T16:00:45.600000,9.73395386070106
2015-03-26T16:00:45.700000,9.725942602882723
2015-03-26T16:00:45.800000,9.754365930061851
2015-03-26T16:00:45.900000,9.766456301246876
2015-03-26T16:00:46.000000,9.786313330642718
2015-03-26T16:00:46.100000,9.769454882131424
2015-03-26T16:00:46.200000,9.759109821348032
2015-03-26T16:00:46.300000,9.759220794086543
2015-03-26T16:00:46.400000,9.752290824858855
2015-03-26T16:00:46.500000,9.756556587119904
2015-03-26T16:00:46.600000,9.746198596816022
2015-03-26T16:00:46.700000,9.756762027319867
2015-03-26T16:00:46.800000,9.73448421529464
2015-03-26T16:00:46.900000,9.737576003509472
2015-03-26T16:00:47.000000,9.75479103038763
2015-03-26T16:00:47.100000,9.742078643277024
2015-03-26T16:00:47.200000,9.742064823446524
2015-03-26T16:00:47.300000,9.744849325352687
2015-03-26T16:00:47.400000,9.759429724083118
2015-03-26T16:00:47.500000,9.74934686241951
2015-03-26T16:00:47.600000,9.764283786032102
2015-03-26T16:00:47.700000,9.783037327000454
2015-03-26T16:00:47.800000,9.757042408841295
2015-03-26T16:00:47.900000,9.757295675738591
2015-03-26T16:00:48.000000,9.736582001704187
2015-03-26T16:00:48.100000,9.744900228553831
2015-03-26T16:00:48.200000,9.760501677450293
2015-03-26T16:00:48.300000,9.767940575282047
2015-03-26T16:00:48.400000,9.777838634658364
2015-03-26T16:00:48.500000,9.770053861217658
2015-03-26T16:00:48.600000,9.77332624315351
2015-03-26T16:00:48.700000,9.768184274515503
2015-03-26T16:00:48.800000,9.74965843934392
2015-03-26T16:00:48.900000,9.76734883342612
2015-03-26T16:00:49.000000,9.76308936386432
2015-03-26T16:00:49.100000,9.75769100410115
2015-03-26T16:00:49.200000,9.749486306351814
2015-03-26T16:00:49.300000,9.730900059365538
2015-03-26T16:00:49.400000,9.732135600657076
2015-03-26T16:00:49.500000,9.720496734764843
2015-03-26T16:00:49.600000,9.741717186704006
2015-03-26T16:00:49.700000,9.7394966740636
2015-03-26T16:00:49.800000,9.717698068755888
2015-03-26T16:00:49.900000,9.725200188578151
2015-03-26T16:00:50.000000,9.73587684815589
2015-03-26T16:00:50.100000,9.72807943822823
2015-03-26T16:00:50.200000,9.744298646855738
2015-03-26T16:00:50.300000,9.744902765865946
2015-03-26T16:00:50.400000,9.73035139408978
2015-03-26T16:00:50.500000,9.717095308226614
2015-03-26T16:00:50.600000,9.754983366497394
2015-03-26T16:00:50.700000,9.751446564475094
2015-03-26T16:00:50.800000,9.730443869599856
2015-03-26T16:00:50.900000,9.737155247546516
2015-03-26T16:00:51.000000,9.726350095710137
2015-03-26T16:00:51.100000,9.724072697741368
2015-03-26T16:00:51.200000,9.734789718626695
2015-03-26T16:00:51.300000,9.736796343397314
2015-03-26T16:00:51.400000,9.749935365515157
2015-03-26T16:00:51.500000,9.736683417094287
2015-03-26T16:00:51.600000,9.726454898441377
2015-03-26T16:00:51.700000,9.757125298398853
2015-03-26T16:00:51.800000,9.739810082965102
2015-03-26T16:00:51.900000,9.72884661098322
2015-03-26T16:00:52.000000,9.746413518154425
2015-03-26T16:00:52.100000,9.740249394687469
2015-03-26T16:00:52.200000,9.756402859529867
2015-03-26T16:00:52.300000,9.758676759070608
2015-03-26T16:00:52.400000,9.76033895249687
2015-03-26T16:00:52.500000,9.77988671950324
2015-03-26T16:00:52.600000,9.774142337601592
2015-03-26T16:00:52.700000,9.747266819525269
2015-03-26T16:00:52.800000,9.76427359831705
2015-03-26T16:00:52.900000,9.78150281131263
2015-03-26T16:00:53.000000,9.765366854480895
2015-03-26T16:00:53.100000,9.748550871294738
2015-03-26T16:00:53.200000,9.754813103672404
2015-03-26T16:00:53.300000,9.737175362328152
2015-03-26T16:00:53.400000,9.746711160397314
2015-03-26T16:00:53.500000,9.76165337048178
2015-03-26T16:00:53.600000,9.77183959048832
2015-03-26T16:00:53.700000,9.771107959367209
2015-03-26T16:00:53.800000,9.763975375522543
2015-03-26T16:00:53.900000,9.740884484584946
2015-03-26T16:00:54.000000,9.722434595481978
2015-03-26T16:00:54.100000,9.751421294277844
2015-03-26T16:00:54.200000,9.750807270288329
2015-03-26T16:00:54.300000,9.74726017285874
2015-03-26T16:00:54.400000,9.779146352106268
2015-03-26T16:00:54.500000,9.772577018700126
2015-03-26T16:00:54.600000,9.768217184154308
2015-03-26T16:00:54.700000,9.73434667015593
2015-03-26T16:00:54.800000,9.728005555933947
2015-03-26T16:00:54.900000,9.750057235541169
2015-03-26T16:00:55.000000,9.752572120727429
2015-03-26T16:00:55.100000,9.744060381854322
2015-03-26T16:00:55.200000,9.759195528811832
2015-03-26T16:00:55.300000,9.748850170296183
2015-03-26T16:00:55.400000,9.743755481578516
2015-03-26T16:00:55.500000,9.72794175306672
2015-03-26T16:00:55.600000,9.743818294437208
2015-03-26T16:00:55.700000,9.754305806773504
2015-03-26T16:00:55.800000,9.747616111466964
2015-03-26T16:00:55.900000,9.756110393362178
2015-03-26T16:00:56.000000,9.761142392055667
2015-03-26T16:00:56.100000,9.72062814924095
2015-03-26T16:00:56.200000,9.72016499791578
2015-03-26T16:00:56.300000,9.733577195549746
2015-03-26T16:00:56.400000,9.734141542334386
2015-03-26T16:00:56.500000,9.731127485703103
2015-03-26T16:00:56.600000,9.72793680067977
2015-03-26T16:00:56.700000,9.711637648305954
2015-03-26T16:00:56.800000,9.730320802293257
2015-03-26T16:00:56.900000,9.738816146833082
2015-03-26T16:00:57.000000,9.728053639057658
2015-03-26T16:00:57.100000,9.72420919742856
2015-03-26T16:00:57.200000,9.730674247332846
2015-03-26T16:00:57.300000,9.733534183854864
2015-03-26T16:00:57.400000,9.755344102927342
2015-03-26T16:00:57.500000,9.759025661317091
2015-03-26T16:00:57.600000,9.75327878849765
2015-03-26T16:00:57.700000,9.71529896719654
2015-03-26T16:00:57.800000,9.690462867321411
2015-03-26T16:00:57.900000,9.706322466064169
2015-03-26T16:00:58.000000,9.724047409311202
2015-03-26T16:00:58.100000,9.749104115429446
2015-03-26T16:00:58.200000,9.737036638529815
2015-03-26T16:00:58.300000,9.73343504646519
2015-03-26T16:00:58.400000,9.735721950727289
2015-03-26T16:00:58.500000,9.720912162852176
2015-03-26T16:00:58.600000,9.727424715194491
2015-03-26T16:00:58.700000,9.728967148348527
2015-03-26T16:00:58.800000,9.738564338326617
2015-03-26T16:00:58.900000,9.730821211059338
2015-03-26T16:00:59.000000,9.750331747976276
2015-03-26T16:00:59.100000,9.755589866583186
2015-03-26T16:00:59.200000,9.758967616536374
2015-03-26T16:00:59.300000,9.772357282784206
2015-03-26T16:00:59.400000,9.754431544561497
2015-03-26T16:00:59.500000,9.759352955628842
2015-03-26T16:00:59.600000,9.747133830755528
2015-03-26T16:00:59.700000,9.762193007333304
2015-03-26T16:00:59.800000,9.770857578259944
2015-03-26T16:00:59.900000,9.77510483019648
2015-03-26T16:01:00.000000,9.776131241985963
2015-03-26T16:01:00.100000,9.77992118150926
2015-03-26T16:01:00.200000,9.777812511996556
2015-03-26T16:01:00.300000,9.76431834894003
2015-03-26T16:01:00.400000,9.759572853874804
2015-03-26T16:01:00.500000,9.754281912212122
2015-03-26T16:01:00.600000,9.76174786083145
2015-03-26T16:01:00.700000,9.747181986179683
2015-03-26T16:01:00.800000,9.757227193231172
2015-03-26T16:01:00.900000,9.754183253777084
2015-03-26T16:01:01.000000,9.762650642038489
2015-03-26T16:01:01.100000,9.768613125998872
2015-03-26T16:01:01.200000,9.777728454177176
2015-03-26T16:01:01.300000,9.772137080787155
2015-03-26T16:01:01.400000,9.7763844300667
2015-03-26T16:01:01.500000,9.768469179071957
2015-03-26T16:01:01.600000,9.777708909846028
2015-03-26T16:01:01.700000,9.76927419511374
2015-03-26T16:01:01.800000,9.7539891407784
2015-03-26T16:01:01.900000,9.759443797765265
2015-03-26T16:01:02.000000,9.756110444603578
2015-03-26T16:01:02.100000,9.757898659987738
2015-03-26T16:01:02.200000,9.756916767281146
2015-03-26T16:01:02.300000,9.77017734949024
2015-03-26T16:01:02.400000,9.764170176901198
2015-03-26T16:01:02.500000,9.727198341922012
2015-03-26T16:01:02.600000,9.738694360220286
2015-03-26T16:01:02.700000,9.759383848211137
2015-03-26T16:01:02.800000,9.728463609911694
2015-03-26T16:01:02.900000,9.727235847551777
2015-03-26T16:01:03.000000,9.757679070492552
2015-03-26T16:01:03.100000,9.74149409234134
2015-03-26T16:01:03.200000,9.718045821329534
2015-03-26T16:01:03.300000,9.741062613318238
2015-03-26T16:01:03.400000,9.748778255261506
2015-03-26T16:01:03.500000,9.742741616128065
2015-03-26T16:01:03.600000,9.726706216451124
2015-03-26T16:01:03.700000,9.732958351275084
2015-03-26T16:01:03.800000,9.716978341496285
2015-03-26T16:01:03.900000,9.711470934682891
2015-03-26T16:01:04.000000,9.717614994609155
2015-03-26T16:01:04.100000,9.704255989377163
2015-03-26T16:01:04.200000,9.698606811651004
2015-03-26T16:01:04.300000,9.70757889509249
2015-03-26T16:01:04.400000,9.745684931092017
2015-03-26T16:01:04.500000,9.742399243297408
2015-03-26T16:01:04.600000,9.719609330900113
2015-03-26T16:01:04.700000,9.71651932494548
2015-03-26T16:01:04.800000,9.71231963564106
2015-03-26T16:01:04.900000,9.734422282577734
2015-03-26T16:01:05.000000,9.724799220511889
2015-03-26T16:01:05.100000,9.73599360964232
2015-03-26T16:01:05.200000,9.748934739676802
2015-03-26T16:01:05.300000,9.739734929145818
2015-03-26T16:01:05.400000,9.741577936739736
2015-03-26T16:01:05.500000,9.753118419842554
2015-03-26T16:01:05.600000,9.77043433279195
2015-03-26T16:01:05.700000,9.762062352924788
2015-03-26T16:01:05.800000,9.732288374060548
2015-03-26T16:01:05.900000,9.74828459756288
2015-03-26T16:01:06.000000,9.758869967792494
2015-03-26T16:01:06.100000,9.751159978699649
2015-03-26T16:01:06.200000,9.74315078730309
2015-03-26T16:01:06.300000,9.746884815170104
2015-03-26T16:01:06.400000,9.756590244219373
2015-03-26T16:01:06.500000,9.759321563850706
2015-03-26T16:01:06.600000,9.747430610398643
2015-03-26T16:01:06.700000,9.753025167867351
2015-03-26T16:01:06.800000,9.767039873532244
2015-03-26T16:01:06.900000,9.745451620746524
2015-03-26T16:01:07.000000,9.76025041322656
2015-03-26T16:01:07.100000,9.78031154308542
2015-03-26T16:01:07.200000,9.761172973235036
2015-03-26T16:01:07.300000,9.76805812708369
2015-03-26T16:01:07.400000,9.760412065414624
2015-03-26T16:01:07.500000,9.765254316011456
2015-03-26T16:01:07.600000,9.749948556371905
2015-03-26T16:01:07.700000,9.740025701338045
2015-03-26T16:01:07.800000,9.764184596835843
2015-03-26T16:01:07.900000,9.772260396962444
2015-03-26T16:01:08.000000,9.764760635405535
2015-03-26T16:01:08.100000,9.75618567487261
2015-03-26T16:01:08.200000,9.746503602206571
2015-03-26T16:01:08.300000,9.752719431441092
2015-03-26T16:01:08.400000,9.762643112167634
2015-03-26T16:01:08.500000,9.739002881738866
2015-03-26T16:01:08.600000,9.742091144317715
2015-03-26T16:01:08.700000,9.73490515458717
2015-03-26T16:01:08.800000,9.74111057399498
2015-03-26T16:01:08.900000,9.736735039408575
2015-03-26T16:01:09.000000,9.717842352883554
2015-03-26T16:01:09.100000,9.724420446992896
2015-03-26T16:01:09.200000,9.702680774598532
2015-03-26T16:01:09.300000,9.713257734542672
2015-03-26T16:01:09.400000,9.720267122096509
2015-03-26T16:01:09.500000,9.728346260320034
2015-03-26T16:01:09.600000,9.738766955696793
2015-03-26T16:01:09.700000,9.713805003988377
2015-03-26T16:01:09.800000,9.723632887135537
2015-03-26T16:01:09.900000,9.741394057142196
2015-03-26T16:01:10.000000,9.724818228076485
2015-03-26T16:01:10.100000,9.73371252766388
2015-03-26T16:01:10.200000,9.76766648515446
2015-03-26T16:01:10.300000,9.756223204508297
2015-03-26T16:01:10.400000,9.735023794313337
2015-03-26T16:01:10.500000,9.734059254626963
2015-03-26T16:01:10.600000,9.752591378121858
2015-03-26T16:01:10.700000,9.724583875800237
2015-03-26T16:01:10.800000,9.72876313331686
2015-03-26T16:01:10.900000,9.749269437507904
2015-03-26T16:01:11.000000,9.762219001894488
2015-03-26T16:01:11.100000,9.772273797631025
2015-03-26T16:01:11.200000,9.758771246299366
2015-03-26T16:01:11.300000,9.749048446061238
2015-03-26T16:01:11.400000,9.756226875054582
2015-03-26T16:01:11.500000,9.756487352862177
2015-03-26T16:01:11.600000,9.770359145383429
2015-03-26T16:01:11.700000,9.77414392777886
2015-03-26T16:01:11.800000,9.784815352377535
2015-03-26T16:01:11.900000,9.770276922094078
2015-03-26T16:01:12.000000,9.76870965952808
2015-03-26T16:01:12.100000,9.750549156546636
2015-03-26T16:01:12.200000,9.759609846866889
2015-03-26T16:01:12.300000,9.78881045440616
2015-03-26T16:01:12.400000,9.788235243799448
2015-03-26T16:01:12.500000,9.79026676408484
2015-03-26T16:01:12.600000,9.763078057858737
2015-03-26T16:01:12.700000,9.759885168966663
2015-03-26T16:01:12.800000,9.762085967412276
2015-03-26T16:01:12.900000,9.775594654090854
2015-03-26T16:01:13.000000,9.758463768851648
2015-03-26T16:01:13.100000,9.756703382544345
2015-03-26T16:01:13.200000,9.760195163777588
2015-03-26T16:01:13.300000,9.746207890101982
2015-03-26T16:01:13.400000,9.765171784994097
2015-03-26T16:01:13.500000,9.763241791651152
2015-03-26T16:01:13.600000,9.752394090543334
2015-03-26T16:01:13.700000,9.758715052406892
2015-03-26T16:01:13.800000,9.746309990773293
2015-03-26T16:01:13.900000,9.75736609836118
2015-03-26T16:01:14.000000,9.75027734401728
2015-03-26T16:01:14.100000,9.726344246254811
2015-03-26T16:01:14.200000,9.710316461055204
2015-03-26T16:01:14.300000,9.740778844759578
2015-03-26T16:01:14.400000,9.770864765788142
2015-03-26T16:01:14.500000,9.737136964731445
2015-03-26T16:01:14.600000,9.717461987778544
2015-03-26T16:01:14.700000,9.703966518006348
2015-03-26T16:01:14.800000,9.70443006925932
2015-03-26T16:01:14.900000,9.708064005636462
2015-03-26T16:01:15.000000,9.709545574411075
2015-03-26T16:01:15.100000,9.713453295674077
2015-03-26T16:01:15.200000,9.718047832454948
2015-03-26T16:01:15.300000,9.716897939841504
2015-03-26T16:01:15.400000,9.70545050547434
2015-03-26T16:01:15.500000,9.7243186543673
2015-03-26T16:01:15.600000,9.713065674654729
2015-03-26T16:01:15.700000,9.725785975656102
2015-03-26T16:01:15.800000,9.714296474349062
2015-03-26T16:01:15.900000,9.70821219497905
2015-03-26T16:01:16.000000,9.712054751490928
2015-03-26T16:01:16.100000,9.723296713242442
2015-03-26T16:01:16.200000,9.737925139143291
2015-03-26T16:01:16.300000,9.736601100502218
2015-03-26T16:01:16.400000,9.774039973578727
2015-03-26T16:01:16.500000,9.748975905126784
2015-03-26T16:01:16.600000,9.741286130973307
2015-03-26T16:01:16.700000,9.758309081336492
2015-03-26T16:01:16.800000,9.747607132669428
2015-03-26T16:01:16.900000,9.76316483152863
2015-03-26T16:01:17.000000,9.752925682139647
2015-03-26T16:01:17.100000,9.74346586362321
2015-03-26T16:01:17.200000,9.752825188969783
2015-03-26T16:01:17.300000,9.772474317397032
2015-03-26T16:01:17.400000,9.763355650981698
2015-03-26T16:01:17.500000,9.745404053933433
2015-03-26T16:01:17.600000,9.748578478150153
2015-03-26T16:01:17.700000,9.768016863033514
2015-03-26T16:01:17.800000,9.758415042745703
2015-03-26T16:01:17.900000,9.763180631820887
2015-03-26T16:01:18.000000,9.76782522332367
2015-03-26T16:01:18.100000,9.75698336765108
2015-03-26T16:01:18.200000,9.745765603712394
2015-03-26T16:01:18.300000,9.726659429963238
2015-03-26T16:01:18.400000,9.752854193426453
2015-03-26T16:01:18.500000,9.741199817376096
2015-03-26T16:01:18.600000,9.736953186636908
2015-03-26T16:01:18.700000,9.753870651797875
2015-03-26T16:01:18.800000,9.736899175059678
2015-03-26T16:01:18.900000,9.73352215176646
2015-03-26T16:01:19.000000,9.746328984368194
2015-03-26T16:01:19.100000,9.725169002873306
2015-03-26T16:01:19.200000,9.71404595206421
2015-03-26T16:01:19.300000,9.730713649980764
2015-03-26T16:01:19.400000,9.747670712341147
2015-03-26T16:01:19.500000,9.736332156656648
2015-03-26T16:01:19.600000,9.732397733835596
2015-03-26T16:01:19.700000,9.754538371346182
2015-03-26T16:01:19.800000,9.750228688606835
2015-03-26T16:01:19.900000,9.738966061757203
2015-03-26T16:01:20.000000,9.753450517544934
2015-03-26T16:01:20.100000,9.763100526813965
2015-03-26T16:01:20.200000,9.725870671808318
2015-03-26T16:01:20.300000,9.715024496518591
2015-03-26T16:01:20.400000,9.743786488945393
2015-03-26T16:01:20.500000,9.7604054299512
2015-03-26T16:01:20.600000,9.732090222113234
2015-03-26T16:01:20.700000,9.719364696288556
2015-03-26T16:01:20.800000,9.743442466127371
2015-03-26T16:01:20.900000,9.734032184485036
2015-03-26T16:01:21.000000,9.761308741643958
2015-03-26T16:01:21.100000,9.755482918134552
2015-03-26T16:01:21.200000,9.737329164486075
2015-03-26T16:01:21.300000,9.7464033081771
2015-03-26T16:01:21.400000,9.746616623101357
2015-03-26T16:01:21.500000,9.756821490579636
2015-03-26T16:01:21.600000,9.761215612304882
2015-03-26T16:01:21.700000,9.746746612399962
2015-03-26T16:01:21.800000,9.751990589551117
2015-03-26T16:01:21.900000,9.755215961996086
2015-03-26T16:01:22.000000,9.761517277101271
2015-03-26T16:01:22.100000,9.763509002120829
2015-03-26T16:01:22.200000,9.76010162164628
2015-03-26T16:01:22.300000,9.7307220393708
2015-03-26T16:01:22.400000,9.72135652159849
2015-03-26T16:01:22.500000,9.730784081003211
2015-03-26T16:01:22.600000,9.744984421031257
2015-03-26T16:01:22.700000,9.745551164477298
2015-03-26T16:01:22.800000,9.748822747247528
2015-03-26T16:01:22.900000,9.749108382938298
2015-03-26T16:01:23.000000,9.749166746517208
2015-03-26T16:01:23.100000,9.750124463830836
2015-03-26T16:01:23.200000,9.740923086576352
2015-03-26T16:01:23.300000,9.731382853638554
2015-03-26T16:01:23.400000,9.72436823874924
2015-03-26T16:01:23.500000,9.73877092010384
2015-03-26T16:01:23.600000,9.761111567322189
2015-03-26T16:01:23.700000,9.74711738615439
2015-03-26T16:01:23.800000,9.73454454585918
2015-03-26T16:01:23.900000,9.749806006175945
2015-03-26T16:01:24.000000,9.753161462664703
2015-03-26T16:01:24.100000,9.754219681968328
2015-03-26T16:01:24.200000,9.759985214025557
2015-03-26T16:01:24.300000,9.748162439216172
2015-03-26T16:01:24.400000,9.737252928014348
2015-03-26T16:01:24.500000,9.761914473547392
2015-03-26T16:01:24.600000,9.759475508313182
2015-03-26T16:01:24.700000,9.728247113437348
2015-03-26T16:01:24.800000,9.751555740617052
2015-03-26T16:01:24.900000,9.746017060326867
2015-03-26T16:01:25.000000,9.744276714326672
2015-03-26T16:01:25.100000,9.74039881496085
2015-03-26T16:01:25.200000,9.724616420053662
2015-03-26T16:01:25.300000,9.743017076366906
2015-03-26T16:01:25.400000,9.746627022194462
2015-03-26T16:01:25.500000,9.73271412706058
2015-03-26T16:01:25.600000,9.73581891544919
2015-03-26T16:01:25.700000,9.751515194447634
2015-03-26T16:01:25.800000,9.77540639666106
2015-03-26T16:01:25.900000,9.766786151591774
2015-03-26T16:01:26.000000,9.736046422855798
2015-03-26T16:01:26.100000,9.744129972212072
2015-03-26T16:01:26.200000,9.7357749819549
2015-03-26T16:01:26.300000,9.721170311528164
2015-03-26T16:01:26.400000,9.74274310958078
2015-03-26T16:01:26.500000,9.757179521252707
2015-03-26T16:01:26.600000,9.767376028442577
2015-03-26T16:01:26.700000,9.74653596355119
2015-03-26T16:01:26.800000,9.737618060871991
2015-03-26T16:01:26.900000,9.733704476529171
2015-03-26T16:01:27.000000,9.752412481520125
2015-03-26T16:01:27.100000,9.758084376061536
2015-03-26T16:01:27.200000,9.730109226213315
2015-03-26T16:01:27.300000,9.746576606150237
2015-03-26T16:01:27.400000,9.757221751748576
2015-03-26T16:01:27.500000,9.755101749882192
2015-03-26T16:01:27.600000,9.73048718332088
2015-03-26T16:01:27.700000,9.748335403685086
2015-03-26T16:01:27.800000,9.748849905819656
2015-03-26T16:01:27.900000,9.737054274679023
2015-03-26T16:01:28.000000,9.756628263386052
2015-03-26T16:01:28.100000,9.752286026108544
2015-03-26T16:01:28.200000,9.73776132845802
2015-03-26T16:01:28.300000,9.74755672070527
2015-03-26T16:01:28.400000,9.743076812969315
2015-03-26T16:01:28.500000,9.743705423455728
2015-03-26T16:01:28.600000,9.75138951103397
2015-03-26T16:01:28.700000,9.740700498081898
2015-03-26T16:01:28.800000,9.751872242914637
2015-03-26T16:01:28.900000,9.76768839896162
2015-03-26T16:01:29.000000,9.76663112369762
2015-03-26T16:01:29.100000,9.745072524716498
2015-03-26T16:01:29.200000,9.721225192126212
2015-03-26T16:01:29.300000,9.73384720547032
2015-03-26T16:01:29.400000,9.738780550795097
2015-03-26T16:01:29.500000,9.75077249795348
2015-03-26T16:01:29.600000,9.759818214405978
2015-03-26T16:01:29.700000,9.758065956076672
2015-03-26T16:01:29.800000,9.756512678816346
2015-03-26T16:01:29.900000,9.748886714920548
2015-03-26T16:01:30.000000,9.745280559707105
2015-03-26T16:01:30.100000,9.715296045073517
2015-03-26T16:01:30.200000,9.714455424076428
2015-03-26T16:01:30.300000,9.711223243275365
2015-03-26T16:01:30.400000,9.7174834204528
2015-03-26T16:01:30.500000,9.757925245545795
2015-03-26T16:01:30.600000,9.758923268332865
2015-03-26T16:01:30.700000,9.728318113801285
2015-03-26T16:01:30.800000,9.713143830102176
2015-03-26T16:01:30.900000,9.733928804285975
2015-03-26T16:01:31.000000,9.73554497688097
2015-03-26T16:01:31.100000,9.749672767852203
2015-03-26T16:01:31.200000,9.73865462547387
2015-03-26T16:01:31.300000,9.720279117113208
2015-03-26T16:01:31.400000,9.71758276626332
2015-03-26T16:01:31.500000,9.73240870776514
2015-03-26T16:01:31.600000,9.731947769449146
2015-03-26T16:01:31.700000,9.74807892330034
2015-03-26T16:01:31.800000,9.717270550202988
2015-03-26T16:01:31.900000,9.720701849017471
2015-03-26T16:01:32.000000,9.739020387493078
2015-03-26T16:01:32.100000,9.725602421088473
2015-03-26T16:01:32.200000,9.729649989013817
2015-03-26T16:01:32.300000,9.74230486664334
2015-03-26T16:01:32.400000,9.73669709601757
2015-03-26T16:01:32.500000,9.729887423398612
2015-03-26T16:01:32.600000,9.727077923120332
2015-03-26T16:01:32.700000,9.739496302879788
2015-03-26T16:01:32.800000,9.75747280417101
2015-03-26T16:01:32.900000,9.72682957198727
2015-03-26T16:01:33.000000,9.737659400008924
2015-03-26T16:01:33.100000,9.743280385927305
2015-03-26T16:01:33.200000,9.736724475029504
2015-03-26T16:01:33.300000,9.753388300465447
2015-03-26T16:01:33.400000,9.772725431906018
2015-03-26T16:01:33.500000,9.741827061951266
2015-03-26T16:01:33.600000,9.753213851080345
2015-03-26T16:01:33.700000,9.776233889768214
2015-03-26T16:01:33.800000,9.768831104580396
2015-03-26T16:01:33.900000,9.77328334252448
2015-03-26T16:01:34.000000,9.757874716939524
2015-03-26T16:01:34.100000,9.761477967802405
2015-03-26T16:01:34.200000,9.783618677867963
2015-03-26T16:01:34.300000,9.770248421679362
2015-03-26T16:01:34.400000,9.758183527379366
2015-03-26T16:01:34.500000,9.75862010468286
2015-03-26T16:01:34.600000,9.763828772971465
2015-03-26T16:01:34.700000,9.76899206028516
2015-03-26T16:01:34.800000,9.744519082732843
2015-03-26T16:01:34.900000,9.760304825058585
2015-03-26T16:01:35.000000,9.761715426827408
2015-03-26T16:01:35.100000,9.745831072639032
2015-03-26T16:01:35.200000,9.7582081335537
2015-03-26T16:01:35.300000,9.761958570635436
2015-03-26T16:01:35.400000,9.74463106779715
2015-03-26T16:01:35.500000,9.750811519420283
2015-03-26T16:01:35.600000,9.78424052765082
2015-03-26T16:01:35.700000,9.758383992679944
2015-03-26T16:01:35.800000,9.736240144239638
2015-03-26T16:01:35.900000,9.736462260725592
2015-03-26T16:01:36.000000,9.736367573066374
2015-03-26T16:01:36.100000,9.739286873912322
2015-03-26T16:01:36.200000,9.728748392624288
2015-03-26T16:01:36.300000,9.720214456907437
2015-03-26T16:01:36.400000,9.7406729060928
2015-03-26T16:01:36.500000,9.764205748445557
2015-03-26T16:01:36.600000,9.766524775281122
2015-03-26T16:01:36.700000,9.7372696322169
2015-03-26T16:01:36.800000,9.728858573693786
2015-03-26T16:01:36.900000,9.732172191399428
2015-03-26T16:01:37.000000,9.723540734339204
2015-03-26T16:01:37.100000,9.734532554721827
2015-03-26T16:01:37.200000,9.746194319865936
2015-03-26T16:01:37.300000,9.726052335915409
2015-03-26T16:01:37.400000,9.710560322861784
2015-03-26T16:01:37.500000,9.723651427233529
2015-03-26T16:01:37.600000,9.74615054927843
2015-03-26T16:01:37.700000,9.730833143980242
2015-03-26T16:01:37.800000,9.69279111321567
2015-03-26T16:01:37.900000,9.716138112035434
2015-03-26T16:01:38.000000,9.734655732294684
2015-03-26T16:01:38.100000,9.710676467323657
2015-03-26T16:01:38.200000,9.708293392795325
2015-03-26T16:01:38.300000,9.723480667917064
2015-03-26T16:01:38.400000,9.741022623646002
2015-03-26T16:01:38.500000,9.74446906517584
2015-03-26T16:01:38.600000,9.719750197176776
2015-03-26T16:01:38.700000,9.7339030710596
2015-03-26T16:01:38.800000,9.732895127206518
2015-03-26T16:01:38.900000,9.733935448120636
2015-03-26T16:01:39.000000,9.732436928229202
2015-03-26T16:01:39.100000,9.746481678224962
2015-03-26T16:01:39.200000,9.744768726206754
2015-03-26T16:01:39.300000,9.730273777453016
2015-03-26T16:01:39.400000,9.730143701130782
2015-03-26T16:01:39.500000,9.740494255509574
2015-03-26T16:01:39.600000,9.7622740917698
2015-03-26T16:01:39.700000,9.76667060279162
2015-03-26T16:01:39.800000,9.75376935894437
2015-03-26T16:01:39.900000,9.772952208443051
2015-03-26T16:01:40.000000,9.765810221550094
2015-03-26T16:01:40.100000,9.758822450154856
2015-03-26T16:01:40.200000,9.764891272188327
2015-03-26T16:01:40.300000,9.771884732923128
2015-03-26T16:01:40.400000,9.770833541845626
2015-03-26T16:01:40.500000,9.761682941490747
2015-03-26T16:01:40.600000,9.778515659308884
2015-03-26T16:01:40.700000,9.785011057450344
2015-03-26T16:01:40.800000,9.761412900680655
2015-03-26T16:01:40.900000,9.764831144681027
2015-03-26T16:01:41.000000,9.76559844216458
2015-03-26T16:01:41.100000,9.756925323664444
2015-03-26T16:01:41.200000,9.753211773888546
2015-03-26T16:01:41.300000,9.771342535230344
2015-03-26T16:01:41.400000,9.766593231129232
2015-03-26T16:01:41.500000,9.76202417466449
2015-03-26T16:01:41.600000,9.780656445678112
2015-03-26T16:01:41.700000,9.776412863787938
2015-03-26T16:01:41.800000,9.756625746511828
2015-03-26T16:01:41.900000,9.756443597980155
2015-03-26T16:01:42.000000,9.751350679842126
2015-03-26T16:01:42.100000,9.75604835246286
2015-03-26T16:01:42.200000,9.776859889209094
2015-03-26T16:01:42.300000,9.772897489643825
2015-03-26T16:01:42.400000,9.754307229694602
2015-03-26T16:01:42.500000,9.750630287779472
2015-03-26T16:01:42.600000,9.74360766502511
2015-03-26T16:01:42.700000,9.743857738458008
2015-03-26T16:01:42.800000,9.730633770072354
2015-03-26T16:01:42.900000,9.71643217663296
2015-03-26T16:01:43.000000,9.712054850171551
2015-03-26T16:01:43.100000,9.719629580933349
2015-03-26T16:01:43.200000,9.73852391376795
2015-03-26T16:01:43.300000,9.751535532584793
2015-03-26T16:01:43.400000,9.73673215651504
2015-03-26T16:01:43.500000,9.719768227432096
2015-03-26T16:01:43.600000,9.729952796056567
2015-03-26T16:01:43.700000,9.741755274792
2015-03-26T16:01:43.800000,9.73362283900074
2015-03-26T16:01:43.900000,9.73074668092232
2015-03-26T16:01:44.000000,9.714005773840602
2015-03-26T16:01:44.100000,9.725421614741652
2015-03-26T16:01:44.200000,9.738232356275637
2015-03-26T16:01:44.300000,9.707392697869343
2015-03-26T16:01:44.400000,9.735633560182244
2015-03-26T16:01:44.500000,9.751575661013383
2015-03-26T16:01:44.600000,9.748733289995588
2015-03-26T16:01:44.700000,9.751514162338186
2015-03-26T16:01:44.800000,9.754355712039972
2015-03-26T16:01:44.900000,9.739837300376742
2015-03-26T16:01:45.000000,9.74362856413557
2015-03-26T16:01:45.100000,9.762517888845547
2015-03-26T16:01:45.200000,9.743522221277548
2015-03-26T16:01:45.300000,9.74453218201265
2015-03-26T16:01:45.400000,9.760640360525567
2015-03-26T16:01:45.500000,9.749043004128188
2015-03-26T16:01:45.600000,9.740242730519014
2015-03-26T16:01:45.700000,9.738111048146976
2015-03-26T16:01:45.800000,9.747822633694827
2015-03-26T16:01:45.900000,9.739275767871325
2015-03-26T16:01:46.000000,9.765865269216173
2015-03-26T16:01:46.100000,9.756672261000494
2015-03-26T16:01:46.200000,9.748476657802524
2015-03-26T16:01:46.300000,9.752359780856294
2015-03-26T16:01:46.400000,9.75006746747609
2015-03-26T16:01:46.500000,9.779303895121975
2015-03-26T16:01:46.600000,9.778801751359232
2015-03-26T16:01:46.700000,9.775812917417856
2015-03-26T16:01:46.800000,9.785602405532664
2015-03-26T16:01:46.900000,9.77477668139352
2015-03-26T16:01:47.000000,9.752419822947122
2015-03-26T16:01:47.100000,9.741607969054543
2015-03-26T16:01:47.200000,9.74966795578744
2015-03-26T16:01:47.300000,9.76410796308626
2015-03-26T16:01:47.400000,9.775456938208322
2015-03-26T16:01:47.500000,9.770056695653684
2015-03-26T16:01:47.600000,9.757270729114133
2015-03-26T16:01:47.700000,9.749864732921356
2015-03-26T16:01:47.800000,9.735130104088489
2015-03-26T16:01:47.900000,9.71064110582176
2015-03-26T16:01:48.000000,9.73446677341282
2015-03-26T16:01:48.100000,9.736006151116005
2015-03-26T16:01:48.200000,9.744771847313512
2015-03-26T16:01:48.300000,9.749681920970213
2015-03-26T16:01:48.400000,9.74596586814656
2015-03-26T16:01:48.500000,9.75972625763858
2015-03-26T16:01:48.600000,9.750349867902193
2015-03-26T16:01:48.700000,9.751138034945
2015-03-26T16:01:48.800000,9.75697700436536
2015-03-26T16:01:48.900000,9.76121583570342
2015-03-26T16:01:49.000000,9.75029886437965
2015-03-26T16:01:49.100000,9.721594917475734
2015-03-26T16:01:49.200000,9.737967739276405
2015-03-26T16:01:49.300000,9.734386153731435
2015-03-26T16:01:49.400000,9.713081293374175
2015-03-26T16:01:49.500000,9.721081873390313
2015-03-26T16:01:49.600000,9.741446749019955
2015-03-26T16:01:49.700000,9.720861752872718
2015-03-26T16:01:49.800000,9.721246315082944
2015-03-26T16:01:49.900000,9.717442068093916
2015-03-26T16:01:50.000000,9.69986623766224
2015-03-26T16:01:50.100000,9.725063096864382
2015-03-26T16:01:50.200000,9.72345198488083
2015-03-26T16:01:50.300000,9.718098890332715
2015-03-26T16:01:50.400000,9.734512420609356
2015-03-26T16:01:50.500000,9.751464082022045
2015-03-26T16:01:50.600000,9.739630678240436
2015-03-26T16:01:50.700000,9.73194913785138
2015-03-26T16:01:50.800000,9.723015148273031
2015-03-26T16:01:50.900000,9.70984172462785
2015-03-26T16:01:51.000000,9.730106733414408
2015-03-26T16:01:51.100000,9.729774021949348
2015-03-26T16:01:51.200000,9.739668101280976
2015-03-26T16:01:51.300000,9.73924790170149
2015-03-26T16:01:51.400000,9.756057637769612
2015-03-26T16:01:51.500000,9.771617673556907
2015-03-26T16:01:51.600000,9.770658941744216
2015-03-26T16:01:51.700000,9.769672754075131
2015-03-26T16:01:51.800000,9.763166033142108
2015-03-26T16:01:51.900000,9.766469290737168
2015-03-26T16:01:52.000000,9.779703605896575
2015-03-26T16:01:52.100000,9.782402869063182
2015-03-26T16:01:52.200000,9.760858046235652
2015-03-26T16:01:52.300000,9.771421176857984
2015-03-26T16:01:52.400000,9.764366928057324
2015-03-26T16:01:52.500000,9.759998152992326
2015-03-26T16:01:52.600000,9.747524785129857
2015-03-26T16:01:52.700000,9.73140875522098
2015-03-26T16:01:52.800000,9.745856262302404
2015-03-26T16:01:52.900000,9.746714305096804
2015-03-26T16:01:53.000000,9.744340259752224
2015-03-26T16:01:53.100000,9.746812201351306
2015-03-26T16:01:53.200000,9.771584112635235
2015-03-26T16:01:53.300000,9.769391608392212
2015-03-26T16:01:53.400000,9.76607269330504
2015-03-26T16:01:53.500000,9.757779206441285
2015-03-26T16:01:53.600000,9.766232990314906
2015-03-26T16:01:53.700000,9.773845670858288
2015-03-26T16:01:53.800000,9.77686885092101
2015-03-26T16:01:53.900000,9.779334891358664
2015-03-26T16:01:54.000000,9.759283300351248
2015-03-26T16:01:54.100000,9.75205856762858
2015-03-26T16:01:54.200000,9.762991113091184
2015-03-26T16:01:54.300000,9.755345373901251
2015-03-26T16:01:54.400000,9.732623382877543
2015-03-26T16:01:54.500000,9.70401058460942
2015-03-26T16:01:54.600000,9.712225751978586
2015-03-26T16:01:54.700000,9.745807906767473
2015-03-26T16:01:54.800000,9.739349943869412
2015-03-26T16:01:54.900000,9.71459475334252
2015-03-26T16:01:55.000000,9.711472218841818
2015-03-26T16:01:55.100000,9.723099406963346
2015-03-26T16:01:55.200000,9.694082325423832
2015-03-26T16:01:55.300000,9.691529096763102
2015-03-26T16:01:55.400000,9.712203116642089
2015-03-26T16:01:55.500000,9.723583044853385
2015-03-26T16:01:55.600000,9.721655074813109
2015-03-26T16:01:55.700000,9.720055820181484
2015-03-26T16:01:55.800000,9.70191314608673
2015-03-26T16:01:55.900000,9.700854845976789
2015-03-26T16:01:56.000000,9.722347215564222
2015-03-26T16:01:56.100000,9.745110016873706
2015-03-26T16:01:56.200000,9.724665569015851
2015-03-26T16:01:56.300000,9.721915213357844
2015-03-26T16:01:56.400000,9.719556655818293
2015-03-26T16:01:56.500000,9.725202375025354
2015-03-26T16:01:56.600000,9.743709028920836
2015-03-26T16:01:56.700000,9.763107069054222
2015-03-26T16:01:56.800000,9.758687365568958
2015-03-26T16:01:56.900000,9.73771178474466
2015-03-26T16:01:57.000000,9.755127884575725
2015-03-26T16:01:57.100000,9.767937750527544
2015-03-26T16:01:57.200000,9.760394583885756
2015-03-26T16:01:57.300000,9.754815875891325
2015-03-26T16:01:57.400000,9.76087308774154
2015-03-26T16:01:57.500000,9.741169512075295
2015-03-26T16:01:57.600000,9.755241028064448
2015-03-26T16:01:57.700000,9.777311665845508
2015-03-26T16:01:57.800000,9.769275931249084
2015-03-26T16:01:57.900000,9.764688121908746
2015-03-26T16:01:58.000000,9.761319240736016
2015-03-26T16:01:58.100000,9.75618741488308
2015-03-26T16:01:58.200000,9.758949758174351
2015-03-26T16:01:58.300000,9.762799863777357
2015-03-26T16:01:58.400000,9.733732699134192
2015-03-26T16:01:58.500000,9.743684733455586
2015-03-26T16:01:58.600000,9.753693686636831
2015-03-26T16:01:58.700000,9.750197595976005
2015-03-26T16:01:58.800000,9.761369073550938
2015-03-26T16:01:58.900000,9.74911554983996
2015-03-26T16:01:59.000000,9.743465330552969
2015-03-26T16:01:59.100000,9.749844145441472
2015-03-26T16:01:59.200000,9.76588898796214
2015-03-26T16:01:59.300000,9.770799242960958
2015-03-26T16:01:59.400000,9.776119209562822
2015-03-26T16:01:59.500000,9.745424994314718
2015-03-26T16:01:59.600000,9.734606245881348
2015-03-26T16:01:59.700000,9.746141436405232
2015-03-26T16:01:59.800000,9.760092973565271
2015-03-26T16:01:59.900000,9.756928967129436
2015-03-26T16:02:00.000000,9.736601989125704
2015-03-26T16:02:00.100000,9.720983930029146
2015-03-26T16:02:00.200000,9.732576707275784
2015-03-26T16:02:00.300000,9.746364223958553
2015-03-26T16:02:00.400000,9.735439134213076
2015-03-26T16:02:00.500000,9.77006780134206
2015-03-26T16:02:00.600000,9.747435284238684
2015-03-26T16:02:00.700000,9.738260135379678
2015-03-26T16:02:00.800000,9.736293854456594
2015-03-26T16:02:00.900000,9.75025198631819
2015-03-26T16:02:01.000000,9.751928180528726
2015-03-26T16:02:01.100000,9.730730558946162
2015-03-26T16:02:01.200000,9.742244345425094
2015-03-26T16:02:01.300000,9.758940795764175
2015-03-26T16:02:01.400000,9.74432554498326
2015-03-26T16:02:01.500000,9.725989790170836
2015-03-26T16:02:01.600000,9.746808568801464
2015-03-26T16:02:01.700000,9.767401653296911
2015-03-26T16:02:01.800000,9.741252590590673
2015-03-26T16:02:01.900000,9.725705216926324
2015-03-26T16:02:02.000000,9.739595085553818
2015-03-26T16:02:02.100000,9.753790513989593
2015-03-26T16:02:02.200000,9.75152906547992
2015-03-26T16:02:02.300000,9.716982328736252
2015-03-26T16:02:02.400000,9.730318664055703
2015-03-26T16:02:02.500000,9.761955184759609
2015-03-26T16:02:02.600000,9.761661533944338
2015-03-26T16:02:02.700000,9.765028608112598
2015-03-26T16:02:02.800000,9.765953256385211
2015-03-26T16:02:02.900000,9.744766422135603
2015-03-26T16:02:03.000000,9.737572420026966
2015-03-26T16:02:03.100000,9.759398012837815
2015-03-26T16:02:03.200000,9.743901085237512
2015-03-26T16:02:03.300000,9.760524135990996
2015-03-26T16:02:03.400000,9.763925097798197
2015-03-26T16:02:03.500000,9.77375580771213
2015-03-26T16:02:03.600000,9.766209471819426
2015-03-26T16:02:03.700000,9.766294392326476
2015-03-26T16:02:03.800000,9.758777233922334
2015-03-26T16:02:03.900000,9.762336858567584
2015-03-26T16:02:04.000000,9.758618565944344
2015-03-26T16:02:04.100000,9.759998129027636
2015-03-26T16:02:04.200000,9.74771635147758
2015-03-26T16:02:04.300000,9.72938176421896
2015-03-26T16:02:04.400000,9.732180140539796
2015-03-26T16:02:04.500000,9.729385891614418
2015-03-26T16:02:04.600000,9.741507373970418
2015-03-26T16:02:04.700000,9.742533459873965
2015-03-26T16:02:04.800000,9.72946398956184
2015-03-26T16:02:04.900000,9.736206575609682
2015-03-26T16:02:05.000000,9.744585915494351
2015-03-26T16:02:05.100000,9.744091114898357
2015-03-26T16:02:05.200000,9.750826041533095
2015-03-26T16:02:05.300000,9.752955129856304
2015-03-26T16:02:05.400000,9.73538315369097
2015-03-26T16:02:05.500000,9.71476485417648
2015-03-26T16:02:05.600000,9.707219259463503
2015-03-26T16:02:05.700000,9.704553899443686
2015-03-26T16:02:05.800000,9.721365357873886
2015-03-26T16:02:05.900000,9.748677661265663
2015-03-26T16:02:06.000000,9.737069449572743
2015-03-26T16:02:06.100000,9.713161562913252
2015-03-26T16:02:06.200000,9.73391558133352
2015-03-26T16:02:06.300000,9.72879133427328
2015-03-26T16:02:06.400000,9.714481856875365
2015-03-26T16:02:06.500000,9.709734093662355
2015-03-26T16:02:06.600000,9.741334817691229
2015-03-26T16:02:06.700000,9.768082530491876
2015-03-26T16:02:06.800000,9.75180628577826
2015-03-26T16:02:06.900000,9.766707932070068
2015-03-26T16:02:07.000000,9.768282274623584
2015-03-26T16:02:07.100000,9.769382728533888
2015-03-26T16:02:07.200000,9.7738483813686
2015-03-26T16:02:07.300000,9.74363399224257
2015-03-26T16:02:07.400000,9.749391222220051
2015-03-26T16:02:07.500000,9.76126528487549
2015-03-26T16:02:07.600000,9.754337352185466
2015-03-26T16:02:07.700000,9.75471403468064
2015-03-26T16:02:07.800000,9.750733638859057
2015-03-26T16:02:07.900000,9.766594540695804
2015-03-26T16:02:08.000000,9.75607381445199
2015-03-26T16:02:08.100000,9.755701760595077
2015-03-26T16:02:08.200000,9.75149833176562
2015-03-26T16:02:08.300000,9.738184785580096
2015-03-26T16:02:08.400000,9.744547944090328
2015-03-26T16:02:08.500000,9.765623711179776
2015-03-26T16:02:08.600000,9.768551965788513
2015-03-26T16:02:08.700000,9.767006290420715
2015-03-26T16:02:08.800000,9.763549018328844
2015-03-26T16:02:08.900000,9.739831326450927
2015-03-26T16:02:09.000000,9.740299007253856
2015-03-26T16:02:09.100000,9.761261475748054
2015-03-26T16:02:09.200000,9.774121746682187
2015-03-26T16:02:09.300000,9.76031854122016
2015-03-26T16:02:09.400000,9.766318128170708
2015-03-26T16:02:09.500000,9.788182675060586
2015-03-26T16:02:09.600000,9.756494899543398
2015-03-26T16:02:09.700000,9.734654899030415
2015-03-26T16:02:09.800000,9.76674888042301
2015-03-26T16:02:09.900000,9.767738788893617
2015-03-26T16:02:10.000000,9.745759576291633
2015-03-26T16:02:10.100000,9.752895796226516
2015-03-26T16:02:10.200000,9.756569578764148
2015-03-26T16:02:10.300000,9.75386054492824
2015-03-26T16:02:10.400000,9.748307047528778
2015-03-26T16:02:10.500000,9.741816397186897
2015-03-26T16:02:10.600000,9.740139445378496
2015-03-26T16:02:10.700000,9.727766668209329
2015-03-26T16:02:10.800000,9.722396904146146
2015-03-26T16:02:10.900000,9.717066620278036
2015-03-26T16:02:11.000000,9.72103845421822
2015-03-26T16:02:11.100000,9.721382647973796
2015-03-26T16:02:11.200000,9.705975283107028
2015-03-26T16:02:11.300000,9.704404860469484
2015-03-26T16:02:11.400000,9.711336006883675
2015-03-26T16:02:11.500000,9.690705142552437
2015-03-26T16:02:11.600000,9.690826134453031
2015-03-26T16:02:11.700000,9.71756808791526
2015-03-26T16:02:11.800000,9.70425647169603
2015-03-26T16:02:11.900000,9.694166153832136
2015-03-26T16:02:12.000000,9.709696626911429
2015-03-26T16:02:12.100000,9.70283432252155
2015-03-26T16:02:12.200000,9.72092176022137
2015-03-26T16:02:12.300000,9.729069571330212
2015-03-26T16:02:12.400000,9.72891152478997
2015-03-26T16:02:12.500000,9.717828142639563
2015-03-26T16:02:12.600000,9.724894449529724
2015-03-26T16:02:12.700000,9.735568563427613
2015-03-26T16:02:12.800000,9.73888845342692
2015-03-26T16:02:12.900000,9.751119904548757
2015-03-26T16:02:13.000000,9.774097530462916
2015-03-26T16:02:13.100000,9.785338621205932
2015-03-26T16:02:13.200000,9.78261709702324
2015-03-26T16:02:13.300000,9.801003101261768
2015-03-26T16:02:13.400000,9.78808548795853
2015-03-26T16:02:13.500000,9.756290815150203
2015-03-26T16:02:13.600000,9.750866790166825
2015-03-26T16:02:13.700000,9.760385765702225
2015-03-26T16:02:13.800000,9.762320599029412
2015-03-26T16:02:13.900000,9.781679963291968
2015-03-26T16:02:14.000000,9.756798853228734
2015-03-26T16:02:14.100000,9.74905625420382
2015-03-26T16:02:14.200000,9.785300628757382
2015-03-26T16:02:14.300000,9.783326784785114
2015-03-26T16:02:14.400000,9.762062650867138
2015-03-26T16:02:14.500000,9.768238527765185
2015-03-26T16:02:14.600000,9.771420036010175
2015-03-26T16:02:14.700000,9.78702989949536
2015-03-26T16:02:14.800000,9.794356336011145
2015-03-26T16:02:14.900000,9.80159952916643
2015-03-26T16:02:15.000000,9.807718543703244
2015-03-26T16:02:15.100000,9.793592827257104
2015-03-26T16:02:15.200000,9.792339750327317
2015-03-26T16:02:15.300000,9.773482965774456
2015-03-26T16:02:15.400000,9.7603863768173
2015-03-26T16:02:15.500000,9.753855618323408
2015-03-26T16:02:15.600000,9.7625656910409
2015-03-26T16:02:15.700000,9.745149913071405
2015-03-26T16:02:15.800000,9.74573215087334
2015-03-26T16:02:15.900000,9.76674741474949
2015-03-26T16:02:16.000000,9.756478412734968
2015-03-26T16:02:16.100000,9.76311511112982
2015-03-26T16:02:16.200000,9.781327273070811
2015-03-26T16:02:16.300000,9.773626665073408
2015-03-26T16:02:16.400000,9.754585853905944
2015-03-26T16:02:16.500000,9.750857943836024
2015-03-26T16:02:16.600000,9.73163776528277
2015-03-26T16:02:16.700000,9.724426327840282
2015-03-26T16:02:16.800000,9.711378962921348
2015-03-26T16:02:16.900000,9.711836994655537
2015-03-26T16:02:17.000000,9.732441517795364
2015-03-26T16:02:17.100000,9.73484124592463
2015-03-26T16:02:17.200000,9.70478072042513
2015-03-26T16:02:17.300000,9.706609916893084
2015-03-26T16:02:17.400000,9.70052357359395
2015-03-26T16:02:17.500000,9.692528789876624
2015-03-26T16:02:17.600000,9.696099614043629
2015-03-26T16:02:17.700000,9.709787411959136
2015-03-26T16:02:17.800000,9.697752315764385
2015-03-26T16:02:17.900000,9.7069509634805
2015-03-26T16:02:18.000000,9.721234629701042
2015-03-26T16:02:18.100000,9.704333664480552
2015-03-26T16:02:18.200000,9.715607655131183
2015-03-26T16:02:18.300000,9.721277517684712
2015-03-26T16:02:18.400000,9.685759176886268
2015-03-26T16:02:18.500000,9.70482884064338
2015-03-26T16:02:18.600000,9.753473896332665
2015-03-26T16:02:18.700000,9.762360543875166
2015-03-26T16:02:18.800000,9.745139825404772
2015-03-26T16:02:18.900000,9.729113449809669
2015-03-26T16:02:19.000000,9.735953176249003
2015-03-26T16:02:19.100000,9.770474283014137
2015-03-26T16:02:19.200000,9.779039954657469
2015-03-26T16:02:19.300000,9.765775277821094
2015-03-26T16:02:19.400000,9.76089932220711
2015-03-26T16:02:19.500000,9.791741073473805
2015-03-26T16:02:19.600000,9.806033461072632
2015-03-26T16:02:19.700000,9.78846056879028
2015-03-26T16:02:19.800000,9.777864129849515
2015-03-26T16:02:19.900000,9.756635122259024
2015-03-26T16:02:20.000000,9.755034784543575
2015-03-26T16:02:20.100000,9.751515163249126
2015-03-26T16:02:20.200000,9.76965644305904
2015-03-26T16:02:20.300000,9.755529825291172
2015-03-26T16:02:20.400000,9.745381425825231
2015-03-26T16:02:20.500000,9.750434178758375
2015-03-26T16:02:20.600000,9.760857075143283
2015-03-26T16:02:20.700000,9.789073700582136
2015-03-26T16:02:20.800000,9.793208774458968
2015-03-26T16:02:20.900000,9.77917867856742
2015-03-26T16:02:21.000000,9.768093046792526
2015-03-26T16:02:21.100000,9.736587989371442
2015-03-26T16:02:21.200000,9.75726197772987
2015-03-26T16:02:21.300000,9.7624492467071
2015-03-26T16:02:21.400000,9.739848491014078
2015-03-26T16:02:21.500000,9.720639939134232
2015-03-26T16:02:21.600000,9.740536775097215
2015-03-26T16:02:21.700000,9.765411063747736
2015-03-26T16:02:21.800000,9.753467218751206
2015-03-26T16:02:21.900000,9.73943779808484
2015-03-26T16:02:22.000000,9.751249339709709
2015-03-26T16:02:22.100000,9.743990012681518
2015-03-26T16:02:22.200000,9.75624570070053
2015-03-26T16:02:22.300000,9.765793453917126
2015-03-26T16:02:22.400000,9.734129524365423
2015-03-26T16:02:22.500000,9.716242280156434
2015-03-26T16:02:22.600000,9.70474560864639
2015-03-26T16:02:22.700000,9.693604697842884
2015-03-26T16:02:22.800000,9.72309485777145
2015-03-26T16:02:22.900000,9.741413456385986
2015-03-26T16:02:23.000000,9.7510557467167
2015-03-26T16:02:23.100000,9.734904545947684
2015-03-26T16:02:23.200000,9.722858504153232
2015-03-26T16:02:23.300000,9.704095119759128
2015-03-26T16:02:23.400000,9.722121718041436
2015-03-26T16:02:23.500000,9.744786029229148
2015-03-26T16:02:23.600000,9.725256224230726
2015-03-26T16:02:23.700000,9.7244414451209
2015-03-26T16:02:23.800000,9.727467464043608
2015-03-26T16:02:23.900000,9.734903555585834
2015-03-26T16:02:24.000000,9.75239304188282
2015-03-26T16:02:24.100000,9.74532568114083
2015-03-26T16:02:24.200000,9.744056230088804
2015-03-26T16:02:24.300000,9.745783859810471
2015-03-26T16:02:24.400000,9.749584508521448
2015-03-26T16:02:24.500000,9.754791898581557
2015-03-26T16:02:24.600000,9.762923918673382
2015-03-26T16:02:24.700000,9.789095063118628
2015-03-26T16:02:24.800000,9.789739054798613
2015-03-26T16:02:24.900000,9.783441043187183
2015-03-26T16:02:25.000000,9.77430684213238
2015-03-26T16:02:25.100000,9.752320412649691
2015-03-26T16:02:25.200000,9.754088911661118
2015-03-26T16:02:25.300000,9.753719057417708
2015-03-26T16:02:25.400000,9.732066151538437
2015-03-26T16:02:25.500000,9.744659336023878
2015-03-26T16:02:25.600000,9.759048571160651
2015-03-26T16:02:25.700000,9.745449779612535
2015-03-26T16:02:25.800000,9.736865603256588
2015-03-26T16:02:25.900000,9.7445764405294
2015-03-26T16:02:26.000000,9.73979783138148
2015-03-26T16:02:26.100000,9.744716931762774
2015-03-26T16:02:26.200000,9.743040968657631
2015-03-26T16:02:26.300000,9.73719231217872
2015-03-26T16:02:26.400000,9.740494556801067
2015-03-26T16:02:26.500000,9.740732923350718
2015-03-26T16:02:26.600000,9.761306985355914
2015-03-26T16:02:26.700000,9.743272681621892
2015-03-26T16:02:26.800000,9.743400851357553
2015-03-26T16:02:26.900000,9.749585311877755
2015-03-26T16:02:27.000000,9.743565711066276
2015-03-26T16:02:27.100000,9.7454652261623
2015-03-26T16:02:27.200000,9.749210696019109
2015-03-26T16:02:27.300000,9.740446188222888
2015-03-26T16:02:27.400000,9.733573986831235
2015-03-26T16:02:27.500000,9.73935307174064
2015-03-26T16:02:27.600000,9.718630916684964
2015-03-26T16:02:27.700000,9.741052973807031
2015-03-26T16:02:27.800000,9.773012610731271
2015-03-26T16:02:27.900000,9.770488233178794
2015-03-26T16:02:28.000000,9.74154618076924
2015-03-26T16:02:28.100000,9.743664079780697
2015-03-26T16:02:28.200000,9.75391206831664
2015-03-26T16:02:28.300000,9.743693763635696
2015-03-26T16:02:28.400000,9.741495139861394
2015-03-26T16:02:28.500000,9.772947387979354
2015-03-26T16:02:28.600000,9.770269767639189
2015-03-26T16:02:28.700000,9.745532521846032
2015-03-26T16:02:28.800000,9.749197253957076
2015-03-26T16:02:28.900000,9.755137494390492
2015-03-26T16:02:29.000000,9.755579185988768
2015-03-26T16:02:29.100000,9.748134210720416
2015-03-26T16:02:29.200000,9.746477162299414
2015-03-26T16:02:29.300000,9.744499816164293
2015-03-26T16:02:29.400000,9.73766212626915
2015-03-26T16:02:29.500000,9.73566492354152
2015-03-26T16:02:29.600000,9.742771262324656
2015-03-26T16:02:29.700000,9.746961867560469
2015-03-26T16:02:29.800000,9.739257324462953
2015-03-26T16:02:29.900000,9.729871460661796
2015-03-26T16:02:30.000000,9.745867061077169
2015-03-26T16:02:30.100000,9.765413519242808
2015-03-26T16:02:30.200000,9.75765384035454
2015-03-26T16:02:30.300000,9.758502820588388
2015-03-26T16:02:30.400000,9.748019257964671
2015-03-26T16:02:30.500000,9.75051305543352
2015-03-26T16:02:30.600000,9.742399710911414
2015-03-26T16:02:30.700000,9.736426902607414
2015-03-26T16:02:30.800000,9.7380835891629
2015-03-26T16:02:30.900000,9.746553339681851
2015-03-26T16:02:31.000000,9.732262844617594
2015-03-26T16:02:31.100000,9.720508997613193
2015-03-26T16:02:31.200000,9.731754174333831
2015-03-26T16:02:31.300000,9.738427964967713
2015-03-26T16:02:31.400000,9.716185792427863
2015-03-26T16:02:31.500000,9.716977535068049
2015-03-26T16:02:31.600000,9.718678379132928
2015-03-26T16:02:31.700000,9.721873402263716
2015-03-26T16:02:31.800000,9.712838807416285
2015-03-26T16:02:31.900000,9.705883128256234
2015-03-26T16:02:32.000000,9.711109460783986
2015-03-26T16:02:32.100000,9.735779821198882
2015-03-26T16:02:32.200000,9.72874305261974
2015-03-26T16:02:32.300000,9.70876878768658
2015-03-26T16:02:32.400000,9.728719364090448
2015-03-26T16:02:32.500000,9.706891097108722
2015-03-26T16:02:32.600000,9.69824894756268
2015-03-26T16:02:32.700000,9.722593999177889
2015-03-26T16:02:32.800000,9.735282056689044
2015-03-26T16:02:32.900000,9.71790339083642
2015-03-26T16:02:33.000000,9.697247773110822
2015-03-26T16:02:33.100000,9.730292937618795
2015-03-26T16:02:33.200000,9.760642583824072
2015-03-26T16:02:33.300000,9.75696184064103
2015-03-26T16:02:33.400000,9.748250092182198
2015-03-26T16:02:33.500000,9.771603922599592
2015-03-26T16:02:33.600000,9.767762087736108
2015-03-26T16:02:33.700000,9.783101443438191
2015-03-26T16:02:33.800000,9.772131239364402
2015-03-26T16:02:33.900000,9.765197757150888
2015-03-26T16:02:34.000000,9.778839436582148
2015-03-26T16:02:34.100000,9.773234589607616
2015-03-26T16:02:34.200000,9.781522452931222
2015-03-26T16:02:34.300000,9.78120293778783
2015-03-26T16:02:34.400000,9.771761507985437
2015-03-26T16:02:34.500000,9.792134243694305
2015-03-26T16:02:34.600000,9.790079246902426
2015-03-26T16:02:34.700000,9.771131010726188
2015-03-26T16:02:34.800000,9.755019524947874
2015-03-26T16:02:34.900000,9.76698039863454
2015-03-26T16:02:35.000000,9.776013051082645
2015-03-26T16:02:35.100000,9.768323700507787
2015-03-26T16:02:35.200000,9.771685084204892
2015-03-26T16:02:35.300000,9.772143218429193
2015-03-26T16:02:35.400000,9.780936589609103
2015-03-26T16:02:35.500000,9.778077678382315
2015-03-26T16:02:35.600000,9.75798770282827
2015-03-26T16:02:35.700000,9.759269720040244
2015-03-26T16:02:35.800000,9.754547793692709
2015-03-26T16:02:35.900000,9.766617235108624
2015-03-26T16:02:36.000000,9.77342363662888
2015-03-26T16:02:36.100000,9.749575440490135
2015-03-26T16:02:36.200000,9.761137299032631
2015-03-26T16:02:36.300000,9.749642394351875
2015-03-26T16:02:36.400000,9.733488879009569
2015-03-26T16:02:36.500000,9.725470146014729
2015-03-26T16:02:36.600000,9.733522791138132
2015-03-26T16:02:36.700000,9.76094354396731
2015-03-26T16:02:36.800000,9.740385221523312
2015-03-26T16:02:36.900000,9.737404412300284
2015-03-26T16:02:37.000000,9.742745683867335
2015-03-26T16:02:37.100000,9.711349535098368
2015-03-26T16:02:37.200000,9.72056586994577
2015-03-26T16:02:37.300000,9.7088392226377
2015-03-26T16:02:37.400000,9.714132275215018
2015-03-26T16:02:37.500000,9.711982723165738
2015-03-26T16:02:37.600000,9.700831972768643
2015-03-26T16:02:37.700000,9.713067613581408
2015-03-26T16:02:37.800000,9.721263130141624
2015-03-26T16:02:37.900000,9.734450163539163
2015-03-26T16:02:38.000000,9.72199721575911
2015-03-26T16:02:38.100000,9.717594628521253
2015-03-26T16:02:38.200000,9.721826488017886
2015-03-26T16:02:38.300000,9.735200800241865
2015-03-26T16:02:38.400000,9.728273235762051
2015-03-26T16:02:38.500000,9.705850550650482
2015-03-26T16:02:38.600000,9.702671241851046
2015-03-26T16:02:38.700000,9.718323868795007
2015-03-26T16:02:38.800000,9.721200918221816
2015-03-26T16:02:38.900000,9.696119997536648
2015-03-26T16:02:39.000000,9.722521212874046
2015-03-26T16:02:39.100000,9.764039192491426
2015-03-26T16:02:39.200000,9.771264439740309
2015-03-26T16:02:39.300000,9.7532014132638
2015-03-26T16:02:39.400000,9.755188005323344
2015-03-26T16:02:39.500000,9.73413251897236
2015-03-26T16:02:39.600000,9.733740115707212
2015-03-26T16:02:39.700000,9.770207368040612
2015-03-26T16:02:39.800000,9.770654259684754
2015-03-26T16:02:39.900000,9.757864539506562
2015-03-26T16:02:40.000000,9.770298893932653
2015-03-26T16:02:40.100000,9.74998838426026
2015-03-26T16:02:40.200000,9.74565725049913
2015-03-26T16:02:40.300000,9.752493887354566
2015-03-26T16:02:40.400000,9.738261998600985
2015-03-26T16:02:40.500000,9.753245698534384
2015-03-26T16:02:40.600000,9.769337703177875
2015-03-26T16:02:40.700000,9.765588702809929
2015-03-26T16:02:40.800000,9.761343138348234
2015-03-26T16:02:40.900000,9.776135911287495
2015-03-26T16:02:41.000000,9.783296240719508
2015-03-26T16:02:41.100000,9.769796051220109
2015-03-26T16:02:41.200000,9.777667559578608
2015-03-26T16:02:41.300000,9.780900138222115
2015-03-26T16:02:41.400000,9.760441538057089
2015-03-26T16:02:41.500000,9.74673814446485
2015-03-26T16:02:41.600000,9.735529624582362
2015-03-26T16:02:41.700000,9.739657983576846
2015-03-26T16:02:41.800000,9.757717398865395
2015-03-26T16:02:41.900000,9.746308762726771
2015-03-26T16:02:42.000000,9.764095527038506
2015-03-26T16:02:42.100000,9.773212187419483
2015-03-26T16:02:42.200000,9.741678344719102
2015-03-26T16:02:42.300000,9.747290903996385
2015-03-26T16:02:42.400000,9.76161662033107
2015-03-26T16:02:42.500000,9.76102619107222
2015-03-26T16:02:42.600000,9.74656227337101
2015-03-26T16:02:42.700000,9.72733031906469
2015-03-26T16:02:42.800000,9.73284519035164
2015-03-26T16:02:42.900000,9.728379775974542
2015-03-26T16:02:43.000000,9.724998352982505
2015-03-26T16:02:43.100000,9.739976961992785
2015-03-26T16:02:43.200000,9.7611120602013
2015-03-26T16:02:43.300000,9.72863485807199
2015-03-26T16:02:43.400000,9.708682522496613
2015-03-26T16:02:43.500000,9.702616414520918
2015-03-26T16:02:43.600000,9.7228898951693
2015-03-26T16:02:43.700000,9.763460942063707
2015-03-26T16:02:43.800000,9.743698007503273
2015-03-26T16:02:43.900000,9.727267671076762
2015-03-26T16:02:44.000000,9.7307391222342
2015-03-26T16:02:44.100000,9.719843939742118
2015-03-26T16:02:44.200000,9.726723532576212
2015-03-26T16:02:44.300000,9.73471355382671
2015-03-26T16:02:44.400000,9.701371042071209
2015-03-26T16:02:44.500000,9.70218755405929
2015-03-26T16:02:44.600000,9.736652602446975
2015-03-26T16:02:44.700000,9.745479495774012
2015-03-26T16:02:44.800000,9.743671533204234
2015-03-26T16:02:44.900000,9.737796072558057
2015-03-26T16:02:45.000000,9.741645149098698
2015-03-26T16:02:45.100000,9.747869683330729
2015-03-26T16:02:45.200000,9.749118982990856
2015-03-26T16:02:45.300000,9.74221043824021
2015-03-26T16:02:45.400000,9.74773936475643
2015-03-26T16:02:45.500000,9.786309598705008
2015-03-26T16:02:45.600000,9.771396119742317
2015-03-26T16:02:45.700000,9.755619509961068
2015-03-26T16:02:45.800000,9.756485667958447
2015-03-26T16:02:45.900000,9.742752032563766
2015-03-26T16:02:46.000000,9.74966123355967
2015-03-26T16:02:46.100000,9.762213749041296
2015-03-26T16:02:46.200000,9.762373938905183
2015-03-26T16:02:46.300000,9.743215882374365
2015-03-26T16:02:46.400000,9.7785174217131
2015-03-26T16:02:46.500000,9.78307465806406
2015-03-26T16:02:46.600000,9.779975157600978
2015-03-26T16:02:46.700000,9.769398691346222
2015-03-26T16:02:46.800000,9.764244314344245
2015-03-26T16:02:46.900000,9.758989343618964
2015-03-26T16:02:47.000000,9.748088290363253
2015-03-26T16:02:47.100000,9.760255949531796
2015-03-26T16:02:47.200000,9.768229632038572
2015-03-26T16:02:47.300000,9.777141266886897
2015-03-26T16:02:47.400000,9.76155130492428
2015-03-26T16:02:47.500000,9.742973197510164
2015-03-26T16:02:47.600000,9.75334012697369
2015-03-26T16:02:47.700000,9.783263532702042
2015-03-26T16:02:47.800000,9.780703899204374
2015-03-26T16:02:47.900000,9.75762888800829
2015-03-26T16:02:48.000000,9.74636461348222
2015-03-26T16:02:48.100000,9.74424123596418
2015-03-26T16:02:48.200000,9.759820740311676
2015-03-26T16:02:48.300000,9.771454069630368
2015-03-26T16:02:48.400000,9.765746044253437
2015-03-26T16:02:48.500000,9.738133317726064
2015-03-26T16:02:48.600000,9.716350476935524
2015-03-26T16:02:48.700000,9.751912875772364
2015-03-26T16:02:48.800000,9.75735321951913
2015-03-26T16:02:48.900000,9.727381177561108
2015-03-26T16:02:49.000000,9.738998210555891
2015-03-26T16:02:49.100000,9.748580188244874
2015-03-26T16:02:49.200000,9.74166129673246
2015-03-26T16:02:49.300000,9.7466752065081
2015-03-26T16:02:49.400000,9.753400417218634
2015-03-26T16:02:49.500000,9.732967013445936
2015-03-26T16:02:49.600000,9.736428572143804
2015-03-26T16:02:49.700000,9.74221930332649
2015-03-26T16:02:49.800000,9.735563345288805
2015-03-26T16:02:49.900000,9.741706281514276
2015-03-26T16:02:50.000000,9.7491555850532
2015-03-26T16:02:50.100000,9.761403546917046
2015-03-26T16:02:50.200000,9.77049460493396
2015-03-26T16:02:50.300000,9.75914288777555
2015-03-26T16:02:50.400000,9.722566912854036
2015-03-26T16:02:50.500000,9.71326618353294
2015-03-26T16:02:50.600000,9.733096531769291
2015-03-26T16:02:50.700000,9.731014067930523
2015-03-26T16:02:50.800000,9.737161645840985
2015-03-26T16:02:50.900000,9.735073863754144
2015-03-26T16:02:51.000000,9.737426564527604
2015-03-26T16:02:51.100000,9.741580351990203
2015-03-26T16:02:51.200000,9.736772552663624
2015-03-26T16:02:51.300000,9.738560792889857
2015-03-26T16:02:51.400000,9.74757689781271
2015-03-26T16:02:51.500000,9.760925250889064
2015-03-26T16:02:51.600000,9.761277158954154
2015-03-26T16:02:51.700000,9.76119709575688
2015-03-26T16:02:51.800000,9.748074001673151
2015-03-26T16:02:51.900000,9.74910935971102
2015-03-26T16:02:52.000000,9.742865089467069
2015-03-26T16:02:52.100000,9.739476365867374
2015-03-26T16:02:52.200000,9.730165244984509
2015-03-26T16:02:52.300000,9.727249084121944
2015-03-26T16:02:52.400000,9.751886029822757
2015-03-26T16:02:52.500000,9.755563300516396
2015-03-26T16:02:52.600000,9.74584063471294
2015-03-26T16:02:52.700000,9.74446628939221
2015-03-26T16:02:52.800000,9.732499474836008
2015-03-26T16:02:52.900000,9.749704447707074
2015-03-26T16:02:53.000000,9.770358997204832
2015-03-26T16:02:53.100000,9.75263537310582
2015-03-26T16:02:53.200000,9.7531788333018
2015-03-26T16:02:53.300000,9.78737335304161
2015-03-26T16:02:53.400000,9.763627801581508
2015-03-26T16:02:53.500000,9.740996944651773
2015-03-26T16:02:53.600000,9.728552242666009
2015-03-26T16:02:53.700000,9.721399777386384
2015-03-26T16:02:53.800000,9.714280545500326
2015-03-26T16:02:53.900000,9.734802935458688
2015-03-26T16:02:54.000000,9.74781089933484
2015-03-26T16:02:54.100000,9.75351398848092
2015-03-26T16:02:54.200000,9.76105582986502
2015-03-26T16:02:54.300000,9.747443102098892
2015-03-26T16:02:54.400000,9.76413383348633
2015-03-26T16:02:54.500000,9.748372931798915
2015-03-26T16:02:54.600000,9.718246570825324
2015-03-26T16:02:54.700000,9.723246177700492
2015-03-26T16:02:54.800000,9.729379670360558
2015-03-26T16:02:54.900000,9.722189197330875
2015-03-26T16:02:55.000000,9.734557270063238
2015-03-26T16:02:55.100000,9.731987353630757
2015-03-26T16:02:55.200000,9.70804196174845
2015-03-26T16:02:55.300000,9.719098124271984
2015-03-26T16:02:55.400000,9.749252683416694
2015-03-26T16:02:55.500000,9.75311076413668
2015-03-26T16:02:55.600000,9.744978550398567
2015-03-26T16:02:55.700000,9.752804413219136
2015-03-26T16:02:55.800000,9.73312795490846
2015-03-26T16:02:55.900000,9.716816556781788
2015-03-26T16:02:56.000000,9.726001926548124
2015-03-26T16:02:56.100000,9.723437892048333
2015-03-26T16:02:56.200000,9.750049644807309
2015-03-26T16:02:56.300000,9.772039775136436
2015-03-26T16:02:56.400000,9.758264113694452
2015-03-26T16:02:56.500000,9.754108537359182
2015-03-26T16:02:56.600000,9.752068692621348
2015-03-26T16:02:56.700000,9.743448439839671
2015-03-26T16:02:56.800000,9.728098461118966
2015-03-26T16:02:56.900000,9.721817379334365
2015-03-26T16:02:57.000000,9.745196325344963
2015-03-26T16:02:57.100000,9.764771867853565
2015-03-26T16:02:57.200000,9.777140000941396
2015-03-26T16:02:57.300000,9.7549516498017
2015-03-26T16:02:57.400000,9.73570765267148
2015-03-26T16:02:57.500000,9.763235001320345
2015-03-26T16:02:57.600000,9.780349834757311
2015-03-26T16:02:57.700000,9.772538564729311
2015-03-26T16:02:57.800000,9.77435925454989
2015-03-26T16:02:57.900000,9.764659320081996
2015-03-26T16:02:58.000000,9.774026110775822
2015-03-26T16:02:58.100000,9.758507222855012
2015-03-26T16:02:58.200000,9.762945163672018
2015-03-26T16:02:58.300000,9.782385963638932
2015-03-26T16:02:58.400000,9.766402923268291
2015-03-26T16:02:58.500000,9.753519542037631
2015-03-26T16:02:58.600000,9.76239025183676
2015-03-26T16:02:58.700000,9.778081302905688
2015-03-26T16:02:58.800000,9.742017547896769
2015-03-26T16:02:58.900000,9.729345927283196
2015-03-26T16:02:59.000000,9.754610401396588
2015-03-26T16:02:59.100000,9.738807057043172
2015-03-26T16:02:59.200000,9.724941791704126
2015-03-26T16:02:59.300000,9.722096420280304
2015-03-26T16:02:59.400000,9.740118244854491
2015-03-26T16:02:59.500000,9.744987113269232
2015-03-26T16:02:59.600000,9.722618303126868
2015-03-26T16:02:59.700000,9.714795123577115
2015-03-26T16:02:59.800000,9.746071274836222
2015-03-26T16:02:59.900000,9.751101672860464
2015-03-26T16:03:00.000000,9.741775504290214
2015-03-26T16:03:00.100000,9.735060623173847
2015-03-26T16:03:00.200000,9.723270801039932
2015-03-26T16:03:00.300000,9.715911431625802
2015-03-26T16:03:00.400000,9.727862463413858
2015-03-26T16:03:00.500000,9.750541599828688
2015-03-26T16:03:00.600000,9.743732376877873
2015-03-26T16:03:00.700000,9.733707397467525
2015-03-26T16:03:00.800000,9.7369700162854
2015-03-26T16:03:00.900000,9.743214842595822
2015-03-26T16:03:01.000000,9.745770645238748
2015-03-26T16:03:01.100000,9.764619142506715
2015-03-26T16:03:01.200000,9.7733496638809
2015-03-26T16:03:01.300000,9.759927058037126
2015-03-26T16:03:01.400000,9.734156400757827
2015-03-26T16:03:01.500000,9.739894848352687
2015-03-26T16:03:01.600000,9.76114567970169
2015-03-26T16:03:01.700000,9.74461307040442
2015-03-26T16:03:01.800000,9.746908926232107
2015-03-26T16:03:01.900000,9.75720622264386
2015-03-26T16:03:02.000000,9.7687955578163
2015-03-26T16:03:02.100000,9.752341612711112
2015-03-26T16:03:02.200000,9.763100340123716
2015-03-26T16:03:02.300000,9.776044386917798
2015-03-26T16:03:02.400000,9.749269719056326
2015-03-26T16:03:02.500000,9.755067469240004
2015-03-26T16:03:02.600000,9.758783310869433
2015-03-26T16:03:02.700000,9.763856545010542
2015-03-26T16:03:02.800000,9.765079162163635
2015-03-26T16:03:02.900000,9.753591439332428
2015-03-26T16:03:03.000000,9.743874771767375
2015-03-26T16:03:03.100000,9.760935026728248
2015-03-26T16:03:03.200000,9.76380651820911
2015-03-26T16:03:03.300000,9.76831391935583
2015-03-26T16:03:03.400000,9.78993056287922
2015-03-26T16:03:03.500000,9.763344735892622
2015-03-26T16:03:03.600000,9.724134495253285
2015-03-26T16:03:03.700000,9.74944491579646
2015-03-26T16:03:03.800000,9.784242928482996
2015-03-26T16:03:03.900000,9.759659359147191
2015-03-26T16:03:04.000000,9.730261638483348
2015-03-26T16:03:04.100000,9.745691127957496
2015-03-26T16:03:04.200000,9.753847618757735
2015-03-26T16:03:04.300000,9.748167275351507
2015-03-26T16:03:04.400000,9.727701182186935
2015-03-26T16:03:04.500000,9.738705482470383
2015-03-26T16:03:04.600000,9.738037222374231
2015-03-26T16:03:04.700000,9.73626685005019
2015-03-26T16:03:04.800000,9.765359184239584
2015-03-26T16:03:04.900000,9.758221714970151
2015-03-26T16:03:05.000000,9.73009061010241
2015-03-26T16:03:05.100000,9.726330312054715
2015-03-26T16:03:05.200000,9.736270818070414
2015-03-26T16:03:05.300000,9.720717652037996
2015-03-26T16:03:05.400000,9.727257217877998
2015-03-26T16:03:05.500000,9.73743355326816
2015-03-26T16:03:05.600000,9.71858863774956
2015-03-26T16:03:05.700000,9.693162239423971
2015-03-26T16:03:05.800000,9.711737155431967
2015-03-26T16:03:05.900000,9.74072426926653
2015-03-26T16:03:06.000000,9.740106817912263
2015-03-26T16:03:06.100000,9.741575531773163
2015-03-26T16:03:06.200000,9.732490226302426
2015-03-26T16:03:06.300000,9.741719453764311
2015-03-26T16:03:06.400000,9.732771143075894
2015-03-26T16:03:06.500000,9.720564474976058
2015-03-26T16:03:06.600000,9.72044068991279
2015-03-26T16:03:06.700000,9.723443555457656
2015-03-26T16:03:06.800000,9.734437733254133
2015-03-26T16:03:06.900000,9.762181916897
2015-03-26T16:03:07.000000,9.770581764178578
2015-03-26T16:03:07.100000,9.768682164332052
2015-03-26T16:03:07.200000,9.770601085382191
2015-03-26T16:03:07.300000,9.757765736583863
2015-03-26T16:03:07.400000,9.741279309590356
2015-03-26T16:03:07.500000,9.74518483899242
2015-03-26T16:03:07.600000,9.762167050281487
2015-03-26T16:03:07.700000,9.76248947850798
2015-03-26T16:03:07.800000,9.745212914130027
2015-03-26T16:03:07.900000,9.7560869410044
2015-03-26T16:03:08.000000,9.767728297807974
2015-03-26T16:03:08.100000,9.76066938935928
2015-03-26T16:03:08.200000,9.75980473898706
2015-03-26T16:03:08.300000,9.79204342113658
2015-03-26T16:03:08.400000,9.76481396916978
2015-03-26T16:03:08.500000,9.733777691853412
2015-03-26T16:03:08.600000,9.743036103384904
2015-03-26T16:03:08.700000,9.762575195385184
2015-03-26T16:03:08.800000,9.764485086339096
2015-03-26T16:03:08.900000,9.74628497148942
2015-03-26T16:03:09.000000,9.733635013966476
2015-03-26T16:03:09.100000,9.754268716767076
2015-03-26T16:03:09.200000,9.767686286672168
2015-03-26T16:03:09.300000,9.788749319246536
2015-03-26T16:03:09.400000,9.787776063697448
2015-03-26T16:03:09.500000,9.76233372571537
2015-03-26T16:03:09.600000,9.759458591162028
2015-03-26T16:03:09.700000,9.76073163748843
2015-03-26T16:03:09.800000,9.72574346201631
2015-03-26T16:03:09.900000,9.719052697988316
2015-03-26T16:03:10.000000,9.715406425995432
2015-03-26T16:03:10.100000,9.73157950492295
2015-03-26T16:03:10.200000,9.748408313812387
2015-03-26T16:03:10.300000,9.737344783034072
2015-03-26T16:03:10.400000,9.761610084624184
2015-03-26T16:03:10.500000,9.751512505588032
2015-03-26T16:03:10.600000,9.739014036439698
2015-03-26T16:03:10.700000,9.757551339010496
2015-03-26T16:03:10.800000,9.752816066582335
2015-03-26T16:03:10.900000,9.732947510723612
2015-03-26T16:03:11.000000,9.722439472125284
2015-03-26T16:03:11.100000,9.718110130437756
2015-03-26T16:03:11.200000,9.708491500972046
2015-03-26T16:03:11.300000,9.71856340132297
2015-03-26T16:03:11.400000,9.713985922569506
2015-03-26T16:03:11.500000,9.71870805479718
2015-03-26T16:03:11.600000,9.731029236394429
2015-03-26T16:03:11.700000,9.709696842055394
2015-03-26T16:03:11.800000,9.699468906455612
2015-03-26T16:03:11.900000,9.709051443759831
2015-03-26T16:03:12.000000,9.726793783470011
2015-03-26T16:03:12.100000,9.75230131136141
2015-03-26T16:03:12.200000,9.755357366655783
2015-03-26T16:03:12.300000,9.74308501263274
2015-03-26T16:03:12.400000,9.735222023289218
2015-03-26T16:03:12.500000,9.72527322235958
2015-03-26T16:03:12.600000,9.735215333090732
2015-03-26T16:03:12.700000,9.747522107370154
2015-03-26T16:03:12.800000,9.7534636884845
2015-03-26T16:03:12.900000,9.753726044902798
2015-03-26T16:03:13.000000,9.763887577842809
2015-03-26T16:03:13.100000,9.762698765398978
2015-03-26T16:03:13.200000,9.754040914092055
2015-03-26T16:03:13.300000,9.767200312197602
2015-03-26T16:03:13.400000,9.764387925676996
2015-03-26T16:03:13.500000,9.766140706030097
2015-03-26T16:03:13.600000,9.787860811059838
2015-03-26T16:03:13.700000,9.75697636183946
2015-03-26T16:03:13.800000,9.74693534893924
2015-03-26T16:03:13.900000,9.762877238386231
2015-03-26T16:03:14.000000,9.749976876798408
2015-03-26T16:03:14.100000,9.737889631917788
2015-03-26T16:03:14.200000,9.730697856425389
2015-03-26T16:03:14.300000,9.74666877486747
2015-03-26T16:03:14.400000,9.77661849790395
2015-03-26T16:03:14.500000,9.764816803352195
2015-03-26T16:03:14.600000,9.74893229022629
2015-03-26T16:03:14.700000,9.751027466646756
2015-03-26T16:03:14.800000,9.760200031782375
2015-03-26T16:03:14.900000,9.749578314989265
2015-03-26T16:03:15.000000,9.771142801257003
2015-03-26T16:03:15.100000,9.77233700248405
2015-03-26T16:03:15.200000,9.751998716690911
2015-03-26T16:03:15.300000,9.761612425631624
2015-03-26T16:03:15.400000,9.762199535472442
2015-03-26T16:03:15.500000,9.739750444849625
2015-03-26T16:03:15.600000,9.75083348305685
2015-03-26T16:03:15.700000,9.751813673741482
2015-03-26T16:03:15.800000,9.739526728710624
2015-03-26T16:03:15.900000,9.73001529394864
2015-03-26T16:03:16.000000,9.724961777416782
2015-03-26T16:03:16.100000,9.73233055232418
2015-03-26T16:03:16.200000,9.720501499946392
2015-03-26T16:03:16.300000,9.715306459293334
2015-03-26T16:03:16.400000,9.723342686470884
2015-03-26T16:03:16.500000,9.736116508633891
2015-03-26T16:03:16.600000,9.730419558150563
2015-03-26T16:03:16.700000,9.73359386813143
2015-03-26T16:03:16.800000,9.72868317832939
2015-03-26T16:03:16.900000,9.74560934361346
2015-03-26T16:03:17.000000,9.74937309768996
2015-03-26T16:03:17.100000,9.711851780424167
2015-03-26T16:03:17.200000,9.720396672280437
2015-03-26T16:03:17.300000,9.74127783059347
2015-03-26T16:03:17.400000,9.739375602557262
2015-03-26T16:03:17.500000,9.75004527230886
2015-03-26T16:03:17.600000,9.723826072668688
2015-03-26T16:03:17.700000,9.715584294832428
2015-03-26T16:03:17.800000,9.74562510425868
2015-03-26T16:03:17.900000,9.750466212463865
2015-03-26T16:03:18.000000,9.748081041837178
2015-03-26T16:03:18.100000,9.742068563199345
2015-03-26T16:03:18.200000,9.737257579181923
2015-03-26T16:03:18.300000,9.754389487945067
2015-03-26T16:03:18.400000,9.781192392946934
2015-03-26T16:03:18.500000,9.784670490952232
2015-03-26T16:03:18.600000,9.768632793900858
2015-03-26T16:03:18.700000,9.752092592352318
2015-03-26T16:03:18.800000,9.728823627427657
2015-03-26T16:03:18.900000,9.736221731300253
2015-03-26T16:03:19.000000,9.745211115362572
2015-03-26T16:03:19.100000,9.746612554783148
2015-03-26T16:03:19.200000,9.773560436993854
2015-03-26T16:03:19.300000,9.781763366920767
2015-03-26T16:03:19.400000,9.757022822838296
2015-03-26T16:03:19.500000,9.76407784742153
2015-03-26T16:03:19.600000,9.762897982686152
2015-03-26T16:03:19.700000,9.73701507472665
2015-03-26T16:03:19.800000,9.737308293577398
2015-03-26T16:03:19.900000,9.74436246298972
2015-03-26T16:03:20.000000,9.749761602434331
2015-03-26T16:03:20.100000,9.756277304808886
2015-03-26T16:03:20.200000,9.742372431973592
2015-03-26T16:03:20.300000,9.753667269763673
2015-03-26T16:03:20.400000,9.749737956374394
2015-03-26T16:03:20.500000,9.74305168707417
2015-03-26T16:03:20.600000,9.740612621630484
2015-03-26T16:03:20.700000,9.744701212560026
2015-03-26T16:03:20.800000,9.739690374676636
2015-03-26T16:03:20.900000,9.733671696043148
2015-03-26T16:03:21.000000,9.744775981765574
2015-03-26T16:03:21.100000,9.756581126269063
2015-03-26T16:03:21.200000,9.731619077921769
2015-03-26T16:03:21.300000,9.727774884983102
2015-03-26T16:03:21.400000,9.735402667238912
2015-03-26T16:03:21.500000,9.730330316694133
2015-03-26T16:03:21.600000,9.730700091366115
2015-03-26T16:03:21.700000,9.737054784141566
2015-03-26T16:03:21.800000,9.740466278456454
2015-03-26T16:03:21.900000,9.74905272268252
2015-03-26T16:03:22.000000,9.742670815881953
2015-03-26T16:03:22.100000,9.708487278383066
2015-03-26T16:03:22.200000,9.7173036525191
2015-03-26T16:03:22.300000,9.731954543982736
2015-03-26T16:03:22.400000,9.724114378821312
2015-03-26T16:03:22.500000,9.71282536469114
2015-03-26T16:03:22.600000,9.710075517078808
2015-03-26T16:03:22.700000,9.7363691141044
2015-03-26T16:03:22.800000,9.73522360712778
2015-03-26T16:03:22.900000,9.712832024577562
2015-03-26T16:03:23.000000,9.712190005611513
2015-03-26T16:03:23.100000,9.723352530492232
2015-03-26T16:03:23.200000,9.720673328077554
2015-03-26T16:03:23.300000,9.726863770742463
2015-03-26T16:03:23.400000,9.74370756687815
2015-03-26T16:03:23.500000,9.76486159692448
2015-03-26T16:03:23.600000,9.759856170977866
2015-03-26T16:03:23.700000,9.752893055091718
2015-03-26T16:03:23.800000,9.769686475832865
2015-03-26T16:03:23.900000,9.755096842887149
2015-03-26T16:03:24.000000,9.739839100455216
2015-03-26T16:03:24.100000,9.751593650392056
2015-03-26T16:03:24.200000,9.762836061052148
2015-03-26T16:03:24.300000,9.767059759565946
2015-03-26T16:03:24.400000,9.770948469384338
2015-03-26T16:03:24.500000,9.763606054897314
2015-03-26T16:03:24.600000,9.770481506609752
2015-03-26T16:03:24.700000,9.755570092428211
2015-03-26T16:03:24.800000,9.76470059851287
2015-03-26T16:03:24.900000,9.774878358030112
2015-03-26T16:03:25.000000,9.769366505194728
2015-03-26T16:03:25.100000,9.768811626669086
2015-03-26T16:03:25.200000,9.769112384941897
2015-03-26T16:03:25.300000,9.76955139666789
2015-03-26T16:03:25.400000,9.78108329316134
2015-03-26T16:03:25.500000,9.792250010559624
2015-03-26T16:03:25.600000,9.793772430041132
2015-03-26T16:03:25.700000,9.771936986829507
2015-03-26T16:03:25.800000,9.756908861957736
2015-03-26T16:03:25.900000,9.755767010521232
2015-03-26T16:03:26.000000,9.744169703026584
2015-03-26T16:03:26.100000,9.74391428619971
2015-03-26T16:03:26.200000,9.753999102489464
2015-03-26T16:03:26.300000,9.749321563207973
2015-03-26T16:03:26.400000,9.752205415497922
2015-03-26T16:03:26.500000,9.758550278825217
2015-03-26T16:03:26.600000,9.735053607020737
2015-03-26T16:03:26.700000,9.73786926918755
2015-03-26T16:03:26.800000,9.762943124635472
2015-03-26T16:03:26.900000,9.765949084345138
2015-03-26T16:03:27.000000,9.762565865689782
2015-03-26T16:03:27.100000,9.74825964584304
2015-03-26T16:03:27.200000,9.735870058816133
2015-03-26T16:03:27.300000,9.730061223563927
2015-03-26T16:03:27.400000,9.726457196636462
2015-03-26T16:03:27.500000,9.731866104095904
2015-03-26T16:03:27.600000,9.73834587594787
2015-03-26T16:03:27.700000,9.741100059618104
2015-03-26T16:03:27.800000,9.728393619523969
2015-03-26T16:03:27.900000,9.73289162547142
2015-03-26T16:03:28.000000,9.717972184659557
2015-03-26T16:03:28.100000,9.715119311024486
2015-03-26T16:03:28.200000,9.734715700549131
2015-03-26T16:03:28.300000,9.721405910869027
2015-03-26T16:03:28.400000,9.726977516592932
2015-03-26T16:03:28.500000,9.720761237691343
2015-03-26T16:03:28.600000,9.714619796560653
2015-03-26T16:03:28.700000,9.75362210724668
2015-03-26T16:03:28.800000,9.741222242935464
2015-03-26T16:03:28.900000,9.726206878984168
2015-03-26T16:03:29.000000,9.718631526339186
2015-03-26T16:03:29.100000,9.733571807916332
2015-03-26T16:03:29.200000,9.755885036415124
2015-03-26T16:03:29.300000,9.727595669514288
2015-03-26T16:03:29.400000,9.733775688318568
2015-03-26T16:03:29.500000,9.756088015937712
2015-03-26T16:03:29.600000,9.76430422404572
2015-03-26T16:03:29.700000,9.76369916834441
2015-03-26T16:03:29.800000,9.75300166437576
2015-03-26T16:03:29.900000,9.750529507895829
2015-03-26T16:03:30.000000,9.74669532315563
2015-03-26T16:03:30.100000,9.750965929447592
2015-03-26T16:03:30.200000,9.746375401740982
2015-03-26T16:03:30.300000,9.73637213965526
2015-03-26T16:03:30.400000,9.744016134621877
2015-03-26T16:03:30.500000,9.73675684569046
2015-03-26T16:03:30.600000,9.738272313175182
2015-03-26T16:03:30.700000,9.757472408196792
2015-03-26T16:03:30.800000,9.7713603679724
2015-03-26T16:03:30.900000,9.7807549694823
2015-03-26T16:03:31.000000,9.798051688583632
2015-03-26T16:03:31.100000,9.76897529679332
2015-03-26T16:03:31.200000,9.747625530307683
2015-03-26T16:03:31.300000,9.757579293537074
2015-03-26T16:03:31.400000,9.781677626672732
2015-03-26T16:03:31.500000,9.783135719798786
2015-03-26T16:03:31.600000,9.751007016338914
2015-03-26T16:03:31.700000,9.73916395733697
2015-03-26T16:03:31.800000,9.74982987863045
2015-03-26T16:03:31.900000,9.751959456087594
2015-03-26T16:03:32.000000,9.743565792654309
2015-03-26T16:03:32.100000,9.751077611468626
2015-03-26T16:03:32.200000,9.754883158164835
2015-03-26T16:03:32.300000,9.74244483517305
2015-03-26T16:03:32.400000,9.75271096077316
2015-03-26T16:03:32.500000,9.780300938848258
2015-03-26T16:03:32.600000,9.769567596879403
2015-03-26T16:03:32.700000,9.769022223096515
2015-03-26T16:03:32.800000,9.769395110358117
2015-03-26T16:03:32.900000,9.756718074880142
2015-03-26T16:03:33.000000,9.742179063329344
2015-03-26T16:03:33.100000,9.753205312965122
2015-03-26T16:03:33.200000,9.766274130720202
2015-03-26T16:03:33.300000,9.751354541470317
2015-03-26T16:03:33.400000,9.748699206999651
2015-03-26T16:03:33.500000,9.762419854330888
2015-03-26T16:03:33.600000,9.753748680612002
2015-03-26T16:03:33.700000,9.74927501356744
2015-03-26T16:03:33.800000,9.749595375722144
2015-03-26T16:03:33.900000,9.7452334520267
2015-03-26T16:03:34.000000,9.73478470280666
2015-03-26T16:03:34.100000,9.736833074481568
2015-03-26T16:03:34.200000,9.746308523466269
2015-03-26T16:03:34.300000,9.746029622610749
2015-03-26T16:03:34.400000,9.735414704616394
2015-03-26T16:03:34.500000,9.73275240584356
2015-03-26T16:03:34.600000,9.737830895597783
2015-03-26T16:03:34.700000,9.742738697168852
2015-03-26T16:03:34.800000,9.738189470444754
2015-03-26T16:03:34.900000,9.73669906759307
2015-03-26T16:03:35.000000,9.73704586748329
2015-03-26T16:03:35.100000,9.73836980996148
2015-03-26T16:03:35.200000,9.739998977738978
2015-03-26T16:03:35.300000,9.733524808093096
2015-03-26T16:03:35.400000,9.733092011377137
2015-03-26T16:03:35.500000,9.741183566374067
2015-03-26T16:03:35.600000,9.74581813049003
2015-03-26T16:03:35.700000,9.73984673161912
2015-03-26T16:03:35.800000,9.727215898006484
2015-03-26T16:03:35.900000,9.750470493714372
2015-03-26T16:03:36.000000,9.751117160657776
2015-03-26T16:03:36.100000,9.729665273178396
2015-03-26T16:03:36.200000,9.737883753638188
2015-03-26T16:03:36.300000,9.756283664455175
2015-03-26T16:03:36.400000,9.752391049275548
2015-03-26T16:03:36.500000,9.75886852649644
2015-03-26T16:03:36.600000,9.752923208747108
2015-03-26T16:03:36.700000,9.737483284366842
2015-03-26T16:03:36.800000,9.75325338707059
2015-03-26T16:03:36.900000,9.738944798124145
2015-03-26T16:03:37.000000,9.743969286250143
2015-03-26T16:03:37.100000,9.739300466025703
2015-03-26T16:03:37.200000,9.737070043517258
2015-03-26T16:03:37.300000,9.723133775738754
2015-03-26T16:03:37.400000,9.741218869596327
2015-03-26T16:03:37.500000,9.751489434115362
2015-03-26T16:03:37.600000,9.711176391224928
2015-03-26T16:03:37.700000,9.724787161769058
2015-03-26T16:03:37.800000,9.732345790372207
2015-03-26T16:03:37.900000,9.75900485947669
2015-03-26T16:03:38.000000,9.767400729686637
2015-03-26T16:03:38.100000,9.753238366442533
2015-03-26T16:03:38.200000,9.74365501756657
2015-03-26T16:03:38.300000,9.733402330397304
2015-03-26T16:03:38.400000,9.750245405022271
2015-03-26T16:03:38.500000,9.752633095356
2015-03-26T16:03:38.600000,9.764720630770954
2015-03-26T16:03:38.700000,9.74798513801429
2015-03-26T16:03:38.800000,9.725588067973725
2015-03-26T16:03:38.900000,9.737426789054105
2015-03-26T16:03:39.000000,9.742046126259616
2015-03-26T16:03:39.100000,9.747718698532216
2015-03-26T16:03:39.200000,9.734037253879729
2015-03-26T16:03:39.300000,9.737245091148822
2015-03-26T16:03:39.400000,9.745456809577204
2015-03-26T16:03:39.500000,9.754114084929084
2015-03-26T16:03:39.600000,9.737202369508257
2015-03-26T16:03:39.700000,9.731653683723492
2015-03-26T16:03:39.800000,9.72808599130538
2015-03-26T16:03:39.900000,9.73468457260086
2015-03-26T16:03:40.000000,9.728452917691309
2015-03-26T16:03:40.100000,9.73995507685877
2015-03-26T16:03:40.200000,9.739815370981018
2015-03-26T16:03:40.300000,9.746277572247278
2015-03-26T16:03:40.400000,9.743977834488913
2015-03-26T16:03:40.500000,9.744064522508603
2015-03-26T16:03:40.600000,9.760647365628229
2015-03-26T16:03:40.700000,9.766805695397448
2015-03-26T16:03:40.800000,9.741605126994443
2015-03-26T16:03:40.900000,9.751928302071832
2015-03-26T16:03:41.000000,9.751407061018543
2015-03-26T16:03:41.100000,9.7696819449252
2015-03-26T16:03:41.200000,9.794052730698452
2015-03-26T16:03:41.300000,9.773366395382842
2015-03-26T16:03:41.400000,9.765121291160082
2015-03-26T16:03:41.500000,9.774990940972751
2015-03-26T16:03:41.600000,9.76168997160262
2015-03-26T16:03:41.700000,9.73885480058352
2015-03-26T16:03:41.800000,9.754110305494674
2015-03-26T16:03:41.900000,9.761691485213191
2015-03-26T16:03:42.000000,9.730806818337928
2015-03-26T16:03:42.100000,9.736822709031973
2015-03-26T16:03:42.200000,9.759674393922834
2015-03-26T16:03:42.300000,9.755995749934218
2015-03-26T16:03:42.400000,9.737276677985111
2015-03-26T16:03:42.500000,9.726949528809929
2015-03-26T16:03:42.600000,9.745510992306142
2015-03-26T16:03:42.700000,9.769808836885977
2015-03-26T16:03:42.800000,9.744046263655523
2015-03-26T16:03:42.900000,9.749861959914496
2015-03-26T16:03:43.000000,9.756665642108436
2015-03-26T16:03:43.100000,9.733407188835088
2015-03-26T16:03:43.200000,9.733017516700206
2015-03-26T16:03:43.300000,9.713402263937589
2015-03-26T16:03:43.400000,9.715081519286104
2015-03-26T16:03:43.500000,9.73106539833378
2015-03-26T16:03:43.600000,9.740907456231543
2015-03-26T16:03:43.700000,9.731700009863076
2015-03-26T16:03:43.800000,9.73187392442254
2015-03-26T16:03:43.900000,9.73605037116266
2015-03-26T16:03:44.000000,9.724733245194365
2015-03-26T16:03:44.100000,9.732610402119892
2015-03-26T16:03:44.200000,9.73740487071662
2015-03-26T16:03:44.300000,9.74809211519966
2015-03-26T16:03:44.400000,9.75369670342469
2015-03-26T16:03:44.500000,9.735171073912744
2015-03-26T16:03:44.600000,9.732312126851484
2015-03-26T16:03:44.700000,9.73258359065398
2015-03-26T16:03:44.800000,9.74459413762346
2015-03-26T16:03:44.900000,9.749881394975189
2015-03-26T16:03:45.000000,9.752724938199917
2015-03-26T16:03:45.100000,9.74719035668838
2015-03-26T16:03:45.200000,9.754545481450032
2015-03-26T16:03:45.300000,9.73300833097068
2015-03-26T16:03:45.400000,9.715006635688804
2015-03-26T16:03:45.500000,9.722455692387264
2015-03-26T16:03:45.600000,9.77318749746632
2015-03-26T16:03:45.700000,9.773985140345184
2015-03-26T16:03:45.800000,9.760045152275891
2015-03-26T16:03:45.900000,9.763458367050251
2015-03-26T16:03:46.000000,9.747745004493948
2015-03-26T16:03:46.100000,9.753063094476698
2015-03-26T16:03:46.200000,9.762226375439834
2015-03-26T16:03:46.300000,9.727840669518452
2015-03-26T16:03:46.400000,9.733680279818172
2015-03-26T16:03:46.500000,9.739066291311511
2015-03-26T16:03:46.600000,9.7380856601965
2015-03-26T16:03:46.700000,9.73477215988769
2015-03-26T16:03:46.800000,9.746911488884605
2015-03-26T16:03:46.900000,9.747047742402884
2015-03-26T16:03:47.000000,9.740649392662338
2015-03-26T16:03:47.100000,9.729114273701375
2015-03-26T16:03:47.200000,9.747479127029717
2015-03-26T16:03:47.300000,9.766557449891042
2015-03-26T16:03:47.400000,9.767907084650384
2015-03-26T16:03:47.500000,9.748215007337894
2015-03-26T16:03:47.600000,9.741101085273629
2015-03-26T16:03:47.700000,9.751432245523247
2015-03-26T16:03:47.800000,9.759776020566065
2015-03-26T16:03:47.900000,9.756427567011782
2015-03-26T16:03:48.000000,9.754276786883032
2015-03-26T16:03:48.100000,9.750934750564506
2015-03-26T16:03:48.200000,9.762291151500236
2015-03-26T16:03:48.300000,9.766900088923997
2015-03-26T16:03:48.400000,9.765317588843722
2015-03-26T16:03:48.500000,9.7521532874368
2015-03-26T16:03:48.600000,9.76102084351162
2015-03-26T16:03:48.700000,9.74558690638134
2015-03-26T16:03:48.800000,9.746353788810252
2015-03-26T16:03:48.900000,9.78347926276351
2015-03-26T16:03:49.000000,9.767611819644369
2015-03-26T16:03:49.100000,9.767331500046147
2015-03-26T16:03:49.200000,9.768062605373231
2015-03-26T16:03:49.300000,9.759925834362052
2015-03-26T16:03:49.400000,9.74756542583263
2015-03-26T16:03:49.500000,9.75508056972676
2015-03-26T16:03:49.600000,9.753039392106476
2015-03-26T16:03:49.700000,9.757109537158808
2015-03-26T16:03:49.800000,9.76411464767891
2015-03-26T16:03:49.900000,9.748377486447843
2015-03-26T16:03:50.000000,9.75192878459551
2015-03-26T16:03:50.100000,9.75963869934491
2015-03-26T16:03:50.200000,9.758996072297744
2015-03-26T16:03:50.300000,9.75097854611685
2015-03-26T16:03:50.400000,9.768420572642194
2015-03-26T16:03:50.500000,9.781132274055896
2015-03-26T16:03:50.600000,9.749401151781962
2015-03-26T16:03:50.700000,9.732624234966323
2015-03-26T16:03:50.800000,9.74192463697687
2015-03-26T16:03:50.900000,9.742214904854384
2015-03-26T16:03:51.000000,9.753910672444617
2015-03-26T16:03:51.100000,9.736047190776606
2015-03-26T16:03:51.200000,9.726553003009078
2015-03-26T16:03:51.300000,9.727366941464211
2015-03-26T16:03:51.400000,9.748620858123124
2015-03-26T16:03:51.500000,9.76501076277081
2015-03-26T16:03:51.600000,9.751663571808171
2015-03-26T16:03:51.700000,9.73525162302518
2015-03-26T16:03:51.800000,9.74201236105502
2015-03-26T16:03:51.900000,9.752935246347326
2015-03-26T16:03:52.000000,9.749221718132622
2015-03-26T16:03:52.100000,9.734050151213443
2015-03-26T16:03:52.200000,9.759952549694088
2015-03-26T16:03:52.300000,9.75193262644054
2015-03-26T16:03:52.400000,9.733158568090612
2015-03-26T16:03:52.500000,9.72667156547956
2015-03-26T16:03:52.600000,9.733463477335718
2015-03-26T16:03:52.700000,9.733843846876036
2015-03-26T16:03:52.800000,9.713765193007196
2015-03-26T16:03:52.900000,9.722069804676018
2015-03-26T16:03:53.000000,9.728539578571953
2015-03-26T16:03:53.100000,9.727075429170643
2015-03-26T16:03:53.200000,9.729013885196157
2015-03-26T16:03:53.300000,9.723420491110726
2015-03-26T16:03:53.400000,9.727419304374466
2015-03-26T16:03:53.500000,9.725359587867196
2015-03-26T16:03:53.600000,9.713387219054605
2015-03-26T16:03:53.700000,9.717034185402778
2015-03-26T16:03:53.800000,9.732469259841766
2015-03-26T16:03:53.900000,9.72010504800446
2015-03-26T16:03:54.000000,9.708630735430448
2015-03-26T16:03:54.100000,9.739234897767764
2015-03-26T16:03:54.200000,9.767372247180765
2015-03-26T16:03:54.300000,9.757574301458456
2015-03-26T16:03:54.400000,9.76054883130026
2015-03-26T16:03:54.500000,9.772139693515284
2015-03-26T16:03:54.600000,9.741396916815386
2015-03-26T16:03:54.700000,9.75191137151778
2015-03-26T16:03:54.800000,9.75777488463016
2015-03-26T16:03:54.900000,9.76136694081537
2015-03-26T16:03:55.000000,9.76078476400515
2015-03-26T16:03:55.100000,9.75449754742732
2015-03-26T16:03:55.200000,9.74940455806882
2015-03-26T16:03:55.300000,9.750970687747206
2015-03-26T16:03:55.400000,9.75974842602994
2015-03-26T16:03:55.500000,9.761341568964244
2015-03-26T16:03:55.600000,9.758180284650102
2015-03-26T16:03:55.700000,9.758645646653198
2015-03-26T16:03:55.800000,9.744305678310337
2015-03-26T16:03:55.900000,9.755038458237578
2015-03-26T16:03:56.000000,9.766384708738082
2015-03-26T16:03:56.100000,9.784837063738378
2015-03-26T16:03:56.200000,9.78623329537396
2015-03-26T16:03:56.300000,9.75580344616411
2015-03-26T16:03:56.400000,9.731131319853214
2015-03-26T16:03:56.500000,9.745492663232351
2015-03-26T16:03:56.600000,9.752424724459132
2015-03-26T16:03:56.700000,9.74329883779585
2015-03-26T16:03:56.800000,9.73666050133632
2015-03-26T16:03:56.900000,9.750919590269556
2015-03-26T16:03:57.000000,9.75106981844288
2015-03-26T16:03:57.100000,9.750839308489454
2015-03-26T16:03:57.200000,9.755214007805098
2015-03-26T16:03:57.300000,9.735625393007394
2015-03-26T16:03:57.400000,9.735571614208467
2015-03-26T16:03:57.500000,9.73843308172047
2015-03-26T16:03:57.600000,9.732597194716428
2015-03-26T16:03:57.700000,9.746082452780175
2015-03-26T16:03:57.800000,9.736857836498109
2015-03-26T16:03:57.900000,9.729179111398649
2015-03-26T16:03:58.000000,9.718136082733247
2015-03-26T16:03:58.100000,9.730371196624445
2015-03-26T16:03:58.200000,9.709465613493766
2015-03-26T16:03:58.300000,9.700363559030672
2015-03-26T16:03:58.400000,9.717560738810928
2015-03-26T16:03:58.500000,9.726357506192668
2015-03-26T16:03:58.600000,9.734483491848588
2015-03-26T16:03:58.700000,9.730310714653182
2015-03-26T16:03:58.800000,9.734242434300072
2015-03-26T16:03:58.900000,9.726518572074184
2015-03-26T16:03:59.000000,9.725859130363956
2015-03-26T16:03:59.100000,9.729705113753113
2015-03-26T16:03:59.200000,9.71350489867091
2015-03-26T16:03:59.300000,9.704667694684352
2015-03-26T16:03:59.400000,9.74834098229027
2015-03-26T16:03:59.500000,9.75280408361047
2015-03-26T16:03:59.600000,9.747131820318726
2015-03-26T16:03:59.700000,9.742957315945167
2015-03-26T16:03:59.800000,9.749137680873494
2015-03-26T16:03:59.900000,9.758623835553248
2015-03-26T16:04:00.000000,9.740204273737325
2015-03-26T16:04:00.100000,9.75031209730663
2015-03-26T16:04:00.200000,9.750916843194126
2015-03-26T16:04:00.300000,9.757998134166348
2015-03-26T16:04:00.400000,9.750313975945366
2015-03-26T16:04:00.500000,9.73215023002752
2015-03-26T16:04:00.600000,9.742770169218774
2015-03-26T16:04:00.700000,9.780840146324218
2015-03-26T16:04:00.800000,9.779589171874436
2015-03-26T16:04:00.900000,9.767292498338838
2015-03-26T16:04:01.000000,9.75721159362429
2015-03-26T16:04:01.100000,9.752675391165765
2015-03-26T16:04:01.200000,9.745589330842677
2015-03-26T16:04:01.300000,9.7323022003897
2015-03-26T16:04:01.400000,9.73770585818868
2015-03-26T16:04:01.500000,9.748004431026612
2015-03-26T16:04:01.600000,9.74989733120428
2015-03-26T16:04:01.700000,9.765569781349926
2015-03-26T16:04:01.800000,9.781749523466228
2015-03-26T16:04:01.900000,9.7897354101131
2015-03-26T16:04:02.000000,9.766975880851824
2015-03-26T16:04:02.100000,9.748623783538028
2015-03-26T16:04:02.200000,9.754264173695656
2015-03-26T16:04:02.300000,9.758452884974725
2015-03-26T16:04:02.400000,9.76661848029085
2015-03-26T16:04:02.500000,9.75335197683562
2015-03-26T16:04:02.600000,9.768037842663436
2015-03-26T16:04:02.700000,9.773156474966616
2015-03-26T16:04:02.800000,9.753060039336567
2015-03-26T16:04:02.900000,9.73508203122492
2015-03-26T16:04:03.000000,9.724907382431836
2015-03-26T16:04:03.100000,9.74692148090668
2015-03-26T16:04:03.200000,9.757703447867408
2015-03-26T16:04:03.300000,9.746742424169843
2015-03-26T16:04:03.400000,9.748180849896798
2015-03-26T16:04:03.500000,9.768875206055093
2015-03-26T16:04:03.600000,9.758759112921616
2015-03-26T16:04:03.700000,9.713598511643193
2015-03-26T16:04:03.800000,9.720367277676177
2015-03-26T16:04:03.900000,9.739480760133176
2015-03-26T16:04:04.000000,9.755275169878244
2015-03-26T16:04:04.100000,9.754401051496028
2015-03-26T16:04:04.200000,9.743813500133587
2015-03-26T16:04:04.300000,9.73609530636272
2015-03-26T16:04:04.400000,9.726811617070217
2015-03-26T16:04:04.500000,9.73311742864776
2015-03-26T16:04:04.600000,9.74204053963594
2015-03-26T16:04:04.700000,9.736398871194602
2015-03-26T16:04:04.800000,9.714786176402956
2015-03-26T16:04:04.900000,9.726137471529425
2015-03-26T16:04:05.000000,9.774202555810634
2015-03-26T16:04:05.100000,9.75717096152814
2015-03-26T16:04:05.200000,9.738567750329572
2015-03-26T16:04:05.300000,9.72877281670304
2015-03-26T16:04:05.400000,9.73898014036613
2015-03-26T16:04:05.500000,9.745096902677178
2015-03-26T16:04:05.600000,9.738032418813718
2015-03-26T16:04:05.700000,9.725815452297564
2015-03-26T16:04:05.800000,9.729201101093722
2015-03-26T16:04:05.900000,9.754061227308458
2015-03-26T16:04:06.000000,9.752244513087472
2015-03-26T16:04:06.100000,9.746656685663613
2015-03-26T16:04:06.200000,9.762199479288878
2015-03-26T16:04:06.300000,9.746911129277269
2015-03-26T16:04:06.400000,9.72308421097924
2015-03-26T16:04:06.500000,9.73990210405732
2015-03-26T16:04:06.600000,9.764160348175556
2015-03-26T16:04:06.700000,9.766288415193925
2015-03-26T16:04:06.800000,9.742447318542398
2015-03-26T16:04:06.900000,9.75313643978081
2015-03-26T16:04:07.000000,9.76540028265543
2015-03-26T16:04:07.100000,9.762438722466658
2015-03-26T16:04:07.200000,9.762973808561016
2015-03-26T16:04:07.300000,9.766258233569603
2015-03-26T16:04:07.400000,9.759504842107122
2015-03-26T16:04:07.500000,9.76447634274788
2015-03-26T16:04:07.600000,9.765146306869765
2015-03-26T16:04:07.700000,9.749642248139317
2015-03-26T16:04:07.800000,9.761167305013643
2015-03-26T16:04:07.900000,9.758496411339165
2015-03-26T16:04:08.000000,9.770195555646174
2015-03-26T16:04:08.100000,9.793327316947538
2015-03-26T16:04:08.200000,9.777797419657126
2015-03-26T16:04:08.300000,9.755278303040436
2015-03-26T16:04:08.400000,9.76930004157
2015-03-26T16:04:08.500000,9.763665974649832
2015-03-26T16:04:08.600000,9.757462778227376
2015-03-26T16:04:08.700000,9.764312972087732
2015-03-26T16:04:08.800000,9.766483309251957
2015-03-26T16:04:08.900000,9.767792595911372
2015-03-26T16:04:09.000000,9.749671496765304
2015-03-26T16:04:09.100000,9.748621327916268
2015-03-26T16:04:09.200000,9.75616042933462
2015-03-26T16:04:09.300000,9.759629555168262
2015-03-26T16:04:09.400000,9.745248587256764
2015-03-26T16:04:09.500000,9.715254823383365
2015-03-26T16:04:09.600000,9.74024827980304
2015-03-26T16:04:09.700000,9.753627310967207
2015-03-26T16:04:09.800000,9.72557466709412
2015-03-26T16:04:09.900000,9.730386089842856
2015-03-26T16:04:10.000000,9.738273499825896
2015-03-26T16:04:10.100000,9.73708731531853
2015-03-26T16:04:10.200000,9.739661755914774
2015-03-26T16:04:10.300000,9.729029947680935
2015-03-26T16:04:10.400000,9.724839426878644
2015-03-26T16:04:10.500000,9.7296745875533
2015-03-26T16:04:10.600000,9.704303001559811
2015-03-26T16:04:10.700000,9.710284325062055
2015-03-26T16:04:10.800000,9.735955512595352
2015-03-26T16:04:10.900000,9.730970839391285
2015-03-26T16:04:11.000000,9.73013903552884
2015-03-26T16:04:11.100000,9.741150585502773
2015-03-26T16:04:11.200000,9.722243344317445
2015-03-26T16:04:11.300000,9.709699268636252
2015-03-26T16:04:11.400000,9.69308893757859
2015-03-26T16:04:11.500000,9.701610300985696
2015-03-26T16:04:11.600000,9.726292339855922
2015-03-26T16:04:11.700000,9.726116842249017
2015-03-26T16:04:11.800000,9.741197219713928
2015-03-26T16:04:11.900000,9.726458894672373
2015-03-26T16:04:12.000000,9.739863059956052
2015-03-26T16:04:12.100000,9.739685365716252
2015-03-26T16:04:12.200000,9.748276354811225
2015-03-26T16:04:12.300000,9.735965358420364
2015-03-26T16:04:12.400000,9.724530634543182
2015-03-26T16:04:12.500000,9.740218204138818
2015-03-26T16:04:12.600000,9.744307155493296
2015-03-26T16:04:12.700000,9.734084286588796
2015-03-26T16:04:12.800000,9.75595071755607
2015-03-26T16:04:12.900000,9.7574909640461
2015-03-26T16:04:13.000000,9.727155472764863
2015-03-26T16:04:13.100000,9.714589092059796
2015-03-26T16:04:13.200000,9.735251949884937
2015-03-26T16:04:13.300000,9.7575081997968
2015-03-26T16:04:13.400000,9.74460771369111
2015-03-26T16:04:13.500000,9.754571545661785
2015-03-26T16:04:13.600000,9.750527235714795
2015-03-26T16:04:13.700000,9.750388737480058
2015-03-26T16:04:13.800000,9.756464092246148
2015-03-26T16:04:13.900000,9.769230523341124
2015-03-26T16:04:14.000000,9.771943089385887
2015-03-26T16:04:14.100000,9.73994644807227
2015-03-26T16:04:14.200000,9.752258999608326
2015-03-26T16:04:14.300000,9.75884595506496
2015-03-26T16:04:14.400000,9.748477346546016
2015-03-26T16:04:14.500000,9.740818959925075
2015-03-26T16:04:14.600000,9.738555041997612
2015-03-26T16:04:14.700000,9.75983137569292
2015-03-26T16:04:14.800000,9.766857954095636
2015-03-26T16:04:14.900000,9.749213195185416
2015-03-26T16:04:15.000000,9.741965200687671
2015-03-26T16:04:15.100000,9.741808607829366
2015-03-26T16:04:15.200000,9.754954505924449
2015-03-26T16:04:15.300000,9.765432917855016
2015-03-26T16:04:15.400000,9.74852058956998
2015-03-26T16:04:15.500000,9.737390143018557
2015-03-26T16:04:15.600000,9.74512332217794
2015-03-26T16:04:15.700000,9.738347333392865
2015-03-26T16:04:15.800000,9.74134414495404
2015-03-26T16:04:15.900000,9.738634086864783
2015-03-26T16:04:16.000000,9.700067612139112
2015-03-26T16:04:16.100000,9.715023313014852
2015-03-26T16:04:16.200000,9.731919464847069
2015-03-26T16:04:16.300000,9.736981694499832
2015-03-26T16:04:16.400000,9.73907163746361
2015-03-26T16:04:16.500000,9.74121779479846
2015-03-26T16:04:16.600000,9.734127652047636
2015-03-26T16:04:16.700000,9.737421633662722
2015-03-26T16:04:16.800000,9.757351188044735
2015-03-26T16:04:16.900000,9.742532182945766
2015-03-26T16:04:17.000000,9.734004424418606
2015-03-26T16:04:17.100000,9.731239051426089
2015-03-26T16:04:17.200000,9.738115409700344
2015-03-26T16:04:17.300000,9.744034813444255
2015-03-26T16:04:17.400000,9.742008297913936
2015-03-26T16:04:17.500000,9.737443889558913
2015-03-26T16:04:17.600000,9.732576999663555
2015-03-26T16:04:17.700000,9.7138318699865
2015-03-26T16:04:17.800000,9.72861999003596
2015-03-26T16:04:17.900000,9.748054973487513
2015-03-26T16:04:18.000000,9.73359711524896
2015-03-26T16:04:18.100000,9.721106385549277
2015-03-26T16:04:18.200000,9.741641508400932
2015-03-26T16:04:18.300000,9.754441496189092
2015-03-26T16:04:18.400000,9.740803735565
2015-03-26T16:04:18.500000,9.74849870648944
2015-03-26T16:04:18.600000,9.73964308498896
2015-03-26T16:04:18.700000,9.72757123817128
2015-03-26T16:04:18.800000,9.745236833617668
2015-03-26T16:04:18.900000,9.743214684711008
2015-03-26T16:04:19.000000,9.73160156222905
2015-03-26T16:04:19.100000,9.738736386184897
2015-03-26T16:04:19.200000,9.7616115265261
2015-03-26T16:04:19.300000,9.752579708518835
2015-03-26T16:04:19.400000,9.749299807475994
2015-03-26T16:04:19.500000,9.74791360914904
2015-03-26T16:04:19.600000,9.759174536743888
2015-03-26T16:04:19.700000,9.774568829385752
2015-03-26T16:04:19.800000,9.756957360156022
2015-03-26T16:04:19.900000,9.754146912974344
2015-03-26T16:04:20.000000,9.7763846472439
2015-03-26T16:04:20.100000,9.770077317770497
2015-03-26T16:04:20.200000,9.769302743337583
2015-03-26T16:04:20.300000,9.752321921058146
2015-03-26T16:04:20.400000,9.755175745912158
2015-03-26T16:04:20.500000,9.782428766819113
2015-03-26T16:04:20.600000,9.778882190450716
2015-03-26T16:04:20.700000,9.763885515079878
2015-03-26T16:04:20.800000,9.77003089182979
2015-03-26T16:04:20.900000,9.750429850106816
2015-03-26T16:04:21.000000,9.750379642132613
2015-03-26T16:04:21.100000,9.77289316030128
2015-03-26T16:04:21.200000,9.770053479482588
2015-03-26T16:04:21.300000,9.77116066792771
2015-03-26T16:04:21.400000,9.770875883656007
2015-03-26T16:04:21.500000,9.76109241429636
2015-03-26T16:04:21.600000,9.768768007904107
2015-03-26T16:04:21.700000,9.745095734088462
2015-03-26T16:04:21.800000,9.735593785399113
2015-03-26T16:04:21.900000,9.753512286973612
2015-03-26T16:04:22.000000,9.739136231786942
2015-03-26T16:04:22.100000,9.768321879901617
2015-03-26T16:04:22.200000,9.783775901738544
2015-03-26T16:04:22.300000,9.768945243530164
2015-03-26T16:04:22.400000,9.749954578784411
2015-03-26T16:04:22.500000,9.731802313816155
2015-03-26T16:04:22.600000,9.727787110091912
2015-03-26T16:04:22.700000,9.75648200057663
2015-03-26T16:04:22.800000,9.785508991033105
2015-03-26T16:04:22.900000,9.774114820959374
2015-03-26T16:04:23.000000,9.78197224691633
2015-03-26T16:04:23.100000,9.768730028784129
2015-03-26T16:04:23.200000,9.76498704181168
2015-03-26T16:04:23.300000,9.744799108208472
2015-03-26T16:04:23.400000,9.72462630490178
2015-03-26T16:04:23.500000,9.74331388732897
2015-03-26T16:04:23.600000,9.748449030847969
2015-03-26T16:04:23.700000,9.740356566641678
2015-03-26T16:04:23.800000,9.743060604794854
2015-03-26T16:04:23.900000,9.747123115979992
2015-03-26T16:04:24.000000,9.730763954893508
2015-03-26T16:04:24.100000,9.709965577065178
2015-03-26T16:04:24.200000,9.698186253757502
2015-03-26T16:04:24.300000,9.72975263104773
2015-03-26T16:04:24.400000,9.749578727819342
2015-03-26T16:04:24.500000,9.744169058107865
2015-03-26T16:04:24.600000,9.74811484809205
2015-03-26T16:04:24.700000,9.73474129087286
2015-03-26T16:04:24.800000,9.732663587668334
2015-03-26T16:04:24.900000,9.7275034494454
2015-03-26T16:04:25.000000,9.70912490554323
2015-03-26T16:04:25.100000,9.72705216081829
2015-03-26T16:04:25.200000,9.742196152210257
2015-03-26T16:04:25.300000,9.734765330330058
2015-03-26T16:04:25.400000,9.719450543171757
2015-03-26T16:04:25.500000,9.71851608395537
2015-03-26T16:04:25.600000,9.72919661655136
2015-03-26T16:04:25.700000,9.715400542123389
2015-03-26T16:04:25.800000,9.73357610839523
2015-03-26T16:04:25.900000,9.738386460166668
2015-03-26T16:04:26.000000,9.737443060742056
2015-03-26T16:04:26.100000,9.755188692842289
2015-03-26T16:04:26.200000,9.753849350490524
2015-03-26T16:04:26.300000,9.761765564754176
2015-03-26T16:04:26.400000,9.78045100644192
2015-03-26T16:04:26.500000,9.78280949698106
2015-03-26T16:04:26.600000,9.772571815361148
2015-03-26T16:04:26.700000,9.76788011247898
2015-03-26T16:04:26.800000,9.771255536140606
2015-03-26T16:04:26.900000,9.77098110850365
2015-03-26T16:04:27.000000,9.76244593299199
2015-03-26T16:04:27.100000,9.764015205588846
2015-03-26T16:04:27.200000,9.776556758479073
2015-03-26T16:04:27.300000,9.787050575197677
2015-03-26T16:04:27.400000,9.756836349615355
2015-03-26T16:04:27.500000,9.775449487971548
2015-03-26T16:04:27.600000,9.787858672554572
2015-03-26T16:04:27.700000,9.763778741000529
2015-03-26T16:04:27.800000,9.750345448858106
2015-03-26T16:04:27.900000,9.753888767484227
2015-03-26T16:04:28.000000,9.765229722700502
2015-03-26T16:04:28.100000,9.76713029546777
2015-03-26T16:04:28.200000,9.770471469176902
2015-03-26T16:04:28.300000,9.779151783046116
2015-03-26T16:04:28.400000,9.778075301649146
2015-03-26T16:04:28.500000,9.761545795727638
2015-03-26T16:04:28.600000,9.742457902557357
2015-03-26T16:04:28.700000,9.767057611764749
2015-03-26T16:04:28.800000,9.769730657868283
2015-03-26T16:04:28.900000,9.76370204117103
2015-03-26T16:04:29.000000,9.759706049346986
2015-03-26T16:04:29.100000,9.744329122889974
2015-03-26T16:04:29.200000,9.73932639479493
2015-03-26T16:04:29.300000,9.733643564980424
2015-03-26T16:04:29.400000,9.735513925552532
2015-03-26T16:04:29.500000,9.748987098889057
2015-03-26T16:04:29.600000,9.758792546623807
2015-03-26T16:04:29.700000,9.756436195444664
2015-03-26T16:04:29.800000,9.74334866421657
2015-03-26T16:04:29.900000,9.74193286936095
2015-03-26T16:04:30.000000,9.735692754071133
2015-03-26T16:04:30.100000,9.717116128438343
2015-03-26T16:04:30.200000,9.72352984883232
2015-03-26T16:04:30.300000,9.729977482367584
2015-03-26T16:04:30.400000,9.722529109904952
2015-03-26T16:04:30.500000,9.701392638909804
2015-03-26T16:04:30.600000,9.701144551237078
2015-03-26T16:04:30.700000,9.709022122042954
2015-03-26T16:04:30.800000,9.719857918931064
2015-03-26T16:04:30.900000,9.726076395685672
2015-03-26T16:04:31.000000,9.742169346028248
2015-03-26T16:04:31.100000,9.73644253639292
2015-03-26T16:04:31.200000,9.75662589491413
2015-03-26T16:04:31.300000,9.745632979459012
2015-03-26T16:04:31.400000,9.722867594642702
2015-03-26T16:04:31.500000,9.716704969988074
2015-03-26T16:04:31.600000,9.716264814513142
2015-03-26T16:04:31.700000,9.73090631095449
2015-03-26T16:04:31.800000,9.72736565108057
2015-03-26T16:04:31.900000,9.731186673161735
2015-03-26T16:04:32.000000,9.74519448573916
2015-03-26T16:04:32.100000,9.74172022903164
2015-03-26T16:04:32.200000,9.735337679852066
2015-03-26T16:04:32.300000,9.76640328222993
2015-03-26T16:04:32.400000,9.772460499494322
2015-03-26T16:04:32.500000,9.748929445039211
2015-03-26T16:04:32.600000,9.756809984238156
2015-03-26T16:04:32.700000,9.762705190499664
2015-03-26T16:04:32.800000,9.753227888425938
2015-03-26T16:04:32.900000,9.751688429183131
2015-03-26T16:04:33.000000,9.755161358839455
2015-03-26T16:04:33.100000,9.75134027378378
2015-03-26T16:04:33.200000,9.772609888664052
2015-03-26T16:04:33.300000,9.775219171250482
2015-03-26T16:04:33.400000,9.759568632670527
2015-03-26T16:04:33.500000,9.77898248609009
2015-03-26T16:04:33.600000,9.794803319098236
2015-03-26T16:04:33.700000,9.767810815961624
2015-03-26T16:04:33.800000,9.755644603617029
2015-03-26T16:04:33.900000,9.774639754774416
2015-03-26T16:04:34.000000,9.800936073798436
2015-03-26T16:04:34.100000,9.782866843972243
2015-03-26T16:04:34.200000,9.747464596346672
2015-03-26T16:04:34.300000,9.752535659192375
2015-03-26T16:04:34.400000,9.749066985418798
2015-03-26T16:04:34.500000,9.740180406054323
2015-03-26T16:04:34.600000,9.756247849362364
2015-03-26T16:04:34.700000,9.770485200111583
2015-03-26T16:04:34.800000,9.764448898319978
2015-03-26T16:04:34.900000,9.74543913982798
2015-03-26T16:04:35.000000,9.748031066112624
2015-03-26T16:04:35.100000,9.74377052656738
2015-03-26T16:04:35.200000,9.74202930397603
2015-03-26T16:04:35.300000,9.739244009904631
2015-03-26T16:04:35.400000,9.750772942441118
2015-03-26T16:04:35.500000,9.755974352564063
2015-03-26T16:04:35.600000,9.73725319861714
2015-03-26T16:04:35.700000,9.738005810307298
2015-03-26T16:04:35.800000,9.741033573665252
2015-03-26T16:04:35.900000,9.735584466785362
2015-03-26T16:04:36.000000,9.722381404622178
2015-03-26T16:04:36.100000,9.727520731129262
2015-03-26T16:04:36.200000,9.730029349687484
2015-03-26T16:04:36.300000,9.719449321533869
2015-03-26T16:04:36.400000,9.716583429967162
2015-03-26T16:04:36.500000,9.743587939776551
2015-03-26T16:04:36.600000,9.734477995280471
2015-03-26T16:04:36.700000,9.712947064535436
2015-03-26T16:04:36.800000,9.699000031987202
2015-03-26T16:04:36.900000,9.720344361825315
2015-03-26T16:04:37.000000,9.743497579429508
2015-03-26T16:04:37.100000,9.737213528972443
2015-03-26T16:04:37.200000,9.723862477766854
2015-03-26T16:04:37.300000,9.72231849191092
2015-03-26T16:04:37.400000,9.732096378896845
2015-03-26T16:04:37.500000,9.74161725194815
2015-03-26T16:04:37.600000,9.762997728493772
2015-03-26T16:04:37.700000,9.756171018100996
2015-03-26T16:04:37.800000,9.71437645470507
2015-03-26T16:04:37.900000,9.712475206286364
2015-03-26T16:04:38.000000,9.75725779950935
2015-03-26T16:04:38.100000,9.7703199631226
2015-03-26T16:04:38.200000,9.760497060880652
2015-03-26T16:04:38.300000,9.764758193515831
2015-03-26T16:04:38.400000,9.776377916115392
2015-03-26T16:04:38.500000,9.77367995944398
2015-03-26T16:04:38.600000,9.77603089314404
2015-03-26T16:04:38.700000,9.780452849867446
2015-03-26T16:04:38.800000,9.783287689993807
2015-03-26T16:04:38.900000,9.766400790660104
2015-03-26T16:04:39.000000,9.753553766022586
2015-03-26T16:04:39.100000,9.75792450868416
2015-03-26T16:04:39.200000,9.735414786407794
2015-03-26T16:04:39.300000,9.771776386577166
2015-03-26T16:04:39.400000,9.78706882807559
2015-03-26T16:04:39.500000,9.756968031583677
2015-03-26T16:04:39.600000,9.752024591246911
2015-03-26T16:04:39.700000,9.754878308329886
2015-03-26T16:04:39.800000,9.76722184104764
2015-03-26T16:04:39.900000,9.765009137698724
2015-03-26T16:04:40.000000,9.747497885287308
2015-03-26T16:04:40.100000,9.73495728916395
2015-03-26T16:04:40.200000,9.749130272582326
2015-03-26T16:04:40.300000,9.754960483627697
2015-03-26T16:04:40.400000,9.739842783364596
2015-03-26T16:04:40.500000,9.741066055145463
2015-03-26T16:04:40.600000,9.74538911801486
2015-03-26T16:04:40.700000,9.76215574553748
2015-03-26T16:04:40.800000,9.751038295857896
2015-03-26T16:04:40.900000,9.74287062298146
2015-03-26T16:04:41.000000,9.75289841318813
2015-03-26T16:04:41.100000,9.75191075182869
2015-03-26T16:04:41.200000,9.757958198880935
2015-03-26T16:04:41.300000,9.757098451184309
2015-03-26T16:04:41.400000,9.754636437149529
2015-03-26T16:04:41.500000,9.769243636365038
2015-03-26T16:04:41.600000,9.766566272312753
2015-03-26T16:04:41.700000,9.753212575703587
2015-03-26T16:04:41.800000,9.743851457999249
2015-03-26T16:04:41.900000,9.745685590401662
2015-03-26T16:04:42.000000,9.751837210506295
2015-03-26T16:04:42.100000,9.74783216539632
2015-03-26T16:04:42.200000,9.762001013441004
2015-03-26T16:04:42.300000,9.747046036279164
2015-03-26T16:04:42.400000,9.741969201429514
2015-03-26T16:04:42.500000,9.73852953545703
2015-03-26T16:04:42.600000,9.728403875332903
2015-03-26T16:04:42.700000,9.742449066259653
2015-03-26T16:04:42.800000,9.772802970512933
2015-03-26T16:04:42.900000,9.774245348431643
2015-03-26T16:04:43.000000,9.754006148876137
2015-03-26T16:04:43.100000,9.750131362068029
2015-03-26T16:04:43.200000,9.738139825701822
2015-03-26T16:04:43.300000,9.748627579041631
2015-03-26T16:04:43.400000,9.729846919255168
2015-03-26T16:04:43.500000,9.709072810464791
2015-03-26T16:04:43.600000,9.745931137139364
2015-03-26T16:04:43.700000,9.745563181566965
2015-03-26T16:04:43.800000,9.723320321041149
2015-03-26T16:04:43.900000,9.733176711079606
2015-03-26T16:04:44.000000,9.750810387659229
2015-03-26T16:04:44.100000,9.751662875648131
2015-03-26T16:04:44.200000,9.760569402578982
2015-03-26T16:04:44.300000,9.758159260436589
2015-03-26T16:04:44.400000,9.73799841250296
2015-03-26T16:04:44.500000,9.736123630162773
2015-03-26T16:04:44.600000,9.748356924770489
2015-03-26T16:04:44.700000,9.772097288006591
2015-03-26T16:04:44.800000,9.761724307433552
2015-03-26T16:04:44.900000,9.759637289629683
2015-03-26T16:04:45.000000,9.757008439037408
2015-03-26T16:04:45.100000,9.746199219422945
2015-03-26T16:04:45.200000,9.733447507595567
2015-03-26T16:04:45.300000,9.748303506684042
2015-03-26T16:04:45.400000,9.759318539406491
2015-03-26T16:04:45.500000,9.738300097979067
2015-03-26T16:04:45.600000,9.736435567813402
2015-03-26T16:04:45.700000,9.733138033527371
2015-03-26T16:04:45.800000,9.734851868129423
2015-03-26T16:04:45.900000,9.722923762253403
2015-03-26T16:04:46.000000,9.746241874156498
2015-03-26T16:04:46.100000,9.753633059820004
2015-03-26T16:04:46.200000,9.73126440851447
2015-03-26T16:04:46.300000,9.747035206436268
2015-03-26T16:04:46.400000,9.738693194023202
2015-03-26T16:04:46.500000,9.746929593747804
2015-03-26T16:04:46.600000,9.739095479107885
2015-03-26T16:04:46.700000,9.730197833665704
2015-03-26T16:04:46.800000,9.75049732221389
2015-03-26T16:04:46.900000,9.750327928737905
2015-03-26T16:04:47.000000,9.751636924872775
2015-03-26T16:04:47.100000,9.762511736648706
2015-03-26T16:04:47.200000,9.749040811951248
2015-03-26T16:04:47.300000,9.739328331878523
2015-03-26T16:04:47.400000,9.739399846931368
2015-03-26T16:04:47.500000,9.738240606957335
2015-03-26T16:04:47.600000,9.732917595199758
2015-03-26T16:04:47.700000,9.735938411912038
2015-03-26T16:04:47.800000,9.757826662266266
2015-03-26T16:04:47.900000,9.781187367868773
2015-03-26T16:04:48.000000,9.738878271860456
2015-03-26T16:04:48.100000,9.72535102265926
2015-03-26T16:04:48.200000,9.756642308559144
2015-03-26T16:04:48.300000,9.768403613343104
2015-03-26T16:04:48.400000,9.771523150263992
2015-03-26T16:04:48.500000,9.782500266983684
2015-03-26T16:04:48.600000,9.791263597971286
2015-03-26T16:04:48.700000,9.763849012306228
2015-03-26T16:04:48.800000,9.746864124217833
2015-03-26T16:04:48.900000,9.752499377155262
2015-03-26T16:04:49.000000,9.761951646351584
2015-03-26T16:04:49.100000,9.741564530244409
2015-03-26T16:04:49.200000,9.748034990714986
2015-03-26T16:04:49.300000,9.737041288187292
2015-03-26T16:04:49.400000,9.729113187719232
2015-03-26T16:04:49.500000,9.730241531034933
2015-03-26T16:04:49.600000,9.747204822903049
2015-03-26T16:04:49.700000,9.758067141569436
2015-03-26T16:04:49.800000,9.752328606817196
2015-03-26T16:04:49.900000,9.73993535868017
2015-03-26T16:04:50.000000,9.748646630527256
2015-03-26T16:04:50.100000,9.763561020564785
2015-03-26T16:04:50.200000,9.736210647278288
2015-03-26T16:04:50.300000,9.735631529557756
2015-03-26T16:04:50.400000,9.762405887083869
2015-03-26T16:04:50.500000,9.752812799594771
2015-03-26T16:04:50.600000,9.749196272006412
2015-03-26T16:04:50.700000,9.73566012004261
2015-03-26T16:04:50.800000,9.737894740330024
2015-03-26T16:04:50.900000,9.7364548803693
2015-03-26T16:04:51.000000,9.751701323830432
2015-03-26T16:04:51.100000,9.758885896614624
2015-03-26T16:04:51.200000,9.755394052371884
2015-03-26T16:04:51.300000,9.754815832011412
2015-03-26T16:04:51.400000,9.728172780027585
2015-03-26T16:04:51.500000,9.726717418906132
2015-03-26T16:04:51.600000,9.73035468460245
2015-03-26T16:04:51.700000,9.729872186650558
2015-03-26T16:04:51.800000,9.74809087795204
2015-03-26T16:04:51.900000,9.734392531440577
2015-03-26T16:04:52.000000,9.752623177428555
2015-03-26T16:04:52.100000,9.76652836699852
2015-03-26T16:04:52.200000,9.76691757654733
2015-03-26T16:04:52.300000,9.756466189921529
2015-03-26T16:04:52.400000,9.746444611563296
2015-03-26T16:04:52.500000,9.73536667779358
2015-03-26T16:04:52.600000,9.736501717695957
2015-03-26T16:04:52.700000,9.73552250227007
2015-03-26T16:04:52.800000,9.750960645148677
2015-03-26T16:04:52.900000,9.760393085435116
2015-03-26T16:04:53.000000,9.747549330819185
2015-03-26T16:04:53.100000,9.741832601941391
2015-03-26T16:04:53.200000,9.747442262869392
2015-03-26T16:04:53.300000,9.7633595573483
2015-03-26T16:04:53.400000,9.769817365454696
2015-03-26T16:04:53.500000,9.775623519322211
2015-03-26T16:04:53.600000,9.803670009546533
2015-03-26T16:04:53.700000,9.790813121010014
2015-03-26T16:04:53.800000,9.780449383567545
2015-03-26T16:04:53.900000,9.773432185026875
2015-03-26T16:04:54.000000,9.756718172951382
2015-03-26T16:04:54.100000,9.774880571976691
2015-03-26T16:04:54.200000,9.783630384949372
2015-03-26T16:04:54.300000,9.78019571671994
2015-03-26T16:04:54.400000,9.747966860872388
2015-03-26T16:04:54.500000,9.74224373771854
2015-03-26T16:04:54.600000,9.746713088061377
2015-03-26T16:04:54.700000,9.742590667291829
2015-03-26T16:04:54.800000,9.742904442286974
2015-03-26T16:04:54.900000,9.76076957164376
2015-03-26T16:04:55.000000,9.760239970011067
2015-03-26T16:04:55.100000,9.726192951112573
2015-03-26T16:04:55.200000,9.73336938866101
2015-03-26T16:04:55.300000,9.758630837136907
2015-03-26T16:04:55.400000,9.733539467990427
2015-03-26T16:04:55.500000,9.699624581220588
2015-03-26T16:04:55.600000,9.70376057636454
2015-03-26T16:04:55.700000,9.70925198349808
2015-03-26T16:04:55.800000,9.707721679998723
2015-03-26T16:04:55.900000,9.738494626933104
2015-03-26T16:04:56.000000,9.754530962991172
2015-03-26T16:04:56.100000,9.73163868542954
2015-03-26T16:04:56.200000,9.741328720032543
2015-03-26T16:04:56.300000,9.728557179277988
2015-03-26T16:04:56.400000,9.695555614966716
2015-03-26T16:04:56.500000,9.72641855290978
2015-03-26T16:04:56.600000,9.73388662729054
2015-03-26T16:04:56.700000,9.720809262257616
2015-03-26T16:04:56.800000,9.721817121116215
2015-03-26T16:04:56.900000,9.728394832735283
2015-03-26T16:04:57.000000,9.761360834444528
2015-03-26T16:04:57.100000,9.749591827937508
2015-03-26T16:04:57.200000,9.73899858641264
2015-03-26T16:04:57.300000,9.747613159598822
2015-03-26T16:04:57.400000,9.767680759517734
2015-03-26T16:04:57.500000,9.753985747103386
2015-03-26T16:04:57.600000,9.742975242658249
2015-03-26T16:04:57.700000,9.750069188934509
2015-03-26T16:04:57.800000,9.760678196880791
2015-03-26T16:04:57.900000,9.770551163422985
2015-03-26T16:04:58.000000,9.743187736510576
2015-03-26T16:04:58.100000,9.731121025907742
2015-03-26T16:04:58.200000,9.745516797445758
2015-03-26T16:04:58.300000,9.755919719832658
2015-03-26T16:04:58.400000,9.742341712625144
2015-03-26T16:04:58.500000,9.710496461635689
2015-03-26T16:04:58.600000,9.729962266094876
2015-03-26T16:04:58.700000,9.750016022630726
2015-03-26T16:04:58.800000,9.760426830745548
2015-03-26T16:04:58.900000,9.767726798848608
2015-03-26T16:04:59.000000,9.763282302870527
2015-03-26T16:04:59.100000,9.77062016685807
2015-03-26T16:04:59.200000,9.7625134395265
2015-03-26T16:04:59.300000,9.746307390022835
2015-03-26T16:04:59.400000,9.752098924861317
2015-03-26T16:04:59.500000,9.768365556995084
2015-03-26T16:04:59.600000,9.762187954595865
2015-03-26T16:04:59.700000,9.754187476780356
2015-03-26T16:04:59.800000,9.754738360939143
2015-03-26T16:04:59.900000,9.766146555516796
2015-03-26T16:05:00.000000,9.76695589382098
2015-03-26T16:05:00.100000,9.732526568504712
2015-03-26T16:05:00.200000,9.73085779528734
2015-03-26T16:05:00.300000,9.740255103349728
2015-03-26T16:05:00.400000,9.744211356592851
2015-03-26T16:05:00.500000,9.741844505650008
2015-03-26T16:05:00.600000,9.743132692124243
2015-03-26T16:05:00.700000,9.741527819870536
2015-03-26T16:05:00.800000,9.737821821791991
2015-03-26T16:05:00.900000,9.72419933978001
2015-03-26T16:05:01.000000,9.740884081184731
2015-03-26T16:05:01.100000,9.755059365371917
2015-03-26T16:05:01.200000,9.75820512204937
2015-03-26T16:05:01.300000,9.758000690413816
2015-03-26T16:05:01.400000,9.755732723197273
2015-03-26T16:05:01.500000,9.767541858432509
2015-03-26T16:05:01.600000,9.765651118550164
2015-03-26T16:05:01.700000,9.747682951660863
2015-03-26T16:05:01.800000,9.726533899219634
2015-03-26T16:05:01.900000,9.717376117552943
2015-03-26T16:05:02.000000,9.736753147283476
2015-03-26T16:05:02.100000,9.747968980637758
2015-03-26T16:05:02.200000,9.741316946664918
2015-03-26T16:05:02.300000,9.754195595925609
2015-03-26T16:05:02.400000,9.749275169033975
2015-03-26T16:05:02.500000,9.777225655275917
2015-03-26T16:05:02.600000,9.759298781825512
2015-03-26T16:05:02.700000,9.722920840526005
2015-03-26T16:05:02.800000,9.74084531925114
2015-03-26T16:05:02.900000,9.74224317586211
2015-03-26T16:05:03.000000,9.757713217070712
2015-03-26T16:05:03.100000,9.779697417804911
2015-03-26T16:05:03.200000,9.768136838208472
2015-03-26T16:05:03.300000,9.752788525924595
2015-03-26T16:05:03.400000,9.741543401203195
2015-03-26T16:05:03.500000,9.765948809839731
2015-03-26T16:05:03.600000,9.76503227533243
2015-03-26T16:05:03.700000,9.76424682522538
2015-03-26T16:05:03.800000,9.756582721988442
2015-03-26T16:05:03.900000,9.755918142425816
2015-03-26T16:05:04.000000,9.771472130741191
2015-03-26T16:05:04.100000,9.755683555203998
2015-03-26T16:05:04.200000,9.73321395786242
2015-03-26T16:05:04.300000,9.74868210388134
2015-03-26T16:05:04.400000,9.753112748315102
2015-03-26T16:05:04.500000,9.751643177664102
2015-03-26T16:05:04.600000,9.745958930285244
2015-03-26T16:05:04.700000,9.74079444351293
2015-03-26T16:05:04.800000,9.740296727459588
2015-03-26T16:05:04.900000,9.737666437054514
2015-03-26T16:05:05.000000,9.741532326343798
2015-03-26T16:05:05.100000,9.73956362004424
2015-03-26T16:05:05.200000,9.737876709091111
2015-03-26T16:05:05.300000,9.731039509242828
2015-03-26T16:05:05.400000,9.740970938034389
2015-03-26T16:05:05.500000,9.72647978325467
2015-03-26T16:05:05.600000,9.73412318839177
2015-03-26T16:05:05.700000,9.733144957787452
2015-03-26T16:05:05.800000,9.745645088903585
2015-03-26T16:05:05.900000,9.765714354341831
2015-03-26T16:05:06.000000,9.738390748874956
2015-03-26T16:05:06.100000,9.73046728257334
2015-03-26T16:05:06.200000,9.728619630036336
2015-03-26T16:05:06.300000,9.71723217389651
2015-03-26T16:05:06.400000,9.725236815836205
2015-03-26T16:05:06.500000,9.70286026140229
2015-03-26T16:05:06.600000,9.711740383455908
2015-03-26T16:05:06.700000,9.722038528428344
2015-03-26T16:05:06.800000,9.71967898895675
2015-03-26T16:05:06.900000,9.725803362763456
2015-03-26T16:05:07.000000,9.712343764363917
2015-03-26T16:05:07.100000,9.72359561856422
2015-03-26T16:05:07.200000,9.748252185186184
2015-03-26T16:05:07.300000,9.7433745783952
2015-03-26T16:05:07.400000,9.74428366304002
2015-03-26T16:05:07.500000,9.7272075212453
2015-03-26T16:05:07.600000,9.72296420445921
2015-03-26T16:05:07.700000,9.75149026200707
2015-03-26T16:05:07.800000,9.7769309144651
2015-03-26T16:05:07.900000,9.784312647422723
2015-03-26T16:05:08.000000,9.757036354917478
2015-03-26T16:05:08.100000,9.748767795094206
2015-03-26T16:05:08.200000,9.768658142844831
2015-03-26T16:05:08.300000,9.772191768803758
2015-03-26T16:05:08.400000,9.77332918681406
2015-03-26T16:05:08.500000,9.770935355202438
2015-03-26T16:05:08.600000,9.752643883345993
2015-03-26T16:05:08.700000,9.761151262405736
2015-03-26T16:05:08.800000,9.775118559705742
2015-03-26T16:05:08.900000,9.798090439606243
2015-03-26T16:05:09.000000,9.799750130160058
2015-03-26T16:05:09.100000,9.796150207813282
2015-03-26T16:05:09.200000,9.767170762194723
2015-03-26T16:05:09.300000,9.753060099679086
2015-03-26T16:05:09.400000,9.76544332745568
2015-03-26T16:05:09.500000,9.773091014422652
2015-03-26T16:05:09.600000,9.777026509491174
2015-03-26T16:05:09.700000,9.750800661258594
2015-03-26T16:05:09.800000,9.750995370352197
2015-03-26T16:05:09.900000,9.737315974428451
2015-03-26T16:05:10.000000,9.73015054046232
2015-03-26T16:05:10.100000,9.757414867243291
2015-03-26T16:05:10.200000,9.783908698781593
2015-03-26T16:05:10.300000,9.789148591867503
2015-03-26T16:05:10.400000,9.767975096234943
2015-03-26T16:05:10.500000,9.776853122605823
2015-03-26T16:05:10.600000,9.77044509017568
2015-03-26T16:05:10.700000,9.75961986294766
2015-03-26T16:05:10.800000,9.771937840134605
2015-03-26T16:05:10.900000,9.747426662798077
2015-03-26T16:05:11.000000,9.74956209329902
2015-03-26T16:05:11.100000,9.729747327770903
2015-03-26T16:05:11.200000,9.732495167504842
2015-03-26T16:05:11.300000,9.744148515762566
2015-03-26T16:05:11.400000,9.744085594385355
2015-03-26T16:05:11.500000,9.727328598607816
2015-03-26T16:05:11.600000,9.734114495831149
2015-03-26T16:05:11.700000,9.77109321049361
2015-03-26T16:05:11.800000,9.734609106225486
2015-03-26T16:05:11.900000,9.709235891127804
2015-03-26T16:05:12.000000,9.699840509187393
2015-03-26T16:05:12.100000,9.71000828044863
2015-03-26T16:05:12.200000,9.711794222552388
2015-03-26T16:05:12.300000,9.697855444328392
2015-03-26T16:05:12.400000,9.691587083883778
2015-03-26T16:05:12.500000,9.6983402521282
2015-03-26T16:05:12.600000,9.72478216349342
2015-03-26T16:05:12.700000,9.74109027841005
2015-03-26T16:05:12.800000,9.715884131914663
2015-03-26T16:05:12.900000,9.707568203044636
2015-03-26T16:05:13.000000,9.716031208322336
2015-03-26T16:05:13.100000,9.720637840164825
2015-03-26T16:05:13.200000,9.7421711302284
2015-03-26T16:05:13.300000,9.736653010876957
2015-03-26T16:05:13.400000,9.722461422414083
2015-03-26T16:05:13.500000,9.734116458181571
2015-03-26T16:05:13.600000,9.759027274328288
2015-03-26T16:05:13.700000,9.766036160833618
2015-03-26T16:05:13.800000,9.762180823616797
2015-03-26T16:05:13.900000,9.764617326185537
2015-03-26T16:05:14.000000,9.751116697342956
2015-03-26T16:05:14.100000,9.75680895125053
2015-03-26T16:05:14.200000,9.773285377841386
2015-03-26T16:05:14.300000,9.774101418263047
2015-03-26T16:05:14.400000,9.773983549305926
2015-03-26T16:05:14.500000,9.775561829793007
2015-03-26T16:05:14.600000,9.759450269042455
2015-03-26T16:05:14.700000,9.765435841702264
2015-03-26T16:05:14.800000,9.778110385643195
2015-03-26T16:05:14.900000,9.779259629222432
2015-03-26T16:05:15.000000,9.77144394668888
2015-03-26T16:05:15.100000,9.753787308628224
2015-03-26T16:05:15.200000,9.75132683493394
2015-03-26T16:05:15.300000,9.770472200638226
2015-03-26T16:05:15.400000,9.76369756017272
2015-03-26T16:05:15.500000,9.749014269479147
2015-03-26T16:05:15.600000,9.751422520610364
2015-03-26T16:05:15.700000,9.744779273176738
2015-03-26T16:05:15.800000,9.77840801632865
2015-03-26T16:05:15.900000,9.763650408211864
2015-03-26T16:05:16.000000,9.745518762032404
2015-03-26T16:05:16.100000,9.7577873276957
2015-03-26T16:05:16.200000,9.73691738946778
2015-03-26T16:05:16.300000,9.739341957721798
2015-03-26T16:05:16.400000,9.760194397567552
2015-03-26T16:05:16.500000,9.751293855272316
2015-03-26T16:05:16.600000,9.734595554454906
2015-03-26T16:05:16.700000,9.70544273754761
2015-03-26T16:05:16.800000,9.710558309789253
2015-03-26T16:05:16.900000,9.738721005197052
2015-03-26T16:05:17.000000,9.754682596505123
2015-03-26T16:05:17.100000,9.757007258525755
2015-03-26T16:05:17.200000,9.743725468223069
2015-03-26T16:05:17.300000,9.722303945771856
2015-03-26T16:05:17.400000,9.72795319448357
2015-03-26T16:05:17.500000,9.731044494548522
2015-03-26T16:05:17.600000,9.717799685521337
2015-03-26T16:05:17.700000,9.707334931052586
2015-03-26T16:05:17.800000,9.726774918574687
2015-03-26T16:05:17.900000,9.740996094725366
2015-03-26T16:05:18.000000,9.735687211693609
2015-03-26T16:05:18.100000,9.741264426125468
2015-03-26T16:05:18.200000,9.7513213623484
2015-03-26T16:05:18.300000,9.724031996860216
2015-03-26T16:05:18.400000,9.74254527586982
2015-03-26T16:05:18.500000,9.762253225062942
2015-03-26T16:05:18.600000,9.739680989482256
2015-03-26T16:05:18.700000,9.72327994499828
2015-03-26T16:05:18.800000,9.721381843610612
2015-03-26T16:05:18.900000,9.727259791635928
2015-03-26T16:05:19.000000,9.726748276496023
2015-03-26T16:05:19.100000,9.75119449824181
2015-03-26T16:05:19.200000,9.7758850398352
2015-03-26T16:05:19.300000,9.776618222205787
2015-03-26T16:05:19.400000,9.759729062679693
2015-03-26T16:05:19.500000,9.75639649754542
2015-03-26T16:05:19.600000,9.756481904292116
2015-03-26T16:05:19.700000,9.764823837304856
2015-03-26T16:05:19.800000,9.771707261562993
2015-03-26T16:05:19.900000,9.757182490377668
2015-03-26T16:05:20.000000,9.736597821796249
2015-03-26T16:05:20.100000,9.767961467033698
2015-03-26T16:05:20.200000,9.761750825181856
2015-03-26T16:05:20.300000,9.741098613814897
2015-03-26T16:05:20.400000,9.74078072077646
2015-03-26T16:05:20.500000,9.74965478048771
2015-03-26T16:05:20.600000,9.738937719780283
2015-03-26T16:05:20.700000,9.739832631669715
2015-03-26T16:05:20.800000,9.741737908788773
2015-03-26T16:05:20.900000,9.765324239165414
2015-03-26T16:05:21.000000,9.741912178650349
2015-03-26T16:05:21.100000,9.748394356196876
2015-03-26T16:05:21.200000,9.7675205603575
2015-03-26T16:05:21.300000,9.751624095123198
2015-03-26T16:05:21.400000,9.733075212765442
2015-03-26T16:05:21.500000,9.743031896015944
2015-03-26T16:05:21.600000,9.748812180452887
2015-03-26T16:05:21.700000,9.749545084534484
2015-03-26T16:05:21.800000,9.732560045036914
2015-03-26T16:05:21.900000,9.726624743672794
2015-03-26T16:05:22.000000,9.74450079038023
2015-03-26T16:05:22.100000,9.743552026483746
2015-03-26T16:05:22.200000,9.732514420295685
2015-03-26T16:05:22.300000,9.720721528845118
2015-03-26T16:05:22.400000,9.74520371956392
2015-03-26T16:05:22.500000,9.759041969267033
2015-03-26T16:05:22.600000,9.750814749485256
2015-03-26T16:05:22.700000,9.749109077710903
2015-03-26T16:05:22.800000,9.747375585697064
2015-03-26T16:05:22.900000,9.73533715064232
2015-03-26T16:05:23.000000,9.729380445476176
2015-03-26T16:05:23.100000,9.731045481058374
2015-03-26T16:05:23.200000,9.740660726480588
2015-03-26T16:05:23.300000,9.736095133312864
2015-03-26T16:05:23.400000,9.745616609860368
2015-03-26T16:05:23.500000,9.755548616514004
2015-03-26T16:05:23.600000,9.744429107713612
2015-03-26T16:05:23.700000,9.73318949379147
2015-03-26T16:05:23.800000,9.73371118729685
2015-03-26T16:05:23.900000,9.732838622340813
2015-03-26T16:05:24.000000,9.733797568132925
2015-03-26T16:05:24.100000,9.73893625288492
2015-03-26T16:05:24.200000,9.746541517079455
2015-03-26T16:05:24.300000,9.738992679984529
2015-03-26T16:05:24.400000,9.753164691449632
2015-03-26T16:05:24.500000,9.75507472705304
2015-03-26T16:05:24.600000,9.73626390538828
2015-03-26T16:05:24.700000,9.723804755684146
2015-03-26T16:05:24.800000,9.731504034670692
2015-03-26T16:05:24.900000,9.7458195924734
2015-03-26T16:05:25.000000,9.737084083561586
2015-03-26T16:05:25.100000,9.734273566151222
2015-03-26T16:05:25.200000,9.742773098964904
2015-03-26T16:05:25.300000,9.744810831602418
2015-03-26T16:05:25.400000,9.738470698730488
2015-03-26T16:05:25.500000,9.73400717737861
2015-03-26T16:05:25.600000,9.727449128604892
2015-03-26T16:05:25.700000,9.741536572980127
2015-03-26T16:05:25.800000,9.759703938995797
2015-03-26T16:05:25.900000,9.746537710202633
2015-03-26T16:05:26.000000,9.747361114334224
2015-03-26T16:05:26.100000,9.764139759186213
2015-03-26T16:05:26.200000,9.756467416682318
2015-03-26T16:05:26.300000,9.738977191719233
2015-03-26T16:05:26.400000,9.752080206873728
2015-03-26T16:05:26.500000,9.753237075388736
2015-03-26T16:05:26.600000,9.755715349891094
2015-03-26T16:05:26.700000,9.766277946790456
2015-03-26T16:05:26.800000,9.753028370152755
2015-03-26T16:05:26.900000,9.75185078461836
2015-03-26T16:05:27.000000,9.754383404337986
2015-03-26T16:05:27.100000,9.762368785284917
2015-03-26T16:05:27.200000,9.772370961697838
2015-03-26T16:05:27.300000,9.760772828619366
2015-03-26T16:05:27.400000,9.743881557199323
2015-03-26T16:05:27.500000,9.754320695292591
2015-03-26T16:05:27.600000,9.767054325313802
2015-03-26T16:05:27.700000,9.75061697891587
2015-03-26T16:05:27.800000,9.747935046529884
2015-03-26T16:05:27.900000,9.757748379638963
2015-03-26T16:05:28.000000,9.751686765212703
2015-03-26T16:05:28.100000,9.744573304840554
2015-03-26T16:05:28.200000,9.74560336049184
2015-03-26T16:05:28.300000,9.753163210525893
2015-03-26T16:05:28.400000,9.745664449714337
2015-03-26T16:05:28.500000,9.72015285043278
2015-03-26T16:05:28.600000,9.72148709574792
2015-03-26T16:05:28.700000,9.747136702354547
2015-03-26T16:05:28.800000,9.745279585778826
2015-03-26T16:05:28.900000,9.754143428683756
2015-03-26T16:05:29.000000,9.75278943722081
2015-03-26T16:05:29.100000,9.743264777971936
2015-03-26T16:05:29.200000,9.748013225855576
2015-03-26T16:05:29.300000,9.747462136411997
2015-03-26T16:05:29.400000,9.739096321776517
2015-03-26T16:05:29.500000,9.73708563386174
2015-03-26T16:05:29.600000,9.738107761324528
2015-03-26T16:05:29.700000,9.73922597920274
2015-03-26T16:05:29.800000,9.74947956396892
2015-03-26T16:05:29.900000,9.746872355750275
2015-03-26T16:05:30.000000,9.73001238537926
2015-03-26T16:05:30.100000,9.733341936360096
2015-03-26T16:05:30.200000,9.744000352417965
2015-03-26T16:05:30.300000,9.733656126494328
2015-03-26T16:05:30.400000,9.741359227234252
2015-03-26T16:05:30.500000,9.761610180392092
2015-03-26T16:05:30.600000,9.738781869509085
2015-03-26T16:05:30.700000,9.739009803640396
2015-03-26T16:05:30.800000,9.727537192538469
2015-03-26T16:05:30.900000,9.72522020496793
2015-03-26T16:05:31.000000,9.733504335394189
2015-03-26T16:05:31.100000,9.728934424301794
2015-03-26T16:05:31.200000,9.733646024437814
2015-03-26T16:05:31.300000,9.732318148793183
2015-03-26T16:05:31.400000,9.712622264734144
2015-03-26T16:05:31.500000,9.73628073983331
2015-03-26T16:05:31.600000,9.751403447793347
2015-03-26T16:05:31.700000,9.74921807034377
2015-03-26T16:05:31.800000,9.74506396527195
2015-03-26T16:05:31.900000,9.726919967895627
2015-03-26T16:05:32.000000,9.719428046506591
2015-03-26T16:05:32.100000,9.727715446398486
2015-03-26T16:05:32.200000,9.740037878264896
2015-03-26T16:05:32.300000,9.737707732407207
2015-03-26T16:05:32.400000,9.75085050738908
2015-03-26T16:05:32.500000,9.767939050383916
2015-03-26T16:05:32.600000,9.754698768176423
2015-03-26T16:05:32.700000,9.736258816152445
2015-03-26T16:05:32.800000,9.731748820555891
2015-03-26T16:05:32.900000,9.73914387829443
2015-03-26T16:05:33.000000,9.72877528492348
2015-03-26T16:05:33.100000,9.70845264406775
2015-03-26T16:05:33.200000,9.713408773659276
2015-03-26T16:05:33.300000,9.746761807431836
2015-03-26T16:05:33.400000,9.776178654369144
2015-03-26T16:05:33.500000,9.776638703224023
2015-03-26T16:05:33.600000,9.76504337143281
2015-03-26T16:05:33.700000,9.75873875013205
2015-03-26T16:05:33.800000,9.763110634451252
2015-03-26T16:05:33.900000,9.7540723908836
2015-03-26T16:05:34.000000,9.741341398611102
2015-03-26T16:05:34.100000,9.712374843737862
2015-03-26T16:05:34.200000,9.705438593928422
2015-03-26T16:05:34.300000,9.727531607638504
2015-03-26T16:05:34.400000,9.734622528979274
2015-03-26T16:05:34.500000,9.762872530274215
2015-03-26T16:05:34.600000,9.75732287228591
2015-03-26T16:05:34.700000,9.738174114923195
2015-03-26T16:05:34.800000,9.742704861861574
2015-03-26T16:05:34.900000,9.744969015861512
2015-03-26T16:05:35.000000,9.737526358611325
2015-03-26T16:05:35.100000,9.769079572869414
2015-03-26T16:05:35.200000,9.773189071593585
2015-03-26T16:05:35.300000,9.75279759149295
2015-03-26T16:05:35.400000,9.720809656842674
2015-03-26T16:05:35.500000,9.722046560021854
2015-03-26T16:05:35.600000,9.74230968004613
2015-03-26T16:05:35.700000,9.762475878927756
2015-03-26T16:05:35.800000,9.749370323840507
2015-03-26T16:05:35.900000,9.739983505447508
2015-03-26T16:05:36.000000,9.753597729796928
2015-03-26T16:05:36.100000,9.767481520026676
2015-03-26T16:05:36.200000,9.752342527551011
2015-03-26T16:05:36.300000,9.737395301867116
2015-03-26T16:05:36.400000,9.748655197660849
2015-03-26T16:05:36.500000,9.746928285912912
2015-03-26T16:05:36.600000,9.731834545468036
2015-03-26T16:05:36.700000,9.7335856661693
2015-03-26T16:05:36.800000,9.738622824583794
2015-03-26T16:05:36.900000,9.750753568638972
2015-03-26T16:05:37.000000,9.744446288620406
2015-03-26T16:05:37.100000,9.72349469701812
2015-03-26T16:05:37.200000,9.751028318736724
2015-03-26T16:05:37.300000,9.758060870869624
2015-03-26T16:05:37.400000,9.745556390657658
2015-03-26T16:05:37.500000,9.759909406172804
2015-03-26T16:05:37.600000,9.74026900950492
2015-03-26T16:05:37.700000,9.732091252485834
2015-03-26T16:05:37.800000,9.739147637952914
2015-03-26T16:05:37.900000,9.724115739483729
2015-03-26T16:05:38.000000,9.73246202090484
2015-03-26T16:05:38.100000,9.75209795310427
2015-03-26T16:05:38.200000,9.728567145303124
2015-03-26T16:05:38.300000,9.728070967093934
2015-03-26T16:05:38.400000,9.746804579783008
2015-03-26T16:05:38.500000,9.741585347914995
2015-03-26T16:05:38.600000,9.73013914954456
2015-03-26T16:05:38.700000,9.74101683739846
2015-03-26T16:05:38.800000,9.733745904145165
2015-03-26T16:05:38.900000,9.742858515850688
2015-03-26T16:05:39.000000,9.76111744101337
2015-03-26T16:05:39.100000,9.737093085204924
2015-03-26T16:05:39.200000,9.747231585391413
2015-03-26T16:05:39.300000,9.74888573308768
2015-03-26T16:05:39.400000,9.73601913359417
2015-03-26T16:05:39.500000,9.725845201665551
2015-03-26T16:05:39.600000,9.728203488945818
2015-03-26T16:05:39.700000,9.724042604614905
2015-03-26T16:05:39.800000,9.720669001280108
2015-03-26T16:05:39.900000,9.732707787310366
2015-03-26T16:05:40.000000,9.730997503351771
2015-03-26T16:05:40.100000,9.72630156813782
2015-03-26T16:05:40.200000,9.72505766224451
2015-03-26T16:05:40.300000,9.731759236428092
2015-03-26T16:05:40.400000,9.739980267682066
2015-03-26T16:05:40.500000,9.72412359985605
2015-03-26T16:05:40.600000,9.705839214037937
2015-03-26T16:05:40.700000,9.723717161778694
2015-03-26T16:05:40.800000,9.76274934087274
2015-03-26T16:05:40.900000,9.759499215539636
2015-03-26T16:05:41.000000,9.714596331801442
2015-03-26T16:05:41.100000,9.723195877464068
2015-03-26T16:05:41.200000,9.74825439151857
2015-03-26T16:05:41.300000,9.734448843049734
2015-03-26T16:05:41.400000,9.730428899596438
2015-03-26T16:05:41.500000,9.753249013796044
2015-03-26T16:05:41.600000,9.76831626561491
2015-03-26T16:05:41.700000,9.76218154869144
2015-03-26T16:05:41.800000,9.74655866841986
2015-03-26T16:05:41.900000,9.756300497694657
2015-03-26T16:05:42.000000,9.758023220125263
2015-03-26T16:05:42.100000,9.749017105229498
2015-03-26T16:05:42.200000,9.764385596111202
2015-03-26T16:05:42.300000,9.769900328109042
2015-03-26T16:05:42.400000,9.756058116758256
2015-03-26T16:05:42.500000,9.766772916143148
2015-03-26T16:05:42.600000,9.776432096910444
2015-03-26T16:05:42.700000,9.772161100655133
2015-03-26T16:05:42.800000,9.783861778713748
2015-03-26T16:05:42.900000,9.757942706930518
2015-03-26T16:05:43.000000,9.741291867967924
2015-03-26T16:05:43.100000,9.75361432906859
2015-03-26T16:05:43.200000,9.787404648945197
2015-03-26T16:05:43.300000,9.795802611982912
2015-03-26T16:05:43.400000,9.788365415044932
2015-03-26T16:05:43.500000,9.773219680990602
2015-03-26T16:05:43.600000,9.753110717397892
2015-03-26T16:05:43.700000,9.753718929175106
2015-03-26T16:05:43.800000,9.75108177038016
2015-03-26T16:05:43.900000,9.737204626286209
2015-03-26T16:05:44.000000,9.74098437658136
2015-03-26T16:05:44.100000,9.739806067302675
2015-03-26T16:05:44.200000,9.728292889761477
2015-03-26T16:05:44.300000,9.738355370370666
2015-03-26T16:05:44.400000,9.744209084167707
2015-03-26T16:05:44.500000,9.737175756412627
2015-03-26T16:05:44.600000,9.748502359396449
2015-03-26T16:05:44.700000,9.74583585286295
2015-03-26T16:05:44.800000,9.72951343736717
2015-03-26T16:05:44.900000,9.728145112477302
2015-03-26T16:05:45.000000,9.730364729064313
2015-03-26T16:05:45.100000,9.727855636773926
2015-03-26T16:05:45.200000,9.72629108331379
2015-03-26T16:05:45.300000,9.725962988515844
2015-03-26T16:05:45.400000,9.728934694717276
2015-03-26T16:05:45.500000,9.725635588007224
2015-03-26T16:05:45.600000,9.717862665102206
2015-03-26T16:05:45.700000,9.722630567805671
2015-03-26T16:05:45.800000,9.739484462424851
2015-03-26T16:05:45.900000,9.726073927079309
2015-03-26T16:05:46.000000,9.72906542323642
2015-03-26T16:05:46.100000,9.729573761003286
2015-03-26T16:05:46.200000,9.709132970400528
2015-03-26T16:05:46.300000,9.71505538255343
2015-03-26T16:05:46.400000,9.743041348016243
2015-03-26T16:05:46.500000,9.733464249585689
2015-03-26T16:05:46.600000,9.751310937095656
2015-03-26T16:05:46.700000,9.740992634718696
2015-03-26T16:05:46.800000,9.733673512697324
2015-03-26T16:05:46.900000,9.740337695861127
2015-03-26T16:05:47.000000,9.721782869580943
2015-03-26T16:05:47.100000,9.74848381115718
2015-03-26T16:05:47.200000,9.75317987100046
2015-03-26T16:05:47.300000,9.758057766350536
2015-03-26T16:05:47.400000,9.752990717711864
2015-03-26T16:05:47.500000,9.746006180437568
2015-03-26T16:05:47.600000,9.749670814410178
2015-03-26T16:05:47.700000,9.76315071409306
2015-03-26T16:05:47.800000,9.761584450791348
2015-03-26T16:05:47.900000,9.74021142959992
2015-03-26T16:05:48.000000,9.738092990197536
2015-03-26T16:05:48.100000,9.743199631732104
2015-03-26T16:05:48.200000,9.767910346544385
2015-03-26T16:05:48.300000,9.778061521718769
2015-03-26T16:05:48.400000,9.745205844132975
2015-03-26T16:05:48.500000,9.763637984675889
2015-03-26T16:05:48.600000,9.781895162225789
2015-03-26T16:05:48.700000,9.769767302123602
2015-03-26T16:05:48.800000,9.769737590759712
2015-03-26T16:05:48.900000,9.760933722737784
2015-03-26T16:05:49.000000,9.77294446873124
2015-03-26T16:05:49.100000,9.780660899910792
2015-03-26T16:05:49.200000,9.772952318082291
2015-03-26T16:05:49.300000,9.761503216531016
2015-03-26T16:05:49.400000,9.75624262746088
2015-03-26T16:05:49.500000,9.78524408525988
2015-03-26T16:05:49.600000,9.78180716847878
2015-03-26T16:05:49.700000,9.744601523853367
2015-03-26T16:05:49.800000,9.756388448002978
2015-03-26T16:05:49.900000,9.751449986285706
2015-03-26T16:05:50.000000,9.735867176740262
2015-03-26T16:05:50.100000,9.746245053548018
2015-03-26T16:05:50.200000,9.723220033996872
2015-03-26T16:05:50.300000,9.721806286442163
2015-03-26T16:05:50.400000,9.75603576514095
2015-03-26T16:05:50.500000,9.75097829131842
2015-03-26T16:05:50.600000,9.732706641173458
2015-03-26T16:05:50.700000,9.73592262064327
2015-03-26T16:05:50.800000,9.718018373927013
2015-03-26T16:05:50.900000,9.709968972383056
2015-03-26T16:05:51.000000,9.721736083217838
2015-03-26T16:05:51.100000,9.735275561416673
2015-03-26T16:05:51.200000,9.71858588588093
2015-03-26T16:05:51.300000,9.734837219617564
2015-03-26T16:05:51.400000,9.737413023009136
2015-03-26T16:05:51.500000,9.728415699022774
2015-03-26T16:05:51.600000,9.735780476739423
2015-03-26T16:05:51.700000,9.733875306730283
2015-03-26T16:05:51.800000,9.730540235987592
2015-03-26T16:05:51.900000,9.721356194273003
2015-03-26T16:05:52.000000,9.73332425147514
2015-03-26T16:05:52.100000,9.761198327422631
2015-03-26T16:05:52.200000,9.729466642911566
2015-03-26T16:05:52.300000,9.730987491660605
2015-03-26T16:05:52.400000,9.754408523236954
2015-03-26T16:05:52.500000,9.767220747529596
2015-03-26T16:05:52.600000,9.77629960716072
2015-03-26T16:05:52.700000,9.754219463209228
2015-03-26T16:05:52.800000,9.767995591819227
2015-03-26T16:05:52.900000,9.778577624715686
2015-03-26T16:05:53.000000,9.77215291539006
2015-03-26T16:05:53.100000,9.770008241042632
2015-03-26T16:05:53.200000,9.766307452756996
2015-03-26T16:05:53.300000,9.75787585287894
2015-03-26T16:05:53.400000,9.74614780890234
2015-03-26T16:05:53.500000,9.740985882996592
2015-03-26T16:05:53.600000,9.744145970238868
2015-03-26T16:05:53.700000,9.748886998784071
2015-03-26T16:05:53.800000,9.75741013459362
2015-03-26T16:05:53.900000,9.757730154163042
2015-03-26T16:05:54.000000,9.763358784356168
2015-03-26T16:05:54.100000,9.74395301623013
2015-03-26T16:05:54.200000,9.749158040490656
2015-03-26T16:05:54.300000,9.755205329752712
2015-03-26T16:05:54.400000,9.745393991324049
2015-03-26T16:05:54.500000,9.748865631583708
2015-03-26T16:05:54.600000,9.75091815788142
2015-03-26T16:05:54.700000,9.75049680064422
2015-03-26T16:05:54.800000,9.754301978063644
2015-03-26T16:05:54.900000,9.752681980397128
2015-03-26T16:05:55.000000,9.736909403957643
2015-03-26T16:05:55.100000,9.73552390764924
2015-03-26T16:05:55.200000,9.729716422229815
2015-03-26T16:05:55.300000,9.695294050536608
2015-03-26T16:05:55.400000,9.69720132395279
2015-03-26T16:05:55.500000,9.734393395758683
2015-03-26T16:05:55.600000,9.756738872340373
2015-03-26T16:05:55.700000,9.728158220805364
2015-03-26T16:05:55.800000,9.717064166000608
2015-03-26T16:05:55.900000,9.72861352991997
2015-03-26T16:05:56.000000,9.735741280183271
2015-03-26T16:05:56.100000,9.73972807946567
2015-03-26T16:05:56.200000,9.715488556763084
2015-03-26T16:05:56.300000,9.700728821967385
2015-03-26T16:05:56.400000,9.714456031876072
2015-03-26T16:05:56.500000,9.739350637068924
2015-03-26T16:05:56.600000,9.737029367144125
2015-03-26T16:05:56.700000,9.72160510756143
2015-03-26T16:05:56.800000,9.725354449672826
2015-03-26T16:05:56.900000,9.724669735779012
2015-03-26T16:05:57.000000,9.70779284525041
2015-03-26T16:05:57.100000,9.744182983742716
2015-03-26T16:05:57.200000,9.738823610303625
2015-03-26T16:05:57.300000,9.71981198232916
2015-03-26T16:05:57.400000,9.736731678566173
2015-03-26T16:05:57.500000,9.72723878790426
2015-03-26T16:05:57.600000,9.719297029437874
2015-03-26T16:05:57.700000,9.730119708986772
2015-03-26T16:05:57.800000,9.757130759527964
2015-03-26T16:05:57.900000,9.76691663185335
2015-03-26T16:05:58.000000,9.766690248763345
2015-03-26T16:05:58.100000,9.770814735672156
2015-03-26T16:05:58.200000,9.74832434025513
2015-03-26T16:05:58.300000,9.747608101245808
2015-03-26T16:05:58.400000,9.75476514703718
2015-03-26T16:05:58.500000,9.7502690617436
2015-03-26T16:05:58.600000,9.74317233049652
2015-03-26T16:05:58.700000,9.742291775094449
2015-03-26T16:05:58.800000,9.766904691800528
2015-03-26T16:05:58.900000,9.772171071252018
2015-03-26T16:05:59.000000,9.774859694851113
2015-03-26T16:05:59.100000,9.769313130524615
2015-03-26T16:05:59.200000,9.757039767786113
2015-03-26T16:05:59.300000,9.754470905321416
2015-03-26T16:05:59.400000,9.763092484610038
2015-03-26T16:05:59.500000,9.769305578389096
2015-03-26T16:05:59.600000,9.791418266239743
2015-03-26T16:05:59.700000,9.796097975936004
2015-03-26T16:05:59.800000,9.780219509829973
2015-03-26T16:05:59.900000,9.757784167540075
2015-03-26T16:06:00.000000,9.749815958949942
2015-03-26T16:06:00.100000,9.73464561814649
2015-03-26T16:06:00.200000,9.720888767932108
2015-03-26T16:06:00.300000,9.732845487090868
2015-03-26T16:06:00.400000,9.753929644117305
2015-03-26T16:06:00.500000,9.761246836976538
2015-03-26T16:06:00.600000,9.767745168310896
2015-03-26T16:06:00.700000,9.77156252187652
2015-03-26T16:06:00.800000,9.75639398239009
2015-03-26T16:06:00.900000,9.748541886513152
2015-03-26T16:06:01.000000,9.740625380886575
2015-03-26T16:06:01.100000,9.733214994994825
2015-03-26T16:06:01.200000,9.734175158412514
2015-03-26T16:06:01.300000,9.732851361252363
2015-03-26T16:06:01.400000,9.728477696421278
2015-03-26T16:06:01.500000,9.728920659473385
2015-03-26T16:06:01.600000,9.713933456033782
2015-03-26T16:06:01.700000,9.729201597411151
2015-03-26T16:06:01.800000,9.744873968720364
2015-03-26T16:06:01.900000,9.734466863916673
2015-03-26T16:06:02.000000,9.736913713298096
2015-03-26T16:06:02.100000,9.739413856235748
2015-03-26T16:06:02.200000,9.71465221775381
2015-03-26T16:06:02.300000,9.71520023383166
2015-03-26T16:06:02.400000,9.72788933396328
2015-03-26T16:06:02.500000,9.715928182284122
2015-03-26T16:06:02.600000,9.72871744807743
2015-03-26T16:06:02.700000,9.726498495692724
2015-03-26T16:06:02.800000,9.705010967459396
2015-03-26T16:06:02.900000,9.711670682402763
2015-03-26T16:06:03.000000,9.708291405181525
2015-03-26T16:06:03.100000,9.719721293292707
2015-03-26T16:06:03.200000,9.743367418937284
2015-03-26T16:06:03.300000,9.721985344879492
2015-03-26T16:06:03.400000,9.72513565700984
2015-03-26T16:06:03.500000,9.71164587926964
2015-03-26T16:06:03.600000,9.720962743241744
2015-03-26T16:06:03.700000,9.758049277532216
2015-03-26T16:06:03.800000,9.755070649210206
2015-03-26T16:06:03.900000,9.74621300332946
2015-03-26T16:06:04.000000,9.75455071233069
2015-03-26T16:06:04.100000,9.762909642889626
2015-03-26T16:06:04.200000,9.76454061882405
2015-03-26T16:06:04.300000,9.74993402758731
2015-03-26T16:06:04.400000,9.75063912139269
2015-03-26T16:06:04.500000,9.735473137579772
2015-03-26T16:06:04.600000,9.764558487950412
2015-03-26T16:06:04.700000,9.779446849832928
2015-03-26T16:06:04.800000,9.775161351080216
2015-03-26T16:06:04.900000,9.7920250178689
2015-03-26T16:06:05.000000,9.763615721141305
2015-03-26T16:06:05.100000,9.768992906229624
2015-03-26T16:06:05.200000,9.76820841632644
2015-03-26T16:06:05.300000,9.754685528439689
2015-03-26T16:06:05.400000,9.766185306643193
2015-03-26T16:06:05.500000,9.763554839895564
2015-03-26T16:06:05.600000,9.781409570952604
2015-03-26T16:06:05.700000,9.774306987079804
2015-03-26T16:06:05.800000,9.752799980813254
2015-03-26T16:06:05.900000,9.754789255781484
2015-03-26T16:06:06.000000,9.751519978943945
2015-03-26T16:06:06.100000,9.7556558108774
2015-03-26T16:06:06.200000,9.749052471233266
2015-03-26T16:06:06.300000,9.731698051690868
2015-03-26T16:06:06.400000,9.736267648820451
2015-03-26T16:06:06.500000,9.741738980900994
2015-03-26T16:06:06.600000,9.733585511015423
2015-03-26T16:06:06.700000,9.744561014147989
2015-03-26T16:06:06.800000,9.74078878948479
2015-03-26T16:06:06.900000,9.736920071740895
2015-03-26T16:06:07.000000,9.742518115003628
2015-03-26T16:06:07.100000,9.725284435140685
2015-03-26T16:06:07.200000,9.736368450522871
2015-03-26T16:06:07.300000,9.757737119340035
2015-03-26T16:06:07.400000,9.761698832590136
2015-03-26T16:06:07.500000,9.743080821951484
2015-03-26T16:06:07.600000,9.74719049892466
2015-03-26T16:06:07.700000,9.739306079880944
2015-03-26T16:06:07.800000,9.71146816713292
2015-03-26T16:06:07.900000,9.710177656808904
2015-03-26T16:06:08.000000,9.72058454708923
2015-03-26T16:06:08.100000,9.732453082058347
2015-03-26T16:06:08.200000,9.72560642822883
2015-03-26T16:06:08.300000,9.712188623628895
2015-03-26T16:06:08.400000,9.703538161514096
2015-03-26T16:06:08.500000,9.71215500156406
2015-03-26T16:06:08.600000,9.726913081472402
2015-03-26T16:06:08.700000,9.740124654927223
2015-03-26T16:06:08.800000,9.734596169075417
2015-03-26T16:06:08.900000,9.723483557821016
2015-03-26T16:06:09.000000,9.72018905424883
2015-03-26T16:06:09.100000,9.706844453471598
2015-03-26T16:06:09.200000,9.72497337858892
2015-03-26T16:06:09.300000,9.733097605994278
2015-03-26T16:06:09.400000,9.727390009801685
2015-03-26T16:06:09.500000,9.728964760146347
2015-03-26T16:06:09.600000,9.727383470234331
2015-03-26T16:06:09.700000,9.752965543162665
2015-03-26T16:06:09.800000,9.774285309242485
2015-03-26T16:06:09.900000,9.76409812302394
2015-03-26T16:06:10.000000,9.770405688689896
2015-03-26T16:06:10.100000,9.770697474545244
2015-03-26T16:06:10.200000,9.767277003957586
2015-03-26T16:06:10.300000,9.75749782947022
2015-03-26T16:06:10.400000,9.77060447136794
2015-03-26T16:06:10.500000,9.76122457900533
2015-03-26T16:06:10.600000,9.75121437609832
2015-03-26T16:06:10.700000,9.762600173857509
2015-03-26T16:06:10.800000,9.77147166236016
2015-03-26T16:06:10.900000,9.77328818789224
2015-03-26T16:06:11.000000,9.775075064338845
2015-03-26T16:06:11.100000,9.769737005663872
2015-03-26T16:06:11.200000,9.769497636623552
2015-03-26T16:06:11.300000,9.776114062133868
2015-03-26T16:06:11.400000,9.77574000697108
2015-03-26T16:06:11.500000,9.772918306007464
2015-03-26T16:06:11.600000,9.776216078593164
2015-03-26T16:06:11.700000,9.76950731111021
2015-03-26T16:06:11.800000,9.774715517682026
2015-03-26T16:06:11.900000,9.769038349053728
2015-03-26T16:06:12.000000,9.751317538301876
2015-03-26T16:06:12.100000,9.75023859097343
2015-03-26T16:06:12.200000,9.770009195500911
2015-03-26T16:06:12.300000,9.783166504069756
2015-03-26T16:06:12.400000,9.755947999470935
2015-03-26T16:06:12.500000,9.751652340422051
2015-03-26T16:06:12.600000,9.759837012483558
2015-03-26T16:06:12.700000,9.75934119093234
2015-03-26T16:06:12.800000,9.763815706710398
2015-03-26T16:06:12.900000,9.741960207716142
2015-03-26T16:06:13.000000,9.737830737588524
2015-03-26T16:06:13.100000,9.755578727632138
2015-03-26T16:06:13.200000,9.75771447928885
2015-03-26T16:06:13.300000,9.726561307530917
2015-03-26T16:06:13.400000,9.717365724509058
2015-03-26T16:06:13.500000,9.758533767362168
2015-03-26T16:06:13.600000,9.739934628455176
2015-03-26T16:06:13.700000,9.716984531675596
2015-03-26T16:06:13.800000,9.72741869464943
2015-03-26T16:06:13.900000,9.74519280769578
2015-03-26T16:06:14.000000,9.74214710896898
2015-03-26T16:06:14.100000,9.737750683696076
2015-03-26T16:06:14.200000,9.747212779804336
2015-03-26T16:06:14.300000,9.740392423317711
2015-03-26T16:06:14.400000,9.719782582518995
2015-03-26T16:06:14.500000,9.723695192011457
2015-03-26T16:06:14.600000,9.717102500859442
2015-03-26T16:06:14.700000,9.716957484525157
2015-03-26T16:06:14.800000,9.716342796659992
2015-03-26T16:06:14.900000,9.71700087140708
2015-03-26T16:06:15.000000,9.732475490864037
2015-03-26T16:06:15.100000,9.736944704955537
2015-03-26T16:06:15.200000,9.731975135309336
2015-03-26T16:06:15.300000,9.739408480368894
2015-03-26T16:06:15.400000,9.743224745035368
2015-03-26T16:06:15.500000,9.745196924324713
2015-03-26T16:06:15.600000,9.747439155756576
2015-03-26T16:06:15.700000,9.736897830715993
2015-03-26T16:06:15.800000,9.719006484943952
2015-03-26T16:06:15.900000,9.735251213156772
2015-03-26T16:06:16.000000,9.75925809247964
2015-03-26T16:06:16.100000,9.757479611370336
2015-03-26T16:06:16.200000,9.751895348577412
2015-03-26T16:06:16.300000,9.755775569672355
2015-03-26T16:06:16.400000,9.738612084138916
2015-03-26T16:06:16.500000,9.736366632535146
2015-03-26T16:06:16.600000,9.749029890428016
2015-03-26T16:06:16.700000,9.75552595887246
2015-03-26T16:06:16.800000,9.740364708507702
2015-03-26T16:06:16.900000,9.746951338529696
2015-03-26T16:06:17.000000,9.749904908598015
2015-03-26T16:06:17.100000,9.746780736001153
2015-03-26T16:06:17.200000,9.750225261055885
2015-03-26T16:06:17.300000,9.761635204702754
2015-03-26T16:06:17.400000,9.752924345272609
2015-03-26T16:06:17.500000,9.75360104155641
2015-03-26T16:06:17.600000,9.778445493949173
2015-03-26T16:06:17.700000,9.779622103008734
2015-03-26T16:06:17.800000,9.754801830178568
2015-03-26T16:06:17.900000,9.754460633646683
2015-03-26T16:06:18.000000,9.763745684622192
2015-03-26T16:06:18.100000,9.757405112453684
2015-03-26T16:06:18.200000,9.749170178751276
2015-03-26T16:06:18.300000,9.749120694776565
2015-03-26T16:06:18.400000,9.754700948202869
2015-03-26T16:06:18.500000,9.7454796488408
2015-03-26T16:06:18.600000,9.760603000821613
2015-03-26T16:06:18.700000,9.77268246908601
2015-03-26T16:06:18.800000,9.74750979558764
2015-03-26T16:06:18.900000,9.744707414691886
2015-03-26T16:06:19.000000,9.736775062539488
2015-03-26T16:06:19.100000,9.726214479995363
2015-03-26T16:06:19.200000,9.749076141282444
2015-03-26T16:06:19.300000,9.758505549657524
2015-03-26T16:06:19.400000,9.73683388396866
2015-03-26T16:06:19.500000,9.731860779959849
2015-03-26T16:06:19.600000,9.750294234508331
2015-03-26T16:06:19.700000,9.76353771284764
2015-03-26T16:06:19.800000,9.750491621966397
2015-03-26T16:06:19.900000,9.747978981691087
2015-03-26T16:06:20.000000,9.763951700865984
2015-03-26T16:06:20.100000,9.738104878292782
2015-03-26T16:06:20.200000,9.738967772827031
2015-03-26T16:06:20.300000,9.7530331175698
2015-03-26T16:06:20.400000,9.75711048066349
2015-03-26T16:06:20.500000,9.758190298322278
2015-03-26T16:06:20.600000,9.750151046892595
2015-03-26T16:06:20.700000,9.742526490096806
2015-03-26T16:06:20.800000,9.730040443823516
2015-03-26T16:06:20.900000,9.7355233494597
2015-03-26T16:06:21.000000,9.759304525941326
2015-03-26T16:06:21.100000,9.76621799404646
2015-03-26T16:06:21.200000,9.746407176021693
2015-03-26T16:06:21.300000,9.73577010452157
2015-03-26T16:06:21.400000,9.742050123109154
2015-03-26T16:06:21.500000,9.729835114603365
2015-03-26T16:06:21.600000,9.729336388416655
2015-03-26T16:06:21.700000,9.751695787101522
2015-03-26T16:06:21.800000,9.754660835161172
2015-03-26T16:06:21.900000,9.748351345570384
2015-03-26T16:06:22.000000,9.72236735121296
2015-03-26T16:06:22.100000,9.734745719501689
2015-03-26T16:06:22.200000,9.75141220691257
2015-03-26T16:06:22.300000,9.73702107562045
2015-03-26T16:06:22.400000,9.748302051557934
2015-03-26T16:06:22.500000,9.746061911353769
2015-03-26T16:06:22.600000,9.73179735718523
2015-03-26T16:06:22.700000,9.731379980095864
2015-03-26T16:06:22.800000,9.726158382849016
2015-03-26T16:06:22.900000,9.728339394660503
2015-03-26T16:06:23.000000,9.73699725395027
2015-03-26T16:06:23.100000,9.737838841030612
2015-03-26T16:06:23.200000,9.752598346673178
2015-03-26T16:06:23.300000,9.762033726155034
2015-03-26T16:06:23.400000,9.763375177339078
2015-03-26T16:06:23.500000,9.762255522055405
2015-03-26T16:06:23.600000,9.730963656237618
2015-03-26T16:06:23.700000,9.753944973325543
2015-03-26T16:06:23.800000,9.756202794904745
2015-03-26T16:06:23.900000,9.73491951709393
2015-03-26T16:06:24.000000,9.743609569899816
2015-03-26T16:06:24.100000,9.7430011933152
2015-03-26T16:06:24.200000,9.739846391737844
2015-03-26T16:06:24.300000,9.736286155821388
2015-03-26T16:06:24.400000,9.734237360287471
2015-03-26T16:06:24.500000,9.737960637775018
2015-03-26T16:06:24.600000,9.747538154177098
2015-03-26T16:06:24.700000,9.739029115466003
2015-03-26T16:06:24.800000,9.744813125920304
2015-03-26T16:06:24.900000,9.747296361189518
2015-03-26T16:06:25.000000,9.74389355912244
2015-03-26T16:06:25.100000,9.75811898531974
2015-03-26T16:06:25.200000,9.753317055947024
2015-03-26T16:06:25.300000,9.740604220389056
2015-03-26T16:06:25.400000,9.73346211787208
2015-03-26T16:06:25.500000,9.746200680711416
2015-03-26T16:06:25.600000,9.74318059094011
2015-03-26T16:06:25.700000,9.728615009612064
2015-03-26T16:06:25.800000,9.756345292596883
2015-03-26T16:06:25.900000,9.74128855698458
2015-03-26T16:06:26.000000,9.705294779439924
2015-03-26T16:06:26.100000,9.712658080255473
2015-03-26T16:06:26.200000,9.739727883374355
2015-03-26T16:06:26.300000,9.752132380066794
2015-03-26T16:06:26.400000,9.739502854013256
2015-03-26T16:06:26.500000,9.766761853604946
2015-03-26T16:06:26.600000,9.787398202291744
2015-03-26T16:06:26.700000,9.78134938959138
2015-03-26T16:06:26.800000,9.7857946402773
2015-03-26T16:06:26.900000,9.779269631854875
2015-03-26T16:06:27.000000,9.76947473241806
2015-03-26T16:06:27.100000,9.763906647401118
2015-03-26T16:06:27.200000,9.745693305194733
2015-03-26T16:06:27.300000,9.730631784153218
2015-03-26T16:06:27.400000,9.727802065037654
2015-03-26T16:06:27.500000,9.74047733296441
2015-03-26T16:06:27.600000,9.755081617639078
2015-03-26T16:06:27.700000,9.754947993130973
2015-03-26T16:06:27.800000,9.766873543820957
2015-03-26T16:06:27.900000,9.754198335184654
2015-03-26T16:06:28.000000,9.738926436113772
2015-03-26T16:06:28.100000,9.745291301514884
2015-03-26T16:06:28.200000,9.747459893490705
2015-03-26T16:06:28.300000,9.72783181548366
2015-03-26T16:06:28.400000,9.756845900925128
2015-03-26T16:06:28.500000,9.773965924872922
2015-03-26T16:06:28.600000,9.767606937007567
2015-03-26T16:06:28.700000,9.742680818262698
2015-03-26T16:06:28.800000,9.743490858022644
2015-03-26T16:06:28.900000,9.760135662328777
2015-03-26T16:06:29.000000,9.76456860014583
2015-03-26T16:06:29.100000,9.735575093430397
2015-03-26T16:06:29.200000,9.741358414799617
2015-03-26T16:06:29.300000,9.755787245360509
2015-03-26T16:06:29.400000,9.75300495976612
2015-03-26T16:06:29.500000,9.75302646171101
2015-03-26T16:06:29.600000,9.741260170560553
2015-03-26T16:06:29.700000,9.748407485373688
2015-03-26T16:06:29.800000,9.736936810040056
2015-03-26T16:06:29.900000,9.706234926271152
2015-03-26T16:06:30.000000,9.71823470802765
2015-03-26T16:06:30.100000,9.73290816992544
2015-03-26T16:06:30.200000,9.74787561244097
2015-03-26T16:06:30.300000,9.760919760865509
2015-03-26T16:06:30.400000,9.751013671608744
2015-03-26T16:06:30.500000,9.731060513086232
2015-03-26T16:06:30.600000,9.731257008138355
2015-03-26T16:06:30.700000,9.73167471671908
2015-03-26T16:06:30.800000,9.71248048262162
2015-03-26T16:06:30.900000,9.725881440092474
2015-03-26T16:06:31.000000,9.743481896115004
2015-03-26T16:06:31.100000,9.739935412190198
2015-03-26T16:06:31.200000,9.713633104557632
2015-03-26T16:06:31.300000,9.722041873020792
2015-03-26T16:06:31.400000,9.721046637256904
2015-03-26T16:06:31.500000,9.694852969743918
2015-03-26T16:06:31.600000,9.71891379068966
2015-03-26T16:06:31.700000,9.738228433570184
2015-03-26T16:06:31.800000,9.74977619774127
2015-03-26T16:06:31.900000,9.739552141431504
2015-03-26T16:06:32.000000,9.740344010524376
2015-03-26T16:06:32.100000,9.742437511337677
2015-03-26T16:06:32.200000,9.753200971319616
2015-03-26T16:06:32.300000,9.745872356030471
2015-03-26T16:06:32.400000,9.725086473766392
2015-03-26T16:06:32.500000,9.748159976284278
2015-03-26T16:06:32.600000,9.740812614379896
2015-03-26T16:06:32.700000,9.75162902473215
2015-03-26T16:06:32.800000,9.763192137480516
2015-03-26T16:06:32.900000,9.730292686711897
2015-03-26T16:06:33.000000,9.73724120576676
2015-03-26T16:06:33.100000,9.768032932669124
2015-03-26T16:06:33.200000,9.75949844545238
2015-03-26T16:06:33.300000,9.763240179067733
2015-03-26T16:06:33.400000,9.78193948627217
2015-03-26T16:06:33.500000,9.755521394323406
2015-03-26T16:06:33.600000,9.740585574441734
2015-03-26T16:06:33.700000,9.747772433093916
2015-03-26T16:06:33.800000,9.73947600863016
2015-03-26T16:06:33.900000,9.734948882454509
2015-03-26T16:06:34.000000,9.746514863742815
2015-03-26T16:06:34.100000,9.744236201578367
2015-03-26T16:06:34.200000,9.757047019867423
2015-03-26T16:06:34.300000,9.7579260337403
2015-03-26T16:06:34.400000,9.740639934413926
2015-03-26T16:06:34.500000,9.749071373986444
2015-03-26T16:06:34.600000,9.755483518839638
2015-03-26T16:06:34.700000,9.755128139626963
2015-03-26T16:06:34.800000,9.749896489249751
2015-03-26T16:06:34.900000,9.749219536798435
2015-03-26T16:06:35.000000,9.75877519624587
2015-03-26T16:06:35.100000,9.760978098667028
2015-03-26T16:06:35.200000,9.7591751244681
2015-03-26T16:06:35.300000,9.769864433163114
2015-03-26T16:06:35.400000,9.778662184653976
2015-03-26T16:06:35.500000,9.768188092777832
2015-03-26T16:06:35.600000,9.767981727433494
2015-03-26T16:06:35.700000,9.75347750468961
2015-03-26T16:06:35.800000,9.766572908584331
2015-03-26T16:06:35.900000,9.765144203472692
2015-03-26T16:06:36.000000,9.739846854189697
2015-03-26T16:06:36.100000,9.752345519268845
2015-03-26T16:06:36.200000,9.7732888545234
2015-03-26T16:06:36.300000,9.765602903674854
2015-03-26T16:06:36.400000,9.744302111130134
2015-03-26T16:06:36.500000,9.74884959727666
2015-03-26T16:06:36.600000,9.74848085964904
2015-03-26T16:06:36.700000,9.768432555840011
2015-03-26T16:06:36.800000,9.77449579421728
2015-03-26T16:06:36.900000,9.780162595293366
2015-03-26T16:06:37.000000,9.7803741033471
2015-03-26T16:06:37.100000,9.770971017411735
2015-03-26T16:06:37.200000,9.762329827241096
2015-03-26T16:06:37.300000,9.734545071014164
2015-03-26T16:06:37.400000,9.72772178417276
2015-03-26T16:06:37.500000,9.765372078024251
2015-03-26T16:06:37.600000,9.779442418898208
2015-03-26T16:06:37.700000,9.749812114276056
2015-03-26T16:06:37.800000,9.743613498150124
2015-03-26T16:06:37.900000,9.726019881720136
2015-03-26T16:06:38.000000,9.71731092671494
2015-03-26T16:06:38.100000,9.709702193775364
2015-03-26T16:06:38.200000,9.722046064417906
2015-03-26T16:06:38.300000,9.745738235112965
2015-03-26T16:06:38.400000,9.750889935487166
2015-03-26T16:06:38.500000,9.744041929275967
2015-03-26T16:06:38.600000,9.723103085306535
2015-03-26T16:06:38.700000,9.74624909605618
2015-03-26T16:06:38.800000,9.7639299662241
2015-03-26T16:06:38.900000,9.747455174104733
2015-03-26T16:06:39.000000,9.725704508254752
2015-03-26T16:06:39.100000,9.72632743814362
2015-03-26T16:06:39.200000,9.741420877572
2015-03-26T16:06:39.300000,9.748582274286694
2015-03-26T16:06:39.400000,9.736557411059778
2015-03-26T16:06:39.500000,9.712246829160394
2015-03-26T16:06:39.600000,9.697533031792725
2015-03-26T16:06:39.700000,9.723086779363358
2015-03-26T16:06:39.800000,9.727031246642264
2015-03-26T16:06:39.900000,9.700600814993736
2015-03-26T16:06:40.000000,9.711741747913631
2015-03-26T16:06:40.100000,9.726544947447351
2015-03-26T16:06:40.200000,9.724540976463471
2015-03-26T16:06:40.300000,9.731302676293266
2015-03-26T16:06:40.400000,9.74476656524787
2015-03-26T16:06:40.500000,9.731075672681031
2015-03-26T16:06:40.600000,9.741124360080446
2015-03-26T16:06:40.700000,9.752585501608811
2015-03-26T16:06:40.800000,9.749670548450476
2015-03-26T16:06:40.900000,9.744434097511174
2015-03-26T16:06:41.000000,9.747050630336243
2015-03-26T16:06:41.100000,9.747905786337874
2015-03-26T16:06:41.200000,9.744111211355929
2015-03-26T16:06:41.300000,9.772044686419187
2015-03-26T16:06:41.400000,9.762005623872415
2015-03-26T16:06:41.500000,9.740210740358055
2015-03-26T16:06:41.600000,9.76480075404208
2015-03-26T16:06:41.700000,9.76233813728598
2015-03-26T16:06:41.800000,9.762063889908852
2015-03-26T16:06:41.900000,9.777388282454831
2015-03-26T16:06:42.000000,9.76617929603326
2015-03-26T16:06:42.100000,9.768630727313234
2015-03-26T16:06:42.200000,9.769008705217772
2015-03-26T16:06:42.300000,9.766860428606458
2015-03-26T16:06:42.400000,9.777641228170593
2015-03-26T16:06:42.500000,9.76163344669285
2015-03-26T16:06:42.600000,9.775507433541677
2015-03-26T16:06:42.700000,9.755662000577995
2015-03-26T16:06:42.800000,9.764916906168024
2015-03-26T16:06:42.900000,9.775685591214318
2015-03-26T16:06:43.000000,9.750586007382443
2015-03-26T16:06:43.100000,9.73474150567328
2015-03-26T16:06:43.200000,9.738351280641131
2015-03-26T16:06:43.300000,9.753420609322136
2015-03-26T16:06:43.400000,9.751877470516746
2015-03-26T16:06:43.500000,9.757457568051992
2015-03-26T16:06:43.600000,9.765684813828033
2015-03-26T16:06:43.700000,9.77433246314138
2015-03-26T16:06:43.800000,9.769649192704806
2015-03-26T16:06:43.900000,9.74900833886731
2015-03-26T16:06:44.000000,9.742663165451008
2015-03-26T16:06:44.100000,9.722173451478858
2015-03-26T16:06:44.200000,9.729187965112722
2015-03-26T16:06:44.300000,9.761613674369
2015-03-26T16:06:44.400000,9.747176343157363
2015-03-26T16:06:44.500000,9.734717347838757
2015-03-26T16:06:44.600000,9.749779268782614
2015-03-26T16:06:44.700000,9.751004800664385
2015-03-26T16:06:44.800000,9.737392683523291
2015-03-26T16:06:44.900000,9.741575509302162
2015-03-26T16:06:45.000000,9.752171741172749
2015-03-26T16:06:45.100000,9.72723393074136
2015-03-26T16:06:45.200000,9.73272334006986
2015-03-26T16:06:45.300000,9.747020910040366
2015-03-26T16:06:45.400000,9.73720091147438
2015-03-26T16:06:45.500000,9.717506441574058
2015-03-26T16:06:45.600000,9.731407378713444
2015-03-26T16:06:45.700000,9.75381609742196
2015-03-26T16:06:45.800000,9.743428872175176
2015-03-26T16:06:45.900000,9.730850748337229
2015-03-26T16:06:46.000000,9.721970647909227
2015-03-26T16:06:46.100000,9.741875647698262
2015-03-26T16:06:46.200000,9.729192305959616
2015-03-26T16:06:46.300000,9.726041781015704
2015-03-26T16:06:46.400000,9.7327279547463
2015-03-26T16:06:46.500000,9.714822151108963
2015-03-26T16:06:46.600000,9.73732463567337
2015-03-26T16:06:46.700000,9.75208513994866
2015-03-26T16:06:46.800000,9.77008127373416
2015-03-26T16:06:46.900000,9.77144546388082
2015-03-26T16:06:47.000000,9.737258431680509
2015-03-26T16:06:47.100000,9.73638573336983
2015-03-26T16:06:47.200000,9.749292325902616
2015-03-26T16:06:47.300000,9.75593415861219
2015-03-26T16:06:47.400000,9.762202725825077
2015-03-26T16:06:47.500000,9.759249392732452
2015-03-26T16:06:47.600000,9.736297239563369
2015-03-26T16:06:47.700000,9.747268647824743
2015-03-26T16:06:47.800000,9.77799873345378
2015-03-26T16:06:47.900000,9.755848052281646
2015-03-26T16:06:48.000000,9.757290332095607
2015-03-26T16:06:48.100000,9.756990594266927
2015-03-26T16:06:48.200000,9.743629314844204
2015-03-26T16:06:48.300000,9.754000867593284
2015-03-26T16:06:48.400000,9.764162769770191
2015-03-26T16:06:48.500000,9.761122523026245
2015-03-26T16:06:48.600000,9.758650741532264
2015-03-26T16:06:48.700000,9.769990211780168
2015-03-26T16:06:48.800000,9.754481939514733
2015-03-26T16:06:48.900000,9.759917476543103
2015-03-26T16:06:49.000000,9.75446692213954
2015-03-26T16:06:49.100000,9.74587033979583
2015-03-26T16:06:49.200000,9.773928670510603
2015-03-26T16:06:49.300000,9.778651087646251
2015-03-26T16:06:49.400000,9.7554233736939
2015-03-26T16:06:49.500000,9.746085200951809
2015-03-26T16:06:49.600000,9.734618316267309
2015-03-26T16:06:49.700000,9.745410526633828
2015-03-26T16:06:49.800000,9.732960695535192
2015-03-26T16:06:49.900000,9.763807522820343
2015-03-26T16:06:50.000000,9.778573569478532
2015-03-26T16:06:50.100000,9.746842353898984
2015-03-26T16:06:50.200000,9.734972854744717
2015-03-26T16:06:50.300000,9.724022239599543
2015-03-26T16:06:50.400000,9.739522000430217
2015-03-26T16:06:50.500000,9.741640114376132
2015-03-26T16:06:50.600000,9.7617187362613
2015-03-26T16:06:50.700000,9.758417474908628
2015-03-26T16:06:50.800000,9.72832879370565
2015-03-26T16:06:50.900000,9.722576914461042
2015-03-26T16:06:51.000000,9.71812764513993
2015-03-26T16:06:51.100000,9.725824399293884
2015-03-26T16:06:51.200000,9.7237834986422
2015-03-26T16:06:51.300000,9.726576036548863
2015-03-26T16:06:51.400000,9.699019870339626
2015-03-26T16:06:51.500000,9.71626584746312
2015-03-26T16:06:51.600000,9.725361810146367
2015-03-26T16:06:51.700000,9.719607242277288
2015-03-26T16:06:51.800000,9.725336670875588
2015-03-26T16:06:51.900000,9.719145634699146
2015-03-26T16:06:52.000000,9.721709755112911
2015-03-26T16:06:52.100000,9.716535577071165
2015-03-26T16:06:52.200000,9.740068170499294
2015-03-26T16:06:52.300000,9.73648616365382
2015-03-26T16:06:52.400000,9.719867995480554
2015-03-26T16:06:52.500000,9.746918517245325
2015-03-26T16:06:52.600000,9.746777398426396
2015-03-26T16:06:52.700000,9.754067114002645
2015-03-26T16:06:52.800000,9.749785158473014
2015-03-26T16:06:52.900000,9.74398172469191
2015-03-26T16:06:53.000000,9.7374389017764
2015-03-26T16:06:53.100000,9.73396543774504
2015-03-26T16:06:53.200000,9.75412237133283
2015-03-26T16:06:53.300000,9.745296372371522
2015-03-26T16:06:53.400000,9.740068963395563
2015-03-26T16:06:53.500000,9.762959583786426
2015-03-26T16:06:53.600000,9.773615416181366
2015-03-26T16:06:53.700000,9.772870150455695
2015-03-26T16:06:53.800000,9.75722509622226
2015-03-26T16:06:53.900000,9.753507654365016
2015-03-26T16:06:54.000000,9.753354617283646
2015-03-26T16:06:54.100000,9.761084762060726
2015-03-26T16:06:54.200000,9.761403009365493
2015-03-26T16:06:54.300000,9.741214761439345
2015-03-26T16:06:54.400000,9.74176051771061
2015-03-26T16:06:54.500000,9.74128998891812
2015-03-26T16:06:54.600000,9.765580421889911
2015-03-26T16:06:54.700000,9.779479571629066
2015-03-26T16:06:54.800000,9.772037348014658
2015-03-26T16:06:54.900000,9.754897539188754
2015-03-26T16:06:55.000000,9.74236760459481
2015-03-26T16:06:55.100000,9.75133225852912
2015-03-26T16:06:55.200000,9.765238468370582
2015-03-26T16:06:55.300000,9.761184520244614
2015-03-26T16:06:55.400000,9.75502580518653
2015-03-26T16:06:55.500000,9.76176853392606
2015-03-26T16:06:55.600000,9.747588616858716
2015-03-26T16:06:55.700000,9.744326028891075
2015-03-26T16:06:55.800000,9.753482274464812
2015-03-26T16:06:55.900000,9.753757408193325
2015-03-26T16:06:56.000000,9.752386252476642
2015-03-26T16:06:56.100000,9.740360243255818
2015-03-26T16:06:56.200000,9.736899954643231
2015-03-26T16:06:56.300000,9.740533525095922
2015-03-26T16:06:56.400000,9.739471456060905
2015-03-26T16:06:56.500000,9.745352784211525
2015-03-26T16:06:56.600000,9.733897415092668
2015-03-26T16:06:56.700000,9.73238413919954
2015-03-26T16:06:56.800000,9.728964416327416
2015-03-26T16:06:56.900000,9.725559515403368
2015-03-26T16:06:57.000000,9.718623337649037
2015-03-26T16:06:57.100000,9.71378494369387
2015-03-26T16:06:57.200000,9.699043329042563
2015-03-26T16:06:57.300000,9.714753011841823
2015-03-26T16:06:57.400000,9.738884410214029
2015-03-26T16:06:57.500000,9.745115043140949
2015-03-26T16:06:57.600000,9.763080799530345
2015-03-26T16:06:57.700000,9.752792659012952
2015-03-26T16:06:57.800000,9.763160421811346
2015-03-26T16:06:57.900000,9.78634010969698
2015-03-26T16:06:58.000000,9.765939603408311
2015-03-26T16:06:58.100000,9.772813767374307
2015-03-26T16:06:58.200000,9.77144333356454
2015-03-26T16:06:58.300000,9.7625324554672
2015-03-26T16:06:58.400000,9.771119315530951
2015-03-26T16:06:58.500000,9.765977307946343
2015-03-26T16:06:58.600000,9.767954199914072
2015-03-26T16:06:58.700000,9.755695720851064
2015-03-26T16:06:58.800000,9.76555028635718
2015-03-26T16:06:58.900000,9.769597375599565
2015-03-26T16:06:59.000000,9.74810018123692
2015-03-26T16:06:59.100000,9.759248994251251
2015-03-26T16:06:59.200000,9.780788963362244
2015-03-26T16:06:59.300000,9.79251914154982
2015-03-26T16:06:59.400000,9.772051534562058
2015-03-26T16:06:59.500000,9.749801370085276
2015-03-26T16:06:59.600000,9.757091601583754
2015-03-26T16:06:59.700000,9.770876708092242
2015-03-26T16:06:59.800000,9.753696299730064
2015-03-26T16:06:59.900000,9.734957996747797
2015-03-26T16:07:00.000000,9.737053247744177
2015-03-26T16:07:00.100000,9.747030926997269
2015-03-26T16:07:00.200000,9.73290550278416
2015-03-26T16:07:00.300000,9.725412730407117
2015-03-26T16:07:00.400000,9.730629609173436
2015-03-26T16:07:00.500000,9.724964568924417
2015-03-26T16:07:00.600000,9.745348167405885
2015-03-26T16:07:00.700000,9.77329965160664
2015-03-26T16:07:00.800000,9.744027209728312
2015-03-26T16:07:00.900000,9.72842673079544
2015-03-26T16:07:01.000000,9.743991239372594
2015-03-26T16:07:01.100000,9.74579402482547
2015-03-26T16:07:01.200000,9.73077413240692
2015-03-26T16:07:01.300000,9.710645354100294
2015-03-26T16:07:01.400000,9.72573789893255
2015-03-26T16:07:01.500000,9.73245025902981
2015-03-26T16:07:01.600000,9.733860218076163
2015-03-26T16:07:01.700000,9.732854138288932
2015-03-26T16:07:01.800000,9.732693777948729
2015-03-26T16:07:01.900000,9.717462817225304
2015-03-26T16:07:02.000000,9.7435219978593
2015-03-26T16:07:02.100000,9.744581527605137
2015-03-26T16:07:02.200000,9.73072184930036
2015-03-26T16:07:02.300000,9.7368204698705
2015-03-26T16:07:02.400000,9.735422548879848
2015-03-26T16:07:02.500000,9.747832578317626
2015-03-26T16:07:02.600000,9.74901293514856
2015-03-26T16:07:02.700000,9.73134607894069
2015-03-26T16:07:02.800000,9.70985665162578
2015-03-26T16:07:02.900000,9.703669303786793
2015-03-26T16:07:03.000000,9.722343139459635
2015-03-26T16:07:03.100000,9.72295956418416
2015-03-26T16:07:03.200000,9.721285261283755
2015-03-26T16:07:03.300000,9.734189359152378
2015-03-26T16:07:03.400000,9.711964754473518
2015-03-26T16:07:03.500000,9.71699731637298
2015-03-26T16:07:03.600000,9.749656898350995
2015-03-26T16:07:03.700000,9.761925306658084
2015-03-26T16:07:03.800000,9.773340130440454
2015-03-26T16:07:03.900000,9.75310150197887
2015-03-26T16:07:04.000000,9.7444152983935
2015-03-26T16:07:04.100000,9.736193520305717
2015-03-26T16:07:04.200000,9.74040969985928
2015-03-26T16:07:04.300000,9.746482846498155
2015-03-26T16:07:04.400000,9.745943436015905
2015-03-26T16:07:04.500000,9.736943580478703
2015-03-26T16:07:04.600000,9.743000918794095
2015-03-26T16:07:04.700000,9.739978533841857
2015-03-26T16:07:04.800000,9.7465065655507
2015-03-26T16:07:04.900000,9.75090813040286
2015-03-26T16:07:05.000000,9.753376128332665
2015-03-26T16:07:05.100000,9.749474422473432
2015-03-26T16:07:05.200000,9.762754009274152
2015-03-26T16:07:05.300000,9.767665342968694
2015-03-26T16:07:05.400000,9.762022616274782
2015-03-26T16:07:05.500000,9.754627968711883
2015-03-26T16:07:05.600000,9.738126705431752
2015-03-26T16:07:05.700000,9.73844867521916
2015-03-26T16:07:05.800000,9.741952186492425
2015-03-26T16:07:05.900000,9.738061792414474
2015-03-26T16:07:06.000000,9.756563448151814
2015-03-26T16:07:06.100000,9.77258222652791
2015-03-26T16:07:06.200000,9.76730967445218
2015-03-26T16:07:06.300000,9.75525581056288
2015-03-26T16:07:06.400000,9.765323715135754
2015-03-26T16:07:06.500000,9.764877352273292
2015-03-26T16:07:06.600000,9.7573339615439
2015-03-26T16:07:06.700000,9.762462040252627
2015-03-26T16:07:06.800000,9.735928620903854
2015-03-26T16:07:06.900000,9.731709947452124
2015-03-26T16:07:07.000000,9.739529530104065
2015-03-26T16:07:07.100000,9.752326132147855
2015-03-26T16:07:07.200000,9.756150146990509
2015-03-26T16:07:07.300000,9.753518995593309
2015-03-26T16:07:07.400000,9.762484982981253
2015-03-26T16:07:07.500000,9.762886168709253
2015-03-26T16:07:07.600000,9.746622538472122
2015-03-26T16:07:07.700000,9.727642932585557
2015-03-26T16:07:07.800000,9.73630992233245
2015-03-26T16:07:07.900000,9.740956518385977
2015-03-26T16:07:08.000000,9.730420931539614
2015-03-26T16:07:08.100000,9.746691046962042
2015-03-26T16:07:08.200000,9.738775441812626
2015-03-26T16:07:08.300000,9.725738651158856
2015-03-26T16:07:08.400000,9.724359588842876
2015-03-26T16:07:08.500000,9.719369007687591
2015-03-26T16:07:08.600000,9.699852957770036
2015-03-26T16:07:08.700000,9.711394912944757
2015-03-26T16:07:08.800000,9.734623650977984
2015-03-26T16:07:08.900000,9.728507579433076
2015-03-26T16:07:09.000000,9.716981576197885
2015-03-26T16:07:09.100000,9.734283096690952
2015-03-26T16:07:09.200000,9.73845807679256
2015-03-26T16:07:09.300000,9.712081479172149
2015-03-26T16:07:09.400000,9.705736795627608
2015-03-26T16:07:09.500000,9.711329558254944
2015-03-26T16:07:09.600000,9.723193116851546
2015-03-26T16:07:09.700000,9.741793221984944
2015-03-26T16:07:09.800000,9.743921741312434
2015-03-26T16:07:09.900000,9.746615938128617
2015-03-26T16:07:10.000000,9.74429681342716
2015-03-26T16:07:10.100000,9.751992335890469
2015-03-26T16:07:10.200000,9.75085007601556
2015-03-26T16:07:10.300000,9.724718912422524
2015-03-26T16:07:10.400000,9.73215608935118
2015-03-26T16:07:10.500000,9.739494888433978
2015-03-26T16:07:10.600000,9.72658150917037
2015-03-26T16:07:10.700000,9.716274491775
2015-03-26T16:07:10.800000,9.72797749094339
2015-03-26T16:07:10.900000,9.744313988857474
2015-03-26T16:07:11.000000,9.75289573285282
2015-03-26T16:07:11.100000,9.77547096139356
2015-03-26T16:07:11.200000,9.745295539649444
2015-03-26T16:07:11.300000,9.729766410562537
2015-03-26T16:07:11.400000,9.740016336135882
2015-03-26T16:07:11.500000,9.738891452993553
2015-03-26T16:07:11.600000,9.736952039390692
2015-03-26T16:07:11.700000,9.733614502045016
2015-03-26T16:07:11.800000,9.744912583550644
2015-03-26T16:07:11.900000,9.751740439070378
2015-03-26T16:07:12.000000,9.752398053424567
2015-03-26T16:07:12.100000,9.750988642860763
2015-03-26T16:07:12.200000,9.757338970998571
2015-03-26T16:07:12.300000,9.752982861440229
2015-03-26T16:07:12.400000,9.758049817641082
2015-03-26T16:07:12.500000,9.748651937680815
2015-03-26T16:07:12.600000,9.743829661950825
2015-03-26T16:07:12.700000,9.737036761750334
2015-03-26T16:07:12.800000,9.732380384261024
2015-03-26T16:07:12.900000,9.743550912903965
2015-03-26T16:07:13.000000,9.752872881424535
2015-03-26T16:07:13.100000,9.764330557301346
2015-03-26T16:07:13.200000,9.7603004465384
2015-03-26T16:07:13.300000,9.744863336587883
2015-03-26T16:07:13.400000,9.747822420226743
2015-03-26T16:07:13.500000,9.74304805710504
2015-03-26T16:07:13.600000,9.761792214179629
2015-03-26T16:07:13.700000,9.77979675828311
2015-03-26T16:07:13.800000,9.765108523450658
2015-03-26T16:07:13.900000,9.75771112834884
2015-03-26T16:07:14.000000,9.755882316612963
2015-03-26T16:07:14.100000,9.766243687592132
2015-03-26T16:07:14.200000,9.765843104949113
2015-03-26T16:07:14.300000,9.75967170753244
2015-03-26T16:07:14.400000,9.751050213879518
2015-03-26T16:07:14.500000,9.74740759262319
2015-03-26T16:07:14.600000,9.736175930329662
2015-03-26T16:07:14.700000,9.746359068126884
2015-03-26T16:07:14.800000,9.739425766686262
2015-03-26T16:07:14.900000,9.74211243021837
2015-03-26T16:07:15.000000,9.763256397172498
2015-03-26T16:07:15.100000,9.750010081755866
2015-03-26T16:07:15.200000,9.738487831038212
2015-03-26T16:07:15.300000,9.73517608753284
2015-03-26T16:07:15.400000,9.754531949460072
2015-03-26T16:07:15.500000,9.757077545921822
2015-03-26T16:07:15.600000,9.730332438851656
2015-03-26T16:07:15.700000,9.713459475388047
2015-03-26T16:07:15.800000,9.717566279323922
2015-03-26T16:07:15.900000,9.72810138932965
2015-03-26T16:07:16.000000,9.716174917407828
2015-03-26T16:07:16.100000,9.725729473899614
2015-03-26T16:07:16.200000,9.714580371546369
2015-03-26T16:07:16.300000,9.71620382884472
2015-03-26T16:07:16.400000,9.73479203387726
2015-03-26T16:07:16.500000,9.74155801155032
2015-03-26T16:07:16.600000,9.737750386785557
2015-03-26T16:07:16.700000,9.7298482693696
2015-03-26T16:07:16.800000,9.73398809604239
2015-03-26T16:07:16.900000,9.749136332111236
2015-03-26T16:07:17.000000,9.744872115519753
2015-03-26T16:07:17.100000,9.732658492278864
2015-03-26T16:07:17.200000,9.75187058001748
2015-03-26T16:07:17.300000,9.7560001947494
2015-03-26T16:07:17.400000,9.739418909960094
2015-03-26T16:07:17.500000,9.738399049250004
2015-03-26T16:07:17.600000,9.7635717846531
2015-03-26T16:07:17.700000,9.757108665637286
2015-03-26T16:07:17.800000,9.74297342640431
2015-03-26T16:07:17.900000,9.767481789509784
2015-03-26T16:07:18.000000,9.753581426690664
2015-03-26T16:07:18.100000,9.738344333429064
2015-03-26T16:07:18.200000,9.751688995911008
2015-03-26T16:07:18.300000,9.759263529618448
2015-03-26T16:07:18.400000,9.739221751702429
2015-03-26T16:07:18.500000,9.743276481905934
2015-03-26T16:07:18.600000,9.74590655388465
2015-03-26T16:07:18.700000,9.736147399644778
2015-03-26T16:07:18.800000,9.73571412862151
2015-03-26T16:07:18.900000,9.733814648295398
2015-03-26T16:07:19.000000,9.724840772948694
2015-03-26T16:07:19.100000,9.719629448793356
2015-03-26T16:07:19.200000,9.704903595200072
2015-03-26T16:07:19.300000,9.724962624016026
2015-03-26T16:07:19.400000,9.756871153585143
2015-03-26T16:07:19.500000,9.743859917665285
2015-03-26T16:07:19.600000,9.734978822914524
2015-03-26T16:07:19.700000,9.73468039605621
2015-03-26T16:07:19.800000,9.745459089525244
2015-03-26T16:07:19.900000,9.752683243838591
2015-03-26T16:07:20.000000,9.733638065363255
2015-03-26T16:07:20.100000,9.717148707453768
2015-03-26T16:07:20.200000,9.738558011259528
2015-03-26T16:07:20.300000,9.741668620024758
2015-03-26T16:07:20.400000,9.74072559679747
2015-03-26T16:07:20.500000,9.751517106243572
2015-03-26T16:07:20.600000,9.72400760284363
2015-03-26T16:07:20.700000,9.722794136566907
2015-03-26T16:07:20.800000,9.710646023000036
2015-03-26T16:07:20.900000,9.709901247371304
2015-03-26T16:07:21.000000,9.71871036544933
2015-03-26T16:07:21.100000,9.71351149375656
2015-03-26T16:07:21.200000,9.718948997642268
2015-03-26T16:07:21.300000,9.715750295988297
2015-03-26T16:07:21.400000,9.716910247681504
2015-03-26T16:07:21.500000,9.736851300086071
2015-03-26T16:07:21.600000,9.742996243601544
2015-03-26T16:07:21.700000,9.72328503408546
2015-03-26T16:07:21.800000,9.716267650546095
2015-03-26T16:07:21.900000,9.74008894325288
2015-03-26T16:07:22.000000,9.736636936838938
2015-03-26T16:07:22.100000,9.71637144952322
2015-03-26T16:07:22.200000,9.725311133925963
2015-03-26T16:07:22.300000,9.72040237938535
2015-03-26T16:07:22.400000,9.717336099975096
2015-03-26T16:07:22.500000,9.718480315079008
2015-03-26T16:07:22.600000,9.743223551776952
2015-03-26T16:07:22.700000,9.759715983483526
2015-03-26T16:07:22.800000,9.74393834885087
2015-03-26T16:07:22.900000,9.73080695122677
2015-03-26T16:07:23.000000,9.73622392581365
2015-03-26T16:07:23.100000,9.740724546972409
2015-03-26T16:07:23.200000,9.759083707910872
2015-03-26T16:07:23.300000,9.758496537526195
2015-03-26T16:07:23.400000,9.723244025008729
2015-03-26T16:07:23.500000,9.735411817986824
2015-03-26T16:07:23.600000,9.735351792173242
2015-03-26T16:07:23.700000,9.744686753404098
2015-03-26T16:07:23.800000,9.75042045134342
2015-03-26T16:07:23.900000,9.739129991506912
2015-03-26T16:07:24.000000,9.7510459782331
2015-03-26T16:07:24.100000,9.77808918491252
2015-03-26T16:07:24.200000,9.77163199746329
2015-03-26T16:07:24.300000,9.737698266277237
2015-03-26T16:07:24.400000,9.730850537747733
2015-03-26T16:07:24.500000,9.7447214608028
2015-03-26T16:07:24.600000,9.746900898122131
2015-03-26T16:07:24.700000,9.746629749589458
2015-03-26T16:07:24.800000,9.765480318161712
2015-03-26T16:07:24.900000,9.764503426826854
2015-03-26T16:07:25.000000,9.770268223177505
2015-03-26T16:07:25.100000,9.778651993582391
2015-03-26T16:07:25.200000,9.771009512847291
2015-03-26T16:07:25.300000,9.763405534228111
2015-03-26T16:07:25.400000,9.756712314904735
2015-03-26T16:07:25.500000,9.75597004818439
2015-03-26T16:07:25.600000,9.760573358315094
2015-03-26T16:07:25.700000,9.751074999383958
2015-03-26T16:07:25.800000,9.750615134287433
2015-03-26T16:07:25.900000,9.733539894215198
2015-03-26T16:07:26.000000,9.728180925198458
2015-03-26T16:07:26.100000,9.754410189858138
2015-03-26T16:07:26.200000,9.749449556580483
2015-03-26T16:07:26.300000,9.729394020044934
2015-03-26T16:07:26.400000,9.737067759223214
2015-03-26T16:07:26.500000,9.73540594961588
2015-03-26T16:07:26.600000,9.735838347323003
2015-03-26T16:07:26.700000,9.759768177863505
2015-03-26T16:07:26.800000,9.749683360248872
2015-03-26T16:07:26.900000,9.731673644037592
2015-03-26T16:07:27.000000,9.71789743045723
2015-03-26T16:07:27.100000,9.714839335649613
2015-03-26T16:07:27.200000,9.713891344114083
2015-03-26T16:07:27.300000,9.727368060611736
2015-03-26T16:07:27.400000,9.73645641156824
2015-03-26T16:07:27.500000,9.741397524147745
2015-03-26T16:07:27.600000,9.744477472336678
2015-03-26T16:07:27.700000,9.738709301946532
2015-03-26T16:07:27.800000,9.763193172897047
2015-03-26T16:07:27.900000,9.760420861990982
2015-03-26T16:07:28.000000,9.737807475728683
2015-03-26T16:07:28.100000,9.74044369879178
2015-03-26T16:07:28.200000,9.731970433071108
2015-03-26T16:07:28.300000,9.720343466798408
2015-03-26T16:07:28.400000,9.739567013964091
2015-03-26T16:07:28.500000,9.763515529964051
2015-03-26T16:07:28.600000,9.726808854687649
2015-03-26T16:07:28.700000,9.729394181524729
2015-03-26T16:07:28.800000,9.752241278222462
2015-03-26T16:07:28.900000,9.738609770182542
2015-03-26T16:07:29.000000,9.72050256543884
2015-03-26T16:07:29.100000,9.732555996943534
2015-03-26T16:07:29.200000,9.738279292382604
2015-03-26T16:07:29.300000,9.745967455098455
2015-03-26T16:07:29.400000,9.765165792973892
2015-03-26T16:07:29.500000,9.750910093190797
2015-03-26T16:07:29.600000,9.748059164286415
2015-03-26T16:07:29.700000,9.757828032398663
2015-03-26T16:07:29.800000,9.74733929235338
2015-03-26T16:07:29.900000,9.74726084442422
2015-03-26T16:07:30.000000,9.737917766519557
2015-03-26T16:07:30.100000,9.727485300840424
2015-03-26T16:07:30.200000,9.763770814094942
2015-03-26T16:07:30.300000,9.771737751619009
2015-03-26T16:07:30.400000,9.745239794188096
2015-03-26T16:07:30.500000,9.754449089298316
2015-03-26T16:07:30.600000,9.763444534793024
2015-03-26T16:07:30.700000,9.77600797092673
2015-03-26T16:07:30.800000,9.786419021493948
2015-03-26T16:07:30.900000,9.756328856621652
2015-03-26T16:07:31.000000,9.758469815055063
2015-03-26T16:07:31.100000,9.76143785562664
2015-03-26T16:07:31.200000,9.749400000674653
2015-03-26T16:07:31.300000,9.766436377032598
2015-03-26T16:07:31.400000,9.758340105633115
2015-03-26T16:07:31.500000,9.766719061682194
2015-03-26T16:07:31.600000,9.763693773807924
2015-03-26T16:07:31.700000,9.752284942032254
2015-03-26T16:07:31.800000,9.752326114656691
2015-03-26T16:07:31.900000,9.749525672389254
2015-03-26T16:07:32.000000,9.765772471262792
2015-03-26T16:07:32.100000,9.768522777884527
2015-03-26T16:07:32.200000,9.771310983145456
2015-03-26T16:07:32.300000,9.7623413106483
2015-03-26T16:07:32.400000,9.740117326793918
2015-03-26T16:07:32.500000,9.73482994877242
2015-03-26T16:07:32.600000,9.744509576206864
2015-03-26T16:07:32.700000,9.73917828551312
2015-03-26T16:07:32.800000,9.734001455855571
2015-03-26T16:07:32.900000,9.746711031367775
2015-03-26T16:07:33.000000,9.754058663979496
2015-03-26T16:07:33.100000,9.73677071243002
2015-03-26T16:07:33.200000,9.736585531290206
2015-03-26T16:07:33.300000,9.7458590486633
2015-03-26T16:07:33.400000,9.758201577590963
2015-03-26T16:07:33.500000,9.724621117471576
2015-03-26T16:07:33.600000,9.713662803754064
2015-03-26T16:07:33.700000,9.738725064960365
2015-03-26T16:07:33.800000,9.747678456922248
2015-03-26T16:07:33.900000,9.747767301080822
2015-03-26T16:07:34.000000,9.746145131754808
2015-03-26T16:07:34.100000,9.719508525783397
2015-03-26T16:07:34.200000,9.691791048544031
2015-03-26T16:07:34.300000,9.710834982180666
2015-03-26T16:07:34.400000,9.733833846649356
2015-03-26T16:07:34.500000,9.745983632900169
2015-03-26T16:07:34.600000,9.73939757458613
2015-03-26T16:07:34.700000,9.730351320380477
2015-03-26T16:07:34.800000,9.736138552489798
2015-03-26T16:07:34.900000,9.7236747266934
2015-03-26T16:07:35.000000,9.731507509128257
2015-03-26T16:07:35.100000,9.722186186989624
2015-03-26T16:07:35.200000,9.696864217388692
2015-03-26T16:07:35.300000,9.705820586934296
2015-03-26T16:07:35.400000,9.705032652489296
2015-03-26T16:07:35.500000,9.707403837914262
2015-03-26T16:07:35.600000,9.70241448707778
2015-03-26T16:07:35.700000,9.704517007122677
2015-03-26T16:07:35.800000,9.742036373568425
2015-03-26T16:07:35.900000,9.733467835681006
2015-03-26T16:07:36.000000,9.723431798796096
2015-03-26T16:07:36.100000,9.737746114188171
2015-03-26T16:07:36.200000,9.73075459731519
2015-03-26T16:07:36.300000,9.733700874353278
2015-03-26T16:07:36.400000,9.746384344216462
2015-03-26T16:07:36.500000,9.74291796630619
2015-03-26T16:07:36.600000,9.74571522394098
2015-03-26T16:07:36.700000,9.754295921635382
2015-03-26T16:07:36.800000,9.742900172185175
2015-03-26T16:07:36.900000,9.75127004401894
2015-03-26T16:07:37.000000,9.766879130694836
2015-03-26T16:07:37.100000,9.75537269541693
2015-03-26T16:07:37.200000,9.753763619329137
2015-03-26T16:07:37.300000,9.769902147042975
2015-03-26T16:07:37.400000,9.777483829600977
2015-03-26T16:07:37.500000,9.75590362553862
2015-03-26T16:07:37.600000,9.746332452808987
2015-03-26T16:07:37.700000,9.766132131706277
2015-03-26T16:07:37.800000,9.768497078444518
2015-03-26T16:07:37.900000,9.771117521634672
2015-03-26T16:07:38.000000,9.786023351099416
2015-03-26T16:07:38.100000,9.788338576201332
2015-03-26T16:07:38.200000,9.79217859317968
2015-03-26T16:07:38.300000,9.787874718468723
2015-03-26T16:07:38.400000,9.774958390322762
2015-03-26T16:07:38.500000,9.776365190299911
2015-03-26T16:07:38.600000,9.789058471151431
2015-03-26T16:07:38.700000,9.794730104656642
2015-03-26T16:07:38.800000,9.78879445950485
2015-03-26T16:07:38.900000,9.777465564161457
2015-03-26T16:07:39.000000,9.779524778559804
2015-03-26T16:07:39.100000,9.781143060501886
2015-03-26T16:07:39.200000,9.772264564777196
2015-03-26T16:07:39.300000,9.73947004963821
2015-03-26T16:07:39.400000,9.745402929756612
2015-03-26T16:07:39.500000,9.780580483066664
2015-03-26T16:07:39.600000,9.775687916016546
2015-03-26T16:07:39.700000,9.748699749713785
2015-03-26T16:07:39.800000,9.735371849197351
2015-03-26T16:07:39.900000,9.74266512046054
2015-03-26T16:07:40.000000,9.764704239046656
2015-03-26T16:07:40.100000,9.755794233130592
2015-03-26T16:07:40.200000,9.751574135922546
2015-03-26T16:07:40.300000,9.770581543544909
2015-03-26T16:07:40.400000,9.742106692593095
2015-03-26T16:07:40.500000,9.725278403217525
2015-03-26T16:07:40.600000,9.741298284102694
2015-03-26T16:07:40.700000,9.742841164502874
2015-03-26T16:07:40.800000,9.738137622439234
2015-03-26T16:07:40.900000,9.732961976117094
2015-03-26T16:07:41.000000,9.709235751968798
2015-03-26T16:07:41.100000,9.70503303424145
2015-03-26T16:07:41.200000,9.740951965554371
2015-03-26T16:07:41.300000,9.757996034811333
2015-03-26T16:07:41.400000,9.73435855459836
2015-03-26T16:07:41.500000,9.722359671803952
2015-03-26T16:07:41.600000,9.71358300006409
2015-03-26T16:07:41.700000,9.728094271297502
2015-03-26T16:07:41.800000,9.72070532742162
2015-03-26T16:07:41.900000,9.713425009749324
2015-03-26T16:07:42.000000,9.70057466361115
2015-03-26T16:07:42.100000,9.681720660236635
2015-03-26T16:07:42.200000,9.703009475750871
2015-03-26T16:07:42.300000,9.729109908421623
2015-03-26T16:07:42.400000,9.727370170287424
2015-03-26T16:07:42.500000,9.738958451835204
2015-03-26T16:07:42.600000,9.749646889323492
2015-03-26T16:07:42.700000,9.734766476852617
2015-03-26T16:07:42.800000,9.736534783702062
2015-03-26T16:07:42.900000,9.727132699018616
2015-03-26T16:07:43.000000,9.737137788916096
2015-03-26T16:07:43.100000,9.72668684066487
2015-03-26T16:07:43.200000,9.71595741578908
2015-03-26T16:07:43.300000,9.737593294369155
2015-03-26T16:07:43.400000,9.74970284181415
2015-03-26T16:07:43.500000,9.754415885869085
2015-03-26T16:07:43.600000,9.751953788385473
2015-03-26T16:07:43.700000,9.743630949480144
2015-03-26T16:07:43.800000,9.75302978292653
2015-03-26T16:07:43.900000,9.742373677844652
2015-03-26T16:07:44.000000,9.73686426868035
2015-03-26T16:07:44.100000,9.74723306347411
2015-03-26T16:07:44.200000,9.771785203378371
2015-03-26T16:07:44.300000,9.77869001084898
2015-03-26T16:07:44.400000,9.776031953085388
2015-03-26T16:07:44.500000,9.774859913067912
2015-03-26T16:07:44.600000,9.793856370215854
2015-03-26T16:07:44.700000,9.796194648593454
2015-03-26T16:07:44.800000,9.76533518464362
2015-03-26T16:07:44.900000,9.770222828275893
2015-03-26T16:07:45.000000,9.784442697585838
2015-03-26T16:07:45.100000,9.773661680731845
2015-03-26T16:07:45.200000,9.759024401625869
2015-03-26T16:07:45.300000,9.761405573733464
2015-03-26T16:07:45.400000,9.759454755717558
2015-03-26T16:07:45.500000,9.78158315412798
2015-03-26T16:07:45.600000,9.777271493175702
2015-03-26T16:07:45.700000,9.747521511086656
2015-03-26T16:07:45.800000,9.7536528867689
2015-03-26T16:07:45.900000,9.756981524027784
2015-03-26T16:07:46.000000,9.757359010137682
2015-03-26T16:07:46.100000,9.749179099423513
2015-03-26T16:07:46.200000,9.743446475040752
2015-03-26T16:07:46.300000,9.746198363537582
2015-03-26T16:07:46.400000,9.745420802600687
2015-03-26T16:07:46.500000,9.746081267447746
2015-03-26T16:07:46.600000,9.765607381811936
2015-03-26T16:07:46.700000,9.744138312004504
2015-03-26T16:07:46.800000,9.744915021392297
2015-03-26T16:07:46.900000,9.752149776286476
2015-03-26T16:07:47.000000,9.719036836594896
2015-03-26T16:07:47.100000,9.731755768774924
2015-03-26T16:07:47.200000,9.74420880540501
2015-03-26T16:07:47.300000,9.7438442812584
2015-03-26T16:07:47.400000,9.73396743299262
2015-03-26T16:07:47.500000,9.70257490401537
2015-03-26T16:07:47.600000,9.690592959078735
2015-03-26T16:07:47.700000,9.70237453829124
2015-03-26T16:07:47.800000,9.741436196451458
2015-03-26T16:07:47.900000,9.762636794317514
2015-03-26T16:07:48.000000,9.749564805962605
2015-03-26T16:07:48.100000,9.73603972690752
2015-03-26T16:07:48.200000,9.714605217902598
2015-03-26T16:07:48.300000,9.711866220395423
2015-03-26T16:07:48.400000,9.71465799370683
2015-03-26T16:07:48.500000,9.725576721669594
2015-03-26T16:07:48.600000,9.744209153714282
2015-03-26T16:07:48.700000,9.73757955550666
2015-03-26T16:07:48.800000,9.730756711955054
2015-03-26T16:07:48.900000,9.752851404632304
2015-03-26T16:07:49.000000,9.765922208749911
2015-03-26T16:07:49.100000,9.767067015787736
2015-03-26T16:07:49.200000,9.762581270967203
2015-03-26T16:07:49.300000,9.768514154563498
2015-03-26T16:07:49.400000,9.765448170129764
2015-03-26T16:07:49.500000,9.765630381571452
2015-03-26T16:07:49.600000,9.760163431747014
2015-03-26T16:07:49.700000,9.760208206229784
2015-03-26T16:07:49.800000,9.762658546557727
2015-03-26T16:07:49.900000,9.758982282425093
2015-03-26T16:07:50.000000,9.761331793054984
2015-03-26T16:07:50.100000,9.745114168578269
2015-03-26T16:07:50.200000,9.746326191627404
2015-03-26T16:07:50.300000,9.758205877902911
2015-03-26T16:07:50.400000,9.7622087168358
2015-03-26T16:07:50.500000,9.76918419874984
2015-03-26T16:07:50.600000,9.771941737078134
2015-03-26T16:07:50.700000,9.752245710956952
2015-03-26T16:07:50.800000,9.75101474399562
2015-03-26T16:07:50.900000,9.76127505891399
2015-03-26T16:07:51.000000,9.751602868025884
2015-03-26T16:07:51.100000,9.751111643340812
2015-03-26T16:07:51.200000,9.766157327232728
2015-03-26T16:07:51.300000,9.78257508327006
2015-03-26T16:07:51.400000,9.771044500068614
2015-03-26T16:07:51.500000,9.751058483316614
2015-03-26T16:07:51.600000,9.743843909809703
2015-03-26T16:07:51.700000,9.751823188833503
2015-03-26T16:07:51.800000,9.765969530340731
2015-03-26T16:07:51.900000,9.766148470876216
2015-03-26T16:07:52.000000,9.760142870490636
2015-03-26T16:07:52.100000,9.74951059099905
2015-03-26T16:07:52.200000,9.734506456733884
2015-03-26T16:07:52.300000,9.742135658263742
2015-03-26T16:07:52.400000,9.739657069457827
2015-03-26T16:07:52.500000,9.757961559949486
2015-03-26T16:07:52.600000,9.753105418953934
2015-03-26T16:07:52.700000,9.716998943347535
2015-03-26T16:07:52.800000,9.719174911604751
2015-03-26T16:07:52.900000,9.724257118765458
2015-03-26T16:07:53.000000,9.715319235397184
2015-03-26T16:07:53.100000,9.71947139676127
2015-03-26T16:07:53.200000,9.737557555432586
2015-03-26T16:07:53.300000,9.737374596207678
2015-03-26T16:07:53.400000,9.754083948332765
2015-03-26T16:07:53.500000,9.739946218883864
2015-03-26T16:07:53.600000,9.714208281694422
2015-03-26T16:07:53.700000,9.72029207350898
2015-03-26T16:07:53.800000,9.726524679461251
2015-03-26T16:07:53.900000,9.74656536969546
2015-03-26T16:07:54.000000,9.749863187511265
2015-03-26T16:07:54.100000,9.741160716265368
2015-03-26T16:07:54.200000,9.765806421093888
2015-03-26T16:07:54.300000,9.761494935570164
2015-03-26T16:07:54.400000,9.746015828502989
2015-03-26T16:07:54.500000,9.749023367990228
2015-03-26T16:07:54.600000,9.746081050565786
2015-03-26T16:07:54.700000,9.751120206266924
2015-03-26T16:07:54.800000,9.763335920548474
2015-03-26T16:07:54.900000,9.771393267232968
2015-03-26T16:07:55.000000,9.77677755281493
2015-03-26T16:07:55.100000,9.779937923874908
2015-03-26T16:07:55.200000,9.775585374669523
2015-03-26T16:07:55.300000,9.779092028766408
2015-03-26T16:07:55.400000,9.786483335030184
2015-03-26T16:07:55.500000,9.794479068915454
2015-03-26T16:07:55.600000,9.777153562519583
2015-03-26T16:07:55.700000,9.74578092315889
2015-03-26T16:07:55.800000,9.755455106348643
2015-03-26T16:07:55.900000,9.76506278098214
2015-03-26T16:07:56.000000,9.749506584215762
2015-03-26T16:07:56.100000,9.74173118343854
2015-03-26T16:07:56.200000,9.74740546105139
2015-03-26T16:07:56.300000,9.758270309030912
2015-03-26T16:07:56.400000,9.75169359435846
2015-03-26T16:07:56.500000,9.74530822913902
2015-03-26T16:07:56.600000,9.746141253279776
2015-03-26T16:07:56.700000,9.75521762319533
2015-03-26T16:07:56.800000,9.7624859567887
2015-03-26T16:07:56.900000,9.739783206527314
2015-03-26T16:07:57.000000,9.72858080739564
2015-03-26T16:07:57.100000,9.717604623804164
2015-03-26T16:07:57.200000,9.737524260408476
2015-03-26T16:07:57.300000,9.778599469788826
2015-03-26T16:07:57.400000,9.75689950115933
2015-03-26T16:07:57.500000,9.734817513943977
2015-03-26T16:07:57.600000,9.74241568532024
2015-03-26T16:07:57.700000,9.735565760479956
2015-03-26T16:07:57.800000,9.739020233621998
2015-03-26T16:07:57.900000,9.762051338205772
2015-03-26T16:07:58.000000,9.748213690831111
2015-03-26T16:07:58.100000,9.73521097569807
2015-03-26T16:07:58.200000,9.749304325034144
2015-03-26T16:07:58.300000,9.723834857029754
2015-03-26T16:07:58.400000,9.708523692986706
2015-03-26T16:07:58.500000,9.702324285781684
2015-03-26T16:07:58.600000,9.720708659235845
2015-03-26T16:07:58.700000,9.74092575127373
2015-03-26T16:07:58.800000,9.719053455064248
2015-03-26T16:07:58.900000,9.725283580150853
2015-03-26T16:07:59.000000,9.742596408149204
2015-03-26T16:07:59.100000,9.731205537218877
2015-03-26T16:07:59.200000,9.730802136598388
2015-03-26T16:07:59.300000,9.73067755894474
2015-03-26T16:07:59.400000,9.714283112909628
2015-03-26T16:07:59.500000,9.705134297925966
2015-03-26T16:07:59.600000,9.713713096783875
2015-03-26T16:07:59.700000,9.727238137465466
2015-03-26T16:07:59.800000,9.736803814728203
2015-03-26T16:07:59.900000,9.724466976646582
2015-03-26T16:08:00.000000,9.7197931999282
2015-03-26T16:08:00.100000,9.745103745404965
2015-03-26T16:08:00.200000,9.749408882973295
2015-03-26T16:08:00.300000,9.738658438668311
2015-03-26T16:08:00.400000,9.743076655146195
2015-03-26T16:08:00.500000,9.7566783798726
2015-03-26T16:08:00.600000,9.760411525638393
2015-03-26T16:08:00.700000,9.743362660594928
2015-03-26T16:08:00.800000,9.745559549385865
2015-03-26T16:08:00.900000,9.774171274803225
2015-03-26T16:08:01.000000,9.774643972794228
2015-03-26T16:08:01.100000,9.757282524598828
2015-03-26T16:08:01.200000,9.776794717784076
2015-03-26T16:08:01.300000,9.777324802011046
2015-03-26T16:08:01.400000,9.781475345718556
2015-03-26T16:08:01.500000,9.786782414963357
2015-03-26T16:08:01.600000,9.755805141137412
2015-03-26T16:08:01.700000,9.754045809080871
2015-03-26T16:08:01.800000,9.769961192132357
2015-03-26T16:08:01.900000,9.767141696245975
2015-03-26T16:08:02.000000,9.763303182490835
2015-03-26T16:08:02.100000,9.757115442897444
2015-03-26T16:08:02.200000,9.760044824074445
2015-03-26T16:08:02.300000,9.74971375601268
2015-03-26T16:08:02.400000,9.759327509408994
2015-03-26T16:08:02.500000,9.788266200150687
2015-03-26T16:08:02.600000,9.767260555373277
2015-03-26T16:08:02.700000,9.75478496928034
2015-03-26T16:08:02.800000,9.768085803932053
2015-03-26T16:08:02.900000,9.776192959021085
2015-03-26T16:08:03.000000,9.776793496069349
2015-03-26T16:08:03.100000,9.739819750897638
2015-03-26T16:08:03.200000,9.750649879215295
2015-03-26T16:08:03.300000,9.750892109517135
2015-03-26T16:08:03.400000,9.741276783311712
2015-03-26T16:08:03.500000,9.754688874524252
2015-03-26T16:08:03.600000,9.760711716783574
2015-03-26T16:08:03.700000,9.764977189047476
2015-03-26T16:08:03.800000,9.765295741133592
2015-03-26T16:08:03.900000,9.761027539590817
2015-03-26T16:08:04.000000,9.749541162345658
2015-03-26T16:08:04.100000,9.753907271410734
2015-03-26T16:08:04.200000,9.748362212219648
2015-03-26T16:08:04.300000,9.733427526825968
2015-03-26T16:08:04.400000,9.750668423679404
2015-03-26T16:08:04.500000,9.75002524172002
2015-03-26T16:08:04.600000,9.7337461692909
2015-03-26T16:08:04.700000,9.728993184249884
2015-03-26T16:08:04.800000,9.708283478815169
2015-03-26T16:08:04.900000,9.709200348292844
2015-03-26T16:08:05.000000,9.725872255611185
2015-03-26T16:08:05.100000,9.726855601226012
2015-03-26T16:08:05.200000,9.729561870024323
2015-03-26T16:08:05.300000,9.736607966604767
2015-03-26T16:08:05.400000,9.730190610308872
2015-03-26T16:08:05.500000,9.71539006751996
2015-03-26T16:08:05.600000,9.7104534098814
2015-03-26T16:08:05.700000,9.700864515036818
2015-03-26T16:08:05.800000,9.716999855727284
2015-03-26T16:08:05.900000,9.726005068910856
2015-03-26T16:08:06.000000,9.714250069577156
2015-03-26T16:08:06.100000,9.722053168503152
2015-03-26T16:08:06.200000,9.72388522293491
2015-03-26T16:08:06.300000,9.707256242041929
2015-03-26T16:08:06.400000,9.71024820778723
2015-03-26T16:08:06.500000,9.711679161890608
2015-03-26T16:08:06.600000,9.720675708958922
2015-03-26T16:08:06.700000,9.72659739021216
2015-03-26T16:08:06.800000,9.730486190759008
2015-03-26T16:08:06.900000,9.741922359521466
2015-03-26T16:08:07.000000,9.740326552337889
2015-03-26T16:08:07.100000,9.737416666208745
2015-03-26T16:08:07.200000,9.7444718749678
2015-03-26T16:08:07.300000,9.763167497058816
2015-03-26T16:08:07.400000,9.76495798800871
2015-03-26T16:08:07.500000,9.762073094829702
2015-03-26T16:08:07.600000,9.752935541516957
2015-03-26T16:08:07.700000,9.73438174310319
2015-03-26T16:08:07.800000,9.744949828781992
2015-03-26T16:08:07.900000,9.77703387264282
2015-03-26T16:08:08.000000,9.772076147855367
2015-03-26T16:08:08.100000,9.76002780244878
2015-03-26T16:08:08.200000,9.768547489744396
2015-03-26T16:08:08.300000,9.771894816157818
2015-03-26T16:08:08.400000,9.763916174811214
2015-03-26T16:08:08.500000,9.769558279397078
2015-03-26T16:08:08.600000,9.759446146984232
2015-03-26T16:08:08.700000,9.755705801355989
2015-03-26T16:08:08.800000,9.763094907258512
2015-03-26T16:08:08.900000,9.758241613244092
2015-03-26T16:08:09.000000,9.761371678828151
2015-03-26T16:08:09.100000,9.752990101142318
2015-03-26T16:08:09.200000,9.740132561938385
2015-03-26T16:08:09.300000,9.752437260536244
2015-03-26T16:08:09.400000,9.762030706189682
2015-03-26T16:08:09.500000,9.75500918450826
2015-03-26T16:08:09.600000,9.726519098359145
2015-03-26T16:08:09.700000,9.717392618054518
2015-03-26T16:08:09.800000,9.750350467807609
2015-03-26T16:08:09.900000,9.775472812351127
2015-03-26T16:08:10.000000,9.75812060061564
2015-03-26T16:08:10.100000,9.742071965244106
2015-03-26T16:08:10.200000,9.739575518904095
2015-03-26T16:08:10.300000,9.73596909659315
2015-03-26T16:08:10.400000,9.744134773949122
2015-03-26T16:08:10.500000,9.73801597929119
2015-03-26T16:08:10.600000,9.731121061429024
2015-03-26T16:08:10.700000,9.718751417966644
2015-03-26T16:08:10.800000,9.721101863987316
2015-03-26T16:08:10.900000,9.726126934419533
2015-03-26T16:08:11.000000,9.733709297326229
2015-03-26T16:08:11.100000,9.751444463917675
2015-03-26T16:08:11.200000,9.742500277631684
2015-03-26T16:08:11.300000,9.731298261797264
2015-03-26T16:08:11.400000,9.745871427086986
2015-03-26T16:08:11.500000,9.76805774829847
2015-03-26T16:08:11.600000,9.757465954703614
2015-03-26T16:08:11.700000,9.73796343205908
2015-03-26T16:08:11.800000,9.731875832617748
2015-03-26T16:08:11.900000,9.731330236838607
2015-03-26T16:08:12.000000,9.743680822107317
2015-03-26T16:08:12.100000,9.753118386696736
2015-03-26T16:08:12.200000,9.741329618873207
2015-03-26T16:08:12.300000,9.725851652736974
2015-03-26T16:08:12.400000,9.751388711311762
2015-03-26T16:08:12.500000,9.758665908832416
2015-03-26T16:08:12.600000,9.76333991533794
2015-03-26T16:08:12.700000,9.76538314461946
2015-03-26T16:08:12.800000,9.748423431298312
2015-03-26T16:08:12.900000,9.747606125325945
2015-03-26T16:08:13.000000,9.762559991403151
2015-03-26T16:08:13.100000,9.760072694725764
2015-03-26T16:08:13.200000,9.752926904735002
2015-03-26T16:08:13.300000,9.76028239912766
2015-03-26T16:08:13.400000,9.739904135581549
2015-03-26T16:08:13.500000,9.73892704253967
2015-03-26T16:08:13.600000,9.758925095382535
2015-03-26T16:08:13.700000,9.734918078921329
2015-03-26T16:08:13.800000,9.740317193416043
2015-03-26T16:08:13.900000,9.752433666881574
2015-03-26T16:08:14.000000,9.755765417658614
2015-03-26T16:08:14.100000,9.758283244756823
2015-03-26T16:08:14.200000,9.73707699526578
2015-03-26T16:08:14.300000,9.734621363705646
2015-03-26T16:08:14.400000,9.760150414749273
2015-03-26T16:08:14.500000,9.770210617339526
2015-03-26T16:08:14.600000,9.75851156765622
2015-03-26T16:08:14.700000,9.735197691635834
2015-03-26T16:08:14.800000,9.740294586834969
2015-03-26T16:08:14.900000,9.745353906558565
2015-03-26T16:08:15.000000,9.735798628430803
2015-03-26T16:08:15.100000,9.732830626959233
2015-03-26T16:08:15.200000,9.735432507159542
2015-03-26T16:08:15.300000,9.734646346109566
2015-03-26T16:08:15.400000,9.760416705409025
2015-03-26T16:08:15.500000,9.756194110204122
2015-03-26T16:08:15.600000,9.71919720091084
2015-03-26T16:08:15.700000,9.734967440881825
2015-03-26T16:08:15.800000,9.7352125589473
2015-03-26T16:08:15.900000,9.724612835979316
2015-03-26T16:08:16.000000,9.718457041815684
2015-03-26T16:08:16.100000,9.721938995510612
2015-03-26T16:08:16.200000,9.732395345353664
2015-03-26T16:08:16.300000,9.733249991259006
2015-03-26T16:08:16.400000,9.729239339358172
2015-03-26T16:08:16.500000,9.707224277610576
2015-03-26T16:08:16.600000,9.705716848890775
2015-03-26T16:08:16.700000,9.721646998297688
2015-03-26T16:08:16.800000,9.7196294393884
2015-03-26T16:08:16.900000,9.73265282282886
2015-03-26T16:08:17.000000,9.750876845293746
2015-03-26T16:08:17.100000,9.760802475222349
2015-03-26T16:08:17.200000,9.764458031317236
2015-03-26T16:08:17.300000,9.765918706270227
2015-03-26T16:08:17.400000,9.759451402582606
2015-03-26T16:08:17.500000,9.76676801177192
2015-03-26T16:08:17.600000,9.770984483587617
2015-03-26T16:08:17.700000,9.759012991779937
2015-03-26T16:08:17.800000,9.755117701794314
2015-03-26T16:08:17.900000,9.753180854852596
2015-03-26T16:08:18.000000,9.756482198401022
2015-03-26T16:08:18.100000,9.78025351863772
2015-03-26T16:08:18.200000,9.802509958334376
2015-03-26T16:08:18.300000,9.808667866052495
2015-03-26T16:08:18.400000,9.80243732454965
2015-03-26T16:08:18.500000,9.775053712687692
2015-03-26T16:08:18.600000,9.77090586398864
2015-03-26T16:08:18.700000,9.779962859006144
2015-03-26T16:08:18.800000,9.772354993885994
2015-03-26T16:08:18.900000,9.783225072020606
2015-03-26T16:08:19.000000,9.785426103975835
2015-03-26T16:08:19.100000,9.77054901824169
2015-03-26T16:08:19.200000,9.767783868205102
2015-03-26T16:08:19.300000,9.777025701268318
2015-03-26T16:08:19.400000,9.767401302040222
2015-03-26T16:08:19.500000,9.750115649800431
2015-03-26T16:08:19.600000,9.778880699361418
2015-03-26T16:08:19.700000,9.778512940876327
2015-03-26T16:08:19.800000,9.764365641724654
2015-03-26T16:08:19.900000,9.770745538096428
2015-03-26T16:08:20.000000,9.769790767455948
2015-03-26T16:08:20.100000,9.777182818519778
2015-03-26T16:08:20.200000,9.759271341287675
2015-03-26T16:08:20.300000,9.746640958352636
2015-03-26T16:08:20.400000,9.74911938255176
2015-03-26T16:08:20.500000,9.743055696862015
2015-03-26T16:08:20.600000,9.745428205092434
2015-03-26T16:08:20.700000,9.723152354590203
2015-03-26T16:08:20.800000,9.737842783883965
2015-03-26T16:08:20.900000,9.739252433492728
2015-03-26T16:08:21.000000,9.725799008210426
2015-03-26T16:08:21.100000,9.70515753844112
2015-03-26T16:08:21.200000,9.689340065876948
2015-03-26T16:08:21.300000,9.722577790369868
2015-03-26T16:08:21.400000,9.726882193478582
2015-03-26T16:08:21.500000,9.719974815279391
2015-03-26T16:08:21.600000,9.698415348966302
2015-03-26T16:08:21.700000,9.678348324386445
2015-03-26T16:08:21.800000,9.691568334298172
2015-03-26T16:08:21.900000,9.700359074177342
2015-03-26T16:08:22.000000,9.700561196310126
2015-03-26T16:08:22.100000,9.716398589554172
2015-03-26T16:08:22.200000,9.68946511381733
2015-03-26T16:08:22.300000,9.707627660961291
2015-03-26T16:08:22.400000,9.730758054718224
2015-03-26T16:08:22.500000,9.70578667432452
2015-03-26T16:08:22.600000,9.725788959388876
2015-03-26T16:08:22.700000,9.738561327002444
2015-03-26T16:08:22.800000,9.75352759993712
2015-03-26T16:08:22.900000,9.764123702351329
2015-03-26T16:08:23.000000,9.75536304332404
2015-03-26T16:08:23.100000,9.755819399561728
2015-03-26T16:08:23.200000,9.77816482987639
2015-03-26T16:08:23.300000,9.775604417661633
2015-03-26T16:08:23.400000,9.76946858442916
2015-03-26T16:08:23.500000,9.770334902915083
2015-03-26T16:08:23.600000,9.757977975793224
2015-03-26T16:08:23.700000,9.76117292002803
2015-03-26T16:08:23.800000,9.773559274929395
2015-03-26T16:08:23.900000,9.771353767356032
2015-03-26T16:08:24.000000,9.775814381887969
2015-03-26T16:08:24.100000,9.790021350512456
2015-03-26T16:08:24.200000,9.791508028778244
2015-03-26T16:08:24.300000,9.775704979279936
2015-03-26T16:08:24.400000,9.758823957928696
2015-03-26T16:08:24.500000,9.77134758286638
2015-03-26T16:08:24.600000,9.771954563714576
2015-03-26T16:08:24.700000,9.779694911902746
2015-03-26T16:08:24.800000,9.781672323354876
2015-03-26T16:08:24.900000,9.781063284076522
2015-03-26T16:08:25.000000,9.782375395068042
2015-03-26T16:08:25.100000,9.78355591244236
2015-03-26T16:08:25.200000,9.76300293546575
2015-03-26T16:08:25.300000,9.742925995053149
2015-03-26T16:08:25.400000,9.742254737530889
2015-03-26T16:08:25.500000,9.738953329848249
2015-03-26T16:08:25.600000,9.74804833968084
2015-03-26T16:08:25.700000,9.754744107694211
2015-03-26T16:08:25.800000,9.735299292997071
2015-03-26T16:08:25.900000,9.720707171175256
2015-03-26T16:08:26.000000,9.738014046776987
2015-03-26T16:08:26.100000,9.737536430756276
2015-03-26T16:08:26.200000,9.724501849652944
2015-03-26T16:08:26.300000,9.737113800486368
2015-03-26T16:08:26.400000,9.769679895434232
2015-03-26T16:08:26.500000,9.764470473722708
2015-03-26T16:08:26.600000,9.75219572142298
2015-03-26T16:08:26.700000,9.760125863717024
2015-03-26T16:08:26.800000,9.740848326518702
2015-03-26T16:08:26.900000,9.732575257793808
2015-03-26T16:08:27.000000,9.73496617303085
2015-03-26T16:08:27.100000,9.75040113995573
2015-03-26T16:08:27.200000,9.73020122908082
2015-03-26T16:08:27.300000,9.726326525614043
2015-03-26T16:08:27.400000,9.72586417044227
2015-03-26T16:08:27.500000,9.73077006078816
2015-03-26T16:08:27.600000,9.742583863564136
2015-03-26T16:08:27.700000,9.734200006752314
2015-03-26T16:08:27.800000,9.723806847776036
2015-03-26T16:08:27.900000,9.707728989068498
2015-03-26T16:08:28.000000,9.724553984998115
2015-03-26T16:08:28.100000,9.75102181023133
2015-03-26T16:08:28.200000,9.755497630772435
2015-03-26T16:08:28.300000,9.749404939009992
2015-03-26T16:08:28.400000,9.744313658866805
2015-03-26T16:08:28.500000,9.733596496290415
2015-03-26T16:08:28.600000,9.727271445488194
2015-03-26T16:08:28.700000,9.739843479190426
2015-03-26T16:08:28.800000,9.746168731954787
2015-03-26T16:08:28.900000,9.755647866470202
2015-03-26T16:08:29.000000,9.767053488930175
2015-03-26T16:08:29.100000,9.743577249303064
2015-03-26T16:08:29.200000,9.743272004338175
2015-03-26T16:08:29.300000,9.74220642569665
2015-03-26T16:08:29.400000,9.746362597748334
2015-03-26T16:08:29.500000,9.746067303067427
2015-03-26T16:08:29.600000,9.727700365031351
2015-03-26T16:08:29.700000,9.749621929616078
2015-03-26T16:08:29.800000,9.76078434941132
2015-03-26T16:08:29.900000,9.750477262451817
2015-03-26T16:08:30.000000,9.75842511766226
2015-03-26T16:08:30.100000,9.761454685853574
2015-03-26T16:08:30.200000,9.758722913537946
2015-03-26T16:08:30.300000,9.75274221775823
2015-03-26T16:08:30.400000,9.769437952797071
2015-03-26T16:08:30.500000,9.762196397968983
2015-03-26T16:08:30.600000,9.722821558415085
2015-03-26T16:08:30.700000,9.72465279543558
2015-03-26T16:08:30.800000,9.739829651777386
2015-03-26T16:08:30.900000,9.752477267599795
2015-03-26T16:08:31.000000,9.753450442468017
2015-03-26T16:08:31.100000,9.744346288121095
2015-03-26T16:08:31.200000,9.736851311140454
2015-03-26T16:08:31.300000,9.736250995733828
2015-03-26T16:08:31.400000,9.768854413037328
2015-03-26T16:08:31.500000,9.790709330590545
2015-03-26T16:08:31.600000,9.75353937720419
2015-03-26T16:08:31.700000,9.730575688678138
2015-03-26T16:08:31.800000,9.74894625581399
2015-03-26T16:08:31.900000,9.753635837398177
2015-03-26T16:08:32.000000,9.742330119563777
2015-03-26T16:08:32.100000,9.746577068220184
2015-03-26T16:08:32.200000,9.747940156771566
2015-03-26T16:08:32.300000,9.738016408782563
2015-03-26T16:08:32.400000,9.730725116907086
2015-03-26T16:08:32.500000,9.72915317921654
2015-03-26T16:08:32.600000,9.737141203895511
2015-03-26T16:08:32.700000,9.75542434018179
2015-03-26T16:08:32.800000,9.760136646608554
2015-03-26T16:08:32.900000,9.723783194120934
2015-03-26T16:08:33.000000,9.713172107631747
2015-03-26T16:08:33.100000,9.72014074937186
2015-03-26T16:08:33.200000,9.719616048369502
2015-03-26T16:08:33.300000,9.743767081023922
2015-03-26T16:08:33.400000,9.730178002438128
2015-03-26T16:08:33.500000,9.71481598737346
2015-03-26T16:08:33.600000,9.730772894443207
2015-03-26T16:08:33.700000,9.74332540457487
2015-03-26T16:08:33.800000,9.725911377936804
2015-03-26T16:08:33.900000,9.727232576085864
2015-03-26T16:08:34.000000,9.720183508353776
2015-03-26T16:08:34.100000,9.701684934358015
2015-03-26T16:08:34.200000,9.7227319629424
2015-03-26T16:08:34.300000,9.742688997533644
2015-03-26T16:08:34.400000,9.742177086868162
2015-03-26T16:08:34.500000,9.721002420603549
2015-03-26T16:08:34.600000,9.719586676504267
2015-03-26T16:08:34.700000,9.735433257130124
2015-03-26T16:08:34.800000,9.74316067711128
2015-03-26T16:08:34.900000,9.731463883051513
2015-03-26T16:08:35.000000,9.736615402166503
2015-03-26T16:08:35.100000,9.7557312879325
2015-03-26T16:08:35.200000,9.76926586556704
2015-03-26T16:08:35.300000,9.760815030174104
2015-03-26T16:08:35.400000,9.758746918495714
2015-03-26T16:08:35.500000,9.763023937626048
2015-03-26T16:08:35.600000,9.761854555280555
2015-03-26T16:08:35.700000,9.756324667118507
2015-03-26T16:08:35.800000,9.773596131119254
2015-03-26T16:08:35.900000,9.78026314087608
2015-03-26T16:08:36.000000,9.75950484160499
2015-03-26T16:08:36.100000,9.741190834920756
2015-03-26T16:08:36.200000,9.750099940710252
2015-03-26T16:08:36.300000,9.770003483079009
2015-03-26T16:08:36.400000,9.76776924098684
2015-03-26T16:08:36.500000,9.76447278083694
2015-03-26T16:08:36.600000,9.766533652502105
2015-03-26T16:08:36.700000,9.755500948377726
2015-03-26T16:08:36.800000,9.752598001385527
2015-03-26T16:08:36.900000,9.76755386082286
2015-03-26T16:08:37.000000,9.766545689075782
2015-03-26T16:08:37.100000,9.75344537164703
2015-03-26T16:08:37.200000,9.744738308998752
2015-03-26T16:08:37.300000,9.732230142191272
2015-03-26T16:08:37.400000,9.745138771057787
2015-03-26T16:08:37.500000,9.76051595416609
2015-03-26T16:08:37.600000,9.75193727754202
2015-03-26T16:08:37.700000,9.758393816856309
2015-03-26T16:08:37.800000,9.762642415686209
2015-03-26T16:08:37.900000,9.743964011981484
2015-03-26T16:08:38.000000,9.720639129694188
2015-03-26T16:08:38.100000,9.719406279406542
2015-03-26T16:08:38.200000,9.740510174506603
2015-03-26T16:08:38.300000,9.763028748684066
2015-03-26T16:08:38.400000,9.764485361246544
2015-03-26T16:08:38.500000,9.75369845526784
2015-03-26T16:08:38.600000,9.747092969121615
2015-03-26T16:08:38.700000,9.73502676343036
2015-03-26T16:08:38.800000,9.733225926043897
2015-03-26T16:08:38.900000,9.745674292966156
2015-03-26T16:08:39.000000,9.74007434564482
2015-03-26T16:08:39.100000,9.731751839791237
2015-03-26T16:08:39.200000,9.744034630693912
2015-03-26T16:08:39.300000,9.753687278446254
2015-03-26T16:08:39.400000,9.762280818468186
2015-03-26T16:08:39.500000,9.74686096399756
2015-03-26T16:08:39.600000,9.715231668165288
2015-03-26T16:08:39.700000,9.72139768420061
2015-03-26T16:08:39.800000,9.73839187048244
2015-03-26T16:08:39.900000,9.73448385019534
2015-03-26T16:08:40.000000,9.72432308609906
2015-03-26T16:08:40.100000,9.732458586999911
2015-03-26T16:08:40.200000,9.726578159416343
2015-03-26T16:08:40.300000,9.734497298660438
2015-03-26T16:08:40.400000,9.752750233676572
2015-03-26T16:08:40.500000,9.735971272006983
2015-03-26T16:08:40.600000,9.737326624943698
2015-03-26T16:08:40.700000,9.73298642529044
2015-03-26T16:08:40.800000,9.72786016379986
2015-03-26T16:08:40.900000,9.747591083107794
2015-03-26T16:08:41.000000,9.762027290969767
2015-03-26T16:08:41.100000,9.774218512389313
2015-03-26T16:08:41.200000,9.7738455319312
2015-03-26T16:08:41.300000,9.761406904240069
2015-03-26T16:08:41.400000,9.781374528108897
2015-03-26T16:08:41.500000,9.78499584707542
2015-03-26T16:08:41.600000,9.757396882602745
2015-03-26T16:08:41.700000,9.737146599024028
2015-03-26T16:08:41.800000,9.73802241834156
2015-03-26T16:08:41.900000,9.741002275323597
2015-03-26T16:08:42.000000,9.740369330655476
2015-03-26T16:08:42.100000,9.743295681187115
2015-03-26T16:08:42.200000,9.76801057419528
2015-03-26T16:08:42.300000,9.78656046517822
2015-03-26T16:08:42.400000,9.758768517523048
2015-03-26T16:08:42.500000,9.753752266348306
2015-03-26T16:08:42.600000,9.747055917827348
2015-03-26T16:08:42.700000,9.752712208611928
2015-03-26T16:08:42.800000,9.763445386900507
2015-03-26T16:08:42.900000,9.73209031176197
2015-03-26T16:08:43.000000,9.723526757950294
2015-03-26T16:08:43.100000,9.747248117058474
2015-03-26T16:08:43.200000,9.763298628978704
2015-03-26T16:08:43.300000,9.749932462696222
2015-03-26T16:08:43.400000,9.745729832007584
2015-03-26T16:08:43.500000,9.769219398130511
2015-03-26T16:08:43.600000,9.774153311850874
2015-03-26T16:08:43.700000,9.766444393496606
2015-03-26T16:08:43.800000,9.77129229909904
2015-03-26T16:08:43.900000,9.740812572133132
2015-03-26T16:08:44.000000,9.73237808221656
2015-03-26T16:08:44.100000,9.749400079462353
2015-03-26T16:08:44.200000,9.752720635994956
2015-03-26T16:08:44.300000,9.757425715430044
2015-03-26T16:08:44.400000,9.733294832012165
2015-03-26T16:08:44.500000,9.73003356516196
2015-03-26T16:08:44.600000,9.756720334236734
2015-03-26T16:08:44.700000,9.746207284870572
2015-03-26T16:08:44.800000,9.725717026495747
2015-03-26T16:08:44.900000,9.73098078961503
2015-03-26T16:08:45.000000,9.726039294887713
2015-03-26T16:08:45.100000,9.72306568770112
2015-03-26T16:08:45.200000,9.746180132404024
2015-03-26T16:08:45.300000,9.748190612991406
2015-03-26T16:08:45.400000,9.741475568204637
2015-03-26T16:08:45.500000,9.739709329777527
2015-03-26T16:08:45.600000,9.749987972971804
2015-03-26T16:08:45.700000,9.74823639794791
2015-03-26T16:08:45.800000,9.74032570842934
2015-03-26T16:08:45.900000,9.731046653299346
2015-03-26T16:08:46.000000,9.728215826934816
2015-03-26T16:08:46.100000,9.746623334289614
2015-03-26T16:08:46.200000,9.738964678217435
2015-03-26T16:08:46.300000,9.725024559332669
2015-03-26T16:08:46.400000,9.726432856498946
2015-03-26T16:08:46.500000,9.719031727187486
2015-03-26T16:08:46.600000,9.71716076705972
2015-03-26T16:08:46.700000,9.747119547591304
2015-03-26T16:08:46.800000,9.747263713613322
2015-03-26T16:08:46.900000,9.72091925704238
2015-03-26T16:08:47.000000,9.725919742613794
2015-03-26T16:08:47.100000,9.724258494582925
2015-03-26T16:08:47.200000,9.766901775869474
2015-03-26T16:08:47.300000,9.774109191630645
2015-03-26T16:08:47.400000,9.720047770235611
2015-03-26T16:08:47.500000,9.710649875059817
2015-03-26T16:08:47.600000,9.725691938147651
2015-03-26T16:08:47.700000,9.75352387248268
2015-03-26T16:08:47.800000,9.761515908979636
2015-03-26T16:08:47.900000,9.749726883558054
2015-03-26T16:08:48.000000,9.74298879364838
2015-03-26T16:08:48.100000,9.75425207025363
2015-03-26T16:08:48.200000,9.765320015276416
2015-03-26T16:08:48.300000,9.751398714272442
2015-03-26T16:08:48.400000,9.751423421842556
2015-03-26T16:08:48.500000,9.752744357871784
2015-03-26T16:08:48.600000,9.763640977530397
2015-03-26T16:08:48.700000,9.755225102435167
2015-03-26T16:08:48.800000,9.74709906340394
2015-03-26T16:08:48.900000,9.754573742038954
2015-03-26T16:08:49.000000,9.742406338816489
2015-03-26T16:08:49.100000,9.75219598929356
2015-03-26T16:08:49.200000,9.757770134026195
2015-03-26T16:08:49.300000,9.76080233664756
2015-03-26T16:08:49.400000,9.75529778989286
2015-03-26T16:08:49.500000,9.751000188134965
2015-03-26T16:08:49.600000,9.766522909337878
2015-03-26T16:08:49.700000,9.761214759887766
2015-03-26T16:08:49.800000,9.737111697642783
2015-03-26T16:08:49.900000,9.736370222399144
2015-03-26T16:08:50.000000,9.749571694901896
2015-03-26T16:08:50.100000,9.744713913610331
2015-03-26T16:08:50.200000,9.739826870088036
2015-03-26T16:08:50.300000,9.752678088534106
2015-03-26T16:08:50.400000,9.764591639931904
2015-03-26T16:08:50.500000,9.758680145137642
2015-03-26T16:08:50.600000,9.730745399700035
2015-03-26T16:08:50.700000,9.738029397003269
2015-03-26T16:08:50.800000,9.755503750380974
2015-03-26T16:08:50.900000,9.73274653746492
2015-03-26T16:08:51.000000,9.719116305741611
2015-03-26T16:08:51.100000,9.742022403914705
2015-03-26T16:08:51.200000,9.751646508945278
2015-03-26T16:08:51.300000,9.750963840771735
2015-03-26T16:08:51.400000,9.74911564565382
2015-03-26T16:08:51.500000,9.749564598573862
2015-03-26T16:08:51.600000,9.750014667879334
2015-03-26T16:08:51.700000,9.730901830901614
2015-03-26T16:08:51.800000,9.707644554373111
2015-03-26T16:08:51.900000,9.728691311260068
2015-03-26T16:08:52.000000,9.737566863006736
2015-03-26T16:08:52.100000,9.723403541272496
2015-03-26T16:08:52.200000,9.715727817735177
2015-03-26T16:08:52.300000,9.735360264519269
2015-03-26T16:08:52.400000,9.74590711957316
2015-03-26T16:08:52.500000,9.743238335159065
2015-03-26T16:08:52.600000,9.74491801384291
2015-03-26T16:08:52.700000,9.746100901699702
2015-03-26T16:08:52.800000,9.74264836418493
2015-03-26T16:08:52.900000,9.762443959034812
2015-03-26T16:08:53.000000,9.765009500302016
2015-03-26T16:08:53.100000,9.743188735498691
2015-03-26T16:08:53.200000,9.73516053111569
2015-03-26T16:08:53.300000,9.76499642851346
2015-03-26T16:08:53.400000,9.801679748425666
2015-03-26T16:08:53.500000,9.803979323767932
2015-03-26T16:08:53.600000,9.776137895250196
2015-03-26T16:08:53.700000,9.773603266323184
2015-03-26T16:08:53.800000,9.7529931270248
2015-03-26T16:08:53.900000,9.754195809784182
2015-03-26T16:08:54.000000,9.749263118544585
2015-03-26T16:08:54.100000,9.759255864990664
2015-03-26T16:08:54.200000,9.791629085898888
2015-03-26T16:08:54.300000,9.761858192488686
2015-03-26T16:08:54.400000,9.74401441171712
2015-03-26T16:08:54.500000,9.75233338112397
2015-03-26T16:08:54.600000,9.767739867494972
2015-03-26T16:08:54.700000,9.751316630115982
2015-03-26T16:08:54.800000,9.729741144036284
2015-03-26T16:08:54.900000,9.75218167634617
2015-03-26T16:08:55.000000,9.75605188835481
2015-03-26T16:08:55.100000,9.75505699476894
2015-03-26T16:08:55.200000,9.76222973751875
2015-03-26T16:08:55.300000,9.76673965580984
2015-03-26T16:08:55.400000,9.750153974534932
2015-03-26T16:08:55.500000,9.749446838331853
2015-03-26T16:08:55.600000,9.764496749694818
2015-03-26T16:08:55.700000,9.762111034244528
2015-03-26T16:08:55.800000,9.748346788452464
2015-03-26T16:08:55.900000,9.7477277645487
2015-03-26T16:08:56.000000,9.764559499190156
2015-03-26T16:08:56.100000,9.767334358996182
2015-03-26T16:08:56.200000,9.779755846570056
2015-03-26T16:08:56.300000,9.78332585340475
2015-03-26T16:08:56.400000,9.78698061010115
2015-03-26T16:08:56.500000,9.778664518048313
2015-03-26T16:08:56.600000,9.762707989247705
2015-03-26T16:08:56.700000,9.762389011679762
2015-03-26T16:08:56.800000,9.760786292811783
2015-03-26T16:08:56.900000,9.76424390738152
2015-03-26T16:08:57.000000,9.748267252043586
2015-03-26T16:08:57.100000,9.759980470240002
2015-03-26T16:08:57.200000,9.75644795165841
2015-03-26T16:08:57.300000,9.727316833006435
2015-03-26T16:08:57.400000,9.719476778748882
2015-03-26T16:08:57.500000,9.712733470229328
2015-03-26T16:08:57.600000,9.733110977225786
2015-03-26T16:08:57.700000,9.740712781590798
2015-03-26T16:08:57.800000,9.721864064838226
2015-03-26T16:08:57.900000,9.707634873801153
2015-03-26T16:08:58.000000,9.733265556678395
2015-03-26T16:08:58.100000,9.738567985303614
2015-03-26T16:08:58.200000,9.735573276827092
2015-03-26T16:08:58.300000,9.75220902407196
2015-03-26T16:08:58.400000,9.726433141924485
2015-03-26T16:08:58.500000,9.717703366722018
2015-03-26T16:08:58.600000,9.740044635126027
2015-03-26T16:08:58.700000,9.73051675449308
2015-03-26T16:08:58.800000,9.722356280995475
2015-03-26T16:08:58.900000,9.73891618186861
2015-03-26T16:08:59.000000,9.751295827062416
2015-03-26T16:08:59.100000,9.74352448531216
2015-03-26T16:08:59.200000,9.726351617227897
2015-03-26T16:08:59.300000,9.733401956820789
2015-03-26T16:08:59.400000,9.73063055651395
2015-03-26T16:08:59.500000,9.745018115233137
2015-03-26T16:08:59.600000,9.749708524672318
2015-03-26T16:08:59.700000,9.727734563660986
2015-03-26T16:08:59.800000,9.753514142363098
2015-03-26T16:08:59.900000,9.766328222063423
2015-03-26T16:09:00.000000,9.721240976727964
2015-03-26T16:09:00.100000,9.706105619817428
2015-03-26T16:09:00.200000,9.727580411949534
2015-03-26T16:09:00.300000,9.746537870128186
2015-03-26T16:09:00.400000,9.748774348886618
2015-03-26T16:09:00.500000,9.734045351161402
2015-03-26T16:09:00.600000,9.72194286242459
2015-03-26T16:09:00.700000,9.740942019438538
2015-03-26T16:09:00.800000,9.747845227771297
2015-03-26T16:09:00.900000,9.753604016075732
2015-03-26T16:09:01.000000,9.756454290869042
2015-03-26T16:09:01.100000,9.750656733639058
2015-03-26T16:09:01.200000,9.76443157608302
2015-03-26T16:09:01.300000,9.767985960553766
2015-03-26T16:09:01.400000,9.75040643377426
2015-03-26T16:09:01.500000,9.759081339695962
2015-03-26T16:09:01.600000,9.764715643650364
2015-03-26T16:09:01.700000,9.75052666232614
2015-03-26T16:09:01.800000,9.78340129051247
2015-03-26T16:09:01.900000,9.803836980420687
2015-03-26T16:09:02.000000,9.778818089027538
2015-03-26T16:09:02.100000,9.769126043360286
2015-03-26T16:09:02.200000,9.769976676698104
2015-03-26T16:09:02.300000,9.756252228835548
2015-03-26T16:09:02.400000,9.74490175029389
2015-03-26T16:09:02.500000,9.75246719164365
2015-03-26T16:09:02.600000,9.753024614153691
2015-03-26T16:09:02.700000,9.750715958849073
2015-03-26T16:09:02.800000,9.759761187787577
2015-03-26T16:09:02.900000,9.765846989965418
2015-03-26T16:09:03.000000,9.753181439630367
2015-03-26T16:09:03.100000,9.767994402015088
2015-03-26T16:09:03.200000,9.784422963696995
2015-03-26T16:09:03.300000,9.77126861702652
2015-03-26T16:09:03.400000,9.757315824473922
2015-03-26T16:09:03.500000,9.752169535118153
2015-03-26T16:09:03.600000,9.756783485104274
2015-03-26T16:09:03.700000,9.767100227989532
2015-03-26T16:09:03.800000,9.759452218937827
2015-03-26T16:09:03.900000,9.728681682435518
2015-03-26T16:09:04.000000,9.728224858594537
2015-03-26T16:09:04.100000,9.72385447389151
2015-03-26T16:09:04.200000,9.733300921451312
2015-03-26T16:09:04.300000,9.748188365294515
2015-03-26T16:09:04.400000,9.742298803689993
2015-03-26T16:09:04.500000,9.727305330592207
2015-03-26T16:09:04.600000,9.73076941518823
2015-03-26T16:09:04.700000,9.735506710855637
2015-03-26T16:09:04.800000,9.737695440544556
2015-03-26T16:09:04.900000,9.730553400544284
2015-03-26T16:09:05.000000,9.709984883556183
2015-03-26T16:09:05.100000,9.725947876271354
2015-03-26T16:09:05.200000,9.725803435126512
2015-03-26T16:09:05.300000,9.720247497200846
2015-03-26T16:09:05.400000,9.72785805724992
2015-03-26T16:09:05.500000,9.73197504127404
2015-03-26T16:09:05.600000,9.740361489459987
2015-03-26T16:09:05.700000,9.718018445855146
2015-03-26T16:09:05.800000,9.70747661333292
2015-03-26T16:09:05.900000,9.71689368188153
2015-03-26T16:09:06.000000,9.722297011536112
2015-03-26T16:09:06.100000,9.721913689201727
2015-03-26T16:09:06.200000,9.726924261149057
2015-03-26T16:09:06.300000,9.723587281412511
2015-03-26T16:09:06.400000,9.728441406213973
2015-03-26T16:09:06.500000,9.751091886570237
2015-03-26T16:09:06.600000,9.751223034713632
2015-03-26T16:09:06.700000,9.753971279738408
2015-03-26T16:09:06.800000,9.776185605793886
2015-03-26T16:09:06.900000,9.766653176894543
2015-03-26T16:09:07.000000,9.737975681195335
2015-03-26T16:09:07.100000,9.73780726286974
2015-03-26T16:09:07.200000,9.753896222154468
2015-03-26T16:09:07.300000,9.747218946571424
2015-03-26T16:09:07.400000,9.742375496298225
2015-03-26T16:09:07.500000,9.756088107390536
2015-03-26T16:09:07.600000,9.7466417781088
2015-03-26T16:09:07.700000,9.731264660702614
2015-03-26T16:09:07.800000,9.74020267196552
2015-03-26T16:09:07.900000,9.749362333582695
2015-03-26T16:09:08.000000,9.75446606477258
2015-03-26T16:09:08.100000,9.787510262268576
2015-03-26T16:09:08.200000,9.79321478343368
2015-03-26T16:09:08.300000,9.765045588602266
2015-03-26T16:09:08.400000,9.777472179674014
2015-03-26T16:09:08.500000,9.780612089875374
2015-03-26T16:09:08.600000,9.76064971270329
2015-03-26T16:09:08.700000,9.77510411691548
2015-03-26T16:09:08.800000,9.77988682850996
2015-03-26T16:09:08.900000,9.763600788671276
2015-03-26T16:09:09.000000,9.774628262810063
2015-03-26T16:09:09.100000,9.772540393194618
2015-03-26T16:09:09.200000,9.755219265726671
2015-03-26T16:09:09.300000,9.752347730317757
2015-03-26T16:09:09.400000,9.75733422178995
2015-03-26T16:09:09.500000,9.740985854260712
2015-03-26T16:09:09.600000,9.74409487332772
2015-03-26T16:09:09.700000,9.760363522234776
2015-03-26T16:09:09.800000,9.754115180182414
2015-03-26T16:09:09.900000,9.736012063770993
2015-03-26T16:09:10.000000,9.715311262427583
2015-03-26T16:09:10.100000,9.71058028612624
2015-03-26T16:09:10.200000,9.740236223865928
2015-03-26T16:09:10.300000,9.759437449919478
2015-03-26T16:09:10.400000,9.708201733544586
2015-03-26T16:09:10.500000,9.6816314908869
2015-03-26T16:09:10.600000,9.718820655255549
2015-03-26T16:09:10.700000,9.742232981470424
2015-03-26T16:09:10.800000,9.729386429319002
2015-03-26T16:09:10.900000,9.721562224290048
2015-03-26T16:09:11.000000,9.71950635329499
2015-03-26T16:09:11.100000,9.705748950811833
2015-03-26T16:09:11.200000,9.69669979343099
2015-03-26T16:09:11.300000,9.71244206334102
2015-03-26T16:09:11.400000,9.728659409984049
2015-03-26T16:09:11.500000,9.735160370897844
2015-03-26T16:09:11.600000,9.725251356151478
2015-03-26T16:09:11.700000,9.71065130829026
2015-03-26T16:09:11.800000,9.716473296386315
2015-03-26T16:09:11.900000,9.72160731430173
2015-03-26T16:09:12.000000,9.746880939396087
2015-03-26T16:09:12.100000,9.762046998966069
2015-03-26T16:09:12.200000,9.751468292557332
2015-03-26T16:09:12.300000,9.746220922372013
2015-03-26T16:09:12.400000,9.757768340308344
2015-03-26T16:09:12.500000,9.759192869918827
2015-03-26T16:09:12.600000,9.748141861618626
2015-03-26T16:09:12.700000,9.77054469709022
2015-03-26T16:09:12.800000,9.781664161398258
2015-03-26T16:09:12.900000,9.7861288052797
2015-03-26T16:09:13.000000,9.793688857434054
2015-03-26T16:09:13.100000,9.781593722737725
2015-03-26T16:09:13.200000,9.762007555173522
2015-03-26T16:09:13.300000,9.740098392361242
2015-03-26T16:09:13.400000,9.750272463983606
2015-03-26T16:09:13.500000,9.7738193765124
2015-03-26T16:09:13.600000,9.769933981605456
2015-03-26T16:09:13.700000,9.777708155861422
2015-03-26T16:09:13.800000,9.773146422645802
2015-03-26T16:09:13.900000,9.750584632216604
2015-03-26T16:09:14.000000,9.763750565276764
2015-03-26T16:09:14.100000,9.77620894387543
2015-03-26T16:09:14.200000,9.770464430399723
2015-03-26T16:09:14.300000,9.752674654854925
2015-03-26T16:09:14.400000,9.744844480774924
2015-03-26T16:09:14.500000,9.76087196134528
2015-03-26T16:09:14.600000,9.763607639158538
2015-03-26T16:09:14.700000,9.757430732466226
2015-03-26T16:09:14.800000,9.739260357384532
2015-03-26T16:09:14.900000,9.740889899921422
2015-03-26T16:09:15.000000,9.735682646413103
2015-03-26T16:09:15.100000,9.722727116838238
2015-03-26T16:09:15.200000,9.72307253827651
2015-03-26T16:09:15.300000,9.737197360280923
2015-03-26T16:09:15.400000,9.74868658718642
2015-03-26T16:09:15.500000,9.731416155261716
2015-03-26T16:09:15.600000,9.725654410739969
2015-03-26T16:09:15.700000,9.724594711675406
2015-03-26T16:09:15.800000,9.723402053720823
2015-03-26T16:09:15.900000,9.730002854090824
2015-03-26T16:09:16.000000,9.723151827952693
2015-03-26T16:09:16.100000,9.712699926059598
2015-03-26T16:09:16.200000,9.703865700610224
2015-03-26T16:09:16.300000,9.713166959514805
2015-03-26T16:09:16.400000,9.723976485344698
2015-03-26T16:09:16.500000,9.71698016823703
2015-03-26T16:09:16.600000,9.728750483295284
2015-03-26T16:09:16.700000,9.726188987258986
2015-03-26T16:09:16.800000,9.711455034505322
2015-03-26T16:09:16.900000,9.719672714093562
2015-03-26T16:09:17.000000,9.740835034984762
2015-03-26T16:09:17.100000,9.743368535281594
2015-03-26T16:09:17.200000,9.746008727203836
2015-03-26T16:09:17.300000,9.734330433604145
2015-03-26T16:09:17.400000,9.721015396922631
2015-03-26T16:09:17.500000,9.737279964940187
2015-03-26T16:09:17.600000,9.738699533049598
2015-03-26T16:09:17.700000,9.764724991761382
2015-03-26T16:09:17.800000,9.762207564859438
2015-03-26T16:09:17.900000,9.754732251531918
2015-03-26T16:09:18.000000,9.763095771258298
2015-03-26T16:09:18.100000,9.77665858833767
2015-03-26T16:09:18.200000,9.784296672388905
2015-03-26T16:09:18.300000,9.780707938175626
2015-03-26T16:09:18.400000,9.77844384089136
2015-03-26T16:09:18.500000,9.756995315163223
2015-03-26T16:09:18.600000,9.753364562230782
2015-03-26T16:09:18.700000,9.781023262270278
2015-03-26T16:09:18.800000,9.805431059928512
2015-03-26T16:09:18.900000,9.790041402695495
2015-03-26T16:09:19.000000,9.78359041613633
2015-03-26T16:09:19.100000,9.77818251267481
2015-03-26T16:09:19.200000,9.78214411396472
2015-03-26T16:09:19.300000,9.797631816263314
2015-03-26T16:09:19.400000,9.768054468975503
2015-03-26T16:09:19.500000,9.745830321129285
2015-03-26T16:09:19.600000,9.76640900656644
2015-03-26T16:09:19.700000,9.782422818601107
2015-03-26T16:09:19.800000,9.789205518575733
2015-03-26T16:09:19.900000,9.764622583590816
2015-03-26T16:09:20.000000,9.746540549208138
2015-03-26T16:09:20.100000,9.754509323938082
2015-03-26T16:09:20.200000,9.754599184006784
2015-03-26T16:09:20.300000,9.745862391785128
2015-03-26T16:09:20.400000,9.72322002163418
2015-03-26T16:09:20.500000,9.737784857929013
2015-03-26T16:09:20.600000,9.757109941029666
2015-03-26T16:09:20.700000,9.748808161402335
2015-03-26T16:09:20.800000,9.727429434671569
2015-03-26T16:09:20.900000,9.738598911428342
2015-03-26T16:09:21.000000,9.760909835146808
2015-03-26T16:09:21.100000,9.751414970352382
2015-03-26T16:09:21.200000,9.729460645877705
2015-03-26T16:09:21.300000,9.728566877708536
2015-03-26T16:09:21.400000,9.753474378569267
2015-03-26T16:09:21.500000,9.73401585056452
2015-03-26T16:09:21.600000,9.696833888258595
2015-03-26T16:09:21.700000,9.71454899602658
2015-03-26T16:09:21.800000,9.721348111508568
2015-03-26T16:09:21.900000,9.714395020569386
2015-03-26T16:09:22.000000,9.717120970075776
2015-03-26T16:09:22.100000,9.693792761669288
2015-03-26T16:09:22.200000,9.681585893295422
2015-03-26T16:09:22.300000,9.703857091907938
2015-03-26T16:09:22.400000,9.690204864374913
2015-03-26T16:09:22.500000,9.696599873222237
2015-03-26T16:09:22.600000,9.723094046764691
2015-03-26T16:09:22.700000,9.730117444085964
2015-03-26T16:09:22.800000,9.727787781753769
2015-03-26T16:09:22.900000,9.73396723682669
2015-03-26T16:09:23.000000,9.720835200939485
2015-03-26T16:09:23.100000,9.698554661969167
2015-03-26T16:09:23.200000,9.700814848358885
2015-03-26T16:09:23.300000,9.709345977685828
2015-03-26T16:09:23.400000,9.726067464261284
2015-03-26T16:09:23.500000,9.725683272402163
2015-03-26T16:09:23.600000,9.742387934025045
2015-03-26T16:09:23.700000,9.77343681728726
2015-03-26T16:09:23.800000,9.776230495623796
2015-03-26T16:09:23.900000,9.756962003284816
2015-03-26T16:09:24.000000,9.761667318336944
2015-03-26T16:09:24.100000,9.778720071858308
2015-03-26T16:09:24.200000,9.766104134990886
2015-03-26T16:09:24.300000,9.772814072394397
2015-03-26T16:09:24.400000,9.760463990801334
2015-03-26T16:09:24.500000,9.757286477610682
2015-03-26T16:09:24.600000,9.7728575222389
2015-03-26T16:09:24.700000,9.78126415657228
2015-03-26T16:09:24.800000,9.777362590850508
2015-03-26T16:09:24.900000,9.763861655221458
2015-03-26T16:09:25.000000,9.793972872757816
2015-03-26T16:09:25.100000,9.797965552687906
2015-03-26T16:09:25.200000,9.76951698353328
2015-03-26T16:09:25.300000,9.76245729463202
2015-03-26T16:09:25.400000,9.755003616351328
2015-03-26T16:09:25.500000,9.765443836138449
2015-03-26T16:09:25.600000,9.777567847279894
2015-03-26T16:09:25.700000,9.77530088984208
2015-03-26T16:09:25.800000,9.792194441718916
2015-03-26T16:09:25.900000,9.786285005971754
2015-03-26T16:09:26.000000,9.769191018610098
2015-03-26T16:09:26.100000,9.757569827859497
2015-03-26T16:09:26.200000,9.743249113213356
2015-03-26T16:09:26.300000,9.766839180230706
2015-03-26T16:09:26.400000,9.775413179179711
2015-03-26T16:09:26.500000,9.756669545020618
2015-03-26T16:09:26.600000,9.74992019684434
2015-03-26T16:09:26.700000,9.75641947577492
2015-03-26T16:09:26.800000,9.76906591201273
2015-03-26T16:09:26.900000,9.759802256856002
2015-03-26T16:09:27.000000,9.753732637979535
2015-03-26T16:09:27.100000,9.74633887029665
2015-03-26T16:09:27.200000,9.732259171912428
2015-03-26T16:09:27.300000,9.70835735712012
2015-03-26T16:09:27.400000,9.710194345884656
2015-03-26T16:09:27.500000,9.72052239977572
2015-03-26T16:09:27.600000,9.719990557016498
2015-03-26T16:09:27.700000,9.708561289237146
2015-03-26T16:09:27.800000,9.710533403314413
2015-03-26T16:09:27.900000,9.720044537522666
2015-03-26T16:09:28.000000,9.72568488646931
2015-03-26T16:09:28.100000,9.73588555650763
2015-03-26T16:09:28.200000,9.71635941353944
2015-03-26T16:09:28.300000,9.703445016482538
2015-03-26T16:09:28.400000,9.702652526975127
2015-03-26T16:09:28.500000,9.701389325242396
2015-03-26T16:09:28.600000,9.705821585584609
2015-03-26T16:09:28.700000,9.721621513011298
2015-03-26T16:09:28.800000,9.713715592844926
2015-03-26T16:09:28.900000,9.716529187322877
2015-03-26T16:09:29.000000,9.750230473638675
2015-03-26T16:09:29.100000,9.73661337015186
2015-03-26T16:09:29.200000,9.73284418243448
2015-03-26T16:09:29.300000,9.734517526390894
2015-03-26T16:09:29.400000,9.732358867011255
2015-03-26T16:09:29.500000,9.725172797734594
2015-03-26T16:09:29.600000,9.741270570132896
2015-03-26T16:09:29.700000,9.759273945409976
2015-03-26T16:09:29.800000,9.742926732392018
2015-03-26T16:09:29.900000,9.74418458339431
2015-03-26T16:09:30.000000,9.748403181437792
2015-03-26T16:09:30.100000,9.766626015110722
2015-03-26T16:09:30.200000,9.768248123373697
2015-03-26T16:09:30.300000,9.755988422576126
2015-03-26T16:09:30.400000,9.775283035410943
2015-03-26T16:09:30.500000,9.769550121032069
2015-03-26T16:09:30.600000,9.7649907026388
2015-03-26T16:09:30.700000,9.75773487584538
2015-03-26T16:09:30.800000,9.757363775100671
2015-03-26T16:09:30.900000,9.76315106152832
2015-03-26T16:09:31.000000,9.753617685633174
2015-03-26T16:09:31.100000,9.749298771137292
2015-03-26T16:09:31.200000,9.756520089842706
2015-03-26T16:09:31.300000,9.753855722165538
2015-03-26T16:09:31.400000,9.762298381812172
2015-03-26T16:09:31.500000,9.759621464735469
2015-03-26T16:09:31.600000,9.739304376575122
2015-03-26T16:09:31.700000,9.768531751220303
2015-03-26T16:09:31.800000,9.789118175326823
2015-03-26T16:09:31.900000,9.757348662539956
2015-03-26T16:09:32.000000,9.72905843596988
2015-03-26T16:09:32.100000,9.7267965068655
2015-03-26T16:09:32.200000,9.744175204374187
2015-03-26T16:09:32.300000,9.770960994206304
2015-03-26T16:09:32.400000,9.770027447652936
2015-03-26T16:09:32.500000,9.751395246400124
2015-03-26T16:09:32.600000,9.767814214786291
2015-03-26T16:09:32.700000,9.76306221541078
2015-03-26T16:09:32.800000,9.755864970764303
2015-03-26T16:09:32.900000,9.776383134104922
2015-03-26T16:09:33.000000,9.747582892549298
2015-03-26T16:09:33.100000,9.731899830179474
2015-03-26T16:09:33.200000,9.735935642912317
2015-03-26T16:09:33.300000,9.723110568999765
2015-03-26T16:09:33.400000,9.729695873279567
2015-03-26T16:09:33.500000,9.733970089629098
2015-03-26T16:09:33.600000,9.729729429479258
2015-03-26T16:09:33.700000,9.721148263754102
2015-03-26T16:09:33.800000,9.735049081023291
2015-03-26T16:09:33.900000,9.747832095436644
2015-03-26T16:09:34.000000,9.746972781744734
2015-03-26T16:09:34.100000,9.739807264997204
2015-03-26T16:09:34.200000,9.7512525301474
2015-03-26T16:09:34.300000,9.769630288138403
2015-03-26T16:09:34.400000,9.740307443077576
2015-03-26T16:09:34.500000,9.719765275927603
2015-03-26T16:09:34.600000,9.73550507043965
2015-03-26T16:09:34.700000,9.749898541879269
2015-03-26T16:09:34.800000,9.770575005950576
2015-03-26T16:09:34.900000,9.763057834092631
2015-03-26T16:09:35.000000,9.75081329502336
2015-03-26T16:09:35.100000,9.765424827296073
2015-03-26T16:09:35.200000,9.76589809917414
2015-03-26T16:09:35.300000,9.740987212192092
2015-03-26T16:09:35.400000,9.74223798419352
2015-03-26T16:09:35.500000,9.739887863802874
2015-03-26T16:09:35.600000,9.735190251749982
2015-03-26T16:09:35.700000,9.75688862939156
2015-03-26T16:09:35.800000,9.761288598939352
2015-03-26T16:09:35.900000,9.753794087840472
2015-03-26T16:09:36.000000,9.751410047327743
2015-03-26T16:09:36.100000,9.748185967162897
2015-03-26T16:09:36.200000,9.757794546128498
2015-03-26T16:09:36.300000,9.755332098232058
2015-03-26T16:09:36.400000,9.73947587215188
2015-03-26T16:09:36.500000,9.74146323417999
2015-03-26T16:09:36.600000,9.760165178552608
2015-03-26T16:09:36.700000,9.775641044523534
2015-03-26T16:09:36.800000,9.75314830339134
2015-03-26T16:09:36.900000,9.759169697708847
2015-03-26T16:09:37.000000,9.779143079710105
2015-03-26T16:09:37.100000,9.741711812530736
2015-03-26T16:09:37.200000,9.721053464276046
2015-03-26T16:09:37.300000,9.737194585396225
2015-03-26T16:09:37.400000,9.750580406137852
2015-03-26T16:09:37.500000,9.745597408943745
2015-03-26T16:09:37.600000,9.73720418482766
2015-03-26T16:09:37.700000,9.745299660485507
2015-03-26T16:09:37.800000,9.749278432441772
2015-03-26T16:09:37.900000,9.752434440164611
2015-03-26T16:09:38.000000,9.72486506946552
2015-03-26T16:09:38.100000,9.73000307241036
2015-03-26T16:09:38.200000,9.741643837352218
2015-03-26T16:09:38.300000,9.720837881892416
2015-03-26T16:09:38.400000,9.723227644539934
2015-03-26T16:09:38.500000,9.724445065222165
2015-03-26T16:09:38.600000,9.734967472413542
2015-03-26T16:09:38.700000,9.75021595951203
2015-03-26T16:09:38.800000,9.74241586756613
2015-03-26T16:09:38.900000,9.728122212844804
2015-03-26T16:09:39.000000,9.728473211704292
2015-03-26T16:09:39.100000,9.74255696960803
2015-03-26T16:09:39.200000,9.75294988954454
2015-03-26T16:09:39.300000,9.745838558481465
2015-03-26T16:09:39.400000,9.74589578826969
2015-03-26T16:09:39.500000,9.74163710922514
2015-03-26T16:09:39.600000,9.718756689910892
2015-03-26T16:09:39.700000,9.737890048063024
2015-03-26T16:09:39.800000,9.74503916495042
2015-03-26T16:09:39.900000,9.743703281539036
2015-03-26T16:09:40.000000,9.756895730450228
2015-03-26T16:09:40.100000,9.76013233466406
2015-03-26T16:09:40.200000,9.735635919828267
2015-03-26T16:09:40.300000,9.737484448490518
2015-03-26T16:09:40.400000,9.743635683509105
2015-03-26T16:09:40.500000,9.728720808013124
2015-03-26T16:09:40.600000,9.72723845703196
2015-03-26T16:09:40.700000,9.74250781469839
2015-03-26T16:09:40.800000,9.76300612810144
2015-03-26T16:09:40.900000,9.7480313966918
2015-03-26T16:09:41.000000,9.740093410971031
2015-03-26T16:09:41.100000,9.743161165638565
2015-03-26T16:09:41.200000,9.750702721914925
2015-03-26T16:09:41.300000,9.738929643415403
2015-03-26T16:09:41.400000,9.729161723622934
2015-03-26T16:09:41.500000,9.747759315741591
2015-03-26T16:09:41.600000,9.757984360577495
2015-03-26T16:09:41.700000,9.776309325165276
2015-03-26T16:09:41.800000,9.787139413436943
2015-03-26T16:09:41.900000,9.793780151987406
2015-03-26T16:09:42.000000,9.778406380756952
2015-03-26T16:09:42.100000,9.748046220784325
2015-03-26T16:09:42.200000,9.733571246501254
2015-03-26T16:09:42.300000,9.747276858222952
2015-03-26T16:09:42.400000,9.759703050821685
2015-03-26T16:09:42.500000,9.751131869037955
2015-03-26T16:09:42.600000,9.753360596031555
2015-03-26T16:09:42.700000,9.755211955710548
2015-03-26T16:09:42.800000,9.756526704376045
2015-03-26T16:09:42.900000,9.76230326855682
2015-03-26T16:09:43.000000,9.73780169671317
2015-03-26T16:09:43.100000,9.755300214590402
2015-03-26T16:09:43.200000,9.78063627357133
2015-03-26T16:09:43.300000,9.755603091297392
2015-03-26T16:09:43.400000,9.754931725444004
2015-03-26T16:09:43.500000,9.765829334463348
2015-03-26T16:09:43.600000,9.76194867151735
2015-03-26T16:09:43.700000,9.75847535676276
2015-03-26T16:09:43.800000,9.765955813845713
2015-03-26T16:09:43.900000,9.767223961726971
2015-03-26T16:09:44.000000,9.768354848270988
2015-03-26T16:09:44.100000,9.764338341306653
2015-03-26T16:09:44.200000,9.770719719517176
2015-03-26T16:09:44.300000,9.766869417648468
2015-03-26T16:09:44.400000,9.744566595564164
2015-03-26T16:09:44.500000,9.75996769658963
2015-03-26T16:09:44.600000,9.775059947708556
2015-03-26T16:09:44.700000,9.76197639306277
2015-03-26T16:09:44.800000,9.744823457895526
2015-03-26T16:09:44.900000,9.731265654140833
2015-03-26T16:09:45.000000,9.731541849068678
2015-03-26T16:09:45.100000,9.741764939940127
2015-03-26T16:09:45.200000,9.734171434461445
2015-03-26T16:09:45.300000,9.728967299873196
2015-03-26T16:09:45.400000,9.741854376738033
2015-03-26T16:09:45.500000,9.742076715984371
2015-03-26T16:09:45.600000,9.717702712114091
2015-03-26T16:09:45.700000,9.74374381867201
2015-03-26T16:09:45.800000,9.760277311588752
2015-03-26T16:09:45.900000,9.740598539509952
2015-03-26T16:09:46.000000,9.737017924742991
2015-03-26T16:09:46.100000,9.74256547044405
2015-03-26T16:09:46.200000,9.739808000816971
2015-03-26T16:09:46.300000,9.736816384215617
2015-03-26T16:09:46.400000,9.742523808774
2015-03-26T16:09:46.500000,9.75769779907345
2015-03-26T16:09:46.600000,9.748377973751383
2015-03-26T16:09:46.700000,9.733693091968362
2015-03-26T16:09:46.800000,9.742581948957207
2015-03-26T16:09:46.900000,9.753054989830549
2015-03-26T16:09:47.000000,9.726935237043106
2015-03-26T16:09:47.100000,9.709646717329292
2015-03-26T16:09:47.200000,9.723241750825643
2015-03-26T16:09:47.300000,9.73978245620556
2015-03-26T16:09:47.400000,9.734642683083534
2015-03-26T16:09:47.500000,9.724117799633287
2015-03-26T16:09:47.600000,9.732417883701576
2015-03-26T16:09:47.700000,9.745131915992983
2015-03-26T16:09:47.800000,9.7492322005135
2015-03-26T16:09:47.900000,9.738620355862022
2015-03-26T16:09:48.000000,9.745862635783896
2015-03-26T16:09:48.100000,9.745290022470316
2015-03-26T16:09:48.200000,9.74209683452374
2015-03-26T16:09:48.300000,9.742309458264682
2015-03-26T16:09:48.400000,9.73138102845204
2015-03-26T16:09:48.500000,9.73550735742791
2015-03-26T16:09:48.600000,9.742945628677026
2015-03-26T16:09:48.700000,9.73957397802767
2015-03-26T16:09:48.800000,9.74464836485722
2015-03-26T16:09:48.900000,9.749436796445654
2015-03-26T16:09:49.000000,9.74370821940377
2015-03-26T16:09:49.100000,9.718789722660947
2015-03-26T16:09:49.200000,9.728776918139948
2015-03-26T16:09:49.300000,9.744045144718712
2015-03-26T16:09:49.400000,9.746172496519966
2015-03-26T16:09:49.500000,9.75815053248216
2015-03-26T16:09:49.600000,9.753998606529402
2015-03-26T16:09:49.700000,9.738924883506275
2015-03-26T16:09:49.800000,9.735829858694284
2015-03-26T16:09:49.900000,9.734955560660188
2015-03-26T16:09:50.000000,9.726156321580644
2015-03-26T16:09:50.100000,9.737639632931488
2015-03-26T16:09:50.200000,9.738657434129472
2015-03-26T16:09:50.300000,9.734887471087175
2015-03-26T16:09:50.400000,9.7336119511524
2015-03-26T16:09:50.500000,9.749821429611682
2015-03-26T16:09:50.600000,9.773207232751837
2015-03-26T16:09:50.700000,9.778241943570997
2015-03-26T16:09:50.800000,9.777918972865043
2015-03-26T16:09:50.900000,9.76627796885226
2015-03-26T16:09:51.000000,9.76333495977665
2015-03-26T16:09:51.100000,9.770058293658282
2015-03-26T16:09:51.200000,9.77803281340148
2015-03-26T16:09:51.300000,9.785005891710137
2015-03-26T16:09:51.400000,9.777074861416803
2015-03-26T16:09:51.500000,9.765403778936674
2015-03-26T16:09:51.600000,9.76779152792898
2015-03-26T16:09:51.700000,9.763286902751153
2015-03-26T16:09:51.800000,9.746780079895633
2015-03-26T16:09:51.900000,9.761146619565285
2015-03-26T16:09:52.000000,9.771654482132666
2015-03-26T16:09:52.100000,9.776431014767285
2015-03-26T16:09:52.200000,9.778984265489422
2015-03-26T16:09:52.300000,9.787840447327849
2015-03-26T16:09:52.400000,9.77711351417612
2015-03-26T16:09:52.500000,9.762726869644782
2015-03-26T16:09:52.600000,9.766820374219078
2015-03-26T16:09:52.700000,9.77178825072553
2015-03-26T16:09:52.800000,9.772976870871892
2015-03-26T16:09:52.900000,9.768573245296851
2015-03-26T16:09:53.000000,9.77034786912546
2015-03-26T16:09:53.100000,9.778301702517792
2015-03-26T16:09:53.200000,9.760458002948416
2015-03-26T16:09:53.300000,9.734616038947866
2015-03-26T16:09:53.400000,9.725278946262526
2015-03-26T16:09:53.500000,9.72390815905936
2015-03-26T16:09:53.600000,9.74346623097366
2015-03-26T16:09:53.700000,9.76611083500085
2015-03-26T16:09:53.800000,9.7702138410938
2015-03-26T16:09:53.900000,9.762631814351431
2015-03-26T16:09:54.000000,9.743866567364655
2015-03-26T16:09:54.100000,9.747835020141755
2015-03-26T16:09:54.200000,9.752338782032856
2015-03-26T16:09:54.300000,9.7230077445432
2015-03-26T16:09:54.400000,9.722121259076276
2015-03-26T16:09:54.500000,9.724964951962626
2015-03-26T16:09:54.600000,9.722860480917486
2015-03-26T16:09:54.700000,9.724506064395031
2015-03-26T16:09:54.800000,9.708588197511734
2015-03-26T16:09:54.900000,9.708131348498856
2015-03-26T16:09:55.000000,9.711253295926952
2015-03-26T16:09:55.100000,9.705755965924752
2015-03-26T16:09:55.200000,9.723992810378691
2015-03-26T16:09:55.300000,9.718808939154062
2015-03-26T16:09:55.400000,9.705061743279106
2015-03-26T16:09:55.500000,9.702296646407111
2015-03-26T16:09:55.600000,9.697400015177816
2015-03-26T16:09:55.700000,9.706142008520596
2015-03-26T16:09:55.800000,9.697782128106152
2015-03-26T16:09:55.900000,9.702460466481847
2015-03-26T16:09:56.000000,9.714694568373773
2015-03-26T16:09:56.100000,9.720980062895396
2015-03-26T16:09:56.200000,9.746236987654038
2015-03-26T16:09:56.300000,9.747236169436563
2015-03-26T16:09:56.400000,9.748924532390603
2015-03-26T16:09:56.500000,9.734142543429687
2015-03-26T16:09:56.600000,9.722165981399357
2015-03-26T16:09:56.700000,9.73306755058978
2015-03-26T16:09:56.800000,9.71971857118084
2015-03-26T16:09:56.900000,9.74559021644454
2015-03-26T16:09:57.000000,9.77124524240182
2015-03-26T16:09:57.100000,9.773939435580518
2015-03-26T16:09:57.200000,9.76981745228094
2015-03-26T16:09:57.300000,9.781062765586
2015-03-26T16:09:57.400000,9.773252350572324
2015-03-26T16:09:57.500000,9.757031336577104
2015-03-26T16:09:57.600000,9.77734810534938
2015-03-26T16:09:57.700000,9.781895635633456
2015-03-26T16:09:57.800000,9.795861742959664
2015-03-26T16:09:57.900000,9.808705627202247
2015-03-26T16:09:58.000000,9.775907650667932
2015-03-26T16:09:58.100000,9.756440867236144
2015-03-26T16:09:58.200000,9.771872540213488
2015-03-26T16:09:58.300000,9.777640308730044
2015-03-26T16:09:58.400000,9.771810467285572
2015-03-26T16:09:58.500000,9.779865000828051
2015-03-26T16:09:58.600000,9.775678498505684
2015-03-26T16:09:58.700000,9.768604836331154
2015-03-26T16:09:58.800000,9.77279855078958
2015-03-26T16:09:58.900000,9.767073490419657
2015-03-26T16:09:59.000000,9.761399341626175
2015-03-26T16:09:59.100000,9.768888359249848
2015-03-26T16:09:59.200000,9.755964001498649
2015-03-26T16:09:59.300000,9.750274707123827
2015-03-26T16:09:59.400000,9.75267575371971
2015-03-26T16:09:59.500000,9.735177686050024
2015-03-26T16:09:59.600000,9.737177678351442
2015-03-26T16:09:59.700000,9.748178234978583
2015-03-26T16:09:59.800000,9.744488966802688
2015-03-26T16:09:59.900000,9.75890719753291
2015-03-26T16:10:00.000000,9.756740019890795
2015-03-26T16:10:00.100000,9.766170338316732
2015-03-26T16:10:00.200000,9.773469557112069
2015-03-26T16:10:00.300000,9.743570026586749
2015-03-26T16:10:00.400000,9.721851149241513
2015-03-26T16:10:00.500000,9.732627352735074
2015-03-26T16:10:00.600000,9.73862833453592
2015-03-26T16:10:00.700000,9.713622387417292
2015-03-26T16:10:00.800000,9.695279352852545
2015-03-26T16:10:00.900000,9.689338357493574
2015-03-26T16:10:01.000000,9.708812374789442
2015-03-26T16:10:01.100000,9.727288041171835
2015-03-26T16:10:01.200000,9.707292017820988
2015-03-26T16:10:01.300000,9.712257259484746
2015-03-26T16:10:01.400000,9.728680829378485
2015-03-26T16:10:01.500000,9.736450546719858
2015-03-26T16:10:01.600000,9.73328877924735
2015-03-26T16:10:01.700000,9.719051154453592
2015-03-26T16:10:01.800000,9.724443077392356
2015-03-26T16:10:01.900000,9.740965166188271
2015-03-26T16:10:02.000000,9.762121530277447
2015-03-26T16:10:02.100000,9.759931570504063
2015-03-26T16:10:02.200000,9.7496272396391
2015-03-26T16:10:02.300000,9.736237581809528
2015-03-26T16:10:02.400000,9.737094820828542
2015-03-26T16:10:02.500000,9.75704734579143
2015-03-26T16:10:02.600000,9.758860628952965
2015-03-26T16:10:02.700000,9.777473799318098
2015-03-26T16:10:02.800000,9.781962194811037
2015-03-26T16:10:02.900000,9.763958033555529
2015-03-26T16:10:03.000000,9.759211641343384
2015-03-26T16:10:03.100000,9.771818191306444
2015-03-26T16:10:03.200000,9.78085585128344
2015-03-26T16:10:03.300000,9.767738299008563
2015-03-26T16:10:03.400000,9.758149317509448
2015-03-26T16:10:03.500000,9.76315733888962
2015-03-26T16:10:03.600000,9.75830866250966
2015-03-26T16:10:03.700000,9.763982102322904
2015-03-26T16:10:03.800000,9.757567170828782
2015-03-26T16:10:03.900000,9.750711504954456
2015-03-26T16:10:04.000000,9.757822009342725
2015-03-26T16:10:04.100000,9.74496289351434
2015-03-26T16:10:04.200000,9.74660808873284
2015-03-26T16:10:04.300000,9.757036902172672
2015-03-26T16:10:04.400000,9.745789675763984
2015-03-26T16:10:04.500000,9.747654629389368
2015-03-26T16:10:04.600000,9.7438385104589
2015-03-26T16:10:04.700000,9.76369253863838
2015-03-26T16:10:04.800000,9.77980628317646
2015-03-26T16:10:04.900000,9.76746499687773
2015-03-26T16:10:05.000000,9.74372832792297
2015-03-26T16:10:05.100000,9.729472984143646
2015-03-26T16:10:05.200000,9.745153890290265
2015-03-26T16:10:05.300000,9.74365015812283
2015-03-26T16:10:05.400000,9.72585252342099
2015-03-26T16:10:05.500000,9.734290499537153
2015-03-26T16:10:05.600000,9.73423256071132
2015-03-26T16:10:05.700000,9.734775104222788
2015-03-26T16:10:05.800000,9.729493607569928
2015-03-26T16:10:05.900000,9.710056455592849
2015-03-26T16:10:06.000000,9.705708702545184
2015-03-26T16:10:06.100000,9.716382038296056
2015-03-26T16:10:06.200000,9.718846524192752
2015-03-26T16:10:06.300000,9.719395805957951
2015-03-26T16:10:06.400000,9.731003528935377
2015-03-26T16:10:06.500000,9.729855906639491
2015-03-26T16:10:06.600000,9.712110200283494
2015-03-26T16:10:06.700000,9.714813013569772
2015-03-26T16:10:06.800000,9.724435689677575
2015-03-26T16:10:06.900000,9.720867851929505
2015-03-26T16:10:07.000000,9.739444167369951
2015-03-26T16:10:07.100000,9.747163458741673
2015-03-26T16:10:07.200000,9.72559989086887
2015-03-26T16:10:07.300000,9.74006185752743
2015-03-26T16:10:07.400000,9.755389422893444
2015-03-26T16:10:07.500000,9.739803577575772
2015-03-26T16:10:07.600000,9.748977975117112
2015-03-26T16:10:07.700000,9.75049930877583
2015-03-26T16:10:07.800000,9.735355243925392
2015-03-26T16:10:07.900000,9.743819867966
2015-03-26T16:10:08.000000,9.762142794626705
2015-03-26T16:10:08.100000,9.756831589836438
2015-03-26T16:10:08.200000,9.766822646598534
2015-03-26T16:10:08.300000,9.780706169542023
2015-03-26T16:10:08.400000,9.78546753128028
2015-03-26T16:10:08.500000,9.776964855784271
2015-03-26T16:10:08.600000,9.778143665867594
2015-03-26T16:10:08.700000,9.784276506794548
2015-03-26T16:10:08.800000,9.770628598754088
2015-03-26T16:10:08.900000,9.76323532769309
2015-03-26T16:10:09.000000,9.741868731439308
2015-03-26T16:10:09.100000,9.761798995675411
2015-03-26T16:10:09.200000,9.783198374730445
2015-03-26T16:10:09.300000,9.771371898775929
2015-03-26T16:10:09.400000,9.75418025204798
2015-03-26T16:10:09.500000,9.74230770457289
2015-03-26T16:10:09.600000,9.746062608619498
2015-03-26T16:10:09.700000,9.769914231229093
2015-03-26T16:10:09.800000,9.778524464916677
2015-03-26T16:10:09.900000,9.766371843086477
2015-03-26T16:10:10.000000,9.752595927062556
2015-03-26T16:10:10.100000,9.746150784302166
2015-03-26T16:10:10.200000,9.753139274148124
2015-03-26T16:10:10.300000,9.756639247007236
2015-03-26T16:10:10.400000,9.760017923145057
2015-03-26T16:10:10.500000,9.72969880050352
2015-03-26T16:10:10.600000,9.700787498256544
2015-03-26T16:10:10.700000,9.731744230644583
2015-03-26T16:10:10.800000,9.744619733444813
2015-03-26T16:10:10.900000,9.715531523213212
2015-03-26T16:10:11.000000,9.711007025682564
2015-03-26T16:10:11.100000,9.740022399198669
2015-03-26T16:10:11.200000,9.748829785316348
2015-03-26T16:10:11.300000,9.735903419717888
2015-03-26T16:10:11.400000,9.744016831923888
2015-03-26T16:10:11.500000,9.737015995105205
2015-03-26T16:10:11.600000,9.735653464592568
2015-03-26T16:10:11.700000,9.737775263075951
2015-03-26T16:10:11.800000,9.741288969924945
2015-03-26T16:10:11.900000,9.74662101259687
2015-03-26T16:10:12.000000,9.731089204258982
2015-03-26T16:10:12.100000,9.727914381916218
2015-03-26T16:10:12.200000,9.727482597677788
2015-03-26T16:10:12.300000,9.709605715264042
2015-03-26T16:10:12.400000,9.72499260173343
2015-03-26T16:10:12.500000,9.751596392620549
2015-03-26T16:10:12.600000,9.728145614352409
2015-03-26T16:10:12.700000,9.709841289431038
2015-03-26T16:10:12.800000,9.739765352937724
2015-03-26T16:10:12.900000,9.746015279374134
2015-03-26T16:10:13.000000,9.723613835739089
2015-03-26T16:10:13.100000,9.739841313509164
2015-03-26T16:10:13.200000,9.75223889058288
2015-03-26T16:10:13.300000,9.754782829443354
2015-03-26T16:10:13.400000,9.76625434871122
2015-03-26T16:10:13.500000,9.754156537841371
2015-03-26T16:10:13.600000,9.746544016133743
2015-03-26T16:10:13.700000,9.762915508638644
2015-03-26T16:10:13.800000,9.756150840059956
2015-03-26T16:10:13.900000,9.749971813916726
2015-03-26T16:10:14.000000,9.770275192277866
2015-03-26T16:10:14.100000,9.780128211953729
2015-03-26T16:10:14.200000,9.775820236125291
2015-03-26T16:10:14.300000,9.788488631015774
2015-03-26T16:10:14.400000,9.797830780634134
2015-03-26T16:10:14.500000,9.782534714489024
2015-03-26T16:10:14.600000,9.758502636043618
2015-03-26T16:10:14.700000,9.748794622809788
2015-03-26T16:10:14.800000,9.7458146067584
2015-03-26T16:10:14.900000,9.73340758539045
2015-03-26T16:10:15.000000,9.758633268030316
2015-03-26T16:10:15.100000,9.776410035562233
2015-03-26T16:10:15.200000,9.760183544650332
2015-03-26T16:10:15.300000,9.731195128488205
2015-03-26T16:10:15.400000,9.727807397232002
2015-03-26T16:10:15.500000,9.738575254078064
2015-03-26T16:10:15.600000,9.723939027655344
2015-03-26T16:10:15.700000,9.737687850535885
2015-03-26T16:10:15.800000,9.72931797906948
2015-03-26T16:10:15.900000,9.73827101111888
2015-03-26T16:10:16.000000,9.736945553375286
2015-03-26T16:10:16.100000,9.7189476114987
2015-03-26T16:10:16.200000,9.71612462203652
2015-03-26T16:10:16.300000,9.722982096518264
2015-03-26T16:10:16.400000,9.756635172871992
2015-03-26T16:10:16.500000,9.747117564042536
2015-03-26T16:10:16.600000,9.73801678515096
2015-03-26T16:10:16.700000,9.751376193699748
2015-03-26T16:10:16.800000,9.741306321154038
2015-03-26T16:10:16.900000,9.736139403663511
2015-03-26T16:10:17.000000,9.738902987052365
2015-03-26T16:10:17.100000,9.74699666758356
2015-03-26T16:10:17.200000,9.733050602056514
2015-03-26T16:10:17.300000,9.71408228223584
2015-03-26T16:10:17.400000,9.74192678488336
2015-03-26T16:10:17.500000,9.755430110647008
2015-03-26T16:10:17.600000,9.740432232089844
2015-03-26T16:10:17.700000,9.73997337172796
2015-03-26T16:10:17.800000,9.762849549965956
2015-03-26T16:10:17.900000,9.753059989924678
2015-03-26T16:10:18.000000,9.755121725584674
2015-03-26T16:10:18.100000,9.765212727459586
2015-03-26T16:10:18.200000,9.733227020281468
2015-03-26T16:10:18.300000,9.716347439465649
2015-03-26T16:10:18.400000,9.727047502119
2015-03-26T16:10:18.500000,9.742098315016344
2015-03-26T16:10:18.600000,9.74801472154417
2015-03-26T16:10:18.700000,9.7537026969998
2015-03-26T16:10:18.800000,9.729142795879968
2015-03-26T16:10:18.900000,9.707395099266732
2015-03-26T16:10:19.000000,9.736009875147698
2015-03-26T16:10:19.100000,9.74147077727413
2015-03-26T16:10:19.200000,9.76837025691007
2015-03-26T16:10:19.300000,9.774330084659184
2015-03-26T16:10:19.400000,9.760362404423995
2015-03-26T16:10:19.500000,9.751796800520658
2015-03-26T16:10:19.600000,9.75343367898832
2015-03-26T16:10:19.700000,9.769256836021356
2015-03-26T16:10:19.800000,9.760872285711532
2015-03-26T16:10:19.900000,9.757915788024397
2015-03-26T16:10:20.000000,9.767029127012895
2015-03-26T16:10:20.100000,9.74932619640794
2015-03-26T16:10:20.200000,9.753561542832616
2015-03-26T16:10:20.300000,9.763479890330752
2015-03-26T16:10:20.400000,9.740228550301964
2015-03-26T16:10:20.500000,9.740863898814412
2015-03-26T16:10:20.600000,9.754594302576542
2015-03-26T16:10:20.700000,9.7573088046762
2015-03-26T16:10:20.800000,9.76127109234156
2015-03-26T16:10:20.900000,9.75553081959449
2015-03-26T16:10:21.000000,9.733156803495888
2015-03-26T16:10:21.100000,9.75205348927172
2015-03-26T16:10:21.200000,9.74749595196106
2015-03-26T16:10:21.300000,9.73534617982737
2015-03-26T16:10:21.400000,9.747888708598584
2015-03-26T16:10:21.500000,9.739223531530186
2015-03-26T16:10:21.600000,9.722474916181548
2015-03-26T16:10:21.700000,9.726266277641326
2015-03-26T16:10:21.800000,9.751533123746915
2015-03-26T16:10:21.900000,9.74692372245598
2015-03-26T16:10:22.000000,9.728573937586816
2015-03-26T16:10:22.100000,9.71854314449246
2015-03-26T16:10:22.200000,9.7137152828137
2015-03-26T16:10:22.300000,9.731973937551077
2015-03-26T16:10:22.400000,9.734826267473473
2015-03-26T16:10:22.500000,9.735953972396612
2015-03-26T16:10:22.600000,9.72956686133521
2015-03-26T16:10:22.700000,9.74403436214454
2015-03-26T16:10:22.800000,9.767102746994924
2015-03-26T16:10:22.900000,9.757804650112188
2015-03-26T16:10:23.000000,9.73742769381042
2015-03-26T16:10:23.100000,9.72610272673522
2015-03-26T16:10:23.200000,9.733761843664814
2015-03-26T16:10:23.300000,9.73268699486866
2015-03-26T16:10:23.400000,9.732484535277113
2015-03-26T16:10:23.500000,9.754903888233798
2015-03-26T16:10:23.600000,9.743375453966204
2015-03-26T16:10:23.700000,9.731282518763969
2015-03-26T16:10:23.800000,9.75256380790734
2015-03-26T16:10:23.900000,9.750010729405854
2015-03-26T16:10:24.000000,9.767988915434394
2015-03-26T16:10:24.100000,9.77507399057766
2015-03-26T16:10:24.200000,9.749963063603984
2015-03-26T16:10:24.300000,9.737300828748298
2015-03-26T16:10:24.400000,9.754656294289646
2015-03-26T16:10:24.500000,9.776845278728882
2015-03-26T16:10:24.600000,9.785439592093963
2015-03-26T16:10:24.700000,9.77349091901218
2015-03-26T16:10:24.800000,9.76652803199564
2015-03-26T16:10:24.900000,9.74219356737674
2015-03-26T16:10:25.000000,9.734760784236917
2015-03-26T16:10:25.100000,9.760985694635416
2015-03-26T16:10:25.200000,9.763886702773744
2015-03-26T16:10:25.300000,9.75915991927856
2015-03-26T16:10:25.400000,9.765670923905027
2015-03-26T16:10:25.500000,9.761011076259404
2015-03-26T16:10:25.600000,9.756293488163989
2015-03-26T16:10:25.700000,9.785130669645111
2015-03-26T16:10:25.800000,9.778482203652109
2015-03-26T16:10:25.900000,9.755880091002654
2015-03-26T16:10:26.000000,9.771991874623
2015-03-26T16:10:26.100000,9.77174145436428
2015-03-26T16:10:26.200000,9.759046737849584
2015-03-26T16:10:26.300000,9.745756653835864
2015-03-26T16:10:26.400000,9.750976234935004
2015-03-26T16:10:26.500000,9.73805470628506
2015-03-26T16:10:26.600000,9.748916585050331
2015-03-26T16:10:26.700000,9.753775048300302
2015-03-26T16:10:26.800000,9.74573239331452
2015-03-26T16:10:26.900000,9.758070534646542
2015-03-26T16:10:27.000000,9.743394305683886
2015-03-26T16:10:27.100000,9.756840597888866
2015-03-26T16:10:27.200000,9.74471811864132
2015-03-26T16:10:27.300000,9.734824128382993
2015-03-26T16:10:27.400000,9.746573994358783
2015-03-26T16:10:27.500000,9.732289164885488
2015-03-26T16:10:27.600000,9.73510786289063
2015-03-26T16:10:27.700000,9.727945277361233
2015-03-26T16:10:27.800000,9.735402082692357
2015-03-26T16:10:27.900000,9.741741140735463
2015-03-26T16:10:28.000000,9.740868637153245
2015-03-26T16:10:28.100000,9.748575760995388
2015-03-26T16:10:28.200000,9.748680847457647
2015-03-26T16:10:28.300000,9.75034866666875
2015-03-26T16:10:28.400000,9.736038539460257
2015-03-26T16:10:28.500000,9.72149052331724
2015-03-26T16:10:28.600000,9.718794296715988
2015-03-26T16:10:28.700000,9.735677562162538
2015-03-26T16:10:28.800000,9.725257302314215
2015-03-26T16:10:28.900000,9.747518343455887
2015-03-26T16:10:29.000000,9.764554564007938
2015-03-26T16:10:29.100000,9.732469945550877
2015-03-26T16:10:29.200000,9.721898488540758
2015-03-26T16:10:29.300000,9.717125026432107
2015-03-26T16:10:29.400000,9.711400980647484
2015-03-26T16:10:29.500000,9.703965098540795
2015-03-26T16:10:29.600000,9.73595152573554
2015-03-26T16:10:29.700000,9.746636039026171
2015-03-26T16:10:29.800000,9.733234198626857
2015-03-26T16:10:29.900000,9.739013606370133
2015-03-26T16:10:30.000000,9.732894774458265
2015-03-26T16:10:30.100000,9.71596033888777
2015-03-26T16:10:30.200000,9.723796045993693
2015-03-26T16:10:30.300000,9.729847968769816
2015-03-26T16:10:30.400000,9.73244415241045
2015-03-26T16:10:30.500000,9.763317521062453
2015-03-26T16:10:30.600000,9.75565926357098
2015-03-26T16:10:30.700000,9.735804856146558
2015-03-26T16:10:30.800000,9.721560479538324
2015-03-26T16:10:30.900000,9.71569629462781
2015-03-26T16:10:31.000000,9.747940677452007
2015-03-26T16:10:31.100000,9.74759451699162
2015-03-26T16:10:31.200000,9.745981504628162
2015-03-26T16:10:31.300000,9.730128027850675
2015-03-26T16:10:31.400000,9.733764459716271
2015-03-26T16:10:31.500000,9.751885129494369
2015-03-26T16:10:31.600000,9.744745508163753
2015-03-26T16:10:31.700000,9.746999263271093
2015-03-26T16:10:31.800000,9.74205144669675
2015-03-26T16:10:31.900000,9.748445133803465
2015-03-26T16:10:32.000000,9.742326483420577
2015-03-26T16:10:32.100000,9.738919225724567
2015-03-26T16:10:32.200000,9.76308508344541
2015-03-26T16:10:32.300000,9.777872745041437
2015-03-26T16:10:32.400000,9.776676809748905
2015-03-26T16:10:32.500000,9.777550642603892
2015-03-26T16:10:32.600000,9.780628364979457
2015-03-26T16:10:32.700000,9.770443202617948
2015-03-26T16:10:32.800000,9.765431485629168
2015-03-26T16:10:32.900000,9.770811618189525
2015-03-26T16:10:33.000000,9.757432910672811
2015-03-26T16:10:33.100000,9.763612121586744
2015-03-26T16:10:33.200000,9.763668493049574
2015-03-26T16:10:33.300000,9.745592135355182
2015-03-26T16:10:33.400000,9.741934990133286
2015-03-26T16:10:33.500000,9.751757044635951
2015-03-26T16:10:33.600000,9.780478507883265
2015-03-26T16:10:33.700000,9.78074075104135
2015-03-26T16:10:33.800000,9.771143711278762
2015-03-26T16:10:33.900000,9.76145306168455
2015-03-26T16:10:34.000000,9.748209389078024
2015-03-26T16:10:34.100000,9.75246157312986
2015-03-26T16:10:34.200000,9.754267193028362
2015-03-26T16:10:34.300000,9.737755887199814
2015-03-26T16:10:34.400000,9.736502073174924
2015-03-26T16:10:34.500000,9.75503165090852
2015-03-26T16:10:34.600000,9.762428734200006
2015-03-26T16:10:34.700000,9.76063476266726
2015-03-26T16:10:34.800000,9.749017918681757
2015-03-26T16:10:34.900000,9.747701568080997
2015-03-26T16:10:35.000000,9.765269640492178
2015-03-26T16:10:35.100000,9.772010760436858
2015-03-26T16:10:35.200000,9.763258308000356
2015-03-26T16:10:35.300000,9.750730937914048
2015-03-26T16:10:35.400000,9.743792971561945
2015-03-26T16:10:35.500000,9.7501899694695
2015-03-26T16:10:35.600000,9.731032433653748
2015-03-26T16:10:35.700000,9.72699305686983
2015-03-26T16:10:35.800000,9.735882583021224
2015-03-26T16:10:35.900000,9.729517631793025
2015-03-26T16:10:36.000000,9.732782917462874
2015-03-26T16:10:36.100000,9.739790381481551
2015-03-26T16:10:36.200000,9.73483034387178
2015-03-26T16:10:36.300000,9.743030432615074
2015-03-26T16:10:36.400000,9.75298020680661
2015-03-26T16:10:36.500000,9.710617502076293
2015-03-26T16:10:36.600000,9.70821519424279
2015-03-26T16:10:36.700000,9.718788703744243
2015-03-26T16:10:36.800000,9.710279146065549
2015-03-26T16:10:36.900000,9.69080060799464
2015-03-26T16:10:37.000000,9.70686817243884
2015-03-26T16:10:37.100000,9.732678911866468
2015-03-26T16:10:37.200000,9.745733870350616
2015-03-26T16:10:37.300000,9.763493005466389
2015-03-26T16:10:37.400000,9.748325638541877
2015-03-26T16:10:37.500000,9.722961750841067
2015-03-26T16:10:37.600000,9.717006677479006
2015-03-26T16:10:37.700000,9.734963530893344
2015-03-26T16:10:37.800000,9.74419839755212
2015-03-26T16:10:37.900000,9.74442886484892
2015-03-26T16:10:38.000000,9.738817000676692
2015-03-26T16:10:38.100000,9.716739164929336
2015-03-26T16:10:38.200000,9.735261919272295
2015-03-26T16:10:38.300000,9.763753317969984
2015-03-26T16:10:38.400000,9.761102342558624
2015-03-26T16:10:38.500000,9.76585365026546
2015-03-26T16:10:38.600000,9.76020539589411
2015-03-26T16:10:38.700000,9.734725369764575
2015-03-26T16:10:38.800000,9.741487596306213
2015-03-26T16:10:38.900000,9.743818942143871
2015-03-26T16:10:39.000000,9.75162754711496
2015-03-26T16:10:39.100000,9.775969246997969
2015-03-26T16:10:39.200000,9.761155722977437
2015-03-26T16:10:39.300000,9.762120154438067
2015-03-26T16:10:39.400000,9.75998276126396
2015-03-26T16:10:39.500000,9.742224157539338
2015-03-26T16:10:39.600000,9.741530919718594
2015-03-26T16:10:39.700000,9.754663337633756
2015-03-26T16:10:39.800000,9.76405107701161
2015-03-26T16:10:39.900000,9.749138039062013
2015-03-26T16:10:40.000000,9.75777362368662
2015-03-26T16:10:40.100000,9.776454021282811
2015-03-26T16:10:40.200000,9.756329123513572
2015-03-26T16:10:40.300000,9.74409866580303
2015-03-26T16:10:40.400000,9.76123953059411
2015-03-26T16:10:40.500000,9.769047114577036
2015-03-26T16:10:40.600000,9.75771116742692
2015-03-26T16:10:40.700000,9.750586081874646
2015-03-26T16:10:40.800000,9.738383136979191
2015-03-26T16:10:40.900000,9.753822255265382
2015-03-26T16:10:41.000000,9.768950338916818
2015-03-26T16:10:41.100000,9.755349961802262
2015-03-26T16:10:41.200000,9.73231671232768
2015-03-26T16:10:41.300000,9.729151299212948
2015-03-26T16:10:41.400000,9.740023630728857
2015-03-26T16:10:41.500000,9.710630890641228
2015-03-26T16:10:41.600000,9.692863299426318
2015-03-26T16:10:41.700000,9.726405521653028
2015-03-26T16:10:41.800000,9.746315388185202
2015-03-26T16:10:41.900000,9.747127452747176
2015-03-26T16:10:42.000000,9.749242416486554
2015-03-26T16:10:42.100000,9.722623312374848
2015-03-26T16:10:42.200000,9.708648516734732
2015-03-26T16:10:42.300000,9.736039531957372
2015-03-26T16:10:42.400000,9.742232564305178
2015-03-26T16:10:42.500000,9.750197831474884
2015-03-26T16:10:42.600000,9.767399617446124
2015-03-26T16:10:42.700000,9.754706428505145
2015-03-26T16:10:42.800000,9.758699618909732
2015-03-26T16:10:42.900000,9.733695747254524
2015-03-26T16:10:43.000000,9.723131620758148
2015-03-26T16:10:43.100000,9.747782630720272
2015-03-26T16:10:43.200000,9.741055074497574
2015-03-26T16:10:43.300000,9.743174266222791
2015-03-26T16:10:43.400000,9.73322986885507
2015-03-26T16:10:43.500000,9.748836004798209
2015-03-26T16:10:43.600000,9.746755484212654
2015-03-26T16:10:43.700000,9.72910073711699
2015-03-26T16:10:43.800000,9.735493790404911
2015-03-26T16:10:43.900000,9.752605570806953
2015-03-26T16:10:44.000000,9.74535785520365
2015-03-26T16:10:44.100000,9.756147203891178
2015-03-26T16:10:44.200000,9.7766907263811
2015-03-26T16:10:44.300000,9.751290548677568
2015-03-26T16:10:44.400000,9.724454093495936
2015-03-26T16:10:44.500000,9.742787511272926
2015-03-26T16:10:44.600000,9.747190102316337
2015-03-26T16:10:44.700000,9.726278106647149
2015-03-26T16:10:44.800000,9.734415968105935
2015-03-26T16:10:44.900000,9.748157886042184
2015-03-26T16:10:45.000000,9.741993975053552
2015-03-26T16:10:45.100000,9.740717709230326
2015-03-26T16:10:45.200000,9.745525946530952
2015-03-26T16:10:45.300000,9.740595336433184
2015-03-26T16:10:45.400000,9.741216558314692
2015-03-26T16:10:45.500000,9.762565429571891
2015-03-26T16:10:45.600000,9.761572034525786
2015-03-26T16:10:45.700000,9.75856300221653
2015-03-26T16:10:45.800000,9.75977454598033
2015-03-26T16:10:45.900000,9.744247123412013
2015-03-26T16:10:46.000000,9.7496232596906
2015-03-26T16:10:46.100000,9.745461316061055
2015-03-26T16:10:46.200000,9.740864055256674
2015-03-26T16:10:46.300000,9.750432383347407
2015-03-26T16:10:46.400000,9.741399631490117
2015-03-26T16:10:46.500000,9.734329556485074
2015-03-26T16:10:46.600000,9.737859037943087
2015-03-26T16:10:46.700000,9.745894855076484
2015-03-26T16:10:46.800000,9.741008846943489
2015-03-26T16:10:46.900000,9.735852509886286
2015-03-26T16:10:47.000000,9.736954007283437
2015-03-26T16:10:47.100000,9.731591744684208
2015-03-26T16:10:47.200000,9.732438336120996
2015-03-26T16:10:47.300000,9.73673225667178
2015-03-26T16:10:47.400000,9.758775693616393
2015-03-26T16:10:47.500000,9.755702231536612
2015-03-26T16:10:47.600000,9.735811709932486
2015-03-26T16:10:47.700000,9.741291875586974
2015-03-26T16:10:47.800000,9.74226364616577
2015-03-26T16:10:47.900000,9.74530520441874
2015-03-26T16:10:48.000000,9.740502045484998
2015-03-26T16:10:48.100000,9.74453636144419
2015-03-26T16:10:48.200000,9.764149501419304
2015-03-26T16:10:48.300000,9.740858072894849
2015-03-26T16:10:48.400000,9.728651934422125
2015-03-26T16:10:48.500000,9.750023354973251
2015-03-26T16:10:48.600000,9.742846143205805
2015-03-26T16:10:48.700000,9.735628368922972
2015-03-26T16:10:48.800000,9.739078006483654
2015-03-26T16:10:48.900000,9.74551934591495
2015-03-26T16:10:49.000000,9.754670595915416
2015-03-26T16:10:49.100000,9.754694920551676
2015-03-26T16:10:49.200000,9.758012563396823
2015-03-26T16:10:49.300000,9.76281648156984
2015-03-26T16:10:49.400000,9.744103715400437
2015-03-26T16:10:49.500000,9.739951902364664
2015-03-26T16:10:49.600000,9.739766679403257
2015-03-26T16:10:49.700000,9.740417158539136
2015-03-26T16:10:49.800000,9.756059803791151
2015-03-26T16:10:49.900000,9.739517157597255
2015-03-26T16:10:50.000000,9.73087141205256
2015-03-26T16:10:50.100000,9.73790356518018
2015-03-26T16:10:50.200000,9.745901004271404
2015-03-26T16:10:50.300000,9.767121203872616
2015-03-26T16:10:50.400000,9.769576257308437
2015-03-26T16:10:50.500000,9.75193427694332
2015-03-26T16:10:50.600000,9.74957692685131
2015-03-26T16:10:50.700000,9.75777349217751
2015-03-26T16:10:50.800000,9.768508074579788
2015-03-26T16:10:50.900000,9.762813028287765
2015-03-26T16:10:51.000000,9.754285810539976
2015-03-26T16:10:51.100000,9.764414776473895
2015-03-26T16:10:51.200000,9.766507735919715
2015-03-26T16:10:51.300000,9.768634822776628
2015-03-26T16:10:51.400000,9.762725555709968
2015-03-26T16:10:51.500000,9.751668582481058
2015-03-26T16:10:51.600000,9.745833170196455
2015-03-26T16:10:51.700000,9.752167862939148
2015-03-26T16:10:51.800000,9.760558385429352
2015-03-26T16:10:51.900000,9.75296238040171
2015-03-26T16:10:52.000000,9.751857446066548
2015-03-26T16:10:52.100000,9.75682531133896
2015-03-26T16:10:52.200000,9.743786060327247
2015-03-26T16:10:52.300000,9.733015485003714
2015-03-26T16:10:52.400000,9.746147461228064
2015-03-26T16:10:52.500000,9.762936791982108
2015-03-26T16:10:52.600000,9.736748815667294
2015-03-26T16:10:52.700000,9.729135099205829
2015-03-26T16:10:52.800000,9.75471421646516
2015-03-26T16:10:52.900000,9.734740202139823
2015-03-26T16:10:53.000000,9.709646923700518
2015-03-26T16:10:53.100000,9.73567732944668
2015-03-26T16:10:53.200000,9.75503364584545
2015-03-26T16:10:53.300000,9.743943077793164
2015-03-26T16:10:53.400000,9.75419039739064
2015-03-26T16:10:53.500000,9.75054131278466
2015-03-26T16:10:53.600000,9.750836955854432
2015-03-26T16:10:53.700000,9.762262168419202
2015-03-26T16:10:53.800000,9.764437675745242
2015-03-26T16:10:53.900000,9.753479522695358
2015-03-26T16:10:54.000000,9.731782780550734
2015-03-26T16:10:54.100000,9.73789092395562
2015-03-26T16:10:54.200000,9.728327154902072
2015-03-26T16:10:54.300000,9.729300685461958
2015-03-26T16:10:54.400000,9.751350450741269
2015-03-26T16:10:54.500000,9.741808650919836
2015-03-26T16:10:54.600000,9.729522521521274
2015-03-26T16:10:54.700000,9.733514568147582
2015-03-26T16:10:54.800000,9.721037579562278
2015-03-26T16:10:54.900000,9.708737623150968
2015-03-26T16:10:55.000000,9.73101019139059
2015-03-26T16:10:55.100000,9.732688065575648
2015-03-26T16:10:55.200000,9.723153221266678
2015-03-26T16:10:55.300000,9.762152905294958
2015-03-26T16:10:55.400000,9.762011129848393
2015-03-26T16:10:55.500000,9.72177248798866
2015-03-26T16:10:55.600000,9.71975232800491
2015-03-26T16:10:55.700000,9.72709216675644
2015-03-26T16:10:55.800000,9.741749570940003
2015-03-26T16:10:55.900000,9.734867783359924
2015-03-26T16:10:56.000000,9.726485835972564
2015-03-26T16:10:56.100000,9.743878456007955
2015-03-26T16:10:56.200000,9.761934898726992
2015-03-26T16:10:56.300000,9.757412630423753
2015-03-26T16:10:56.400000,9.743860280633871
2015-03-26T16:10:56.500000,9.736013030144276
2015-03-26T16:10:56.600000,9.73754478334468
2015-03-26T16:10:56.700000,9.742359230714234
2015-03-26T16:10:56.800000,9.735425065880673
2015-03-26T16:10:56.900000,9.744932723648557
2015-03-26T16:10:57.000000,9.75657031051146
2015-03-26T16:10:57.100000,9.753684696362262
2015-03-26T16:10:57.200000,9.741332099411803
2015-03-26T16:10:57.300000,9.758183906582644
2015-03-26T16:10:57.400000,9.764799608410213
2015-03-26T16:10:57.500000,9.73703381212964
2015-03-26T16:10:57.600000,9.733677342342194
2015-03-26T16:10:57.700000,9.74182815706502
2015-03-26T16:10:57.800000,9.744929077104976
2015-03-26T16:10:57.900000,9.769420153242184
2015-03-26T16:10:58.000000,9.747095011888216
2015-03-26T16:10:58.100000,9.718020885709215
2015-03-26T16:10:58.200000,9.735626879431388
2015-03-26T16:10:58.300000,9.748237380166326
2015-03-26T16:10:58.400000,9.751245722156622
2015-03-26T16:10:58.500000,9.742175838946782
2015-03-26T16:10:58.600000,9.739824840721017
2015-03-26T16:10:58.700000,9.727562850295582
2015-03-26T16:10:58.800000,9.738495031778635
2015-03-26T16:10:58.900000,9.765446589904286
2015-03-26T16:10:59.000000,9.76812746509791
2015-03-26T16:10:59.100000,9.74212809685607
2015-03-26T16:10:59.200000,9.73777293684186
2015-03-26T16:10:59.300000,9.748321153852356
2015-03-26T16:10:59.400000,9.754266002775802
2015-03-26T16:10:59.500000,9.758470887813532
2015-03-26T16:10:59.600000,9.759835658491752
2015-03-26T16:10:59.700000,9.749193685204744
2015-03-26T16:10:59.800000,9.749419448467709
2015-03-26T16:10:59.900000,9.747029279983298
2015-03-26T16:11:00.000000,9.752842876069703
2015-03-26T16:11:00.100000,9.754545670879892
2015-03-26T16:11:00.200000,9.75191385155607
2015-03-26T16:11:00.300000,9.777971555350412
2015-03-26T16:11:00.400000,9.799398913845822
2015-03-26T16:11:00.500000,9.78349694487888
2015-03-26T16:11:00.600000,9.72529590998695
2015-03-26T16:11:00.700000,9.72814039226092
2015-03-26T16:11:00.800000,9.74261311616234
2015-03-26T16:11:00.900000,9.723522267510283
2015-03-26T16:11:01.000000,9.746999939839622
2015-03-26T16:11:01.100000,9.757210722227814
2015-03-26T16:11:01.200000,9.751649326872084
2015-03-26T16:11:01.300000,9.748273051069614
2015-03-26T16:11:01.400000,9.765013971016607
2015-03-26T16:11:01.500000,9.767416280775898
2015-03-26T16:11:01.600000,9.742803479869524
2015-03-26T16:11:01.700000,9.75317321849739
2015-03-26T16:11:01.800000,9.7546065071794
2015-03-26T16:11:01.900000,9.72537655407676
2015-03-26T16:11:02.000000,9.74471371320449
2015-03-26T16:11:02.100000,9.752158846848149
2015-03-26T16:11:02.200000,9.731190434212165
2015-03-26T16:11:02.300000,9.719879074416747
2015-03-26T16:11:02.400000,9.73540210194035
2015-03-26T16:11:02.500000,9.750022118547848
2015-03-26T16:11:02.600000,9.734827692082046
2015-03-26T16:11:02.700000,9.73102324052396
2015-03-26T16:11:02.800000,9.718223414659418
2015-03-26T16:11:02.900000,9.73423037416813
2015-03-26T16:11:03.000000,9.75561202914327
2015-03-26T16:11:03.100000,9.73735490095421
2015-03-26T16:11:03.200000,9.732017332374534
2015-03-26T16:11:03.300000,9.7350230535139
2015-03-26T16:11:03.400000,9.712533641337616
2015-03-26T16:11:03.500000,9.702867006191129
2015-03-26T16:11:03.600000,9.71128447087646
2015-03-26T16:11:03.700000,9.746938250284064
2015-03-26T16:11:03.800000,9.74614722300562
2015-03-26T16:11:03.900000,9.707842813048105
2015-03-26T16:11:04.000000,9.70724592526773
2015-03-26T16:11:04.100000,9.722527277867966
2015-03-26T16:11:04.200000,9.719351806945426
2015-03-26T16:11:04.300000,9.745339878126885
2015-03-26T16:11:04.400000,9.753487817208704
2015-03-26T16:11:04.500000,9.745429596133867
2015-03-26T16:11:04.600000,9.753683443741489
2015-03-26T16:11:04.700000,9.759434575907315
2015-03-26T16:11:04.800000,9.764924807689438
2015-03-26T16:11:04.900000,9.760931816313914
2015-03-26T16:11:05.000000,9.754732970339498
2015-03-26T16:11:05.100000,9.76741714340387
2015-03-26T16:11:05.200000,9.80194209160556
2015-03-26T16:11:05.300000,9.7902301015295
2015-03-26T16:11:05.400000,9.755033508783876
2015-03-26T16:11:05.500000,9.746213837991991
2015-03-26T16:11:05.600000,9.735260450925818
2015-03-26T16:11:05.700000,9.75630902955261
2015-03-26T16:11:05.800000,9.75719397457978
2015-03-26T16:11:05.900000,9.742978956090411
2015-03-26T16:11:06.000000,9.75329085282993
2015-03-26T16:11:06.100000,9.758214630318518
2015-03-26T16:11:06.200000,9.76278203165825
2015-03-26T16:11:06.300000,9.755207412229282
2015-03-26T16:11:06.400000,9.757448236403617
2015-03-26T16:11:06.500000,9.759951729800648
2015-03-26T16:11:06.600000,9.750461344437197
2015-03-26T16:11:06.700000,9.740035542079855
2015-03-26T16:11:06.800000,9.758615284392851
2015-03-26T16:11:06.900000,9.75623646934038
2015-03-26T16:11:07.000000,9.736624667413905
2015-03-26T16:11:07.100000,9.745573300734929
2015-03-26T16:11:07.200000,9.756774964708171
2015-03-26T16:11:07.300000,9.749296455288876
2015-03-26T16:11:07.400000,9.74512909447518
2015-03-26T16:11:07.500000,9.748701085011865
2015-03-26T16:11:07.600000,9.749252278967369
2015-03-26T16:11:07.700000,9.747648751180144
2015-03-26T16:11:07.800000,9.71883522615948
2015-03-26T16:11:07.900000,9.712817043758172
2015-03-26T16:11:08.000000,9.728955651454346
2015-03-26T16:11:08.100000,9.73205673441871
2015-03-26T16:11:08.200000,9.72354957617071
2015-03-26T16:11:08.300000,9.718162304956037
2015-03-26T16:11:08.400000,9.747522426335433
2015-03-26T16:11:08.500000,9.756520790208516
2015-03-26T16:11:08.600000,9.736689819567015
2015-03-26T16:11:08.700000,9.71876351488562
2015-03-26T16:11:08.800000,9.714676167973137
2015-03-26T16:11:08.900000,9.739970645419929
2015-03-26T16:11:09.000000,9.756385577165345
2015-03-26T16:11:09.100000,9.744273552038512
2015-03-26T16:11:09.200000,9.734148188425634
2015-03-26T16:11:09.300000,9.732849701862111
2015-03-26T16:11:09.400000,9.719513151525602
2015-03-26T16:11:09.500000,9.719795580328215
2015-03-26T16:11:09.600000,9.727619713976138
2015-03-26T16:11:09.700000,9.727204686842382
2015-03-26T16:11:09.800000,9.732301405933129
2015-03-26T16:11:09.900000,9.740378914613212
2015-03-26T16:11:10.000000,9.704484769908396
2015-03-26T16:11:10.100000,9.68853931458101
2015-03-26T16:11:10.200000,9.740674618082211
2015-03-26T16:11:10.300000,9.747998484406356
2015-03-26T16:11:10.400000,9.742544688793306
2015-03-26T16:11:10.500000,9.757539194520987
2015-03-26T16:11:10.600000,9.767963318877452
2015-03-26T16:11:10.700000,9.779126636515256
2015-03-26T16:11:10.800000,9.765277400477157
2015-03-26T16:11:10.900000,9.755724571864508
2015-03-26T16:11:11.000000,9.764152197822185
2015-03-26T16:11:11.100000,9.771976457225756
2015-03-26T16:11:11.200000,9.766711433261396
2015-03-26T16:11:11.300000,9.763612717206811
2015-03-26T16:11:11.400000,9.757942834222137
2015-03-26T16:11:11.500000,9.74285507140241
2015-03-26T16:11:11.600000,9.738219771146133
2015-03-26T16:11:11.700000,9.7445676311478
2015-03-26T16:11:11.800000,9.762934672210726
2015-03-26T16:11:11.900000,9.756802370541898
2015-03-26T16:11:12.000000,9.737585557083262
2015-03-26T16:11:12.100000,9.74607511172851
2015-03-26T16:11:12.200000,9.734823332402868
2015-03-26T16:11:12.300000,9.711449557408594
2015-03-26T16:11:12.400000,9.728429457298498
2015-03-26T16:11:12.500000,9.737945773453587
2015-03-26T16:11:12.600000,9.75707061996986
2015-03-26T16:11:12.700000,9.758074288273692
2015-03-26T16:11:12.800000,9.763329819070533
2015-03-26T16:11:12.900000,9.75660301958832
2015-03-26T16:11:13.000000,9.742077847848291
2015-03-26T16:11:13.100000,9.754329439322248
2015-03-26T16:11:13.200000,9.755620424510596
2015-03-26T16:11:13.300000,9.74754278607726
2015-03-26T16:11:13.400000,9.747244228399095
2015-03-26T16:11:13.500000,9.749908179946612
2015-03-26T16:11:13.600000,9.763489811647826
2015-03-26T16:11:13.700000,9.759596993807865
2015-03-26T16:11:13.800000,9.760017073067614
2015-03-26T16:11:13.900000,9.76132916465068
2015-03-26T16:11:14.000000,9.753333367137994
2015-03-26T16:11:14.100000,9.750584531598086
2015-03-26T16:11:14.200000,9.72854267123247
2015-03-26T16:11:14.300000,9.734160982918509
2015-03-26T16:11:14.400000,9.757747112521583
2015-03-26T16:11:14.500000,9.767651379972849
2015-03-26T16:11:14.600000,9.757900933249037
2015-03-26T16:11:14.700000,9.722747838988232
2015-03-26T16:11:14.800000,9.718441830937094
2015-03-26T16:11:14.900000,9.734203473969917
2015-03-26T16:11:15.000000,9.75042923090406
2015-03-26T16:11:15.100000,9.750595363975451
2015-03-26T16:11:15.200000,9.744819037821374
2015-03-26T16:11:15.300000,9.750782301133237
2015-03-26T16:11:15.400000,9.744072657806822
2015-03-26T16:11:15.500000,9.746189075665
2015-03-26T16:11:15.600000,9.75507853529427
2015-03-26T16:11:15.700000,9.76024902742803
2015-03-26T16:11:15.800000,9.768318463370733
2015-03-26T16:11:15.900000,9.763695646698553
2015-03-26T16:11:16.000000,9.751923904121666
2015-03-26T16:11:16.100000,9.748032037517085
2015-03-26T16:11:16.200000,9.734170234182129
2015-03-26T16:11:16.300000,9.746051156149331
2015-03-26T16:11:16.400000,9.776081683405687
2015-03-26T16:11:16.500000,9.771720676679536
2015-03-26T16:11:16.600000,9.757091395487514
2015-03-26T16:11:16.700000,9.732255440063096
2015-03-26T16:11:16.800000,9.735521717131508
2015-03-26T16:11:16.900000,9.727591356351502
2015-03-26T16:11:17.000000,9.7271916606122
2015-03-26T16:11:17.100000,9.744179630479056
2015-03-26T16:11:17.200000,9.72442497682314
2015-03-26T16:11:17.300000,9.73288221491044
2015-03-26T16:11:17.400000,9.736346641430965
2015-03-26T16:11:17.500000,9.718983500941714
2015-03-26T16:11:17.600000,9.738668175344737
2015-03-26T16:11:17.700000,9.752854280198854
2015-03-26T16:11:17.800000,9.73442346995396
2015-03-26T16:11:17.900000,9.732302847245904
2015-03-26T16:11:18.000000,9.740678984268008
2015-03-26T16:11:18.100000,9.715280304509095
2015-03-26T16:11:18.200000,9.720422236996004
2015-03-26T16:11:18.300000,9.740667267874008
2015-03-26T16:11:18.400000,9.729201855839795
2015-03-26T16:11:18.500000,9.745883078533051
2015-03-26T16:11:18.600000,9.755752806486932
2015-03-26T16:11:18.700000,9.753120211530195
2015-03-26T16:11:18.800000,9.755941595597807
2015-03-26T16:11:18.900000,9.750192194321528
2015-03-26T16:11:19.000000,9.7669373307307
2015-03-26T16:11:19.100000,9.765809917604855
2015-03-26T16:11:19.200000,9.75634385788408
2015-03-26T16:11:19.300000,9.75084707845867
2015-03-26T16:11:19.400000,9.749159776705756
2015-03-26T16:11:19.500000,9.75337747377119
2015-03-26T16:11:19.600000,9.759827038571729
2015-03-26T16:11:19.700000,9.776184062243
2015-03-26T16:11:19.800000,9.781606346230516
2015-03-26T16:11:19.900000,9.757880804211798
2015-03-26T16:11:20.000000,9.735712726974471
2015-03-26T16:11:20.100000,9.76306669565346
2015-03-26T16:11:20.200000,9.76943275547419
2015-03-26T16:11:20.300000,9.76432312084374
2015-03-26T16:11:20.400000,9.753970811387246
2015-03-26T16:11:20.500000,9.740279102788918
2015-03-26T16:11:20.600000,9.757713695874688
2015-03-26T16:11:20.700000,9.77615155461094
2015-03-26T16:11:20.800000,9.784960207821468
2015-03-26T16:11:20.900000,9.782585841575424
2015-03-26T16:11:21.000000,9.77522093667431
2015-03-26T16:11:21.100000,9.76485647399737
2015-03-26T16:11:21.200000,9.768694565420253
2015-03-26T16:11:21.300000,9.783809653990437
2015-03-26T16:11:21.400000,9.780337407564884
2015-03-26T16:11:21.500000,9.7773228392635
2015-03-26T16:11:21.600000,9.77011134242197
2015-03-26T16:11:21.700000,9.74464017276548
2015-03-26T16:11:21.800000,9.741173469697804
2015-03-26T16:11:21.900000,9.7432135097844
2015-03-26T16:11:22.000000,9.740774920405638
2015-03-26T16:11:22.100000,9.739604487281124
2015-03-26T16:11:22.200000,9.745303561914264
2015-03-26T16:11:22.300000,9.753766971331512
2015-03-26T16:11:22.400000,9.757257650361945
2015-03-26T16:11:22.500000,9.75043316907661
2015-03-26T16:11:22.600000,9.751034448342118
2015-03-26T16:11:22.700000,9.761455267540192
2015-03-26T16:11:22.800000,9.745547159819727
2015-03-26T16:11:22.900000,9.741737976654154
2015-03-26T16:11:23.000000,9.747297761720036
2015-03-26T16:11:23.100000,9.754441681025066
2015-03-26T16:11:23.200000,9.748093060590993
2015-03-26T16:11:23.300000,9.736950615598507
2015-03-26T16:11:23.400000,9.729929322021448
2015-03-26T16:11:23.500000,9.733938813763311
2015-03-26T16:11:23.600000,9.740396201217704
2015-03-26T16:11:23.700000,9.73013451703894
2015-03-26T16:11:23.800000,9.724694361982786
2015-03-26T16:11:23.900000,9.739367285200254
2015-03-26T16:11:24.000000,9.75510773128301
2015-03-26T16:11:24.100000,9.742288255568567
2015-03-26T16:11:24.200000,9.747412270419098
2015-03-26T16:11:24.300000,9.751093721345788
2015-03-26T16:11:24.400000,9.719329484752368
2015-03-26T16:11:24.500000,9.7122380596779
2015-03-26T16:11:24.600000,9.73873521780031
2015-03-26T16:11:24.700000,9.74703278054504
2015-03-26T16:11:24.800000,9.73798455580176
2015-03-26T16:11:24.900000,9.739043153963827
2015-03-26T16:11:25.000000,9.740014979606132
2015-03-26T16:11:25.100000,9.74847621456576
2015-03-26T16:11:25.200000,9.754543275675063
2015-03-26T16:11:25.300000,9.754177570615486
2015-03-26T16:11:25.400000,9.745342354061368
2015-03-26T16:11:25.500000,9.745439629497715
2015-03-26T16:11:25.600000,9.7589546458267
2015-03-26T16:11:25.700000,9.743324630080938
2015-03-26T16:11:25.800000,9.722140044766526
2015-03-26T16:11:25.900000,9.725180701597983
2015-03-26T16:11:26.000000,9.74485996975715
2015-03-26T16:11:26.100000,9.74227226400707
2015-03-26T16:11:26.200000,9.7418539513377
2015-03-26T16:11:26.300000,9.732159175864366
2015-03-26T16:11:26.400000,9.736045353657932
2015-03-26T16:11:26.500000,9.74493308083686
2015-03-26T16:11:26.600000,9.740757286564532
2015-03-26T16:11:26.700000,9.751545108248576
2015-03-26T16:11:26.800000,9.768742283474165
2015-03-26T16:11:26.900000,9.763431623577835
2015-03-26T16:11:27.000000,9.759609228545916
2015-03-26T16:11:27.100000,9.768759475913637
2015-03-26T16:11:27.200000,9.766760716939103
2015-03-26T16:11:27.300000,9.760203471877132
2015-03-26T16:11:27.400000,9.745703257838642
2015-03-26T16:11:27.500000,9.75065862211122
2015-03-26T16:11:27.600000,9.749719040620112
2015-03-26T16:11:27.700000,9.743839332785337
2015-03-26T16:11:27.800000,9.747633339859146
2015-03-26T16:11:27.900000,9.745218670377207
2015-03-26T16:11:28.000000,9.751968012326786
2015-03-26T16:11:28.100000,9.736548339656927
2015-03-26T16:11:28.200000,9.728668527541036
2015-03-26T16:11:28.300000,9.74241549098049
2015-03-26T16:11:28.400000,9.755998808439042
2015-03-26T16:11:28.500000,9.763246280598535
2015-03-26T16:11:28.600000,9.7507060097118
2015-03-26T16:11:28.700000,9.73028766755158
2015-03-26T16:11:28.800000,9.717465239315326
2015-03-26T16:11:28.900000,9.739969547881216
2015-03-26T16:11:29.000000,9.745098038589097
2015-03-26T16:11:29.100000,9.747825816337423
2015-03-26T16:11:29.200000,9.756193421906904
2015-03-26T16:11:29.300000,9.733391712259264
2015-03-26T16:11:29.400000,9.712573412348828
2015-03-26T16:11:29.500000,9.715156065637927
2015-03-26T16:11:29.600000,9.724819555150413
2015-03-26T16:11:29.700000,9.727312524044006
2015-03-26T16:11:29.800000,9.725415801503456
2015-03-26T16:11:29.900000,9.707443259309883
2015-03-26T16:11:30.000000,9.70691582459071
2015-03-26T16:11:30.100000,9.733798403587576
2015-03-26T16:11:30.200000,9.73926951005548
2015-03-26T16:11:30.300000,9.741873360151788
2015-03-26T16:11:30.400000,9.741764673559672
2015-03-26T16:11:30.500000,9.738952414699725
2015-03-26T16:11:30.600000,9.74704343187176
2015-03-26T16:11:30.700000,9.730364115052716
2015-03-26T16:11:30.800000,9.712267523703328
2015-03-26T16:11:30.900000,9.731819732718089
2015-03-26T16:11:31.000000,9.731367998604815
2015-03-26T16:11:31.100000,9.715847985388733
2015-03-26T16:11:31.200000,9.727151580281369
2015-03-26T16:11:31.300000,9.745481663530352
2015-03-26T16:11:31.400000,9.744034499775024
2015-03-26T16:11:31.500000,9.73663983284383
2015-03-26T16:11:31.600000,9.73560012992404
2015-03-26T16:11:31.700000,9.73888597175038
2015-03-26T16:11:31.800000,9.743268030841737
2015-03-26T16:11:31.900000,9.753162597048265
2015-03-26T16:11:32.000000,9.743104041556336
2015-03-26T16:11:32.100000,9.745008978088451
2015-03-26T16:11:32.200000,9.764569163479774
2015-03-26T16:11:32.300000,9.739278178345693
2015-03-26T16:11:32.400000,9.733373387283525
2015-03-26T16:11:32.500000,9.75466708918787
2015-03-26T16:11:32.600000,9.762416706889248
2015-03-26T16:11:32.700000,9.776099470019206
2015-03-26T16:11:32.800000,9.774413488967134
2015-03-26T16:11:32.900000,9.77133963916603
2015-03-26T16:11:33.000000,9.782002454726902
2015-03-26T16:11:33.100000,9.7747758581516
2015-03-26T16:11:33.200000,9.76685218239304
2015-03-26T16:11:33.300000,9.775319172347032
2015-03-26T16:11:33.400000,9.774562789745875
2015-03-26T16:11:33.500000,9.748241966719334
2015-03-26T16:11:33.600000,9.738590376407698
2015-03-26T16:11:33.700000,9.76546170966795
2015-03-26T16:11:33.800000,9.77153424281435
2015-03-26T16:11:33.900000,9.75768066276584
2015-03-26T16:11:34.000000,9.764928003625917
2015-03-26T16:11:34.100000,9.756368728858916
2015-03-26T16:11:34.200000,9.739568744747428
2015-03-26T16:11:34.300000,9.750881864316804
2015-03-26T16:11:34.400000,9.740256529381844
2015-03-26T16:11:34.500000,9.727563951031904
2015-03-26T16:11:34.600000,9.749713508859706
2015-03-26T16:11:34.700000,9.7478863297099
2015-03-26T16:11:34.800000,9.73738095411548
2015-03-26T16:11:34.900000,9.7322344288483
2015-03-26T16:11:35.000000,9.734953624759868
2015-03-26T16:11:35.100000,9.73765563568798
2015-03-26T16:11:35.200000,9.747106511691596
2015-03-26T16:11:35.300000,9.756154453822193
2015-03-26T16:11:35.400000,9.750658621506354
2015-03-26T16:11:35.500000,9.750825877545328
2015-03-26T16:11:35.600000,9.734475890949192
2015-03-26T16:11:35.700000,9.721230410569424
2015-03-26T16:11:35.800000,9.733171055325654
2015-03-26T16:11:35.900000,9.728668162866027
2015-03-26T16:11:36.000000,9.72006802196316
2015-03-26T16:11:36.100000,9.74018234867174
2015-03-26T16:11:36.200000,9.74900377933091
2015-03-26T16:11:36.300000,9.73828294928026
2015-03-26T16:11:36.400000,9.72545753708924
2015-03-26T16:11:36.500000,9.72681171888608
2015-03-26T16:11:36.600000,9.74293814038219
2015-03-26T16:11:36.700000,9.730819680879025
2015-03-26T16:11:36.800000,9.709051525122767
2015-03-26T16:11:36.900000,9.713492060548264
2015-03-26T16:11:37.000000,9.732258496557352
2015-03-26T16:11:37.100000,9.724520573280085
2015-03-26T16:11:37.200000,9.690979134877836
2015-03-26T16:11:37.300000,9.695742232402392
2015-03-26T16:11:37.400000,9.6941925596595
2015-03-26T16:11:37.500000,9.708696264680622
2015-03-26T16:11:37.600000,9.73732613589429
2015-03-26T16:11:37.700000,9.732594414365312
2015-03-26T16:11:37.800000,9.732150788062985
2015-03-26T16:11:37.900000,9.724265742116277
2015-03-26T16:11:38.000000,9.727434606824517
2015-03-26T16:11:38.100000,9.713134528224774
2015-03-26T16:11:38.200000,9.713617017309211
2015-03-26T16:11:38.300000,9.740613922194347
2015-03-26T16:11:38.400000,9.727891758878414
2015-03-26T16:11:38.500000,9.717751618238236
2015-03-26T16:11:38.600000,9.728660736143045
2015-03-26T16:11:38.700000,9.740081524804364
2015-03-26T16:11:38.800000,9.752202791971788
2015-03-26T16:11:38.900000,9.7369500028613
2015-03-26T16:11:39.000000,9.740814647693629
2015-03-26T16:11:39.100000,9.737672183045111
2015-03-26T16:11:39.200000,9.732701248876497
2015-03-26T16:11:39.300000,9.746388731665991
2015-03-26T16:11:39.400000,9.740137950978797
2015-03-26T16:11:39.500000,9.724234702937938
2015-03-26T16:11:39.600000,9.71073990679958
2015-03-26T16:11:39.700000,9.726135571554664
2015-03-26T16:11:39.800000,9.756923839793322
2015-03-26T16:11:39.900000,9.766036490439625
2015-03-26T16:11:40.000000,9.746662301664006
2015-03-26T16:11:40.100000,9.733190365290566
2015-03-26T16:11:40.200000,9.719100340387698
2015-03-26T16:11:40.300000,9.718544362540175
2015-03-26T16:11:40.400000,9.73860977554697
2015-03-26T16:11:40.500000,9.748772551215202
2015-03-26T16:11:40.600000,9.755214565729569
2015-03-26T16:11:40.700000,9.759219112466363
2015-03-26T16:11:40.800000,9.756380684036028
2015-03-26T16:11:40.900000,9.750075594151642
2015-03-26T16:11:41.000000,9.735961519827724
2015-03-26T16:11:41.100000,9.745927053931569
2015-03-26T16:11:41.200000,9.772958603059177
2015-03-26T16:11:41.300000,9.757620962093675
2015-03-26T16:11:41.400000,9.755523124024522
2015-03-26T16:11:41.500000,9.775443500130464
2015-03-26T16:11:41.600000,9.784413183782892
2015-03-26T16:11:41.700000,9.76600319813867
2015-03-26T16:11:41.800000,9.75171108752052
2015-03-26T16:11:41.900000,9.777122837321771
2015-03-26T16:11:42.000000,9.774245580757633
2015-03-26T16:11:42.100000,9.76316592747291
2015-03-26T16:11:42.200000,9.778342974539004
2015-03-26T16:11:42.300000,9.782176381364756
2015-03-26T16:11:42.400000,9.772649130292272
2015-03-26T16:11:42.500000,9.770145680952478
2015-03-26T16:11:42.600000,9.75360068286868
2015-03-26T16:11:42.700000,9.732493624453872
2015-03-26T16:11:42.800000,9.743373111997292
2015-03-26T16:11:42.900000,9.75703520397722
2015-03-26T16:11:43.000000,9.76224071525468
2015-03-26T16:11:43.100000,9.76187043301277
2015-03-26T16:11:43.200000,9.769749868066176
2015-03-26T16:11:43.300000,9.766686014058005
2015-03-26T16:11:43.400000,9.762737124513858
2015-03-26T16:11:43.500000,9.761507419682223
2015-03-26T16:11:43.600000,9.760064319004002
2015-03-26T16:11:43.700000,9.76678647627728
2015-03-26T16:11:43.800000,9.762534321629117
2015-03-26T16:11:43.900000,9.765110747544457
2015-03-26T16:11:44.000000,9.765762583366527
2015-03-26T16:11:44.100000,9.740669054694385
2015-03-26T16:11:44.200000,9.731342139256256
2015-03-26T16:11:44.300000,9.758109281323884
2015-03-26T16:11:44.400000,9.763888676384164
2015-03-26T16:11:44.500000,9.73907705318483
2015-03-26T16:11:44.600000,9.720235533963024
2015-03-26T16:11:44.700000,9.73398227814735
2015-03-26T16:11:44.800000,9.742821701855078
2015-03-26T16:11:44.900000,9.731048230741214
2015-03-26T16:11:45.000000,9.732773534723323
2015-03-26T16:11:45.100000,9.75114040033149
2015-03-26T16:11:45.200000,9.74924401741344
2015-03-26T16:11:45.300000,9.72345993014039
2015-03-26T16:11:45.400000,9.731595354342236
2015-03-26T16:11:45.500000,9.757813829588054
2015-03-26T16:11:45.600000,9.7464671977229
2015-03-26T16:11:45.700000,9.72799954918601
2015-03-26T16:11:45.800000,9.743344429347298
2015-03-26T16:11:45.900000,9.752666371340178
2015-03-26T16:11:46.000000,9.74232857600091
2015-03-26T16:11:46.100000,9.741585899494057
2015-03-26T16:11:46.200000,9.749298239669436
2015-03-26T16:11:46.300000,9.733449287686806
2015-03-26T16:11:46.400000,9.719601779584
2015-03-26T16:11:46.500000,9.72028514283711
2015-03-26T16:11:46.600000,9.718734398427577
2015-03-26T16:11:46.700000,9.714601151585416
2015-03-26T16:11:46.800000,9.71446529502964
2015-03-26T16:11:46.900000,9.7341905517928
2015-03-26T16:11:47.000000,9.73472217145996
2015-03-26T16:11:47.100000,9.731600808773006
2015-03-26T16:11:47.200000,9.732992776493582
2015-03-26T16:11:47.300000,9.72771972208556
2015-03-26T16:11:47.400000,9.73551722884438
2015-03-26T16:11:47.500000,9.719956618870295
2015-03-26T16:11:47.600000,9.707627997383076
2015-03-26T16:11:47.700000,9.739397480979394
2015-03-26T16:11:47.800000,9.749372156207082
2015-03-26T16:11:47.900000,9.739555650715324
2015-03-26T16:11:48.000000,9.738675255136178
2015-03-26T16:11:48.100000,9.749326660662552
2015-03-26T16:11:48.200000,9.75211214446223
2015-03-26T16:11:48.300000,9.753640516117027
2015-03-26T16:11:48.400000,9.752596262136306
2015-03-26T16:11:48.500000,9.76565624113805
2015-03-26T16:11:48.600000,9.787795923849645
2015-03-26T16:11:48.700000,9.782614238881296
2015-03-26T16:11:48.800000,9.775924646835152
2015-03-26T16:11:48.900000,9.753446806274036
2015-03-26T16:11:49.000000,9.73839945373761
2015-03-26T16:11:49.100000,9.759803624035706
2015-03-26T16:11:49.200000,9.779520626435543
2015-03-26T16:11:49.300000,9.777582412045088
2015-03-26T16:11:49.400000,9.7919118831942
2015-03-26T16:11:49.500000,9.800769942099254
2015-03-26T16:11:49.600000,9.789596055106792
2015-03-26T16:11:49.700000,9.788973663187956
2015-03-26T16:11:49.800000,9.778416205186332
2015-03-26T16:11:49.900000,9.76043595776993
2015-03-26T16:11:50.000000,9.761355884503912
2015-03-26T16:11:50.100000,9.757415165372498
2015-03-26T16:11:50.200000,9.760729645146984
2015-03-26T16:11:50.300000,9.762039196083654
2015-03-26T16:11:50.400000,9.762194529005738
2015-03-26T16:11:50.500000,9.769903473626384
2015-03-26T16:11:50.600000,9.750615447148286
2015-03-26T16:11:50.700000,9.7440704087427
2015-03-26T16:11:50.800000,9.753663490972151
2015-03-26T16:11:50.900000,9.740972118723011
2015-03-26T16:11:51.000000,9.745736645500694
2015-03-26T16:11:51.100000,9.761749771951152
2015-03-26T16:11:51.200000,9.762260454870178
2015-03-26T16:11:51.300000,9.75649375100542
2015-03-26T16:11:51.400000,9.754488348891002
2015-03-26T16:11:51.500000,9.75055735493985
2015-03-26T16:11:51.600000,9.725003203169546
2015-03-26T16:11:51.700000,9.73884840973987
2015-03-26T16:11:51.800000,9.738207812609495
2015-03-26T16:11:51.900000,9.724511745197097
2015-03-26T16:11:52.000000,9.749290795864654
2015-03-26T16:11:52.100000,9.756334129098624
2015-03-26T16:11:52.200000,9.756813033272971
2015-03-26T16:11:52.300000,9.774369628912558
2015-03-26T16:11:52.400000,9.749362931779055
2015-03-26T16:11:52.500000,9.718126485780765
2015-03-26T16:11:52.600000,9.73739148662061
2015-03-26T16:11:52.700000,9.744904284585305
2015-03-26T16:11:52.800000,9.735949357682166
2015-03-26T16:11:52.900000,9.72621755785673
2015-03-26T16:11:53.000000,9.727649405694248
2015-03-26T16:11:53.100000,9.726288102040495
2015-03-26T16:11:53.200000,9.746394262733007
2015-03-26T16:11:53.300000,9.759936935638658
2015-03-26T16:11:53.400000,9.735838044876129
2015-03-26T16:11:53.500000,9.725323347605498
2015-03-26T16:11:53.600000,9.746289563359689
2015-03-26T16:11:53.700000,9.767768489280034
2015-03-26T16:11:53.800000,9.762421273565266
2015-03-26T16:11:53.900000,9.76433796731835
2015-03-26T16:11:54.000000,9.76281616939803
2015-03-26T16:11:54.100000,9.752372634132092
2015-03-26T16:11:54.200000,9.735750057797738
2015-03-26T16:11:54.300000,9.741685096874855
2015-03-26T16:11:54.400000,9.757526980511786
2015-03-26T16:11:54.500000,9.768686134055448
2015-03-26T16:11:54.600000,9.751514009962309
2015-03-26T16:11:54.700000,9.73860025015114
2015-03-26T16:11:54.800000,9.75688810502522
2015-03-26T16:11:54.900000,9.75138609697056
2015-03-26T16:11:55.000000,9.727686283018883
2015-03-26T16:11:55.100000,9.704109717789992
2015-03-26T16:11:55.200000,9.711161555309866
2015-03-26T16:11:55.300000,9.756380059197197
2015-03-26T16:11:55.400000,9.772493855650144
2015-03-26T16:11:55.500000,9.758531302304918
2015-03-26T16:11:55.600000,9.746314832147634
2015-03-26T16:11:55.700000,9.731095091836872
2015-03-26T16:11:55.800000,9.705380838361846
2015-03-26T16:11:55.900000,9.708942052733718
2015-03-26T16:11:56.000000,9.733630268836771
2015-03-26T16:11:56.100000,9.734754688636068
2015-03-26T16:11:56.200000,9.73802289563588
2015-03-26T16:11:56.300000,9.730455222455836
2015-03-26T16:11:56.400000,9.719836192250638
2015-03-26T16:11:56.500000,9.729645326882745
2015-03-26T16:11:56.600000,9.740750814470482
2015-03-26T16:11:56.700000,9.743950001269097
2015-03-26T16:11:56.800000,9.748694823078262
2015-03-26T16:11:56.900000,9.73486825444583
2015-03-26T16:11:57.000000,9.72999387214548
2015-03-26T16:11:57.100000,9.740641888898455
2015-03-26T16:11:57.200000,9.730749467104005
2015-03-26T16:11:57.300000,9.729059268571056
2015-03-26T16:11:57.400000,9.740141591959755
2015-03-26T16:11:57.500000,9.741167106639256
2015-03-26T16:11:57.600000,9.736219742233027
2015-03-26T16:11:57.700000,9.733448904442382
2015-03-26T16:11:57.800000,9.725936107036524
2015-03-26T16:11:57.900000,9.72935537023975
2015-03-26T16:11:58.000000,9.755413771714844
2015-03-26T16:11:58.100000,9.75830621760842
2015-03-26T16:11:58.200000,9.752975297031629
2015-03-26T16:11:58.300000,9.76191344426356
2015-03-26T16:11:58.400000,9.746131451289
2015-03-26T16:11:58.500000,9.751466063175364
2015-03-26T16:11:58.600000,9.752352272398536
2015-03-26T16:11:58.700000,9.736105522983353
2015-03-26T16:11:58.800000,9.740020114458895
2015-03-26T16:11:58.900000,9.749898426008926
2015-03-26T16:11:59.000000,9.742722096881357
2015-03-26T16:11:59.100000,9.750625218228862
2015-03-26T16:11:59.200000,9.754654967885296
2015-03-26T16:11:59.300000,9.748978438731733
2015-03-26T16:11:59.400000,9.761246583956096
2015-03-26T16:11:59.500000,9.759269852760928
2015-03-26T16:11:59.600000,9.745338542648543
2015-03-26T16:11:59.700000,9.734345319486517
2015-03-26T16:11:59.800000,9.732630896015054
2015-03-26T16:11:59.900000,9.766465517860574
2015-03-26T16:12:00.000000,9.794929270810217
2015-03-26T16:12:00.100000,9.764564776567177
2015-03-26T16:12:00.200000,9.751398693881304
2015-03-26T16:12:00.300000,9.76294565977894
2015-03-26T16:12:00.400000,9.754520522605162
2015-03-26T16:12:00.500000,9.765827189308812
2015-03-26T16:12:00.600000,9.782856558407875
2015-03-26T16:12:00.700000,9.767737289439202
2015-03-26T16:12:00.800000,9.74859964496219
2015-03-26T16:12:00.900000,9.7639212985991
2015-03-26T16:12:01.000000,9.760856798189302
2015-03-26T16:12:01.100000,9.757087151548795
2015-03-26T16:12:01.200000,9.770392549566742
2015-03-26T16:12:01.300000,9.756370261296713
2015-03-26T16:12:01.400000,9.75061276473602
2015-03-26T16:12:01.500000,9.74794434932161
2015-03-26T16:12:01.600000,9.749281480414064
2015-03-26T16:12:01.700000,9.742280986786431
2015-03-26T16:12:01.800000,9.736699101475816
2015-03-26T16:12:01.900000,9.746952653218557
2015-03-26T16:12:02.000000,9.74079913754702
2015-03-26T16:12:02.100000,9.74407281967106
2015-03-26T16:12:02.200000,9.754413768118203
2015-03-26T16:12:02.300000,9.745666361451589
2015-03-26T16:12:02.400000,9.732586965689778
2015-03-26T16:12:02.500000,9.71298608397218
2015-03-26T16:12:02.600000,9.71040543657672
2015-03-26T16:12:02.700000,9.72121155505739
2015-03-26T16:12:02.800000,9.719123881076747
2015-03-26T16:12:02.900000,9.72041870784227
2015-03-26T16:12:03.000000,9.721130173858471
2015-03-26T16:12:03.100000,9.72019136139434
2015-03-26T16:12:03.200000,9.717244516073608
2015-03-26T16:12:03.300000,9.730349385379322
2015-03-26T16:12:03.400000,9.745152669251642
2015-03-26T16:12:03.500000,9.748393339555324
2015-03-26T16:12:03.600000,9.75062534876278
2015-03-26T16:12:03.700000,9.763116769520176
2015-03-26T16:12:03.800000,9.74889105552576
2015-03-26T16:12:03.900000,9.740971398137903
2015-03-26T16:12:04.000000,9.757661733112185
2015-03-26T16:12:04.100000,9.753214002857934
2015-03-26T16:12:04.200000,9.755665651157464
2015-03-26T16:12:04.300000,9.748626093949955
2015-03-26T16:12:04.400000,9.747219784067571
2015-03-26T16:12:04.500000,9.748624692429884
2015-03-26T16:12:04.600000,9.733953346315264
2015-03-26T16:12:04.700000,9.751271495285724
2015-03-26T16:12:04.800000,9.750350461541588
2015-03-26T16:12:04.900000,9.750529752426468
2015-03-26T16:12:05.000000,9.772305086310212
2015-03-26T16:12:05.100000,9.759194444214614
2015-03-26T16:12:05.200000,9.752467943664698
2015-03-26T16:12:05.300000,9.761814853751028
2015-03-26T16:12:05.400000,9.744611483161414
2015-03-26T16:12:05.500000,9.738158002518254
2015-03-26T16:12:05.600000,9.749728316200311
2015-03-26T16:12:05.700000,9.741859646933364
2015-03-26T16:12:05.800000,9.743844668355417
2015-03-26T16:12:05.900000,9.743733550862643
2015-03-26T16:12:06.000000,9.724786134955083
2015-03-26T16:12:06.100000,9.735106141792926
2015-03-26T16:12:06.200000,9.748027553803691
2015-03-26T16:12:06.300000,9.74129281749929
2015-03-26T16:12:06.400000,9.742709584748429
2015-03-26T16:12:06.500000,9.752419515372289
2015-03-26T16:12:06.600000,9.742460213673338
2015-03-26T16:12:06.700000,9.723590112623446
2015-03-26T16:12:06.800000,9.731153921563182
2015-03-26T16:12:06.900000,9.74903316212002
2015-03-26T16:12:07.000000,9.734802308479829
2015-03-26T16:12:07.100000,9.736192603682303
2015-03-26T16:12:07.200000,9.752215617657772
2015-03-26T16:12:07.300000,9.743802960413742
2015-03-26T16:12:07.400000,9.747174171062849
2015-03-26T16:12:07.500000,9.742797575737413
2015-03-26T16:12:07.600000,9.72450401831576
2015-03-26T16:12:07.700000,9.730424767808747
2015-03-26T16:12:07.800000,9.735696654146572
2015-03-26T16:12:07.900000,9.720521540178472
2015-03-26T16:12:08.000000,9.715327214353668
2015-03-26T16:12:08.100000,9.719392489331362
2015-03-26T16:12:08.200000,9.722386520202
2015-03-26T16:12:08.300000,9.726704113344644
2015-03-26T16:12:08.400000,9.716698556450972
2015-03-26T16:12:08.500000,9.71434286641756
2015-03-26T16:12:08.600000,9.73701786751331
2015-03-26T16:12:08.700000,9.758065159543683
2015-03-26T16:12:08.800000,9.755947015375533
2015-03-26T16:12:08.900000,9.75923153114141
2015-03-26T16:12:09.000000,9.754395342832426
2015-03-26T16:12:09.100000,9.73570560691433
2015-03-26T16:12:09.200000,9.735264665978784
2015-03-26T16:12:09.300000,9.736056266552128
2015-03-26T16:12:09.400000,9.72508587528956
2015-03-26T16:12:09.500000,9.726835637720052
2015-03-26T16:12:09.600000,9.731657962626368
2015-03-26T16:12:09.700000,9.73214413059111
2015-03-26T16:12:09.800000,9.753682478667333
2015-03-26T16:12:09.900000,9.766902479376318
2015-03-26T16:12:10.000000,9.759503129770035
2015-03-26T16:12:10.100000,9.752510987790547
2015-03-26T16:12:10.200000,9.75973912331932
2015-03-26T16:12:10.300000,9.766160686583342
2015-03-26T16:12:10.400000,9.76227314875521
2015-03-26T16:12:10.500000,9.767419800489892
2015-03-26T16:12:10.600000,9.777518164611696
2015-03-26T16:12:10.700000,9.75659883108475
2015-03-26T16:12:10.800000,9.748832388406502
2015-03-26T16:12:10.900000,9.753944721715364
2015-03-26T16:12:11.000000,9.739807266992225
2015-03-26T16:12:11.100000,9.7450487116603
2015-03-26T16:12:11.200000,9.766379373896346
2015-03-26T16:12:11.300000,9.768899529429945
2015-03-26T16:12:11.400000,9.759439618504594
2015-03-26T16:12:11.500000,9.745524536041431
2015-03-26T16:12:11.600000,9.737967630531374
2015-03-26T16:12:11.700000,9.7444149667403
2015-03-26T16:12:11.800000,9.746734977811595
2015-03-26T16:12:11.900000,9.743035218895963
2015-03-26T16:12:12.000000,9.752012938069097
2015-03-26T16:12:12.100000,9.748170250428762
2015-03-26T16:12:12.200000,9.731021736474766
2015-03-26T16:12:12.300000,9.747340506106056
2015-03-26T16:12:12.400000,9.76764727640582
2015-03-26T16:12:12.500000,9.74876816411326
2015-03-26T16:12:12.600000,9.71855096600558
2015-03-26T16:12:12.700000,9.72238458241374
2015-03-26T16:12:12.800000,9.734556557977804
2015-03-26T16:12:12.900000,9.71721663246236
2015-03-26T16:12:13.000000,9.720654263754536
2015-03-26T16:12:13.100000,9.748325923341008
2015-03-26T16:12:13.200000,9.738699736725058
2015-03-26T16:12:13.300000,9.730733640627813
2015-03-26T16:12:13.400000,9.727903703586607
2015-03-26T16:12:13.500000,9.721402995335744
2015-03-26T16:12:13.600000,9.741188803295811
2015-03-26T16:12:13.700000,9.736060072245614
2015-03-26T16:12:13.800000,9.731079890227258
2015-03-26T16:12:13.900000,9.738353797016709
2015-03-26T16:12:14.000000,9.714914169366308
2015-03-26T16:12:14.100000,9.724093243230536
2015-03-26T16:12:14.200000,9.73431768325481
2015-03-26T16:12:14.300000,9.73541112002725
2015-03-26T16:12:14.400000,9.731626156987293
2015-03-26T16:12:14.500000,9.72994992169143
2015-03-26T16:12:14.600000,9.735124475463598
2015-03-26T16:12:14.700000,9.73667596680118
2015-03-26T16:12:14.800000,9.751439916650805
2015-03-26T16:12:14.900000,9.767475299178654
2015-03-26T16:12:15.000000,9.77257696769639
2015-03-26T16:12:15.100000,9.753000568295654
2015-03-26T16:12:15.200000,9.74414372830858
2015-03-26T16:12:15.300000,9.740971111932826
2015-03-26T16:12:15.400000,9.74397495045777
2015-03-26T16:12:15.500000,9.760830744817152
2015-03-26T16:12:15.600000,9.76285342142431
2015-03-26T16:12:15.700000,9.760968100495798
2015-03-26T16:12:15.800000,9.762868334089347
2015-03-26T16:12:15.900000,9.741030908323363
2015-03-26T16:12:16.000000,9.72526700762367
2015-03-26T16:12:16.100000,9.728732030079843
2015-03-26T16:12:16.200000,9.731620707747409
2015-03-26T16:12:16.300000,9.73492372245622
2015-03-26T16:12:16.400000,9.740607185835968
2015-03-26T16:12:16.500000,9.737185277335962
2015-03-26T16:12:16.600000,9.739740622316944
2015-03-26T16:12:16.700000,9.729663913836893
2015-03-26T16:12:16.800000,9.723623364508232
2015-03-26T16:12:16.900000,9.74699366342796
2015-03-26T16:12:17.000000,9.753864250252816
2015-03-26T16:12:17.100000,9.749043085694492
2015-03-26T16:12:17.200000,9.735019717308074
2015-03-26T16:12:17.300000,9.72286006640804
2015-03-26T16:12:17.400000,9.71076718096437
2015-03-26T16:12:17.500000,9.729843569461424
2015-03-26T16:12:17.600000,9.748539061219594
2015-03-26T16:12:17.700000,9.739562573755464
2015-03-26T16:12:17.800000,9.760583687154616
2015-03-26T16:12:17.900000,9.768788139275602
2015-03-26T16:12:18.000000,9.75079298862684
2015-03-26T16:12:18.100000,9.75043820915603
2015-03-26T16:12:18.200000,9.75166981401591
2015-03-26T16:12:18.300000,9.751784453257455
2015-03-26T16:12:18.400000,9.763663332265924
2015-03-26T16:12:18.500000,9.741008037377467
2015-03-26T16:12:18.600000,9.732939377392468
2015-03-26T16:12:18.700000,9.754519306202896
2015-03-26T16:12:18.800000,9.774322530530938
2015-03-26T16:12:18.900000,9.764305044652987
2015-03-26T16:12:19.000000,9.745809820558014
2015-03-26T16:12:19.100000,9.758830769059465
2015-03-26T16:12:19.200000,9.75923217030631
2015-03-26T16:12:19.300000,9.755032563533724
2015-03-26T16:12:19.400000,9.7514596667568
2015-03-26T16:12:19.500000,9.74437786068354
2015-03-26T16:12:19.600000,9.755236658397973
2015-03-26T16:12:19.700000,9.761877716531444
2015-03-26T16:12:19.800000,9.767137330187031
2015-03-26T16:12:19.900000,9.762056664057065
2015-03-26T16:12:20.000000,9.752512337226836
2015-03-26T16:12:20.100000,9.771594565121232
2015-03-26T16:12:20.200000,9.762708586788127
2015-03-26T16:12:20.300000,9.757670272632284
2015-03-26T16:12:20.400000,9.77726656299792
2015-03-26T16:12:20.500000,9.769774540551428
2015-03-26T16:12:20.600000,9.76534984210704
2015-03-26T16:12:20.700000,9.761104039514514
2015-03-26T16:12:20.800000,9.742998895739197
2015-03-26T16:12:20.900000,9.73176075108234
2015-03-26T16:12:21.000000,9.738604498606664
2015-03-26T16:12:21.100000,9.7346370371498
2015-03-26T16:12:21.200000,9.738359116421142
2015-03-26T16:12:21.300000,9.764872259667255
2015-03-26T16:12:21.400000,9.748292034734815
2015-03-26T16:12:21.500000,9.712736525119505
2015-03-26T16:12:21.600000,9.70451584361222
2015-03-26T16:12:21.700000,9.72776532079764
2015-03-26T16:12:21.800000,9.731951813296192
2015-03-26T16:12:21.900000,9.7149018299349
2015-03-26T16:12:22.000000,9.715845465671778
2015-03-26T16:12:22.100000,9.729319435838148
2015-03-26T16:12:22.200000,9.71617099581811
2015-03-26T16:12:22.300000,9.702954206131563
2015-03-26T16:12:22.400000,9.715383661319365
2015-03-26T16:12:22.500000,9.72362555467048
2015-03-26T16:12:22.600000,9.723692069677982
2015-03-26T16:12:22.700000,9.723249103306948
2015-03-26T16:12:22.800000,9.74036131973772
2015-03-26T16:12:22.900000,9.749822922154143
2015-03-26T16:12:23.000000,9.73504023700387
2015-03-26T16:12:23.100000,9.729872834992191
2015-03-26T16:12:23.200000,9.74029733209454
2015-03-26T16:12:23.300000,9.726115583792836
2015-03-26T16:12:23.400000,9.72621811054842
2015-03-26T16:12:23.500000,9.736929153513769
2015-03-26T16:12:23.600000,9.736517382465175
2015-03-26T16:12:23.700000,9.74405574551528
2015-03-26T16:12:23.800000,9.75244437532952
2015-03-26T16:12:23.900000,9.770508473050478
2015-03-26T16:12:24.000000,9.771499596354175
2015-03-26T16:12:24.100000,9.774227611812536
2015-03-26T16:12:24.200000,9.768477721764103
2015-03-26T16:12:24.300000,9.760055033287635
2015-03-26T16:12:24.400000,9.776830209882748
2015-03-26T16:12:24.500000,9.771186491899126
2015-03-26T16:12:24.600000,9.790258302321766
2015-03-26T16:12:24.700000,9.792778885645934
2015-03-26T16:12:24.800000,9.778266163719636
2015-03-26T16:12:24.900000,9.78690125011812
2015-03-26T16:12:25.000000,9.774894404981431
2015-03-26T16:12:25.100000,9.768956413303211
2015-03-26T16:12:25.200000,9.758764547296906
2015-03-26T16:12:25.300000,9.744363625951465
2015-03-26T16:12:25.400000,9.747976501148536
2015-03-26T16:12:25.500000,9.765791885345712
2015-03-26T16:12:25.600000,9.772135855754708
2015-03-26T16:12:25.700000,9.76413914032317
2015-03-26T16:12:25.800000,9.75037045480606
2015-03-26T16:12:25.900000,9.74450364985796
2015-03-26T16:12:26.000000,9.742930028144546
2015-03-26T16:12:26.100000,9.750014488050342
2015-03-26T16:12:26.200000,9.75594948511569
2015-03-26T16:12:26.300000,9.762212262930204
2015-03-26T16:12:26.400000,9.768634601683496
2015-03-26T16:12:26.500000,9.769577388011738
2015-03-26T16:12:26.600000,9.769939097602457
2015-03-26T16:12:26.700000,9.776369540614375
2015-03-26T16:12:26.800000,9.769949835479554
2015-03-26T16:12:26.900000,9.72915718077149
2015-03-26T16:12:27.000000,9.737343109031883
2015-03-26T16:12:27.100000,9.76235623168685
2015-03-26T16:12:27.200000,9.75069538649649
2015-03-26T16:12:27.300000,9.731351370641816
2015-03-26T16:12:27.400000,9.705132869715674
2015-03-26T16:12:27.500000,9.684909836286502
2015-03-26T16:12:27.600000,9.686642383035204
2015-03-26T16:12:27.700000,9.708233766824964
2015-03-26T16:12:27.800000,9.734534092191732
2015-03-26T16:12:27.900000,9.744520443797397
2015-03-26T16:12:28.000000,9.712838742050922
2015-03-26T16:12:28.100000,9.680332702988416
2015-03-26T16:12:28.200000,9.701317513448856
2015-03-26T16:12:28.300000,9.709494804141263
2015-03-26T16:12:28.400000,9.698133379612369
2015-03-26T16:12:28.500000,9.707150053430787
2015-03-26T16:12:28.600000,9.688415781213465
2015-03-26T16:12:28.700000,9.684493756161306
2015-03-26T16:12:28.800000,9.70760892588824
2015-03-26T16:12:28.900000,9.714764889971145
2015-03-26T16:12:29.000000,9.724858090338405
2015-03-26T16:12:29.100000,9.737302938174176
2015-03-26T16:12:29.200000,9.748713004360962
2015-03-26T16:12:29.300000,9.73458207644459
2015-03-26T16:12:29.400000,9.714814217063942
2015-03-26T16:12:29.500000,9.742753296116302
2015-03-26T16:12:29.600000,9.75200846324566
2015-03-26T16:12:29.700000,9.743287522103005
2015-03-26T16:12:29.800000,9.76325365518278
2015-03-26T16:12:29.900000,9.759983628235474
2015-03-26T16:12:30.000000,9.75217834318628
2015-03-26T16:12:30.100000,9.757266058813949
2015-03-26T16:12:30.200000,9.76107623653655
2015-03-26T16:12:30.300000,9.785186460891452
2015-03-26T16:12:30.400000,9.795235898556156
2015-03-26T16:12:30.500000,9.773164496187002
2015-03-26T16:12:30.600000,9.782185693448165
2015-03-26T16:12:30.700000,9.776437010739071
2015-03-26T16:12:30.800000,9.75253398142648
2015-03-26T16:12:30.900000,9.78425950240063
2015-03-26T16:12:31.000000,9.79026252553994
2015-03-26T16:12:31.100000,9.780207349077386
2015-03-26T16:12:31.200000,9.77992737241984
2015-03-26T16:12:31.300000,9.77255598762066
2015-03-26T16:12:31.400000,9.788691577617506
2015-03-26T16:12:31.500000,9.78590690151754
2015-03-26T16:12:31.600000,9.7724295101477
2015-03-26T16:12:31.700000,9.75865821506328
2015-03-26T16:12:31.800000,9.74414259994082
2015-03-26T16:12:31.900000,9.7471664219446
2015-03-26T16:12:32.000000,9.747417912306704
2015-03-26T16:12:32.100000,9.75035819258355
2015-03-26T16:12:32.200000,9.762218240212006
2015-03-26T16:12:32.300000,9.76765764892654
2015-03-26T16:12:32.400000,9.761245407316624
2015-03-26T16:12:32.500000,9.755072304410117
2015-03-26T16:12:32.600000,9.747424857792604
2015-03-26T16:12:32.700000,9.725108383524914
2015-03-26T16:12:32.800000,9.714094731445226
2015-03-26T16:12:32.900000,9.703721165218557
2015-03-26T16:12:33.000000,9.698417438181956
2015-03-26T16:12:33.100000,9.72617536245959
2015-03-26T16:12:33.200000,9.72239936719045
2015-03-26T16:12:33.300000,9.705053761203652
2015-03-26T16:12:33.400000,9.72264224201144
2015-03-26T16:12:33.500000,9.723441350510845
2015-03-26T16:12:33.600000,9.728432036869789
2015-03-26T16:12:33.700000,9.725095284468177
2015-03-26T16:12:33.800000,9.708159199651428
2015-03-26T16:12:33.900000,9.72990727378355
2015-03-26T16:12:34.000000,9.717067894351016
2015-03-26T16:12:34.100000,9.711993690710898
2015-03-26T16:12:34.200000,9.715180904911207
2015-03-26T16:12:34.300000,9.703727258608383
2015-03-26T16:12:34.400000,9.715139598883525
2015-03-26T16:12:34.500000,9.712059505004692
2015-03-26T16:12:34.600000,9.6999561368518
2015-03-26T16:12:34.700000,9.696124633349369
2015-03-26T16:12:34.800000,9.716925875287506
2015-03-26T16:12:34.900000,9.73017445014579
2015-03-26T16:12:35.000000,9.742022914652496
2015-03-26T16:12:35.100000,9.730881432731843
2015-03-26T16:12:35.200000,9.739129513940956
2015-03-26T16:12:35.300000,9.757209205683706
2015-03-26T16:12:35.400000,9.753972508499698
2015-03-26T16:12:35.500000,9.775690495113585
2015-03-26T16:12:35.600000,9.77782640904312
2015-03-26T16:12:35.700000,9.783995335607695
2015-03-26T16:12:35.800000,9.784707633911712
2015-03-26T16:12:35.900000,9.75850504983481
2015-03-26T16:12:36.000000,9.76830510961285
2015-03-26T16:12:36.100000,9.777931211389816
2015-03-26T16:12:36.200000,9.772533099211708
2015-03-26T16:12:36.300000,9.776180311147945
2015-03-26T16:12:36.400000,9.778321623062252
2015-03-26T16:12:36.500000,9.775155481697077
2015-03-26T16:12:36.600000,9.791281859793518
2015-03-26T16:12:36.700000,9.785159992845266
2015-03-26T16:12:36.800000,9.769477649868772
2015-03-26T16:12:36.900000,9.764454704455249
2015-03-26T16:12:37.000000,9.738312739993471
2015-03-26T16:12:37.100000,9.726280622311675
2015-03-26T16:12:37.200000,9.752423774152415
2015-03-26T16:12:37.300000,9.76595246207517
2015-03-26T16:12:37.400000,9.769768838811704
2015-03-26T16:12:37.500000,9.774826434390748
2015-03-26T16:12:37.600000,9.74311396299933
2015-03-26T16:12:37.700000,9.718602093260486
2015-03-26T16:12:37.800000,9.729943432333068
2015-03-26T16:12:37.900000,9.721784178520643
2015-03-26T16:12:38.000000,9.723053170214646
2015-03-26T16:12:38.100000,9.746817529105806
2015-03-26T16:12:38.200000,9.739046279885716
2015-03-26T16:12:38.300000,9.730111578589074
2015-03-26T16:12:38.400000,9.727471847642642
2015-03-26T16:12:38.500000,9.735616513834133
2015-03-26T16:12:38.600000,9.735238051883512
2015-03-26T16:12:38.700000,9.717532270744034
2015-03-26T16:12:38.800000,9.71576209205296
2015-03-26T16:12:38.900000,9.736833789698847
2015-03-26T16:12:39.000000,9.735857122740864
2015-03-26T16:12:39.100000,9.714271603907704
2015-03-26T16:12:39.200000,9.717933758467144
2015-03-26T16:12:39.300000,9.710243908186774
2015-03-26T16:12:39.400000,9.71061006743468
2015-03-26T16:12:39.500000,9.725773993822417
2015-03-26T16:12:39.600000,9.7388775493174
2015-03-26T16:12:39.700000,9.753485276905844
2015-03-26T16:12:39.800000,9.736170699964884
2015-03-26T16:12:39.900000,9.723891186359836
2015-03-26T16:12:40.000000,9.72816642145123
2015-03-26T16:12:40.100000,9.704675877571212
2015-03-26T16:12:40.200000,9.704094904704291
2015-03-26T16:12:40.300000,9.725377460306124
2015-03-26T16:12:40.400000,9.716466297848424
2015-03-26T16:12:40.500000,9.714982778571366
2015-03-26T16:12:40.600000,9.741627381908955
2015-03-26T16:12:40.700000,9.751851721390628
2015-03-26T16:12:40.800000,9.741629531250332
2015-03-26T16:12:40.900000,9.754902972375614
2015-03-26T16:12:41.000000,9.77690759247596
2015-03-26T16:12:41.100000,9.777726550182
2015-03-26T16:12:41.200000,9.74950599673861
2015-03-26T16:12:41.300000,9.749692781851223
2015-03-26T16:12:41.400000,9.755024176763287
2015-03-26T16:12:41.500000,9.746716488894783
2015-03-26T16:12:41.600000,9.74644863198228
2015-03-26T16:12:41.700000,9.75340030896164
2015-03-26T16:12:41.800000,9.747456973214865
2015-03-26T16:12:41.900000,9.75380024996869
2015-03-26T16:12:42.000000,9.74891652297593
2015-03-26T16:12:42.100000,9.729279075817926
2015-03-26T16:12:42.200000,9.75694388284695
2015-03-26T16:12:42.300000,9.778645458076904
2015-03-26T16:12:42.400000,9.7676287870824
2015-03-26T16:12:42.500000,9.765310597612949
2015-03-26T16:12:42.600000,9.778694028444296
2015-03-26T16:12:42.700000,9.745107161154031
2015-03-26T16:12:42.800000,9.726564746468837
2015-03-26T16:12:42.900000,9.754156224363228
2015-03-26T16:12:43.000000,9.749735597442164
2015-03-26T16:12:43.100000,9.738055249318329
2015-03-26T16:12:43.200000,9.746782339972588
2015-03-26T16:12:43.300000,9.742166316723145
2015-03-26T16:12:43.400000,9.728389715650856
2015-03-26T16:12:43.500000,9.7263546703949
2015-03-26T16:12:43.600000,9.738179188961965
2015-03-26T16:12:43.700000,9.724088836647404
2015-03-26T16:12:43.800000,9.72419452689499
2015-03-26T16:12:43.900000,9.74670993959674
2015-03-26T16:12:44.000000,9.7513611391411
2015-03-26T16:12:44.100000,9.736525648814547
2015-03-26T16:12:44.200000,9.733306232880617
2015-03-26T16:12:44.300000,9.72743582045974
2015-03-26T16:12:44.400000,9.718936482248658
2015-03-26T16:12:44.500000,9.72011903132748
2015-03-26T16:12:44.600000,9.725611193348556
2015-03-26T16:12:44.700000,9.743011415565558
2015-03-26T16:12:44.800000,9.752765195779745
2015-03-26T16:12:44.900000,9.751014863016463
2015-03-26T16:12:45.000000,9.739806511028116
2015-03-26T16:12:45.100000,9.728509694888952
2015-03-26T16:12:45.200000,9.741545428467708
2015-03-26T16:12:45.300000,9.743742750675514
2015-03-26T16:12:45.400000,9.729839713756428
2015-03-26T16:12:45.500000,9.750654438937207
2015-03-26T16:12:45.600000,9.76336500821074
2015-03-26T16:12:45.700000,9.767728346483874
2015-03-26T16:12:45.800000,9.764763209162632
2015-03-26T16:12:45.900000,9.76318146671037
2015-03-26T16:12:46.000000,9.78566241901188
2015-03-26T16:12:46.100000,9.77989345268458
2015-03-26T16:12:46.200000,9.766615977207476
2015-03-26T16:12:46.300000,9.74149147326783
2015-03-26T16:12:46.400000,9.734788176603082
2015-03-26T16:12:46.500000,9.767076790942964
2015-03-26T16:12:46.600000,9.77578996475484
2015-03-26T16:12:46.700000,9.767521353626266
2015-03-26T16:12:46.800000,9.769949976713868
2015-03-26T16:12:46.900000,9.785008138947337
2015-03-26T16:12:47.000000,9.768579901565031
2015-03-26T16:12:47.100000,9.758215874724703
2015-03-26T16:12:47.200000,9.780039304369618
2015-03-26T16:12:47.300000,9.779292078284184
2015-03-26T16:12:47.400000,9.761959880808188
2015-03-26T16:12:47.500000,9.747592512159471
2015-03-26T16:12:47.600000,9.72525373706439
2015-03-26T16:12:47.700000,9.721146095238533
2015-03-26T16:12:47.800000,9.7394442393939
2015-03-26T16:12:47.900000,9.750424578365031
2015-03-26T16:12:48.000000,9.73938768624214
2015-03-26T16:12:48.100000,9.740087891738211
2015-03-26T16:12:48.200000,9.74796279205885
2015-03-26T16:12:48.300000,9.748692281441247
2015-03-26T16:12:48.400000,9.735529923250054
2015-03-26T16:12:48.500000,9.719035851722971
2015-03-26T16:12:48.600000,9.734430365412614
2015-03-26T16:12:48.700000,9.732024012274533
2015-03-26T16:12:48.800000,9.716166614693174
2015-03-26T16:12:48.900000,9.72121560380706
2015-03-26T16:12:49.000000,9.730758280092852
2015-03-26T16:12:49.100000,9.732001519027149
2015-03-26T16:12:49.200000,9.72651442262271
2015-03-26T16:12:49.300000,9.715691564857527
2015-03-26T16:12:49.400000,9.717377493996842
2015-03-26T16:12:49.500000,9.73335882241293
2015-03-26T16:12:49.600000,9.73084376997984
2015-03-26T16:12:49.700000,9.724576370215027
2015-03-26T16:12:49.800000,9.72834943986395
2015-03-26T16:12:49.900000,9.72465417974566
2015-03-26T16:12:50.000000,9.717948564913709
2015-03-26T16:12:50.100000,9.728638126143572
2015-03-26T16:12:50.200000,9.72363231509863
2015-03-26T16:12:50.300000,9.717922719167651
2015-03-26T16:12:50.400000,9.742803570118152
2015-03-26T16:12:50.500000,9.75137505894364
2015-03-26T16:12:50.600000,9.740247865262573
2015-03-26T16:12:50.700000,9.739043842187094
2015-03-26T16:12:50.800000,9.741070459473272
2015-03-26T16:12:50.900000,9.732205041401729
2015-03-26T16:12:51.000000,9.741468278308608
2015-03-26T16:12:51.100000,9.76242230621308
2015-03-26T16:12:51.200000,9.751352199185108
2015-03-26T16:12:51.300000,9.757576375575624
2015-03-26T16:12:51.400000,9.767636344976848
2015-03-26T16:12:51.500000,9.75283927223692
2015-03-26T16:12:51.600000,9.749401103323828
2015-03-26T16:12:51.700000,9.753422290254692
2015-03-26T16:12:51.800000,9.771877549841369
2015-03-26T16:12:51.900000,9.778060775746331
2015-03-26T16:12:52.000000,9.76177366740516
2015-03-26T16:12:52.100000,9.770243915843992
2015-03-26T16:12:52.200000,9.773448877667956
2015-03-26T16:12:52.300000,9.748923578022612
2015-03-26T16:12:52.400000,9.73822589625625
2015-03-26T16:12:52.500000,9.741517477022612
2015-03-26T16:12:52.600000,9.750768091442731
2015-03-26T16:12:52.700000,9.752531598777232
2015-03-26T16:12:52.800000,9.756611884667503
2015-03-26T16:12:52.900000,9.779394984492765
2015-03-26T16:12:53.000000,9.77084247935921
2015-03-26T16:12:53.100000,9.753278585705196
2015-03-26T16:12:53.200000,9.739500240272967
2015-03-26T16:12:53.300000,9.749625752072156
2015-03-26T16:12:53.400000,9.760412147373565
2015-03-26T16:12:53.500000,9.741939645995648
2015-03-26T16:12:53.600000,9.724936005832136
2015-03-26T16:12:53.700000,9.723482497216688
2015-03-26T16:12:53.800000,9.739512745152936
2015-03-26T16:12:53.900000,9.748127042908612
2015-03-26T16:12:54.000000,9.736743202519712
2015-03-26T16:12:54.100000,9.721992153642953
2015-03-26T16:12:54.200000,9.738354371037223
2015-03-26T16:12:54.300000,9.755567671855252
2015-03-26T16:12:54.400000,9.7605212192532
2015-03-26T16:12:54.500000,9.731531290027364
2015-03-26T16:12:54.600000,9.72156558034679
2015-03-26T16:12:54.700000,9.741070399938046
2015-03-26T16:12:54.800000,9.741330614143497
2015-03-26T16:12:54.900000,9.743346710149671
2015-03-26T16:12:55.000000,9.754020615389242
2015-03-26T16:12:55.100000,9.745419702327869
2015-03-26T16:12:55.200000,9.75330251971562
2015-03-26T16:12:55.300000,9.750154729370534
2015-03-26T16:12:55.400000,9.741234723651392
2015-03-26T16:12:55.500000,9.74414673082327
2015-03-26T16:12:55.600000,9.739200692871378
2015-03-26T16:12:55.700000,9.748435346044438
2015-03-26T16:12:55.800000,9.764542087965816
2015-03-26T16:12:55.900000,9.760995480883723
2015-03-26T16:12:56.000000,9.759942894792005
2015-03-26T16:12:56.100000,9.767550864980944
2015-03-26T16:12:56.200000,9.759526079756194
2015-03-26T16:12:56.300000,9.775538709101603
2015-03-26T16:12:56.400000,9.79626276414337
2015-03-26T16:12:56.500000,9.776311916938852
2015-03-26T16:12:56.600000,9.756726261951354
2015-03-26T16:12:56.700000,9.76278637685902
2015-03-26T16:12:56.800000,9.757280919554889
2015-03-26T16:12:56.900000,9.742235058222482
2015-03-26T16:12:57.000000,9.740585164248987
2015-03-26T16:12:57.100000,9.766906792953964
2015-03-26T16:12:57.200000,9.763156073869244
2015-03-26T16:12:57.300000,9.749050165359868
2015-03-26T16:12:57.400000,9.745246251935733
2015-03-26T16:12:57.500000,9.747188834922316
2015-03-26T16:12:57.600000,9.748805134490798
2015-03-26T16:12:57.700000,9.728513536266645
2015-03-26T16:12:57.800000,9.72472821990302
2015-03-26T16:12:57.900000,9.75033554707258
2015-03-26T16:12:58.000000,9.776994075264886
2015-03-26T16:12:58.100000,9.75456878098717
2015-03-26T16:12:58.200000,9.736558156860385
2015-03-26T16:12:58.300000,9.762977858800596
2015-03-26T16:12:58.400000,9.742239364961147
2015-03-26T16:12:58.500000,9.72013430860795
2015-03-26T16:12:58.600000,9.726087896250046
2015-03-26T16:12:58.700000,9.73099226230547
2015-03-26T16:12:58.800000,9.7352395176956
2015-03-26T16:12:58.900000,9.73032646871014
2015-03-26T16:12:59.000000,9.730354815980432
2015-03-26T16:12:59.100000,9.733323420289969
2015-03-26T16:12:59.200000,9.759278864824084
2015-03-26T16:12:59.300000,9.76209718505268
2015-03-26T16:12:59.400000,9.747464914300185
2015-03-26T16:12:59.500000,9.738897666473
2015-03-26T16:12:59.600000,9.733918363187122
2015-03-26T16:12:59.700000,9.768822518635526
2015-03-26T16:12:59.800000,9.784577998896468
2015-03-26T16:12:59.900000,9.76377617253394
2015-03-26T16:13:00.000000,9.756360607812038
2015-03-26T16:13:00.100000,9.7543209034304
2015-03-26T16:13:00.200000,9.733580899184089
2015-03-26T16:13:00.300000,9.72897794179091
2015-03-26T16:13:00.400000,9.74610883064492
2015-03-26T16:13:00.500000,9.76042981084719
2015-03-26T16:13:00.600000,9.767679001590173
2015-03-26T16:13:00.700000,9.767288638673136
2015-03-26T16:13:00.800000,9.76720256666995
2015-03-26T16:13:00.900000,9.754576940907398
2015-03-26T16:13:01.000000,9.760699036280949
2015-03-26T16:13:01.100000,9.781542073774585
2015-03-26T16:13:01.200000,9.758285318829266
2015-03-26T16:13:01.300000,9.741998214870256
2015-03-26T16:13:01.400000,9.752702017816182
2015-03-26T16:13:01.500000,9.754616721753154
2015-03-26T16:13:01.600000,9.753972016554108
2015-03-26T16:13:01.700000,9.751522535749928
2015-03-26T16:13:01.800000,9.744408727913164
2015-03-26T16:13:01.900000,9.746469729459037
2015-03-26T16:13:02.000000,9.744312084751291
2015-03-26T16:13:02.100000,9.7360315389353
2015-03-26T16:13:02.200000,9.720314246988234
2015-03-26T16:13:02.300000,9.708735720396836
2015-03-26T16:13:02.400000,9.72138926456554
2015-03-26T16:13:02.500000,9.740196887830434
2015-03-26T16:13:02.600000,9.755387460549167
2015-03-26T16:13:02.700000,9.746596282423711
2015-03-26T16:13:02.800000,9.731858011426436
2015-03-26T16:13:02.900000,9.731974026476855
2015-03-26T16:13:03.000000,9.741874069378156
2015-03-26T16:13:03.100000,9.74195389160246
2015-03-26T16:13:03.200000,9.736434135250413
2015-03-26T16:13:03.300000,9.73149415950946
2015-03-26T16:13:03.400000,9.73139031719931
2015-03-26T16:13:03.500000,9.721990607408468
2015-03-26T16:13:03.600000,9.729778695796536
2015-03-26T16:13:03.700000,9.747011982654133
2015-03-26T16:13:03.800000,9.737175483385675
2015-03-26T16:13:03.900000,9.747325329290078
2015-03-26T16:13:04.000000,9.77350173365362
2015-03-26T16:13:04.100000,9.77550801606151
2015-03-26T16:13:04.200000,9.746761299201005
2015-03-26T16:13:04.300000,9.744111096113684
2015-03-26T16:13:04.400000,9.75509442823462
2015-03-26T16:13:04.500000,9.747881476205606
2015-03-26T16:13:04.600000,9.757497665666731
2015-03-26T16:13:04.700000,9.764485513656522
2015-03-26T16:13:04.800000,9.76640685212012
2015-03-26T16:13:04.900000,9.766243500199405
2015-03-26T16:13:05.000000,9.747944553465226
2015-03-26T16:13:05.100000,9.748873107499993
2015-03-26T16:13:05.200000,9.75336575033048
2015-03-26T16:13:05.300000,9.758397614062677
2015-03-26T16:13:05.400000,9.761384648824365
2015-03-26T16:13:05.500000,9.771445546710025
2015-03-26T16:13:05.600000,9.792027135020376
2015-03-26T16:13:05.700000,9.789368174855202
2015-03-26T16:13:05.800000,9.773334379810914
2015-03-26T16:13:05.900000,9.762539331161568
2015-03-26T16:13:06.000000,9.777838164315416
2015-03-26T16:13:06.100000,9.789287604801816
2015-03-26T16:13:06.200000,9.776658192573928
2015-03-26T16:13:06.300000,9.776022489132972
2015-03-26T16:13:06.400000,9.764161830416455
2015-03-26T16:13:06.500000,9.742791839170584
2015-03-26T16:13:06.600000,9.743236828502962
2015-03-26T16:13:06.700000,9.751260861077766
2015-03-26T16:13:06.800000,9.74447462144208
2015-03-26T16:13:06.900000,9.75424175651524
2015-03-26T16:13:07.000000,9.758711898041282
2015-03-26T16:13:07.100000,9.757719721320475
2015-03-26T16:13:07.200000,9.746050243391933
2015-03-26T16:13:07.300000,9.731197708748011
2015-03-26T16:13:07.400000,9.74759993038418
2015-03-26T16:13:07.500000,9.73417196456876
2015-03-26T16:13:07.600000,9.73871845051
2015-03-26T16:13:07.700000,9.73601873326568
2015-03-26T16:13:07.800000,9.729048605924868
2015-03-26T16:13:07.900000,9.73340284666148
2015-03-26T16:13:08.000000,9.72218488190162
2015-03-26T16:13:08.100000,9.719795717831202
2015-03-26T16:13:08.200000,9.726414596587794
2015-03-26T16:13:08.300000,9.76593981876691
2015-03-26T16:13:08.400000,9.749277358430096
2015-03-26T16:13:08.500000,9.716705114443126
2015-03-26T16:13:08.600000,9.728672558325034
2015-03-26T16:13:08.700000,9.726738247661826
2015-03-26T16:13:08.800000,9.721861193068216
2015-03-26T16:13:08.900000,9.733865637425554
2015-03-26T16:13:09.000000,9.74350327109061
2015-03-26T16:13:09.100000,9.731004435095674
2015-03-26T16:13:09.200000,9.731462927046785
2015-03-26T16:13:09.300000,9.737660854510167
2015-03-26T16:13:09.400000,9.747424574416884
2015-03-26T16:13:09.500000,9.753566570649646
2015-03-26T16:13:09.600000,9.746578870885171
2015-03-26T16:13:09.700000,9.74778545640648
2015-03-26T16:13:09.800000,9.744589566664164
2015-03-26T16:13:09.900000,9.759240107642174
2015-03-26T16:13:10.000000,9.772259431933952
2015-03-26T16:13:10.100000,9.753784409282838
2015-03-26T16:13:10.200000,9.772005210939549
2015-03-26T16:13:10.300000,9.7765236030208
2015-03-26T16:13:10.400000,9.776229076711784
2015-03-26T16:13:10.500000,9.768878663865122
2015-03-26T16:13:10.600000,9.746646948060874
2015-03-26T16:13:10.700000,9.76775854588865
2015-03-26T16:13:10.800000,9.782924919459376
2015-03-26T16:13:10.900000,9.778174229729238
2015-03-26T16:13:11.000000,9.75090203190631
2015-03-26T16:13:11.100000,9.748130239422837
2015-03-26T16:13:11.200000,9.77688113138426
2015-03-26T16:13:11.300000,9.776541888106964
2015-03-26T16:13:11.400000,9.765422786002414
2015-03-26T16:13:11.500000,9.778180736933676
2015-03-26T16:13:11.600000,9.765046031527682
2015-03-26T16:13:11.700000,9.736627890290835
2015-03-26T16:13:11.800000,9.75027846612208
2015-03-26T16:13:11.900000,9.767317328683664
2015-03-26T16:13:12.000000,9.751451659085944
2015-03-26T16:13:12.100000,9.732158337565783
2015-03-26T16:13:12.200000,9.733868907623185
2015-03-26T16:13:12.300000,9.741086018739464
2015-03-26T16:13:12.400000,9.759934272192512
2015-03-26T16:13:12.500000,9.762264672331842
2015-03-26T16:13:12.600000,9.752596368950163
2015-03-26T16:13:12.700000,9.735498735334277
2015-03-26T16:13:12.800000,9.717326389453874
2015-03-26T16:13:12.900000,9.717208153172036
2015-03-26T16:13:13.000000,9.730378445819616
2015-03-26T16:13:13.100000,9.735199425494091
2015-03-26T16:13:13.200000,9.702767764449728
2015-03-26T16:13:13.300000,9.703072065174188
2015-03-26T16:13:13.400000,9.716528535001348
2015-03-26T16:13:13.500000,9.703902933482496
2015-03-26T16:13:13.600000,9.718001640754226
2015-03-26T16:13:13.700000,9.724676770099284
2015-03-26T16:13:13.800000,9.716958350115409
2015-03-26T16:13:13.900000,9.730204390034604
2015-03-26T16:13:14.000000,9.74588777868925
2015-03-26T16:13:14.100000,9.7491323474295
2015-03-26T16:13:14.200000,9.735480922752888
2015-03-26T16:13:14.300000,9.723966228206626
2015-03-26T16:13:14.400000,9.726477660406218
2015-03-26T16:13:14.500000,9.732148303680708
2015-03-26T16:13:14.600000,9.730450258934829
2015-03-26T16:13:14.700000,9.73174361218175
2015-03-26T16:13:14.800000,9.7342146180794
2015-03-26T16:13:14.900000,9.728842296012225
2015-03-26T16:13:15.000000,9.74427703675027
2015-03-26T16:13:15.100000,9.75295755229304
2015-03-26T16:13:15.200000,9.74801928263541
2015-03-26T16:13:15.300000,9.74787438475427
2015-03-26T16:13:15.400000,9.757181220640122
2015-03-26T16:13:15.500000,9.759429719058923
2015-03-26T16:13:15.600000,9.743771855728673
2015-03-26T16:13:15.700000,9.738802621783131
2015-03-26T16:13:15.800000,9.765862772580308
2015-03-26T16:13:15.900000,9.77357426086786
2015-03-26T16:13:16.000000,9.763335365285926
2015-03-26T16:13:16.100000,9.78482778733381
2015-03-26T16:13:16.200000,9.77488969735226
2015-03-26T16:13:16.300000,9.771558576921562
2015-03-26T16:13:16.400000,9.788522032485568
2015-03-26T16:13:16.500000,9.788398122742526
2015-03-26T16:13:16.600000,9.78319726521495
2015-03-26T16:13:16.700000,9.765949684151826
2015-03-26T16:13:16.800000,9.754157306666924
2015-03-26T16:13:16.900000,9.741171604497412
2015-03-26T16:13:17.000000,9.76927986944591
2015-03-26T16:13:17.100000,9.78480158691268
2015-03-26T16:13:17.200000,9.756468060358586
2015-03-26T16:13:17.300000,9.75421036958612
2015-03-26T16:13:17.400000,9.757784378300334
2015-03-26T16:13:17.500000,9.741974027015734
2015-03-26T16:13:17.600000,9.747430662641769
2015-03-26T16:13:17.700000,9.739498786043848
2015-03-26T16:13:17.800000,9.732381151219403
2015-03-26T16:13:17.900000,9.762634375529032
2015-03-26T16:13:18.000000,9.76868935733212
2015-03-26T16:13:18.100000,9.743273988923203
2015-03-26T16:13:18.200000,9.711399638585608
2015-03-26T16:13:18.300000,9.724049102167962
2015-03-26T16:13:18.400000,9.74343549610539
2015-03-26T16:13:18.500000,9.733840140231338
2015-03-26T16:13:18.600000,9.720915686854136
2015-03-26T16:13:18.700000,9.716736146543596
2015-03-26T16:13:18.800000,9.724654398155868
2015-03-26T16:13:18.900000,9.7233210735278
2015-03-26T16:13:19.000000,9.706866298545576
2015-03-26T16:13:19.100000,9.7295357873858
2015-03-26T16:13:19.200000,9.74475397346733
2015-03-26T16:13:19.300000,9.725006119109707
2015-03-26T16:13:19.400000,9.73377095319371
2015-03-26T16:13:19.500000,9.738566043752664
2015-03-26T16:13:19.600000,9.731159773680169
2015-03-26T16:13:19.700000,9.726890809093073
2015-03-26T16:13:19.800000,9.730226804244085
2015-03-26T16:13:19.900000,9.73800155411108
2015-03-26T16:13:20.000000,9.714879590976215
2015-03-26T16:13:20.100000,9.700151610503196
2015-03-26T16:13:20.200000,9.719039904692345
2015-03-26T16:13:20.300000,9.71279229859803
2015-03-26T16:13:20.400000,9.720622163146096
2015-03-26T16:13:20.500000,9.712625784591008
2015-03-26T16:13:20.600000,9.69027458328548
2015-03-26T16:13:20.700000,9.727294891182847
2015-03-26T16:13:20.800000,9.745775900761217
2015-03-26T16:13:20.900000,9.745229930298208
2015-03-26T16:13:21.000000,9.762708309709724
2015-03-26T16:13:21.100000,9.769454148216294
2015-03-26T16:13:21.200000,9.76532062769362
2015-03-26T16:13:21.300000,9.751332877620207
2015-03-26T16:13:21.400000,9.754497995494647
2015-03-26T16:13:21.500000,9.772629165560556
2015-03-26T16:13:21.600000,9.76416383796886
2015-03-26T16:13:21.700000,9.750691092445212
2015-03-26T16:13:21.800000,9.750669936300016
2015-03-26T16:13:21.900000,9.764264287891937
2015-03-26T16:13:22.000000,9.762729476371982
2015-03-26T16:13:22.100000,9.74867556286
2015-03-26T16:13:22.200000,9.754312687671192
2015-03-26T16:13:22.300000,9.76311797390054
2015-03-26T16:13:22.400000,9.783280150066608
2015-03-26T16:13:22.500000,9.804505563204083
2015-03-26T16:13:22.600000,9.78308777302515
2015-03-26T16:13:22.700000,9.76013485462128
2015-03-26T16:13:22.800000,9.777135617934476
2015-03-26T16:13:22.900000,9.765986455017336
2015-03-26T16:13:23.000000,9.742577024623264
2015-03-26T16:13:23.100000,9.753154309483843
2015-03-26T16:13:23.200000,9.762294826342082
2015-03-26T16:13:23.300000,9.749509512148084
2015-03-26T16:13:23.400000,9.748123180014415
2015-03-26T16:13:23.500000,9.76624172185578
2015-03-26T16:13:23.600000,9.774962540700804
2015-03-26T16:13:23.700000,9.771598359383209
2015-03-26T16:13:23.800000,9.77525009153509
2015-03-26T16:13:23.900000,9.766977595886727
2015-03-26T16:13:24.000000,9.739141901602064
2015-03-26T16:13:24.100000,9.728202299663268
2015-03-26T16:13:24.200000,9.734732879886655
2015-03-26T16:13:24.300000,9.746162457123864
2015-03-26T16:13:24.400000,9.75327952308145
2015-03-26T16:13:24.500000,9.738426405636792
2015-03-26T16:13:24.600000,9.72612943307387
2015-03-26T16:13:24.700000,9.729354918899707
2015-03-26T16:13:24.800000,9.722408212687698
2015-03-26T16:13:24.900000,9.728841881352206
2015-03-26T16:13:25.000000,9.723110267947073
2015-03-26T16:13:25.100000,9.717077999841182
2015-03-26T16:13:25.200000,9.712551324276424
2015-03-26T16:13:25.300000,9.700625051404128
2015-03-26T16:13:25.400000,9.697757761326177
2015-03-26T16:13:25.500000,9.718340845885372
2015-03-26T16:13:25.600000,9.730039052679423
2015-03-26T16:13:25.700000,9.735411880734722
2015-03-26T16:13:25.800000,9.74733123147031
2015-03-26T16:13:25.900000,9.726912712532023
2015-03-26T16:13:26.000000,9.728002063102457
2015-03-26T16:13:26.100000,9.742907843460106
2015-03-26T16:13:26.200000,9.740308329942382
2015-03-26T16:13:26.300000,9.750251848386757
2015-03-26T16:13:26.400000,9.740910472263376
2015-03-26T16:13:26.500000,9.725217108025053
2015-03-26T16:13:26.600000,9.755828150463437
2015-03-26T16:13:26.700000,9.770820277811818
2015-03-26T16:13:26.800000,9.753170708185523
2015-03-26T16:13:26.900000,9.767891777264584
2015-03-26T16:13:27.000000,9.778886038352384
2015-03-26T16:13:27.100000,9.749605860837072
2015-03-26T16:13:27.200000,9.750604458502492
2015-03-26T16:13:27.300000,9.7716979505557
2015-03-26T16:13:27.400000,9.779068680010017
2015-03-26T16:13:27.500000,9.767508803950705
2015-03-26T16:13:27.600000,9.74960640329654
2015-03-26T16:13:27.700000,9.769631844400912
2015-03-26T16:13:27.800000,9.773898829702336
2015-03-26T16:13:27.900000,9.76831368414028
2015-03-26T16:13:28.000000,9.782483984900052
2015-03-26T16:13:28.100000,9.775972779857478
2015-03-26T16:13:28.200000,9.760205082899883
2015-03-26T16:13:28.300000,9.77225089558476
2015-03-26T16:13:28.400000,9.775568980924168
2015-03-26T16:13:28.500000,9.751082238931131
2015-03-26T16:13:28.600000,9.756640318530252
2015-03-26T16:13:28.700000,9.759539301888378
2015-03-26T16:13:28.800000,9.754286274363702
2015-03-26T16:13:28.900000,9.749008454679975
2015-03-26T16:13:29.000000,9.75437817762018
2015-03-26T16:13:29.100000,9.760485561487371
2015-03-26T16:13:29.200000,9.7436355702918
2015-03-26T16:13:29.300000,9.745927927827791
2015-03-26T16:13:29.400000,9.74761702843666
2015-03-26T16:13:29.500000,9.758421025259455
2015-03-26T16:13:29.600000,9.753744599904046
2015-03-26T16:13:29.700000,9.72670182282193
2015-03-26T16:13:29.800000,9.72736869193358
2015-03-26T16:13:29.900000,9.74325684921611
2015-03-26T16:13:30.000000,9.744415560162588
2015-03-26T16:13:30.100000,9.729308751078204
2015-03-26T16:13:30.200000,9.734886601471272
2015-03-26T16:13:30.300000,9.741033343773298
2015-03-26T16:13:30.400000,9.754440864796884
2015-03-26T16:13:30.500000,9.75707466908746
2015-03-26T16:13:30.600000,9.737226531874178
2015-03-26T16:13:30.700000,9.728331132073707
2015-03-26T16:13:30.800000,9.72813286867855
2015-03-26T16:13:30.900000,9.727783662932856
2015-03-26T16:13:31.000000,9.72230414410818
2015-03-26T16:13:31.100000,9.732857182758485
2015-03-26T16:13:31.200000,9.752827967427738
2015-03-26T16:13:31.300000,9.746891805149687
2015-03-26T16:13:31.400000,9.733296817491969
2015-03-26T16:13:31.500000,9.749797871520842
2015-03-26T16:13:31.600000,9.75476071591965
2015-03-26T16:13:31.700000,9.744579989893888
2015-03-26T16:13:31.800000,9.73290919097344
2015-03-26T16:13:31.900000,9.725463356061104
2015-03-26T16:13:32.000000,9.726680765748537
2015-03-26T16:13:32.100000,9.73228499751934
2015-03-26T16:13:32.200000,9.737055221251692
2015-03-26T16:13:32.300000,9.728968058969164
2015-03-26T16:13:32.400000,9.721420144646196
2015-03-26T16:13:32.500000,9.741802458091843
2015-03-26T16:13:32.600000,9.763346878753207
2015-03-26T16:13:32.700000,9.760729969142108
2015-03-26T16:13:32.800000,9.755848305490654
2015-03-26T16:13:32.900000,9.753453499438864
2015-03-26T16:13:33.000000,9.742833119872945
2015-03-26T16:13:33.100000,9.748663688403145
2015-03-26T16:13:33.200000,9.732682102722688
2015-03-26T16:13:33.300000,9.716612786172773
2015-03-26T16:13:33.400000,9.736285598241324
2015-03-26T16:13:33.500000,9.758119739983483
2015-03-26T16:13:33.600000,9.762691105814394
2015-03-26T16:13:33.700000,9.754356694311308
2015-03-26T16:13:33.800000,9.76806338087026
2015-03-26T16:13:33.900000,9.772409535636292
2015-03-26T16:13:34.000000,9.760582827901706
2015-03-26T16:13:34.100000,9.744475505403848
2015-03-26T16:13:34.200000,9.740667097325153
2015-03-26T16:13:34.300000,9.726547676213768
2015-03-26T16:13:34.400000,9.713015904381924
2015-03-26T16:13:34.500000,9.724281856093242
2015-03-26T16:13:34.600000,9.730204013376063
2015-03-26T16:13:34.700000,9.736818077413048
2015-03-26T16:13:34.800000,9.733657923813942
2015-03-26T16:13:34.900000,9.729168039239038
2015-03-26T16:13:35.000000,9.74429155590505
2015-03-26T16:13:35.100000,9.73199620817278
2015-03-26T16:13:35.200000,9.70994415782994
2015-03-26T16:13:35.300000,9.714513477211264
2015-03-26T16:13:35.400000,9.726670111138642
2015-03-26T16:13:35.500000,9.737491433469367
2015-03-26T16:13:35.600000,9.74310836479619
2015-03-26T16:13:35.700000,9.721697384287769
2015-03-26T16:13:35.800000,9.717637346980853
2015-03-26T16:13:35.900000,9.716994853306623
2015-03-26T16:13:36.000000,9.722864536709611
2015-03-26T16:13:36.100000,9.74250517628968
2015-03-26T16:13:36.200000,9.729497247966645
2015-03-26T16:13:36.300000,9.717675147650748
2015-03-26T16:13:36.400000,9.727537147799572
2015-03-26T16:13:36.500000,9.746073033206123
2015-03-26T16:13:36.600000,9.747079641109226
2015-03-26T16:13:36.700000,9.730110726034138
2015-03-26T16:13:36.800000,9.728346191398824
2015-03-26T16:13:36.900000,9.765617222257877
2015-03-26T16:13:37.000000,9.761924566602728
2015-03-26T16:13:37.100000,9.748444583744456
2015-03-26T16:13:37.200000,9.760332380899266
2015-03-26T16:13:37.300000,9.760067143347335
2015-03-26T16:13:37.400000,9.744373734667644
2015-03-26T16:13:37.500000,9.75061020455907
2015-03-26T16:13:37.600000,9.77143138657422
2015-03-26T16:13:37.700000,9.765731101476574
2015-03-26T16:13:37.800000,9.779349280289736
2015-03-26T16:13:37.900000,9.776214654870246
2015-03-26T16:13:38.000000,9.741420244587612
2015-03-26T16:13:38.100000,9.73817570666261
2015-03-26T16:13:38.200000,9.764446648211642
2015-03-26T16:13:38.300000,9.772052922463612
2015-03-26T16:13:38.400000,9.746586092380683
2015-03-26T16:13:38.500000,9.746450985485696
2015-03-26T16:13:38.600000,9.740318574112791
2015-03-26T16:13:38.700000,9.741578285665446
2015-03-26T16:13:38.800000,9.76963952775578
2015-03-26T16:13:38.900000,9.775484491867676
2015-03-26T16:13:39.000000,9.793645512137836
2015-03-26T16:13:39.100000,9.761613809384556
2015-03-26T16:13:39.200000,9.729904849954147
2015-03-26T16:13:39.300000,9.753495449818496
2015-03-26T16:13:39.400000,9.758355988374868
2015-03-26T16:13:39.500000,9.762756258373972
2015-03-26T16:13:39.600000,9.774956785108348
2015-03-26T16:13:39.700000,9.76515726268454
2015-03-26T16:13:39.800000,9.756471442895062
2015-03-26T16:13:39.900000,9.753257479054811
2015-03-26T16:13:40.000000,9.734699305528428
2015-03-26T16:13:40.100000,9.731877421743883
2015-03-26T16:13:40.200000,9.717140754270051
2015-03-26T16:13:40.300000,9.710150441599271
2015-03-26T16:13:40.400000,9.70568138246566
2015-03-26T16:13:40.500000,9.703379431826797
2015-03-26T16:13:40.600000,9.718422522538066
2015-03-26T16:13:40.700000,9.705864089643276
2015-03-26T16:13:40.800000,9.707068839827416
2015-03-26T16:13:40.900000,9.705884543442671
2015-03-26T16:13:41.000000,9.714462874276826
2015-03-26T16:13:41.100000,9.722512240278972
2015-03-26T16:13:41.200000,9.699252603887835
2015-03-26T16:13:41.300000,9.701008307927856
2015-03-26T16:13:41.400000,9.727732191682747
2015-03-26T16:13:41.500000,9.71789598269942
2015-03-26T16:13:41.600000,9.716464001910008
2015-03-26T16:13:41.700000,9.734904691959976
2015-03-26T16:13:41.800000,9.71521512835048
2015-03-26T16:13:41.900000,9.712543254910978
2015-03-26T16:13:42.000000,9.737168011593134
2015-03-26T16:13:42.100000,9.73991215082568
2015-03-26T16:13:42.200000,9.737361766165938
2015-03-26T16:13:42.300000,9.7432018136837
2015-03-26T16:13:42.400000,9.747154661686736
2015-03-26T16:13:42.500000,9.75723508088899
2015-03-26T16:13:42.600000,9.774548503110127
2015-03-26T16:13:42.700000,9.789766130092463
2015-03-26T16:13:42.800000,9.77017064687164
2015-03-26T16:13:42.900000,9.753741706357994
2015-03-26T16:13:43.000000,9.766602948801934
2015-03-26T16:13:43.100000,9.767340901721496
2015-03-26T16:13:43.200000,9.767994254387526
2015-03-26T16:13:43.300000,9.772114275216431
2015-03-26T16:13:43.400000,9.769404203182212
2015-03-26T16:13:43.500000,9.778737828845578
2015-03-26T16:13:43.600000,9.775886653588383
2015-03-26T16:13:43.700000,9.767311063350007
2015-03-26T16:13:43.800000,9.767137443619738
2015-03-26T16:13:43.900000,9.77126647313588
2015-03-26T16:13:44.000000,9.77159601110902
2015-03-26T16:13:44.100000,9.763160851763343
2015-03-26T16:13:44.200000,9.765334596382395
2015-03-26T16:13:44.300000,9.769104081355724
2015-03-26T16:13:44.400000,9.755243876821632
2015-03-26T16:13:44.500000,9.75429113543778
2015-03-26T16:13:44.600000,9.762309897178916
2015-03-26T16:13:44.700000,9.769902865422118
2015-03-26T16:13:44.800000,9.764956328852035
2015-03-26T16:13:44.900000,9.744157090495976
2015-03-26T16:13:45.000000,9.742788829128628
2015-03-26T16:13:45.100000,9.750610751081512
2015-03-26T16:13:45.200000,9.733720298577902
2015-03-26T16:13:45.300000,9.727274704713992
2015-03-26T16:13:45.400000,9.737155917870773
2015-03-26T16:13:45.500000,9.743340692369683
2015-03-26T16:13:45.600000,9.739620536219835
2015-03-26T16:13:45.700000,9.73065707920171
2015-03-26T16:13:45.800000,9.729484853938024
2015-03-26T16:13:45.900000,9.706363180162962
2015-03-26T16:13:46.000000,9.698460724394996
2015-03-26T16:13:46.100000,9.716663930694256
2015-03-26T16:13:46.200000,9.710759682870773
2015-03-26T16:13:46.300000,9.712457708672195
2015-03-26T16:13:46.400000,9.70794705041173
2015-03-26T16:13:46.500000,9.707312209632375
2015-03-26T16:13:46.600000,9.719432207376284
2015-03-26T16:13:46.700000,9.708627421187906
2015-03-26T16:13:46.800000,9.696593975277644
2015-03-26T16:13:46.900000,9.709994005903358
2015-03-26T16:13:47.000000,9.728985064308986
2015-03-26T16:13:47.100000,9.729919091380058
2015-03-26T16:13:47.200000,9.741455975008028
2015-03-26T16:13:47.300000,9.72321482872843
2015-03-26T16:13:47.400000,9.71327232468258
2015-03-26T16:13:47.500000,9.753663668311034
2015-03-26T16:13:47.600000,9.774051326693025
2015-03-26T16:13:47.700000,9.759323639836772
2015-03-26T16:13:47.800000,9.743634581663642
2015-03-26T16:13:47.900000,9.739526616166708
2015-03-26T16:13:48.000000,9.74060312020175
2015-03-26T16:13:48.100000,9.737634393216345
2015-03-26T16:13:48.200000,9.75269334791818
2015-03-26T16:13:48.300000,9.788530486503891
2015-03-26T16:13:48.400000,9.794283782044838
2015-03-26T16:13:48.500000,9.765432293801265
2015-03-26T16:13:48.600000,9.76055839074901
2015-03-26T16:13:48.700000,9.781221752539697
2015-03-26T16:13:48.800000,9.762592578878746
2015-03-26T16:13:48.900000,9.75976456254036
2015-03-26T16:13:49.000000,9.77347972874098
2015-03-26T16:13:49.100000,9.770302148322967
2015-03-26T16:13:49.200000,9.76036883532814
2015-03-26T16:13:49.300000,9.73038454242505
2015-03-26T16:13:49.400000,9.728369406845218
2015-03-26T16:13:49.500000,9.75254977555456
2015-03-26T16:13:49.600000,9.764951748074902
2015-03-26T16:13:49.700000,9.773603340883325
2015-03-26T16:13:49.800000,9.771018016431857
2015-03-26T16:13:49.900000,9.771056166887492
2015-03-26T16:13:50.000000,9.76776317276817
2015-03-26T16:13:50.100000,9.746001075656135
2015-03-26T16:13:50.200000,9.735902072270637
2015-03-26T16:13:50.300000,9.738647392631584
2015-03-26T16:13:50.400000,9.742859478409024
2015-03-26T16:13:50.500000,9.729972348286315
2015-03-26T16:13:50.600000,9.729578547653285
2015-03-26T16:13:50.700000,9.731804494197632
2015-03-26T16:13:50.800000,9.730750532427145
2015-03-26T16:13:50.900000,9.740884193293653
2015-03-26T16:13:51.000000,9.742060990999963
2015-03-26T16:13:51.100000,9.746771296173218
2015-03-26T16:13:51.200000,9.753682677219956
2015-03-26T16:13:51.300000,9.747540578884
2015-03-26T16:13:51.400000,9.73181199551268
2015-03-26T16:13:51.500000,9.720391837224795
2015-03-26T16:13:51.600000,9.725711419657957
2015-03-26T16:13:51.700000,9.733800194720867
2015-03-26T16:13:51.800000,9.724671240257242
2015-03-26T16:13:51.900000,9.728265115345067
2015-03-26T16:13:52.000000,9.747052354186351
2015-03-26T16:13:52.100000,9.738859173718556
2015-03-26T16:13:52.200000,9.740554804669417
2015-03-26T16:13:52.300000,9.74683057468557
2015-03-26T16:13:52.400000,9.75144599026112
2015-03-26T16:13:52.500000,9.747279019022164
2015-03-26T16:13:52.600000,9.741825923008838
2015-03-26T16:13:52.700000,9.7552756045641
2015-03-26T16:13:52.800000,9.754462872556084
2015-03-26T16:13:52.900000,9.749350485112023
2015-03-26T16:13:53.000000,9.7520249150859
2015-03-26T16:13:53.100000,9.766088881711124
2015-03-26T16:13:53.200000,9.769068320138189
2015-03-26T16:13:53.300000,9.745066307447
2015-03-26T16:13:53.400000,9.7558713706044
2015-03-26T16:13:53.500000,9.774679882709952
2015-03-26T16:13:53.600000,9.759127014913648
2015-03-26T16:13:53.700000,9.764595751023466
2015-03-26T16:13:53.800000,9.764256567922054
2015-03-26T16:13:53.900000,9.752437401586675
2015-03-26T16:13:54.000000,9.770027634110049
2015-03-26T16:13:54.100000,9.763885273150471
2015-03-26T16:13:54.200000,9.74500295656855
2015-03-26T16:13:54.300000,9.745347406748484
2015-03-26T16:13:54.400000,9.749963142867252
2015-03-26T16:13:54.500000,9.758348950413936
2015-03-26T16:13:54.600000,9.770932390698912
2015-03-26T16:13:54.700000,9.75890700808554
2015-03-26T16:13:54.800000,9.734995552999584
2015-03-26T16:13:54.900000,9.739086482156436
2015-03-26T16:13:55.000000,9.739759991878552
2015-03-26T16:13:55.100000,9.738322410191444
2015-03-26T16:13:55.200000,9.74233370351726
2015-03-26T16:13:55.300000,9.73651246752728
2015-03-26T16:13:55.400000,9.73752010450874
2015-03-26T16:13:55.500000,9.732488048547472
2015-03-26T16:13:55.600000,9.711753498356767
2015-03-26T16:13:55.700000,9.723794959254649
2015-03-26T16:13:55.800000,9.73695483017132
2015-03-26T16:13:55.900000,9.73413627897282
2015-03-26T16:13:56.000000,9.72924650731335
2015-03-26T16:13:56.100000,9.7280971177946
2015-03-26T16:13:56.200000,9.735670336055287
2015-03-26T16:13:56.300000,9.744253778227172
2015-03-26T16:13:56.400000,9.738238955394095
2015-03-26T16:13:56.500000,9.727823665797937
2015-03-26T16:13:56.600000,9.740309720067286
2015-03-26T16:13:56.700000,9.726134931808604
2015-03-26T16:13:56.800000,9.71645020343494
2015-03-26T16:13:56.900000,9.71568504748888
2015-03-26T16:13:57.000000,9.703171063857251
2015-03-26T16:13:57.100000,9.718123428494486
2015-03-26T16:13:57.200000,9.739353751496964
2015-03-26T16:13:57.300000,9.739898520713515
2015-03-26T16:13:57.400000,9.730056757400792
2015-03-26T16:13:57.500000,9.743178146627343
2015-03-26T16:13:57.600000,9.748791028383556
2015-03-26T16:13:57.700000,9.733941103124002
2015-03-26T16:13:57.800000,9.747861459475388
2015-03-26T16:13:57.900000,9.765316156580022
2015-03-26T16:13:58.000000,9.739082389567065
2015-03-26T16:13:58.100000,9.75008652873572
2015-03-26T16:13:58.200000,9.789027912948155
2015-03-26T16:13:58.300000,9.780890313060384
2015-03-26T16:13:58.400000,9.747495489485145
2015-03-26T16:13:58.500000,9.749420160165602
2015-03-26T16:13:58.600000,9.775698554860266
2015-03-26T16:13:58.700000,9.775243721768666
2015-03-26T16:13:58.800000,9.774151231388355
2015-03-26T16:13:58.900000,9.78914716368761
2015-03-26T16:13:59.000000,9.784527066235814
2015-03-26T16:13:59.100000,9.764727291684451
2015-03-26T16:13:59.200000,9.77412280529906
2015-03-26T16:13:59.300000,9.77584414850222
2015-03-26T16:13:59.400000,9.771163406326956
2015-03-26T16:13:59.500000,9.788130678237268
2015-03-26T16:13:59.600000,9.775086201774606
2015-03-26T16:13:59.700000,9.755404837621542
2015-03-26T16:13:59.800000,9.758380096643588
2015-03-26T16:13:59.900000,9.764477082401465
2015-03-26T16:14:00.000000,9.772951533453316
2015-03-26T16:14:00.100000,9.763796224776655
2015-03-26T16:14:00.200000,9.772483005625867
2015-03-26T16:14:00.300000,9.764031995134545
2015-03-26T16:14:00.400000,9.75635580303945
2015-03-26T16:14:00.500000,9.769681537125637
2015-03-26T16:14:00.600000,9.762726647922037
2015-03-26T16:14:00.700000,9.750192053035676
2015-03-26T16:14:00.800000,9.756133871117155
2015-03-26T16:14:00.900000,9.752425445501006
2015-03-26T16:14:01.000000,9.745418870202862
2015-03-26T16:14:01.100000,9.755699767574251
2015-03-26T16:14:01.200000,9.736036339573555
2015-03-26T16:14:01.300000,9.713034011127732
2015-03-26T16:14:01.400000,9.722578944638192
2015-03-26T16:14:01.500000,9.730271002677595
2015-03-26T16:14:01.600000,9.72925562774539
2015-03-26T16:14:01.700000,9.750505416878031
2015-03-26T16:14:01.800000,9.745421041300633
2015-03-26T16:14:01.900000,9.739101752135976
2015-03-26T16:14:02.000000,9.729859732974466
2015-03-26T16:14:02.100000,9.703615094119035
2015-03-26T16:14:02.200000,9.699223999675246
2015-03-26T16:14:02.300000,9.714941886017307
2015-03-26T16:14:02.400000,9.7248659545949
2015-03-26T16:14:02.500000,9.716240017015656
2015-03-26T16:14:02.600000,9.70646376999012
2015-03-26T16:14:02.700000,9.7089548890725
2015-03-26T16:14:02.800000,9.718656694413957
2015-03-26T16:14:02.900000,9.713070176328197
2015-03-26T16:14:03.000000,9.71053858299027
2015-03-26T16:14:03.100000,9.740992667351174
2015-03-26T16:14:03.200000,9.740371470067831
2015-03-26T16:14:03.300000,9.723124503896535
2015-03-26T16:14:03.400000,9.722165105579853
2015-03-26T16:14:03.500000,9.730983916518287
2015-03-26T16:14:03.600000,9.75697302836857
2015-03-26T16:14:03.700000,9.756765628495437
2015-03-26T16:14:03.800000,9.74565908719499
2015-03-26T16:14:03.900000,9.746405324719994
2015-03-26T16:14:04.000000,9.746026421608208
2015-03-26T16:14:04.100000,9.740191216394717
2015-03-26T16:14:04.200000,9.746460357651031
2015-03-26T16:14:04.300000,9.745507214065851
2015-03-26T16:14:04.400000,9.748174165698469
2015-03-26T16:14:04.500000,9.737581800419324
2015-03-26T16:14:04.600000,9.69338223947646
2015-03-26T16:14:04.700000,9.705339771387711
2015-03-26T16:14:04.800000,9.74143980708579
2015-03-26T16:14:04.900000,9.741305340935918
2015-03-26T16:14:05.000000,9.749015848181587
2015-03-26T16:14:05.100000,9.761506949243849
2015-03-26T16:14:05.200000,9.742235909338712
2015-03-26T16:14:05.300000,9.751520542188585
2015-03-26T16:14:05.400000,9.781451044621386
2015-03-26T16:14:05.500000,9.76906251783573
2015-03-26T16:14:05.600000,9.746589979263582
2015-03-26T16:14:05.700000,9.747902625877872
2015-03-26T16:14:05.800000,9.760032322073387
2015-03-26T16:14:05.900000,9.743629332280916
2015-03-26T16:14:06.000000,9.747778050484314
2015-03-26T16:14:06.100000,9.757063655687825
2015-03-26T16:14:06.200000,9.74256265117338
2015-03-26T16:14:06.300000,9.752602102077272
2015-03-26T16:14:06.400000,9.781075046231992
2015-03-26T16:14:06.500000,9.788710977594825
2015-03-26T16:14:06.600000,9.763335875168012
2015-03-26T16:14:06.700000,9.740354939598705
2015-03-26T16:14:06.800000,9.747985705326338
2015-03-26T16:14:06.900000,9.747704871910823
2015-03-26T16:14:07.000000,9.743559332257371
2015-03-26T16:14:07.100000,9.74364877692561
2015-03-26T16:14:07.200000,9.72730838467433
2015-03-26T16:14:07.300000,9.724425727185707
2015-03-26T16:14:07.400000,9.741308039347174
2015-03-26T16:14:07.500000,9.74831008803678
2015-03-26T16:14:07.600000,9.743762376759198
2015-03-26T16:14:07.700000,9.752767071841149
2015-03-26T16:14:07.800000,9.74779144655811
2015-03-26T16:14:07.900000,9.740193974126342
2015-03-26T16:14:08.000000,9.746869867025476
2015-03-26T16:14:08.100000,9.746739937041138
2015-03-26T16:14:08.200000,9.759887931680977
2015-03-26T16:14:08.300000,9.765375720365528
2015-03-26T16:14:08.400000,9.75077154160595
2015-03-26T16:14:08.500000,9.743286546091651
2015-03-26T16:14:08.600000,9.73900973565108
2015-03-26T16:14:08.700000,9.749788757778264
2015-03-26T16:14:08.800000,9.74616908293468
2015-03-26T16:14:08.900000,9.736438678121898
2015-03-26T16:14:09.000000,9.7435148400387
2015-03-26T16:14:09.100000,9.745520165299382
2015-03-26T16:14:09.200000,9.73508906164994
2015-03-26T16:14:09.300000,9.72464098260324
2015-03-26T16:14:09.400000,9.740117772429324
2015-03-26T16:14:09.500000,9.7547782549654
2015-03-26T16:14:09.600000,9.76793502306122
2015-03-26T16:14:09.700000,9.762449811181718
2015-03-26T16:14:09.800000,9.73866333701338
2015-03-26T16:14:09.900000,9.743811105488149
2015-03-26T16:14:10.000000,9.773296613673084
2015-03-26T16:14:10.100000,9.750358807103476
2015-03-26T16:14:10.200000,9.739872805901024
2015-03-26T16:14:10.300000,9.761941425025563
2015-03-26T16:14:10.400000,9.758711959850356
2015-03-26T16:14:10.500000,9.754485613905173
2015-03-26T16:14:10.600000,9.753294588595384
2015-03-26T16:14:10.700000,9.749052078786285
2015-03-26T16:14:10.800000,9.73717561429954
2015-03-26T16:14:10.900000,9.746095153877665
2015-03-26T16:14:11.000000,9.756238265601558
2015-03-26T16:14:11.100000,9.755176230098106
2015-03-26T16:14:11.200000,9.726293239462835
2015-03-26T16:14:11.300000,9.726529078710682
2015-03-26T16:14:11.400000,9.746061231080144
2015-03-26T16:14:11.500000,9.744905854357656
2015-03-26T16:14:11.600000,9.73087789482469
2015-03-26T16:14:11.700000,9.716738245140082
2015-03-26T16:14:11.800000,9.72939612293912
2015-03-26T16:14:11.900000,9.717938678610128
2015-03-26T16:14:12.000000,9.716766858346949
2015-03-26T16:14:12.100000,9.736932927686311
2015-03-26T16:14:12.200000,9.742560092662336
2015-03-26T16:14:12.300000,9.736859525311774
2015-03-26T16:14:12.400000,9.724535814030222
2015-03-26T16:14:12.500000,9.715812650288376
2015-03-26T16:14:12.600000,9.71210743951242
2015-03-26T16:14:12.700000,9.717961337711808
2015-03-26T16:14:12.800000,9.748395219533611
2015-03-26T16:14:12.900000,9.74853796345506
2015-03-26T16:14:13.000000,9.757434797857714
2015-03-26T16:14:13.100000,9.758254001242909
2015-03-26T16:14:13.200000,9.743265210622248
2015-03-26T16:14:13.300000,9.74887913116829
2015-03-26T16:14:13.400000,9.751150614317476
2015-03-26T16:14:13.500000,9.749450514166412
2015-03-26T16:14:13.600000,9.740335864284326
2015-03-26T16:14:13.700000,9.748911942215884
2015-03-26T16:14:13.800000,9.76890924483804
2015-03-26T16:14:13.900000,9.762782184708852
2015-03-26T16:14:14.000000,9.73671706364903
2015-03-26T16:14:14.100000,9.74631871225136
2015-03-26T16:14:14.200000,9.75382471849469
2015-03-26T16:14:14.300000,9.735042238528218
2015-03-26T16:14:14.400000,9.731967248475756
2015-03-26T16:14:14.500000,9.750224985412386
2015-03-26T16:14:14.600000,9.755405426903714
2015-03-26T16:14:14.700000,9.729675330647227
2015-03-26T16:14:14.800000,9.723154817067984
2015-03-26T16:14:14.900000,9.743081549212176
2015-03-26T16:14:15.000000,9.757838295909655
2015-03-26T16:14:15.100000,9.766954549053988
2015-03-26T16:14:15.200000,9.775848270681651
2015-03-26T16:14:15.300000,9.784153826209836
2015-03-26T16:14:15.400000,9.761069447331415
2015-03-26T16:14:15.500000,9.740760559507263
2015-03-26T16:14:15.600000,9.771068319483271
2015-03-26T16:14:15.700000,9.76359803437444
2015-03-26T16:14:15.800000,9.763528912629992
2015-03-26T16:14:15.900000,9.786063732626268
2015-03-26T16:14:16.000000,9.77621934208459
2015-03-26T16:14:16.100000,9.754399478945738
2015-03-26T16:14:16.200000,9.742955686514378
2015-03-26T16:14:16.300000,9.733178774848753
2015-03-26T16:14:16.400000,9.752016211626218
2015-03-26T16:14:16.500000,9.77249394387298
2015-03-26T16:14:16.600000,9.743636244626716
2015-03-26T16:14:16.700000,9.7285178154202
2015-03-26T16:14:16.800000,9.743495988601662
2015-03-26T16:14:16.900000,9.746101269955412
2015-03-26T16:14:17.000000,9.752882148370617
2015-03-26T16:14:17.100000,9.771108792152027
2015-03-26T16:14:17.200000,9.74669784712955
2015-03-26T16:14:17.300000,9.731067474219955
2015-03-26T16:14:17.400000,9.729638555410435
2015-03-26T16:14:17.500000,9.733547762653798
2015-03-26T16:14:17.600000,9.74764274054936
2015-03-26T16:14:17.700000,9.726342228948443
2015-03-26T16:14:17.800000,9.72538875760146
2015-03-26T16:14:17.900000,9.752630363446269
2015-03-26T16:14:18.000000,9.75241020633598
2015-03-26T16:14:18.100000,9.752016742428609
2015-03-26T16:14:18.200000,9.750006765535144
2015-03-26T16:14:18.300000,9.754898747166584
2015-03-26T16:14:18.400000,9.741069133406429
2015-03-26T16:14:18.500000,9.706130343512434
2015-03-26T16:14:18.600000,9.725896155865929
2015-03-26T16:14:18.700000,9.75706351923737
2015-03-26T16:14:18.800000,9.741017998626267
2015-03-26T16:14:18.900000,9.733058381981747
2015-03-26T16:14:19.000000,9.74103764608298
2015-03-26T16:14:19.100000,9.729693006694768
2015-03-26T16:14:19.200000,9.742916018220674
2015-03-26T16:14:19.300000,9.74536222003921
2015-03-26T16:14:19.400000,9.732203799571398
2015-03-26T16:14:19.500000,9.73967920321787
2015-03-26T16:14:19.600000,9.746763627002268
2015-03-26T16:14:19.700000,9.734692721333037
2015-03-26T16:14:19.800000,9.731468559430184
2015-03-26T16:14:19.900000,9.738116225612302
2015-03-26T16:14:20.000000,9.739300552583694
2015-03-26T16:14:20.100000,9.748877724500078
2015-03-26T16:14:20.200000,9.750547262529778
2015-03-26T16:14:20.300000,9.75112901673914
2015-03-26T16:14:20.400000,9.739829586131686
2015-03-26T16:14:20.500000,9.728771333589206
2015-03-26T16:14:20.600000,9.741496939817706
2015-03-26T16:14:20.700000,9.752010407544669
2015-03-26T16:14:20.800000,9.7713518701941
2015-03-26T16:14:20.900000,9.768316160151851
2015-03-26T16:14:21.000000,9.751150708397098
2015-03-26T16:14:21.100000,9.747141237938626
2015-03-26T16:14:21.200000,9.745473776073826
2015-03-26T16:14:21.300000,9.762369960213844
2015-03-26T16:14:21.400000,9.74973308287414
2015-03-26T16:14:21.500000,9.741008656270202
2015-03-26T16:14:21.600000,9.745158254758897
2015-03-26T16:14:21.700000,9.727000715976596
2015-03-26T16:14:21.800000,9.740789161081116
2015-03-26T16:14:21.900000,9.755393766235436
2015-03-26T16:14:22.000000,9.752772055253592
2015-03-26T16:14:22.100000,9.75443035985096
2015-03-26T16:14:22.200000,9.76157200583273
2015-03-26T16:14:22.300000,9.737629164051686
2015-03-26T16:14:22.400000,9.724660564057633
2015-03-26T16:14:22.500000,9.749850317309592
2015-03-26T16:14:22.600000,9.743255873853466
2015-03-26T16:14:22.700000,9.751255448662514
2015-03-26T16:14:22.800000,9.759876071957612
2015-03-26T16:14:22.900000,9.739417648789438
2015-03-26T16:14:23.000000,9.742730098016608
2015-03-26T16:14:23.100000,9.750415568789997
2015-03-26T16:14:23.200000,9.753144742280224
2015-03-26T16:14:23.300000,9.77184129315141
2015-03-26T16:14:23.400000,9.767317330629902
2015-03-26T16:14:23.500000,9.738519509534912
2015-03-26T16:14:23.600000,9.73322226652194
2015-03-26T16:14:23.700000,9.747305701884803
2015-03-26T16:14:23.800000,9.76152648099124
2015-03-26T16:14:23.900000,9.753548199276004
2015-03-26T16:14:24.000000,9.745752246917665
2015-03-26T16:14:24.100000,9.756275411114904
2015-03-26T16:14:24.200000,9.751587753940091
2015-03-26T16:14:24.300000,9.76040168508968
2015-03-26T16:14:24.400000,9.76435966813307
2015-03-26T16:14:24.500000,9.74871570947484
2015-03-26T16:14:24.600000,9.760796729699312
2015-03-26T16:14:24.700000,9.75202168572219
2015-03-26T16:14:24.800000,9.744441949947143
2015-03-26T16:14:24.900000,9.747937943516474
2015-03-26T16:14:25.000000,9.734739220360128
2015-03-26T16:14:25.100000,9.728037395324945
2015-03-26T16:14:25.200000,9.713696828098731
2015-03-26T16:14:25.300000,9.723545086094584
2015-03-26T16:14:25.400000,9.72460749859966
2015-03-26T16:14:25.500000,9.72864746230617
2015-03-26T16:14:25.600000,9.76134783414301
2015-03-26T16:14:25.700000,9.741807574017766
2015-03-26T16:14:25.800000,9.745778353252936
2015-03-26T16:14:25.900000,9.76636407630009
2015-03-26T16:14:26.000000,9.778698730146903
2015-03-26T16:14:26.100000,9.771908905902515
2015-03-26T16:14:26.200000,9.746077995764514
2015-03-26T16:14:26.300000,9.744866182721292
2015-03-26T16:14:26.400000,9.742711286293208
2015-03-26T16:14:26.500000,9.757108560729684
2015-03-26T16:14:26.600000,9.755026577279242
2015-03-26T16:14:26.700000,9.747962854984166
2015-03-26T16:14:26.800000,9.74528948755947
2015-03-26T16:14:26.900000,9.752200011254605
2015-03-26T16:14:27.000000,9.758788142313726
2015-03-26T16:14:27.100000,9.760956175873634
2015-03-26T16:14:27.200000,9.757545180090322
2015-03-26T16:14:27.300000,9.761327171831631
2015-03-26T16:14:27.400000,9.759340858044364
2015-03-26T16:14:27.500000,9.743559849433852
2015-03-26T16:14:27.600000,9.72374491816471
2015-03-26T16:14:27.700000,9.718587053189845
2015-03-26T16:14:27.800000,9.725983236389604
2015-03-26T16:14:27.900000,9.739933148976434
2015-03-26T16:14:28.000000,9.749580490699053
2015-03-26T16:14:28.100000,9.738771136202114
2015-03-26T16:14:28.200000,9.736637569538912
2015-03-26T16:14:28.300000,9.753201258781289
2015-03-26T16:14:28.400000,9.75555055272936
2015-03-26T16:14:28.500000,9.74226884129329
2015-03-26T16:14:28.600000,9.736080081972808
2015-03-26T16:14:28.700000,9.737309377618288
2015-03-26T16:14:28.800000,9.751875978165652
2015-03-26T16:14:28.900000,9.735810061546456
2015-03-26T16:14:29.000000,9.726627215545212
2015-03-26T16:14:29.100000,9.733860054862054
2015-03-26T16:14:29.200000,9.755937935922862
2015-03-26T16:14:29.300000,9.761780344174174
2015-03-26T16:14:29.400000,9.745313873926984
2015-03-26T16:14:29.500000,9.741052793729722
2015-03-26T16:14:29.600000,9.73423180575232
2015-03-26T16:14:29.700000,9.735614618323543
2015-03-26T16:14:29.800000,9.7346283571582
2015-03-26T16:14:29.900000,9.72457082973797
2015-03-26T16:14:30.000000,9.74135882494378
2015-03-26T16:14:30.100000,9.747589318580072
2015-03-26T16:14:30.200000,9.725513002624616
2015-03-26T16:14:30.300000,9.740571714628263
2015-03-26T16:14:30.400000,9.759093679197022
2015-03-26T16:14:30.500000,9.750415391620374
2015-03-26T16:14:30.600000,9.736016974899284
2015-03-26T16:14:30.700000,9.752761848080782
2015-03-26T16:14:30.800000,9.762651568024776
2015-03-26T16:14:30.900000,9.762076487097756
2015-03-26T16:14:31.000000,9.760588225499308
2015-03-26T16:14:31.100000,9.759148034850382
2015-03-26T16:14:31.200000,9.763572401033588
2015-03-26T16:14:31.300000,9.7471783995277
2015-03-26T16:14:31.400000,9.72696427756494
2015-03-26T16:14:31.500000,9.73762594228536
2015-03-26T16:14:31.600000,9.759147867139053
2015-03-26T16:14:31.700000,9.749747340084872
2015-03-26T16:14:31.800000,9.740324367387162
2015-03-26T16:14:31.900000,9.74186861469003
2015-03-26T16:14:32.000000,9.748095754283302
2015-03-26T16:14:32.100000,9.752231873081657
2015-03-26T16:14:32.200000,9.758887600056564
2015-03-26T16:14:32.300000,9.765577067830892
2015-03-26T16:14:32.400000,9.750888674443024
2015-03-26T16:14:32.500000,9.740290355842488
2015-03-26T16:14:32.600000,9.731347658713323
2015-03-26T16:14:32.700000,9.745551951889093
2015-03-26T16:14:32.800000,9.752359096012004
2015-03-26T16:14:32.900000,9.747230743944296
2015-03-26T16:14:33.000000,9.742541486445134
2015-03-26T16:14:33.100000,9.747280483700909
2015-03-26T16:14:33.200000,9.75338081088947
2015-03-26T16:14:33.300000,9.74353255804733
2015-03-26T16:14:33.400000,9.76056317526597
2015-03-26T16:14:33.500000,9.77125713660812
2015-03-26T16:14:33.600000,9.761758244346156
2015-03-26T16:14:33.700000,9.744839615143167
2015-03-26T16:14:33.800000,9.74616251946467
2015-03-26T16:14:33.900000,9.752191625670168
2015-03-26T16:14:34.000000,9.756331062204952
2015-03-26T16:14:34.100000,9.745688411606256
2015-03-26T16:14:34.200000,9.730405355165908
2015-03-26T16:14:34.300000,9.76229984222891
2015-03-26T16:14:34.400000,9.78285303559111
2015-03-26T16:14:34.500000,9.75202394120812
2015-03-26T16:14:34.600000,9.744995932533804
2015-03-26T16:14:34.700000,9.747561729650323
2015-03-26T16:14:34.800000,9.73457502539454
2015-03-26T16:14:34.900000,9.743778381436154
2015-03-26T16:14:35.000000,9.75478263405261
2015-03-26T16:14:35.100000,9.745090172674557
2015-03-26T16:14:35.200000,9.742681747073144
2015-03-26T16:14:35.300000,9.729284561104723
2015-03-26T16:14:35.400000,9.724744843605766
2015-03-26T16:14:35.500000,9.741165232899506
2015-03-26T16:14:35.600000,9.745123577248371
2015-03-26T16:14:35.700000,9.752517406921688
2015-03-26T16:14:35.800000,9.773029323959284
2015-03-26T16:14:35.900000,9.77838517365509
2015-03-26T16:14:36.000000,9.7426359480181
2015-03-26T16:14:36.100000,9.713792863938526
2015-03-26T16:14:36.200000,9.729860904512387
2015-03-26T16:14:36.300000,9.736662042008636
2015-03-26T16:14:36.400000,9.750602808144585
2015-03-26T16:14:36.500000,9.740581758020417
2015-03-26T16:14:36.600000,9.7411803735439
2015-03-26T16:14:36.700000,9.740591065357696
2015-03-26T16:14:36.800000,9.73695225577619
2015-03-26T16:14:36.900000,9.749822912416771
2015-03-26T16:14:37.000000,9.731454066481842
2015-03-26T16:14:37.100000,9.72779118202246
2015-03-26T16:14:37.200000,9.73702351294407
2015-03-26T16:14:37.300000,9.740472536967026
2015-03-26T16:14:37.400000,9.74854469889528
2015-03-26T16:14:37.500000,9.754137826341957
2015-03-26T16:14:37.600000,9.730281376552014
2015-03-26T16:14:37.700000,9.718158262101484
2015-03-26T16:14:37.800000,9.729480027228464
2015-03-26T16:14:37.900000,9.739616451509132
2015-03-26T16:14:38.000000,9.738258610763856
2015-03-26T16:14:38.100000,9.740702058439268
2015-03-26T16:14:38.200000,9.7314400034048
2015-03-26T16:14:38.300000,9.726120431299597
2015-03-26T16:14:38.400000,9.731678486922982
2015-03-26T16:14:38.500000,9.73174154670217
2015-03-26T16:14:38.600000,9.739367076179937
2015-03-26T16:14:38.700000,9.726464079729274
2015-03-26T16:14:38.800000,9.728047495071529
2015-03-26T16:14:38.900000,9.736544467268343
2015-03-26T16:14:39.000000,9.732844303297654
2015-03-26T16:14:39.100000,9.74237933899742
2015-03-26T16:14:39.200000,9.760483741373854
2015-03-26T16:14:39.300000,9.750832776679918
2015-03-26T16:14:39.400000,9.7445957823206
2015-03-26T16:14:39.500000,9.754417045005876
2015-03-26T16:14:39.600000,9.745449131765906
2015-03-26T16:14:39.700000,9.754831814032933
2015-03-26T16:14:39.800000,9.751866255115882
2015-03-26T16:14:39.900000,9.744540109058768
2015-03-26T16:14:40.000000,9.75417511225033
2015-03-26T16:14:40.100000,9.757982232904515
2015-03-26T16:14:40.200000,9.75087875604499
2015-03-26T16:14:40.300000,9.76916360872542
2015-03-26T16:14:40.400000,9.783021063453772
2015-03-26T16:14:40.500000,9.763966125429148
2015-03-26T16:14:40.600000,9.753873306855242
2015-03-26T16:14:40.700000,9.74305584224755
2015-03-26T16:14:40.800000,9.76209659507929
2015-03-26T16:14:40.900000,9.775845465064949
2015-03-26T16:14:41.000000,9.749774835291175
2015-03-26T16:14:41.100000,9.756289210445322
2015-03-26T16:14:41.200000,9.784379162978222
2015-03-26T16:14:41.300000,9.7583424450647
2015-03-26T16:14:41.400000,9.731681263784202
2015-03-26T16:14:41.500000,9.748308290471131
2015-03-26T16:14:41.600000,9.741225409246088
2015-03-26T16:14:41.700000,9.746539110754885
2015-03-26T16:14:41.800000,9.755868239438623
2015-03-26T16:14:41.900000,9.7366203596503
2015-03-26T16:14:42.000000,9.743685783195495
2015-03-26T16:14:42.100000,9.74998036557034
2015-03-26T16:14:42.200000,9.746889896037802
2015-03-26T16:14:42.300000,9.716513033295142
2015-03-26T16:14:42.400000,9.720676129875416
2015-03-26T16:14:42.500000,9.737258671435212
2015-03-26T16:14:42.600000,9.730281303404247
2015-03-26T16:14:42.700000,9.738600455300595
2015-03-26T16:14:42.800000,9.736528383555228
2015-03-26T16:14:42.900000,9.736918030025596
2015-03-26T16:14:43.000000,9.73331720042497
2015-03-26T16:14:43.100000,9.71989968554356
2015-03-26T16:14:43.200000,9.731544859808333
2015-03-26T16:14:43.300000,9.730944456479358
2015-03-26T16:14:43.400000,9.719734783837811
2015-03-26T16:14:43.500000,9.72091127681736
2015-03-26T16:14:43.600000,9.730402337353487
2015-03-26T16:14:43.700000,9.73437474346287
2015-03-26T16:14:43.800000,9.714940237285964
2015-03-26T16:14:43.900000,9.717320723834144
2015-03-26T16:14:44.000000,9.732423932959472
2015-03-26T16:14:44.100000,9.715118976963357
2015-03-26T16:14:44.200000,9.716796536624017
2015-03-26T16:14:44.300000,9.722345978116046
2015-03-26T16:14:44.400000,9.710257714396212
2015-03-26T16:14:44.500000,9.71174506685633
2015-03-26T16:14:44.600000,9.74843886133778
2015-03-26T16:14:44.700000,9.764301814673145
2015-03-26T16:14:44.800000,9.745075452881744
2015-03-26T16:14:44.900000,9.740366101709812
2015-03-26T16:14:45.000000,9.769444883011529
2015-03-26T16:14:45.100000,9.770820495508074
2015-03-26T16:14:45.200000,9.732814191855296
2015-03-26T16:14:45.300000,9.748968882482473
2015-03-26T16:14:45.400000,9.773495641637735
2015-03-26T16:14:45.500000,9.776621723365407
2015-03-26T16:14:45.600000,9.77244476761027
2015-03-26T16:14:45.700000,9.76140883873112
2015-03-26T16:14:45.800000,9.7664656131451
2015-03-26T16:14:45.900000,9.76643870600307
2015-03-26T16:14:46.000000,9.761181653883886
2015-03-26T16:14:46.100000,9.743508388998343
2015-03-26T16:14:46.200000,9.740754845249777
2015-03-26T16:14:46.300000,9.744184085662305
2015-03-26T16:14:46.400000,9.761313603877024
2015-03-26T16:14:46.500000,9.785492540731283
2015-03-26T16:14:46.600000,9.764776691975886
2015-03-26T16:14:46.700000,9.764117641482692
2015-03-26T16:14:46.800000,9.760579096145278
2015-03-26T16:14:46.900000,9.75487023504508
2015-03-26T16:14:47.000000,9.754117129738283
2015-03-26T16:14:47.100000,9.758098536225887
2015-03-26T16:14:47.200000,9.74673359807362
2015-03-26T16:14:47.300000,9.743969052829849
2015-03-26T16:14:47.400000,9.758403624429498
2015-03-26T16:14:47.500000,9.74913081355103
2015-03-26T16:14:47.600000,9.75633012691324
2015-03-26T16:14:47.700000,9.751021862351353
2015-03-26T16:14:47.800000,9.757273053497888
2015-03-26T16:14:47.900000,9.766946869642483
2015-03-26T16:14:48.000000,9.751853349473008
2015-03-26T16:14:48.100000,9.760981366492292
2015-03-26T16:14:48.200000,9.769038208671496
2015-03-26T16:14:48.300000,9.761739130191694
2015-03-26T16:14:48.400000,9.763488412902465
2015-03-26T16:14:48.500000,9.763375996346982
2015-03-26T16:14:48.600000,9.75226445945282
2015-03-26T16:14:48.700000,9.73970013614521
2015-03-26T16:14:48.800000,9.748689410962829
2015-03-26T16:14:48.900000,9.741913618676092
2015-03-26T16:14:49.000000,9.745271059861835
2015-03-26T16:14:49.100000,9.7558855486193
2015-03-26T16:14:49.200000,9.742229269840523
2015-03-26T16:14:49.300000,9.728635684841638
2015-03-26T16:14:49.400000,9.74943191074568
2015-03-26T16:14:49.500000,9.756331612661526
2015-03-26T16:14:49.600000,9.746903073865072
2015-03-26T16:14:49.700000,9.75004657719309
2015-03-26T16:14:49.800000,9.757737503750024
2015-03-26T16:14:49.900000,9.752537225509498
2015-03-26T16:14:50.000000,9.732552060656667
2015-03-26T16:14:50.100000,9.744504514046811
2015-03-26T16:14:50.200000,9.751017524328208
2015-03-26T16:14:50.300000,9.744314197597497
2015-03-26T16:14:50.400000,9.764994392850232
2015-03-26T16:14:50.500000,9.77032125367404
2015-03-26T16:14:50.600000,9.737943469975226
2015-03-26T16:14:50.700000,9.737726008217448
2015-03-26T16:14:50.800000,9.729582057947882
2015-03-26T16:14:50.900000,9.71169704022226
2015-03-26T16:14:51.000000,9.731979164871696
2015-03-26T16:14:51.100000,9.744041270322455
2015-03-26T16:14:51.200000,9.740117817477838
2015-03-26T16:14:51.300000,9.747763864116669
2015-03-26T16:14:51.400000,9.75270065240398
2015-03-26T16:14:51.500000,9.758181718973796
2015-03-26T16:14:51.600000,9.743417838635018
2015-03-26T16:14:51.700000,9.7423752862865
2015-03-26T16:14:51.800000,9.742923318562038
2015-03-26T16:14:51.900000,9.723242753401196
2015-03-26T16:14:52.000000,9.72379686526571
2015-03-26T16:14:52.100000,9.725946491383302
2015-03-26T16:14:52.200000,9.72091692892264
2015-03-26T16:14:52.300000,9.735690395456569
2015-03-26T16:14:52.400000,9.722302546505144
2015-03-26T16:14:52.500000,9.722118771566617
2015-03-26T16:14:52.600000,9.731540266834456
2015-03-26T16:14:52.700000,9.74176980944037
2015-03-26T16:14:52.800000,9.745041292499211
2015-03-26T16:14:52.900000,9.709868736421646
2015-03-26T16:14:53.000000,9.720252646025624
2015-03-26T16:14:53.100000,9.744949193696634
2015-03-26T16:14:53.200000,9.741236303588352
2015-03-26T16:14:53.300000,9.731574270675422
2015-03-26T16:14:53.400000,9.73591051332864
2015-03-26T16:14:53.500000,9.72568924316518
2015-03-26T16:14:53.600000,9.721305476455612
2015-03-26T16:14:53.700000,9.741218995699317
2015-03-26T16:14:53.800000,9.758184313198976
2015-03-26T16:14:53.900000,9.752249340173917
2015-03-26T16:14:54.000000,9.753052764257
2015-03-26T16:14:54.100000,9.767317501911531
2015-03-26T16:14:54.200000,9.762545872379468
2015-03-26T16:14:54.300000,9.76107422632088
2015-03-26T16:14:54.400000,9.734685524251036
2015-03-26T16:14:54.500000,9.7373997583637
2015-03-26T16:14:54.600000,9.74640343511538
2015-03-26T16:14:54.700000,9.71800737896127
2015-03-26T16:14:54.800000,9.707470347324156
2015-03-26T16:14:54.900000,9.722402816639624
2015-03-26T16:14:55.000000,9.7310890407849
2015-03-26T16:14:55.100000,9.743669741194518
2015-03-26T16:14:55.200000,9.750956011104208
2015-03-26T16:14:55.300000,9.754415066105851
2015-03-26T16:14:55.400000,9.74701839745804
2015-03-26T16:14:55.500000,9.739042476107665
2015-03-26T16:14:55.600000,9.74100065962711
2015-03-26T16:14:55.700000,9.730351783355756
2015-03-26T16:14:55.800000,9.731439507464032
2015-03-26T16:14:55.900000,9.74524672668773
2015-03-26T16:14:56.000000,9.744738877268516
2015-03-26T16:14:56.100000,9.750083791719396
2015-03-26T16:14:56.200000,9.752496990155397
2015-03-26T16:14:56.300000,9.743933937122826
2015-03-26T16:14:56.400000,9.722633446114404
2015-03-26T16:14:56.500000,9.72675380874298
2015-03-26T16:14:56.600000,9.754525197727824
2015-03-26T16:14:56.700000,9.751830279438796
2015-03-26T16:14:56.800000,9.75246912782449
2015-03-26T16:14:56.900000,9.752962887428865
2015-03-26T16:14:57.000000,9.755130202614088
2015-03-26T16:14:57.100000,9.754746581140235
2015-03-26T16:14:57.200000,9.748089640204242
2015-03-26T16:14:57.300000,9.751997027894788
2015-03-26T16:14:57.400000,9.751379606135655
2015-03-26T16:14:57.500000,9.744372951236803
2015-03-26T16:14:57.600000,9.75783299776735
2015-03-26T16:14:57.700000,9.756363241020864
2015-03-26T16:14:57.800000,9.742737490711333
2015-03-26T16:14:57.900000,9.74527066557626
2015-03-26T16:14:58.000000,9.758150840079582
2015-03-26T16:14:58.100000,9.76675412352904
2015-03-26T16:14:58.200000,9.74553765399123
2015-03-26T16:14:58.300000,9.749663270788352
2015-03-26T16:14:58.400000,9.746615087782288
2015-03-26T16:14:58.500000,9.743394010736983
2015-03-26T16:14:58.600000,9.756829140929357
2015-03-26T16:14:58.700000,9.745399375528486
2015-03-26T16:14:58.800000,9.761193886946533
2015-03-26T16:14:58.900000,9.763246032612168
2015-03-26T16:14:59.000000,9.754825337815513
2015-03-26T16:14:59.100000,9.769172618432885
2015-03-26T16:14:59.200000,9.763088947455076
2015-03-26T16:14:59.300000,9.747751919790518
2015-03-26T16:14:59.400000,9.75310573576194
2015-03-26T16:14:59.500000,9.77194747640086
2015-03-26T16:14:59.600000,9.760073884012089
2015-03-26T16:14:59.700000,9.748875003643818
2015-03-26T16:14:59.800000,9.73792263305854
2015-03-26T16:14:59.900000,9.725661403169562
2015-03-26T16:15:00.000000,9.726701022260048
2015-03-26T16:15:00.100000,9.729509731627063
2015-03-26T16:15:00.200000,9.725756140897994
2015-03-26T16:15:00.300000,9.737309349938505
2015-03-26T16:15:00.400000,9.7351189125461
2015-03-26T16:15:00.500000,9.71093477406061
2015-03-26T16:15:00.600000,9.725056260494
2015-03-26T16:15:00.700000,9.733988054771505
2015-03-26T16:15:00.800000,9.728403474580327
2015-03-26T16:15:00.900000,9.733930689361294
2015-03-26T16:15:01.000000,9.717364323661268
2015-03-26T16:15:01.100000,9.71929181819575
2015-03-26T16:15:01.200000,9.72564954326294
2015-03-26T16:15:01.300000,9.727360377913891
2015-03-26T16:15:01.400000,9.737213407871716
2015-03-26T16:15:01.500000,9.74045693228492
2015-03-26T16:15:01.600000,9.740599658999358
2015-03-26T16:15:01.700000,9.7360468576964
2015-03-26T16:15:01.800000,9.73604985198028
2015-03-26T16:15:01.900000,9.729390183923067
2015-03-26T16:15:02.000000,9.724746195347416
2015-03-26T16:15:02.100000,9.722469111080708
2015-03-26T16:15:02.200000,9.726297057865985
2015-03-26T16:15:02.300000,9.719830919194193
2015-03-26T16:15:02.400000,9.716281180835775
2015-03-26T16:15:02.500000,9.72580617222929
2015-03-26T16:15:02.600000,9.737822748341708
2015-03-26T16:15:02.700000,9.764218844499522
2015-03-26T16:15:02.800000,9.787641807495495
2015-03-26T16:15:02.900000,9.773617348297924
2015-03-26T16:15:03.000000,9.754908542218852
2015-03-26T16:15:03.100000,9.747405818754045
2015-03-26T16:15:03.200000,9.748022346432032
2015-03-26T16:15:03.300000,9.774309163043268
2015-03-26T16:15:03.400000,9.774664941327387
2015-03-26T16:15:03.500000,9.75190682966579
2015-03-26T16:15:03.600000,9.766779145174748
2015-03-26T16:15:03.700000,9.779668392879932
2015-03-26T16:15:03.800000,9.773553957375162
2015-03-26T16:15:03.900000,9.770166629634836
2015-03-26T16:15:04.000000,9.755114531211518
2015-03-26T16:15:04.100000,9.748968554874752
2015-03-26T16:15:04.200000,9.748768936560214
2015-03-26T16:15:04.300000,9.742138313167686
2015-03-26T16:15:04.400000,9.761487507414472
2015-03-26T16:15:04.500000,9.744954115170744
2015-03-26T16:15:04.600000,9.73893616849641
2015-03-26T16:15:04.700000,9.757882352098656
2015-03-26T16:15:04.800000,9.756641449811015
2015-03-26T16:15:04.900000,9.768197543727435
2015-03-26T16:15:05.000000,9.762852623211192
2015-03-26T16:15:05.100000,9.757039722537185
2015-03-26T16:15:05.200000,9.741211120157036
2015-03-26T16:15:05.300000,9.74057975490834
2015-03-26T16:15:05.400000,9.742595294671478
2015-03-26T16:15:05.500000,9.716223456955166
2015-03-26T16:15:05.600000,9.719081527559275
2015-03-26T16:15:05.700000,9.749391384382603
2015-03-26T16:15:05.800000,9.74469179858582
2015-03-26T16:15:05.900000,9.73015624329389
2015-03-26T16:15:06.000000,9.73796465845155
2015-03-26T16:15:06.100000,9.734536520156462
2015-03-26T16:15:06.200000,9.730967521220226
2015-03-26T16:15:06.300000,9.73083492290627
2015-03-26T16:15:06.400000,9.721340291849902
2015-03-26T16:15:06.500000,9.720199283668476
2015-03-26T16:15:06.600000,9.73476518371969
2015-03-26T16:15:06.700000,9.744657991909646
2015-03-26T16:15:06.800000,9.72549939663631
2015-03-26T16:15:06.900000,9.72093811263529
2015-03-26T16:15:07.000000,9.719869834629804
2015-03-26T16:15:07.100000,9.730368398828231
2015-03-26T16:15:07.200000,9.729448760772716
2015-03-26T16:15:07.300000,9.720550200851791
2015-03-26T16:15:07.400000,9.72865668673077
2015-03-26T16:15:07.500000,9.739628358805916
2015-03-26T16:15:07.600000,9.746382670770275
2015-03-26T16:15:07.700000,9.751597292539504
2015-03-26T16:15:07.800000,9.756276272401786
2015-03-26T16:15:07.900000,9.758560650922178
2015-03-26T16:15:08.000000,9.757345294759691
2015-03-26T16:15:08.100000,9.73945970857534
2015-03-26T16:15:08.200000,9.7399887478016
2015-03-26T16:15:08.300000,9.743041758554972
2015-03-26T16:15:08.400000,9.741662934986982
2015-03-26T16:15:08.500000,9.74196555092656
2015-03-26T16:15:08.600000,9.75824794467136
2015-03-26T16:15:08.700000,9.763590617580702
2015-03-26T16:15:08.800000,9.75328595413018
2015-03-26T16:15:08.900000,9.75878536351262
2015-03-26T16:15:09.000000,9.783550227924945
2015-03-26T16:15:09.100000,9.78797352064159
2015-03-26T16:15:09.200000,9.771690886703292
2015-03-26T16:15:09.300000,9.765879179239926
2015-03-26T16:15:09.400000,9.767547308804131
2015-03-26T16:15:09.500000,9.769471045564137
2015-03-26T16:15:09.600000,9.771047665035036
2015-03-26T16:15:09.700000,9.771818587666614
2015-03-26T16:15:09.800000,9.752940948246756
2015-03-26T16:15:09.900000,9.749530610381012
2015-03-26T16:15:10.000000,9.758599584583749
2015-03-26T16:15:10.100000,9.74275011498627
2015-03-26T16:15:10.200000,9.755067422728898
2015-03-26T16:15:10.300000,9.759141942136296
2015-03-26T16:15:10.400000,9.752193105535357
2015-03-26T16:15:10.500000,9.772530925814316
2015-03-26T16:15:10.600000,9.766959165604357
2015-03-26T16:15:10.700000,9.753599986623072
2015-03-26T16:15:10.800000,9.75968545047478
2015-03-26T16:15:10.900000,9.756642320479784
2015-03-26T16:15:11.000000,9.73914897618268
2015-03-26T16:15:11.100000,9.742298915134574
2015-03-26T16:15:11.200000,9.744484757284951
2015-03-26T16:15:11.300000,9.738723849924718
2015-03-26T16:15:11.400000,9.75872181611516
2015-03-26T16:15:11.500000,9.78031260192935
2015-03-26T16:15:11.600000,9.772030734586854
2015-03-26T16:15:11.700000,9.744381533119958
2015-03-26T16:15:11.800000,9.737972215392318
2015-03-26T16:15:11.900000,9.724496282475616
2015-03-26T16:15:12.000000,9.720389956384157
2015-03-26T16:15:12.100000,9.704827216908484
2015-03-26T16:15:12.200000,9.70190118318297
2015-03-26T16:15:12.300000,9.725019860965762
2015-03-26T16:15:12.400000,9.703752490631334
2015-03-26T16:15:12.500000,9.705235808376909
2015-03-26T16:15:12.600000,9.717278274434792
2015-03-26T16:15:12.700000,9.705853700385935
2015-03-26T16:15:12.800000,9.700232747420293
2015-03-26T16:15:12.900000,9.721948941201145
2015-03-26T16:15:13.000000,9.754592117280684
2015-03-26T16:15:13.100000,9.74655174396662
2015-03-26T16:15:13.200000,9.715214053374952
2015-03-26T16:15:13.300000,9.73488472707136
2015-03-26T16:15:13.400000,9.751028183775194
2015-03-26T16:15:13.500000,9.733711329640638
2015-03-26T16:15:13.600000,9.72518553344814
2015-03-26T16:15:13.700000,9.732226637851577
2015-03-26T16:15:13.800000,9.736380334942767
2015-03-26T16:15:13.900000,9.7169540368369
2015-03-26T16:15:14.000000,9.737261679993702
2015-03-26T16:15:14.100000,9.760730052882057
2015-03-26T16:15:14.200000,9.758758629359964
2015-03-26T16:15:14.300000,9.748680256485336
2015-03-26T16:15:14.400000,9.751006606982228
2015-03-26T16:15:14.500000,9.755574047712193
2015-03-26T16:15:14.600000,9.750060757117303
2015-03-26T16:15:14.700000,9.751720238144353
2015-03-26T16:15:14.800000,9.763221585007525
2015-03-26T16:15:14.900000,9.738607547773338
2015-03-26T16:15:15.000000,9.736754512530515
2015-03-26T16:15:15.100000,9.765465756212365
2015-03-26T16:15:15.200000,9.764571776689095
2015-03-26T16:15:15.300000,9.773032304954803
2015-03-26T16:15:15.400000,9.764324602336632
2015-03-26T16:15:15.500000,9.752454934022913
2015-03-26T16:15:15.600000,9.751259244232791
2015-03-26T16:15:15.700000,9.744954965571926
2015-03-26T16:15:15.800000,9.748518577602823
2015-03-26T16:15:15.900000,9.754872712300669
2015-03-26T16:15:16.000000,9.76175555084545
2015-03-26T16:15:16.100000,9.760720708077528
2015-03-26T16:15:16.200000,9.753196782410498
2015-03-26T16:15:16.300000,9.74713511254414
2015-03-26T16:15:16.400000,9.737453163247034
2015-03-26T16:15:16.500000,9.742721667042286
2015-03-26T16:15:16.600000,9.758328194956606
2015-03-26T16:15:16.700000,9.748808498827987
2015-03-26T16:15:16.800000,9.736765101351798
2015-03-26T16:15:16.900000,9.728496377199695
2015-03-26T16:15:17.000000,9.736933754291949
2015-03-26T16:15:17.100000,9.74491621857914
2015-03-26T16:15:17.200000,9.767527581811
2015-03-26T16:15:17.300000,9.780195885542996
2015-03-26T16:15:17.400000,9.778980944606335
2015-03-26T16:15:17.500000,9.78703905471615
2015-03-26T16:15:17.600000,9.779271899190563
2015-03-26T16:15:17.700000,9.768344263747965
2015-03-26T16:15:17.800000,9.753798997248454
2015-03-26T16:15:17.900000,9.74399466956909
2015-03-26T16:15:18.000000,9.739228123820595
2015-03-26T16:15:18.100000,9.754996973270943
2015-03-26T16:15:18.200000,9.763656050990011
2015-03-26T16:15:18.300000,9.758883547936373
2015-03-26T16:15:18.400000,9.749641635720437
2015-03-26T16:15:18.500000,9.749997665322752
2015-03-26T16:15:18.600000,9.755356047292873
2015-03-26T16:15:18.700000,9.747405305291984
2015-03-26T16:15:18.800000,9.74636898113169
2015-03-26T16:15:18.900000,9.769867513365387
2015-03-26T16:15:19.000000,9.764807026182853
2015-03-26T16:15:19.100000,9.740713421868282
2015-03-26T16:15:19.200000,9.755584542144454
2015-03-26T16:15:19.300000,9.782174014798157
2015-03-26T16:15:19.400000,9.787289103695503
2015-03-26T16:15:19.500000,9.745642929509836
2015-03-26T16:15:19.600000,9.743987896833278
2015-03-26T16:15:19.700000,9.760722135110612
2015-03-26T16:15:19.800000,9.758721057548897
2015-03-26T16:15:19.900000,9.755292071325703
2015-03-26T16:15:20.000000,9.751379287963134
2015-03-26T16:15:20.100000,9.75265442802349
2015-03-26T16:15:20.200000,9.754667148564598
2015-03-26T16:15:20.300000,9.762839286430014
2015-03-26T16:15:20.400000,9.760698408628766
2015-03-26T16:15:20.500000,9.749088380101288
2015-03-26T16:15:20.600000,9.72403896499635
2015-03-26T16:15:20.700000,9.70883965835021
2015-03-26T16:15:20.800000,9.72483715083586
2015-03-26T16:15:20.900000,9.720941591540964
2015-03-26T16:15:21.000000,9.722652584949032
2015-03-26T16:15:21.100000,9.732744824229457
2015-03-26T16:15:21.200000,9.72280932627764
2015-03-26T16:15:21.300000,9.71585832204263
2015-03-26T16:15:21.400000,9.711632983782238
2015-03-26T16:15:21.500000,9.703793906178614
2015-03-26T16:15:21.600000,9.709685276800572
2015-03-26T16:15:21.700000,9.706880987772362
2015-03-26T16:15:21.800000,9.70104905556668
2015-03-26T16:15:21.900000,9.707746754879649
2015-03-26T16:15:22.000000,9.728230225525785
2015-03-26T16:15:22.100000,9.725190767815937
2015-03-26T16:15:22.200000,9.709806599873486
2015-03-26T16:15:22.300000,9.71128910876744
2015-03-26T16:15:22.400000,9.711312465201772
2015-03-26T16:15:22.500000,9.725567323003894
2015-03-26T16:15:22.600000,9.735096592673498
2015-03-26T16:15:22.700000,9.749165356337528
2015-03-26T16:15:22.800000,9.783416261998097
2015-03-26T16:15:22.900000,9.773785238412826
2015-03-26T16:15:23.000000,9.751758647983408
2015-03-26T16:15:23.100000,9.755894462710344
2015-03-26T16:15:23.200000,9.746727934466207
2015-03-26T16:15:23.300000,9.7556078367835
2015-03-26T16:15:23.400000,9.769850559678307
2015-03-26T16:15:23.500000,9.76499388324954
2015-03-26T16:15:23.600000,9.752499297382183
2015-03-26T16:15:23.700000,9.749495148439228
2015-03-26T16:15:23.800000,9.758464762701385
2015-03-26T16:15:23.900000,9.75522171308176
2015-03-26T16:15:24.000000,9.761120835218769
2015-03-26T16:15:24.100000,9.772541184942463
2015-03-26T16:15:24.200000,9.796057580392024
2015-03-26T16:15:24.300000,9.7879808061663
2015-03-26T16:15:24.400000,9.768363161520858
2015-03-26T16:15:24.500000,9.7789788808026
2015-03-26T16:15:24.600000,9.778777603451124
2015-03-26T16:15:24.700000,9.781762369660516
2015-03-26T16:15:24.800000,9.785240017410027
2015-03-26T16:15:24.900000,9.78857170045519
2015-03-26T16:15:25.000000,9.776555370103395
2015-03-26T16:15:25.100000,9.763153818849595
2015-03-26T16:15:25.200000,9.756256303163656
2015-03-26T16:15:25.300000,9.748583642247644
2015-03-26T16:15:25.400000,9.745509455237915
2015-03-26T16:15:25.500000,9.746750862129376
2015-03-26T16:15:25.600000,9.754253989969309
2015-03-26T16:15:25.700000,9.759964715971194
2015-03-26T16:15:25.800000,9.737840456702624
2015-03-26T16:15:25.900000,9.712513977866598
2015-03-26T16:15:26.000000,9.711888351049849
2015-03-26T16:15:26.100000,9.724165147691728
2015-03-26T16:15:26.200000,9.721680547458954
2015-03-26T16:15:26.300000,9.725839921681008
2015-03-26T16:15:26.400000,9.748960017371768
2015-03-26T16:15:26.500000,9.741477701933585
2015-03-26T16:15:26.600000,9.721212211981774
2015-03-26T16:15:26.700000,9.717701738021349
2015-03-26T16:15:26.800000,9.703307340635568
2015-03-26T16:15:26.900000,9.70649444294694
2015-03-26T16:15:27.000000,9.726212218771336
2015-03-26T16:15:27.100000,9.719204381357756
2015-03-26T16:15:27.200000,9.721027559443026
2015-03-26T16:15:27.300000,9.723022118630643
2015-03-26T16:15:27.400000,9.712276911106716
2015-03-26T16:15:27.500000,9.721531381651626
2015-03-26T16:15:27.600000,9.71876221356092
2015-03-26T16:15:27.700000,9.71838107094428
2015-03-26T16:15:27.800000,9.737093319744162
2015-03-26T16:15:27.900000,9.753379451783616
2015-03-26T16:15:28.000000,9.759628227667244
2015-03-26T16:15:28.100000,9.740753135052584
2015-03-26T16:15:28.200000,9.73898907587351
2015-03-26T16:15:28.300000,9.736444684690213
2015-03-26T16:15:28.400000,9.729160038649969
2015-03-26T16:15:28.500000,9.759953142845117
2015-03-26T16:15:28.600000,9.762877011594064
2015-03-26T16:15:28.700000,9.755170483278484
2015-03-26T16:15:28.800000,9.767355444799088
2015-03-26T16:15:28.900000,9.775091552504843
2015-03-26T16:15:29.000000,9.77610668040454
2015-03-26T16:15:29.100000,9.769155627675024
2015-03-26T16:15:29.200000,9.769127299677832
2015-03-26T16:15:29.300000,9.781350451710871
2015-03-26T16:15:29.400000,9.775525095065616
2015-03-26T16:15:29.500000,9.761769025388096
2015-03-26T16:15:29.600000,9.767740638627046
2015-03-26T16:15:29.700000,9.752175233118056
2015-03-26T16:15:29.800000,9.77155174779836
2015-03-26T16:15:29.900000,9.790091717518568
2015-03-26T16:15:30.000000,9.744619563455831
2015-03-26T16:15:30.100000,9.752514819937094
2015-03-26T16:15:30.200000,9.761819292937757
2015-03-26T16:15:30.300000,9.737291738862709
2015-03-26T16:15:30.400000,9.740334253397124
2015-03-26T16:15:30.500000,9.739379209876828
2015-03-26T16:15:30.600000,9.733172565337368
2015-03-26T16:15:30.700000,9.736506354379287
2015-03-26T16:15:30.800000,9.73380107904954
2015-03-26T16:15:30.900000,9.757149708242167
2015-03-26T16:15:31.000000,9.77750832176893
2015-03-26T16:15:31.100000,9.751511748165903
2015-03-26T16:15:31.200000,9.748892858979248
2015-03-26T16:15:31.300000,9.775422991060235
2015-03-26T16:15:31.400000,9.747892569935756
2015-03-26T16:15:31.500000,9.731641637186245
2015-03-26T16:15:31.600000,9.740186771665192
2015-03-26T16:15:31.700000,9.737985227184888
2015-03-26T16:15:31.800000,9.742831706256329
2015-03-26T16:15:31.900000,9.736980289193776
2015-03-26T16:15:32.000000,9.74922325331749
2015-03-26T16:15:32.100000,9.744192769534187
2015-03-26T16:15:32.200000,9.73051364087844
2015-03-26T16:15:32.300000,9.721666357832666
2015-03-26T16:15:32.400000,9.727144026799309
2015-03-26T16:15:32.500000,9.72501029149671
2015-03-26T16:15:32.600000,9.712327535688534
2015-03-26T16:15:32.700000,9.707541472280498
2015-03-26T16:15:32.800000,9.70921818406572
2015-03-26T16:15:32.900000,9.71334635877952
2015-03-26T16:15:33.000000,9.740209728372005
2015-03-26T16:15:33.100000,9.738877736532608
2015-03-26T16:15:33.200000,9.731568671823275
2015-03-26T16:15:33.300000,9.734765872235444
2015-03-26T16:15:33.400000,9.734555740952308
2015-03-26T16:15:33.500000,9.745659973561006
2015-03-26T16:15:33.600000,9.74286944040234
2015-03-26T16:15:33.700000,9.723127461500098
2015-03-26T16:15:33.800000,9.730082659442171
2015-03-26T16:15:33.900000,9.731619572988802
2015-03-26T16:15:34.000000,9.74695098828409
2015-03-26T16:15:34.100000,9.748487799052327
2015-03-26T16:15:34.200000,9.7552675215134
2015-03-26T16:15:34.300000,9.76661961135526
2015-03-26T16:15:34.400000,9.744398963274111
2015-03-26T16:15:34.500000,9.752784790360952
2015-03-26T16:15:34.600000,9.76323797823898
2015-03-26T16:15:34.700000,9.76630546414046
2015-03-26T16:15:34.800000,9.77701609370854
2015-03-26T16:15:34.900000,9.7759349547867
2015-03-26T16:15:35.000000,9.759546006991092
2015-03-26T16:15:35.100000,9.754744903896984
2015-03-26T16:15:35.200000,9.751648198859876
2015-03-26T16:15:35.300000,9.74458943401837
2015-03-26T16:15:35.400000,9.762106401594965
2015-03-26T16:15:35.500000,9.76053801422463
2015-03-26T16:15:35.600000,9.75203315825012
2015-03-26T16:15:35.700000,9.755123172748585
2015-03-26T16:15:35.800000,9.752464691629129
2015-03-26T16:15:35.900000,9.76114535120974
2015-03-26T16:15:36.000000,9.78176253338349
2015-03-26T16:15:36.100000,9.792644773242865
2015-03-26T16:15:36.200000,9.757932674474544
2015-03-26T16:15:36.300000,9.739538325216175
2015-03-26T16:15:36.400000,9.775479588954964
2015-03-26T16:15:36.500000,9.755468058101364
2015-03-26T16:15:36.600000,9.726186489045558
2015-03-26T16:15:36.700000,9.749627160892302
2015-03-26T16:15:36.800000,9.748723125200788
2015-03-26T16:15:36.900000,9.734021267884556
2015-03-26T16:15:37.000000,9.756581356936897
2015-03-26T16:15:37.100000,9.758998203759305
2015-03-26T16:15:37.200000,9.745796794159356
2015-03-26T16:15:37.300000,9.770289421783376
2015-03-26T16:15:37.400000,9.778516588565816
2015-03-26T16:15:37.500000,9.757723963179696
2015-03-26T16:15:37.600000,9.73148434321046
2015-03-26T16:15:37.700000,9.749554604254834
2015-03-26T16:15:37.800000,9.77194613544732
2015-03-26T16:15:37.900000,9.74290070815867
2015-03-26T16:15:38.000000,9.733819980048851
2015-03-26T16:15:38.100000,9.750227341074847
2015-03-26T16:15:38.200000,9.745174658402863
2015-03-26T16:15:38.300000,9.739837465059049
2015-03-26T16:15:38.400000,9.742937385639422
2015-03-26T16:15:38.500000,9.742794887830067
2015-03-26T16:15:38.600000,9.7270209764649
2015-03-26T16:15:38.700000,9.763029349197282
2015-03-26T16:15:38.800000,9.765773136849548
2015-03-26T16:15:38.900000,9.73008376479186
2015-03-26T16:15:39.000000,9.734233467330794
2015-03-26T16:15:39.100000,9.733374520661046
2015-03-26T16:15:39.200000,9.734372596366374
2015-03-26T16:15:39.300000,9.728529034217168
2015-03-26T16:15:39.400000,9.712778163698164
2015-03-26T16:15:39.500000,9.714509755206896
2015-03-26T16:15:39.600000,9.73786571970989
2015-03-26T16:15:39.700000,9.744052401453024
2015-03-26T16:15:39.800000,9.731536980021694
2015-03-26T16:15:39.900000,9.71105011635992
2015-03-26T16:15:40.000000,9.705899021556633
2015-03-26T16:15:40.100000,9.73263992542466
2015-03-26T16:15:40.200000,9.762057628414004
2015-03-26T16:15:40.300000,9.761592935442591
2015-03-26T16:15:40.400000,9.726687210250407
2015-03-26T16:15:40.500000,9.718011160703997
2015-03-26T16:15:40.600000,9.741478445721247
2015-03-26T16:15:40.700000,9.746940059547727
2015-03-26T16:15:40.800000,9.729886856810436
2015-03-26T16:15:40.900000,9.71846614918089
2015-03-26T16:15:41.000000,9.72902301428646
2015-03-26T16:15:41.100000,9.729306775635251
2015-03-26T16:15:41.200000,9.745878395364224
2015-03-26T16:15:41.300000,9.76134843654226
2015-03-26T16:15:41.400000,9.755825299324046
2015-03-26T16:15:41.500000,9.730432459148856
2015-03-26T16:15:41.600000,9.725593436935393
2015-03-26T16:15:41.700000,9.745224612099417
2015-03-26T16:15:41.800000,9.747574901258696
2015-03-26T16:15:41.900000,9.742624762171076
2015-03-26T16:15:42.000000,9.753887453372256
2015-03-26T16:15:42.100000,9.771952248436264
2015-03-26T16:15:42.200000,9.79507797596095
2015-03-26T16:15:42.300000,9.7862424919346
2015-03-26T16:15:42.400000,9.784101761533496
2015-03-26T16:15:42.500000,9.780146861223136
2015-03-26T16:15:42.600000,9.750734650634792
2015-03-26T16:15:42.700000,9.747247841221109
2015-03-26T16:15:42.800000,9.788917775894673
2015-03-26T16:15:42.900000,9.786215743369594
2015-03-26T16:15:43.000000,9.755592125063185
2015-03-26T16:15:43.100000,9.768590934876642
2015-03-26T16:15:43.200000,9.760968430962922
2015-03-26T16:15:43.300000,9.761544693296546
2015-03-26T16:15:43.400000,9.76978037000755
2015-03-26T16:15:43.500000,9.78575750689184
2015-03-26T16:15:43.600000,9.790544695647768
2015-03-26T16:15:43.700000,9.779086199955485
2015-03-26T16:15:43.800000,9.766860928657916
2015-03-26T16:15:43.900000,9.75657952556066
2015-03-26T16:15:44.000000,9.770317722039882
2015-03-26T16:15:44.100000,9.774643108485998
2015-03-26T16:15:44.200000,9.757956906603548
2015-03-26T16:15:44.300000,9.743772804299793
2015-03-26T16:15:44.400000,9.758058445888777
2015-03-26T16:15:44.500000,9.759850367937933
2015-03-26T16:15:44.600000,9.736882221295556
2015-03-26T16:15:44.700000,9.736731518026694
2015-03-26T16:15:44.800000,9.73593927179126
2015-03-26T16:15:44.900000,9.7449927796307
2015-03-26T16:15:45.000000,9.744177691065126
2015-03-26T16:15:45.100000,9.730418729317847
2015-03-26T16:15:45.200000,9.726799726990208
2015-03-26T16:15:45.300000,9.723417206718027
2015-03-26T16:15:45.400000,9.711267410296218
2015-03-26T16:15:45.500000,9.713891262058702
2015-03-26T16:15:45.600000,9.715039370040044
2015-03-26T16:15:45.700000,9.695274316196416
2015-03-26T16:15:45.800000,9.691417038102784
2015-03-26T16:15:45.900000,9.7191853158945
2015-03-26T16:15:46.000000,9.712871281050669
2015-03-26T16:15:46.100000,9.69978318396844
2015-03-26T16:15:46.200000,9.70889238980569
2015-03-26T16:15:46.300000,9.723457252105508
2015-03-26T16:15:46.400000,9.73440314081058
2015-03-26T16:15:46.500000,9.740839752359914
2015-03-26T16:15:46.600000,9.735909384888982
2015-03-26T16:15:46.700000,9.70988109997934
2015-03-26T16:15:46.800000,9.708323056566677
2015-03-26T16:15:46.900000,9.736908358176937
2015-03-26T16:15:47.000000,9.744744188918368
2015-03-26T16:15:47.100000,9.741386838822676
2015-03-26T16:15:47.200000,9.749168097862489
2015-03-26T16:15:47.300000,9.76437318600835
2015-03-26T16:15:47.400000,9.76200260342856
2015-03-26T16:15:47.500000,9.760089204777191
2015-03-26T16:15:47.600000,9.77226507550754
2015-03-26T16:15:47.700000,9.76564795168336
2015-03-26T16:15:47.800000,9.771685689203514
2015-03-26T16:15:47.900000,9.789087059277955
2015-03-26T16:15:48.000000,9.773733344339355
2015-03-26T16:15:48.100000,9.76090472725485
2015-03-26T16:15:48.200000,9.767853860124914
2015-03-26T16:15:48.300000,9.772068042165415
2015-03-26T16:15:48.400000,9.784167714332854
2015-03-26T16:15:48.500000,9.78015897069034
2015-03-26T16:15:48.600000,9.768965511621223
2015-03-26T16:15:48.700000,9.77916597040482
2015-03-26T16:15:48.800000,9.795590994624792
2015-03-26T16:15:48.900000,9.776349068677856
2015-03-26T16:15:49.000000,9.764365470281186
2015-03-26T16:15:49.100000,9.78640465849338
2015-03-26T16:15:49.200000,9.78127002299435
2015-03-26T16:15:49.300000,9.774283871843297
2015-03-26T16:15:49.400000,9.774332971605311
2015-03-26T16:15:49.500000,9.764373813454462
2015-03-26T16:15:49.600000,9.748842441024362
2015-03-26T16:15:49.700000,9.747581255352072
2015-03-26T16:15:49.800000,9.764941308915525
2015-03-26T16:15:49.900000,9.757787533591266
2015-03-26T16:15:50.000000,9.767798977825793
2015-03-26T16:15:50.100000,9.759204460258893
2015-03-26T16:15:50.200000,9.74166738527826
2015-03-26T16:15:50.300000,9.739166971704009
2015-03-26T16:15:50.400000,9.7477053995528
2015-03-26T16:15:50.500000,9.74531842026208
2015-03-26T16:15:50.600000,9.726602584425976
2015-03-26T16:15:50.700000,9.739767696310444
2015-03-26T16:15:50.800000,9.755939570147952
2015-03-26T16:15:50.900000,9.71925098251419
2015-03-26T16:15:51.000000,9.704492677653231
2015-03-26T16:15:51.100000,9.702682582705238
2015-03-26T16:15:51.200000,9.709063338326544
2015-03-26T16:15:51.300000,9.731030202145885
2015-03-26T16:15:51.400000,9.718968819369351
2015-03-26T16:15:51.500000,9.712698111947498
2015-03-26T16:15:51.600000,9.712535437624734
2015-03-26T16:15:51.700000,9.715391427132408
2015-03-26T16:15:51.800000,9.727118693229489
2015-03-26T16:15:51.900000,9.720898203747986
2015-03-26T16:15:52.000000,9.732120831073592
2015-03-26T16:15:52.100000,9.740912267622964
2015-03-26T16:15:52.200000,9.73909867909006
2015-03-26T16:15:52.300000,9.738722981533185
2015-03-26T16:15:52.400000,9.744266312676958
2015-03-26T16:15:52.500000,9.758305941364268
2015-03-26T16:15:52.600000,9.748813460553604
2015-03-26T16:15:52.700000,9.744841237613592
2015-03-26T16:15:52.800000,9.746054473659228
2015-03-26T16:15:52.900000,9.74141647717272
2015-03-26T16:15:53.000000,9.756383494193546
2015-03-26T16:15:53.100000,9.769756898927868
2015-03-26T16:15:53.200000,9.760199603851351
2015-03-26T16:15:53.300000,9.749650778186584
2015-03-26T16:15:53.400000,9.746559874599908
2015-03-26T16:15:53.500000,9.74778924063796
2015-03-26T16:15:53.600000,9.752561098559664
2015-03-26T16:15:53.700000,9.778233272330576
2015-03-26T16:15:53.800000,9.769584737911249
2015-03-26T16:15:53.900000,9.760053644944424
2015-03-26T16:15:54.000000,9.764426486909397
2015-03-26T16:15:54.100000,9.734179395798304
2015-03-26T16:15:54.200000,9.737783326239422
2015-03-26T16:15:54.300000,9.76516321674269
2015-03-26T16:15:54.400000,9.755472526747782
2015-03-26T16:15:54.500000,9.731676886399832
2015-03-26T16:15:54.600000,9.759460672612022
2015-03-26T16:15:54.700000,9.758904445395729
2015-03-26T16:15:54.800000,9.7366963995052
2015-03-26T16:15:54.900000,9.763860543301188
2015-03-26T16:15:55.000000,9.76068312865276
2015-03-26T16:15:55.100000,9.764220354952563
2015-03-26T16:15:55.200000,9.7693786911094
2015-03-26T16:15:55.300000,9.741978928676756
2015-03-26T16:15:55.400000,9.743917004896414
2015-03-26T16:15:55.500000,9.762832072315282
2015-03-26T16:15:55.600000,9.753393429761578
2015-03-26T16:15:55.700000,9.747785370648051
2015-03-26T16:15:55.800000,9.758288688999068
2015-03-26T16:15:55.900000,9.758010215520653
2015-03-26T16:15:56.000000,9.742302952109176
2015-03-26T16:15:56.100000,9.736416920089278
2015-03-26T16:15:56.200000,9.715566849174802
2015-03-26T16:15:56.300000,9.7183023853704
2015-03-26T16:15:56.400000,9.733700744998016
2015-03-26T16:15:56.500000,9.720615001426571
2015-03-26T16:15:56.600000,9.726643145467126
2015-03-26T16:15:56.700000,9.725340518938404
2015-03-26T16:15:56.800000,9.730214184243108
2015-03-26T16:15:56.900000,9.719335094306576
2015-03-26T16:15:57.000000,9.722796992620417
2015-03-26T16:15:57.100000,9.735421549599232
2015-03-26T16:15:57.200000,9.742056909192849
2015-03-26T16:15:57.300000,9.752932899571675
2015-03-26T16:15:57.400000,9.74603243324336
2015-03-26T16:15:57.500000,9.737958510957458
2015-03-26T16:15:57.600000,9.74750966632923
2015-03-26T16:15:57.700000,9.766473312896832
2015-03-26T16:15:57.800000,9.761181511568342
2015-03-26T16:15:57.900000,9.757894961590036
2015-03-26T16:15:58.000000,9.760794213320205
2015-03-26T16:15:58.100000,9.761964509646816
2015-03-26T16:15:58.200000,9.757544722525369
2015-03-26T16:15:58.300000,9.770120336283496
2015-03-26T16:15:58.400000,9.778036302465182
2015-03-26T16:15:58.500000,9.76993248401648
2015-03-26T16:15:58.600000,9.75773321403478
2015-03-26T16:15:58.700000,9.75865025933979
2015-03-26T16:15:58.800000,9.7668918995089
2015-03-26T16:15:58.900000,9.782107067131529
2015-03-26T16:15:59.000000,9.7854776014559
2015-03-26T16:15:59.100000,9.794269166120891
2015-03-26T16:15:59.200000,9.805997694151976
2015-03-26T16:15:59.300000,9.769300771878436
2015-03-26T16:15:59.400000,9.76637894161489
2015-03-26T16:15:59.500000,9.790392564343772
2015-03-26T16:15:59.600000,9.79887809147979
2015-03-26T16:15:59.700000,9.787153241060636
2015-03-26T16:15:59.800000,9.77028740313175
2015-03-26T16:15:59.900000,9.761748047886377
2015-03-26T16:16:00.000000,9.770487098159276
2015-03-26T16:16:00.100000,9.77483863431102
2015-03-26T16:16:00.200000,9.753429027923454
2015-03-26T16:16:00.300000,9.745179001450587
2015-03-26T16:16:00.400000,9.746556543780455
2015-03-26T16:16:00.500000,9.73205954573944
2015-03-26T16:16:00.600000,9.737404306543436
2015-03-26T16:16:00.700000,9.747191248208804
2015-03-26T16:16:00.800000,9.765181815965423
2015-03-26T16:16:00.900000,9.75515754083549
2015-03-26T16:16:01.000000,9.723112038121684
2015-03-26T16:16:01.100000,9.704242913907947
2015-03-26T16:16:01.200000,9.702657867172746
2015-03-26T16:16:01.300000,9.6980747756819
2015-03-26T16:16:01.400000,9.70766631156498
2015-03-26T16:16:01.500000,9.715511599266554
2015-03-26T16:16:01.600000,9.725312589014232
2015-03-26T16:16:01.700000,9.755725366610188
2015-03-26T16:16:01.800000,9.749016390956136
2015-03-26T16:16:01.900000,9.73437004558447
2015-03-26T16:16:02.000000,9.706165368474474
2015-03-26T16:16:02.100000,9.7032942233948
2015-03-26T16:16:02.200000,9.716129061963686
2015-03-26T16:16:02.300000,9.699744120987846
2015-03-26T16:16:02.400000,9.710731240556282
2015-03-26T16:16:02.500000,9.710418232149372
2015-03-26T16:16:02.600000,9.722735242420727
2015-03-26T16:16:02.700000,9.734799504526006
2015-03-26T16:16:02.800000,9.72004593486696
2015-03-26T16:16:02.900000,9.713012598354698
2015-03-26T16:16:03.000000,9.714227090969876
2015-03-26T16:16:03.100000,9.70988948396027
2015-03-26T16:16:03.200000,9.714098160917583
2015-03-26T16:16:03.300000,9.73747140193358
2015-03-26T16:16:03.400000,9.762567007750762
2015-03-26T16:16:03.500000,9.757265601758109
2015-03-26T16:16:03.600000,9.740764793675051
2015-03-26T16:16:03.700000,9.757551455427247
2015-03-26T16:16:03.800000,9.774671713122649
2015-03-26T16:16:03.900000,9.768773782397131
2015-03-26T16:16:04.000000,9.75195802669792
2015-03-26T16:16:04.100000,9.761129049149671
2015-03-26T16:16:04.200000,9.78952299401265
2015-03-26T16:16:04.300000,9.779521772776334
2015-03-26T16:16:04.400000,9.760648798043825
2015-03-26T16:16:04.500000,9.776601979650131
2015-03-26T16:16:04.600000,9.775104975259666
2015-03-26T16:16:04.700000,9.774635252928933
2015-03-26T16:16:04.800000,9.778941440637134
2015-03-26T16:16:04.900000,9.76858599315606
2015-03-26T16:16:05.000000,9.763079665325296
2015-03-26T16:16:05.100000,9.77136540708903
2015-03-26T16:16:05.200000,9.77691921397555
2015-03-26T16:16:05.300000,9.780175158924362
2015-03-26T16:16:05.400000,9.788683726621
2015-03-26T16:16:05.500000,9.79536501891696
2015-03-26T16:16:05.600000,9.776951640156511
2015-03-26T16:16:05.700000,9.767238791294886
2015-03-26T16:16:05.800000,9.773121461750398
2015-03-26T16:16:05.900000,9.760660045318389
2015-03-26T16:16:06.000000,9.767350108327998
2015-03-26T16:16:06.100000,9.77259704818734
2015-03-26T16:16:06.200000,9.766694787987603
2015-03-26T16:16:06.300000,9.763157831281193
2015-03-26T16:16:06.400000,9.737320490291095
2015-03-26T16:16:06.500000,9.746013351329536
2015-03-26T16:16:06.600000,9.730505012802798
2015-03-26T16:16:06.700000,9.727746501672858
2015-03-26T16:16:06.800000,9.76393730976875
2015-03-26T16:16:06.900000,9.743824367187695
2015-03-26T16:16:07.000000,9.74466782971793
2015-03-26T16:16:07.100000,9.758899820681451
2015-03-26T16:16:07.200000,9.745626987783112
2015-03-26T16:16:07.300000,9.74365095273996
2015-03-26T16:16:07.400000,9.731485233291608
2015-03-26T16:16:07.500000,9.718139360199428
2015-03-26T16:16:07.600000,9.731077561968716
2015-03-26T16:16:07.700000,9.735067330743751
2015-03-26T16:16:07.800000,9.731060815005348
2015-03-26T16:16:07.900000,9.744427899692498
2015-03-26T16:16:08.000000,9.746019486190765
2015-03-26T16:16:08.100000,9.741954567560652
2015-03-26T16:16:08.200000,9.729885358530035
2015-03-26T16:16:08.300000,9.728041060848271
2015-03-26T16:16:08.400000,9.738987458795142
2015-03-26T16:16:08.500000,9.729884472187694
2015-03-26T16:16:08.600000,9.716798362070987
2015-03-26T16:16:08.700000,9.72050858878027
2015-03-26T16:16:08.800000,9.739666791894916
2015-03-26T16:16:08.900000,9.749031529389129
2015-03-26T16:16:09.000000,9.749583856075809
2015-03-26T16:16:09.100000,9.733054617686047
2015-03-26T16:16:09.200000,9.742324057721186
2015-03-26T16:16:09.300000,9.75427970172851
2015-03-26T16:16:09.400000,9.748316671715791
2015-03-26T16:16:09.500000,9.755533572126325
2015-03-26T16:16:09.600000,9.746984719565583
2015-03-26T16:16:09.700000,9.745624406674423
2015-03-26T16:16:09.800000,9.758654733867672
2015-03-26T16:16:09.900000,9.749366465643911
2015-03-26T16:16:10.000000,9.738866990093358
2015-03-26T16:16:10.100000,9.747741265046969
2015-03-26T16:16:10.200000,9.762796180116029
2015-03-26T16:16:10.300000,9.758110469657597
2015-03-26T16:16:10.400000,9.748370661020823
2015-03-26T16:16:10.500000,9.742648575109104
2015-03-26T16:16:10.600000,9.73977550672
2015-03-26T16:16:10.700000,9.752277747124236
2015-03-26T16:16:10.800000,9.741547650424996
2015-03-26T16:16:10.900000,9.73735565712573
2015-03-26T16:16:11.000000,9.739353226184
2015-03-26T16:16:11.100000,9.729194082621657
2015-03-26T16:16:11.200000,9.725813868300436
2015-03-26T16:16:11.300000,9.724242737337502
2015-03-26T16:16:11.400000,9.737905115508044
2015-03-26T16:16:11.500000,9.751467858966755
2015-03-26T16:16:11.600000,9.75838952220385
2015-03-26T16:16:11.700000,9.74554594772878
2015-03-26T16:16:11.800000,9.72550181227021
2015-03-26T16:16:11.900000,9.724841568119192
2015-03-26T16:16:12.000000,9.747051320300558
2015-03-26T16:16:12.100000,9.767537268544512
2015-03-26T16:16:12.200000,9.76873288115627
2015-03-26T16:16:12.300000,9.76147019219633
2015-03-26T16:16:12.400000,9.739815110633652
2015-03-26T16:16:12.500000,9.716076113115928
2015-03-26T16:16:12.600000,9.71764114195946
2015-03-26T16:16:12.700000,9.745928453646622
2015-03-26T16:16:12.800000,9.749993082182485
2015-03-26T16:16:12.900000,9.748138688241854
2015-03-26T16:16:13.000000,9.746964912505216
2015-03-26T16:16:13.100000,9.735622139395344
2015-03-26T16:16:13.200000,9.731677754931232
2015-03-26T16:16:13.300000,9.739370722974886
2015-03-26T16:16:13.400000,9.73392933361157
2015-03-26T16:16:13.500000,9.72871903559485
2015-03-26T16:16:13.600000,9.74161513018917
2015-03-26T16:16:13.700000,9.741170295146832
2015-03-26T16:16:13.800000,9.73375977065901
2015-03-26T16:16:13.900000,9.752238735673217
2015-03-26T16:16:14.000000,9.76495733366189
2015-03-26T16:16:14.100000,9.744060486431572
2015-03-26T16:16:14.200000,9.734955024277165
2015-03-26T16:16:14.300000,9.748151043447228
2015-03-26T16:16:14.400000,9.74583458714491
2015-03-26T16:16:14.500000,9.755886125628004
2015-03-26T16:16:14.600000,9.737374948658774
2015-03-26T16:16:14.700000,9.7233704782517
2015-03-26T16:16:14.800000,9.730117034177404
2015-03-26T16:16:14.900000,9.73211499640334
2015-03-26T16:16:15.000000,9.745150107308026
2015-03-26T16:16:15.100000,9.739829721349324
2015-03-26T16:16:15.200000,9.74663906935403
2015-03-26T16:16:15.300000,9.760749592500844
2015-03-26T16:16:15.400000,9.743178591709077
2015-03-26T16:16:15.500000,9.77777050821248
2015-03-26T16:16:15.600000,9.803853458578208
2015-03-26T16:16:15.700000,9.768003277262222
2015-03-26T16:16:15.800000,9.75424266745418
2015-03-26T16:16:15.900000,9.76323430742108
2015-03-26T16:16:16.000000,9.76467526742149
2015-03-26T16:16:16.100000,9.74444924006531
2015-03-26T16:16:16.200000,9.742546404521372
2015-03-26T16:16:16.300000,9.749832776289152
2015-03-26T16:16:16.400000,9.735422281273207
2015-03-26T16:16:16.500000,9.741661971157024
2015-03-26T16:16:16.600000,9.746966278034911
2015-03-26T16:16:16.700000,9.73292078849854
2015-03-26T16:16:16.800000,9.726185164111088
2015-03-26T16:16:16.900000,9.73814003309943
2015-03-26T16:16:17.000000,9.75352156951686
2015-03-26T16:16:17.100000,9.742375734872896
2015-03-26T16:16:17.200000,9.739531160552048
2015-03-26T16:16:17.300000,9.74514744730513
2015-03-26T16:16:17.400000,9.741996407486235
2015-03-26T16:16:17.500000,9.726577187108507
2015-03-26T16:16:17.600000,9.726849224555805
2015-03-26T16:16:17.700000,9.74638016829484
2015-03-26T16:16:17.800000,9.749500879290068
2015-03-26T16:16:17.900000,9.761387374331145
2015-03-26T16:16:18.000000,9.752059067254264
2015-03-26T16:16:18.100000,9.764813335738694
2015-03-26T16:16:18.200000,9.744555867697906
2015-03-26T16:16:18.300000,9.709942799250166
2015-03-26T16:16:18.400000,9.735702058382987
2015-03-26T16:16:18.500000,9.756889536740514
2015-03-26T16:16:18.600000,9.75398109873174
2015-03-26T16:16:18.700000,9.74041088231386
2015-03-26T16:16:18.800000,9.740333682959006
2015-03-26T16:16:18.900000,9.752224165517466
2015-03-26T16:16:19.000000,9.754595260688854
2015-03-26T16:16:19.100000,9.744923677661031
2015-03-26T16:16:19.200000,9.7440709351898
2015-03-26T16:16:19.300000,9.748375077577704
2015-03-26T16:16:19.400000,9.737313991924168
2015-03-26T16:16:19.500000,9.722190968472583
2015-03-26T16:16:19.600000,9.719926012480844
2015-03-26T16:16:19.700000,9.765348715045242
2015-03-26T16:16:19.800000,9.79760815218734
2015-03-26T16:16:19.900000,9.77654666790826
2015-03-26T16:16:20.000000,9.751669234239175
2015-03-26T16:16:20.100000,9.730596012331592
2015-03-26T16:16:20.200000,9.744609218328389
2015-03-26T16:16:20.300000,9.741641498070498
2015-03-26T16:16:20.400000,9.735613875781125
2015-03-26T16:16:20.500000,9.73734686322243
2015-03-26T16:16:20.600000,9.7322003169498
2015-03-26T16:16:20.700000,9.729680366112596
2015-03-26T16:16:20.800000,9.742362957715688
2015-03-26T16:16:20.900000,9.773894863783545
2015-03-26T16:16:21.000000,9.783708307657296
2015-03-26T16:16:21.100000,9.77236024248544
2015-03-26T16:16:21.200000,9.742699137455745
2015-03-26T16:16:21.300000,9.755547070700617
2015-03-26T16:16:21.400000,9.76521829209774
2015-03-26T16:16:21.500000,9.767042638876418
2015-03-26T16:16:21.600000,9.758041712456423
2015-03-26T16:16:21.700000,9.740674673684865
2015-03-26T16:16:21.800000,9.736849564967931
2015-03-26T16:16:21.900000,9.735362779702474
2015-03-26T16:16:22.000000,9.745331502380203
2015-03-26T16:16:22.100000,9.7572312009081
2015-03-26T16:16:22.200000,9.739005593293586
2015-03-26T16:16:22.300000,9.734032255015164
2015-03-26T16:16:22.400000,9.73835717914697
2015-03-26T16:16:22.500000,9.740210417959291
2015-03-26T16:16:22.600000,9.763290665631365
2015-03-26T16:16:22.700000,9.771727375544431
2015-03-26T16:16:22.800000,9.756980193997189
2015-03-26T16:16:22.900000,9.732067878560422
2015-03-26T16:16:23.000000,9.736664064715374
2015-03-26T16:16:23.100000,9.753556957106069
2015-03-26T16:16:23.200000,9.76657560443326
2015-03-26T16:16:23.300000,9.765015855092704
2015-03-26T16:16:23.400000,9.734582272981784
2015-03-26T16:16:23.500000,9.742761168111484
2015-03-26T16:16:23.600000,9.760689323711157
2015-03-26T16:16:23.700000,9.76115317671767
2015-03-26T16:16:23.800000,9.748651342595323
2015-03-26T16:16:23.900000,9.747834312611248
2015-03-26T16:16:24.000000,9.743519057156806
2015-03-26T16:16:24.100000,9.729858329867616
2015-03-26T16:16:24.200000,9.758680079083245
2015-03-26T16:16:24.300000,9.788445827118004
2015-03-26T16:16:24.400000,9.77852029132332
2015-03-26T16:16:24.500000,9.77742983573185
2015-03-26T16:16:24.600000,9.76738770119966
2015-03-26T16:16:24.700000,9.74751001684506
2015-03-26T16:16:24.800000,9.741904907138125
2015-03-26T16:16:24.900000,9.749405365664378
2015-03-26T16:16:25.000000,9.762690163929568
2015-03-26T16:16:25.100000,9.769428173644856
2015-03-26T16:16:25.200000,9.758307270887984
2015-03-26T16:16:25.300000,9.738460628362349
2015-03-26T16:16:25.400000,9.7459970141243
2015-03-26T16:16:25.500000,9.766311660021056
2015-03-26T16:16:25.600000,9.758455902032868
2015-03-26T16:16:25.700000,9.74299893915807
2015-03-26T16:16:25.800000,9.753908583025686
2015-03-26T16:16:25.900000,9.761312987142713
2015-03-26T16:16:26.000000,9.757129539425438
2015-03-26T16:16:26.100000,9.75352033132658
2015-03-26T16:16:26.200000,9.739191231333717
2015-03-26T16:16:26.300000,9.698657745727392
2015-03-26T16:16:26.400000,9.699757992913328
2015-03-26T16:16:26.500000,9.73492116760029
2015-03-26T16:16:26.600000,9.736750774404491
2015-03-26T16:16:26.700000,9.73774821750927
2015-03-26T16:16:26.800000,9.72977518854067
2015-03-26T16:16:26.900000,9.736288039936964
2015-03-26T16:16:27.000000,9.747015115412644
2015-03-26T16:16:27.100000,9.74993423009279
2015-03-26T16:16:27.200000,9.759046701697118
2015-03-26T16:16:27.300000,9.751012418115652
2015-03-26T16:16:27.400000,9.763739341324571
2015-03-26T16:16:27.500000,9.770891573203496
2015-03-26T16:16:27.600000,9.750953286573406
2015-03-26T16:16:27.700000,9.755349994260266
2015-03-26T16:16:27.800000,9.752365529703276
2015-03-26T16:16:27.900000,9.751545636504863
2015-03-26T16:16:28.000000,9.765987229820912
2015-03-26T16:16:28.100000,9.760145456475133
2015-03-26T16:16:28.200000,9.748937269799097
2015-03-26T16:16:28.300000,9.745908165975564
2015-03-26T16:16:28.400000,9.746877979823498
2015-03-26T16:16:28.500000,9.730339215705037
2015-03-26T16:16:28.600000,9.741511837840504
2015-03-26T16:16:28.700000,9.756991271375394
2015-03-26T16:16:28.800000,9.762852545241044
2015-03-26T16:16:28.900000,9.745533429951566
2015-03-26T16:16:29.000000,9.721849851548916
2015-03-26T16:16:29.100000,9.72768640584032
2015-03-26T16:16:29.200000,9.725505393088476
2015-03-26T16:16:29.300000,9.715543880009646
2015-03-26T16:16:29.400000,9.728156153806085
2015-03-26T16:16:29.500000,9.738930180136292
2015-03-26T16:16:29.600000,9.728706152690682
2015-03-26T16:16:29.700000,9.735834456467174
2015-03-26T16:16:29.800000,9.735904504551574
2015-03-26T16:16:29.900000,9.734462878521548
2015-03-26T16:16:30.000000,9.747268283146669
2015-03-26T16:16:30.100000,9.769590411152205
2015-03-26T16:16:30.200000,9.769695158714544
2015-03-26T16:16:30.300000,9.748730933439203
2015-03-26T16:16:30.400000,9.741177134389934
2015-03-26T16:16:30.500000,9.767602894976976
2015-03-26T16:16:30.600000,9.793857142912035
2015-03-26T16:16:30.700000,9.761743189340905
2015-03-26T16:16:30.800000,9.738021007383374
2015-03-26T16:16:30.900000,9.739162125216534
2015-03-26T16:16:31.000000,9.745877586686
2015-03-26T16:16:31.100000,9.756190517953664
2015-03-26T16:16:31.200000,9.759830182258334
2015-03-26T16:16:31.300000,9.774621958688597
2015-03-26T16:16:31.400000,9.761881372891589
2015-03-26T16:16:31.500000,9.76212202687914
2015-03-26T16:16:31.600000,9.780547117936488
2015-03-26T16:16:31.700000,9.767993756502618
2015-03-26T16:16:31.800000,9.74993395276324
2015-03-26T16:16:31.900000,9.744684710385492
2015-03-26T16:16:32.000000,9.76124314667544
2015-03-26T16:16:32.100000,9.762568550247522
2015-03-26T16:16:32.200000,9.754854587897078
2015-03-26T16:16:32.300000,9.763998124754972
2015-03-26T16:16:32.400000,9.765990999777404
2015-03-26T16:16:32.500000,9.76077493772791
2015-03-26T16:16:32.600000,9.752995951438256
2015-03-26T16:16:32.700000,9.751423237869018
2015-03-26T16:16:32.800000,9.744965758721346
2015-03-26T16:16:32.900000,9.744071650216366
2015-03-26T16:16:33.000000,9.750120486974168
2015-03-26T16:16:33.100000,9.75605990213095
2015-03-26T16:16:33.200000,9.745374578981249
2015-03-26T16:16:33.300000,9.72978146783318
2015-03-26T16:16:33.400000,9.75004221410994
2015-03-26T16:16:33.500000,9.758023547147523
2015-03-26T16:16:33.600000,9.72873941676882
2015-03-26T16:16:33.700000,9.727365690483968
2015-03-26T16:16:33.800000,9.721977920646614
2015-03-26T16:16:33.900000,9.723152984622027
2015-03-26T16:16:34.000000,9.730228275569182
2015-03-26T16:16:34.100000,9.73755469688725
2015-03-26T16:16:34.200000,9.730221000652168
2015-03-26T16:16:34.300000,9.722123452256744
2015-03-26T16:16:34.400000,9.728438081417735
2015-03-26T16:16:34.500000,9.751187310934828
2015-03-26T16:16:34.600000,9.733136218414922
2015-03-26T16:16:34.700000,9.709753380797302
2015-03-26T16:16:34.800000,9.725751849804908
2015-03-26T16:16:34.900000,9.706034002466687
2015-03-26T16:16:35.000000,9.713014706744026
2015-03-26T16:16:35.100000,9.725448868000958
2015-03-26T16:16:35.200000,9.71704946322952
2015-03-26T16:16:35.300000,9.720028472459129
2015-03-26T16:16:35.400000,9.742449016593527
2015-03-26T16:16:35.500000,9.74502049191749
2015-03-26T16:16:35.600000,9.718730221259912
2015-03-26T16:16:35.700000,9.723344595704456
2015-03-26T16:16:35.800000,9.753114212989791
2015-03-26T16:16:35.900000,9.750665355800315
2015-03-26T16:16:36.000000,9.742774590223648
2015-03-26T16:16:36.100000,9.753973630879845
2015-03-26T16:16:36.200000,9.751847277155964
2015-03-26T16:16:36.300000,9.734560722552688
2015-03-26T16:16:36.400000,9.739408936436588
2015-03-26T16:16:36.500000,9.75415589525244
2015-03-26T16:16:36.600000,9.74309510438569
2015-03-26T16:16:36.700000,9.752058024013008
2015-03-26T16:16:36.800000,9.757687792828174
2015-03-26T16:16:36.900000,9.73493171367458
2015-03-26T16:16:37.000000,9.733287498840378
2015-03-26T16:16:37.100000,9.75206006981767
2015-03-26T16:16:37.200000,9.758633320653242
2015-03-26T16:16:37.300000,9.75793791595298
2015-03-26T16:16:37.400000,9.757539442723392
2015-03-26T16:16:37.500000,9.768979199638215
2015-03-26T16:16:37.600000,9.765146809918736
2015-03-26T16:16:37.700000,9.761767050676273
2015-03-26T16:16:37.800000,9.754373501776492
2015-03-26T16:16:37.900000,9.75164215863957
2015-03-26T16:16:38.000000,9.771278559061594
2015-03-26T16:16:38.100000,9.784940206485462
2015-03-26T16:16:38.200000,9.787444744242302
2015-03-26T16:16:38.300000,9.76405197772145
2015-03-26T16:16:38.400000,9.746285494912977
2015-03-26T16:16:38.500000,9.75889411033853
2015-03-26T16:16:38.600000,9.770228152936008
2015-03-26T16:16:38.700000,9.760560847309751
2015-03-26T16:16:38.800000,9.746437501107964
2015-03-26T16:16:38.900000,9.746024354632914
2015-03-26T16:16:39.000000,9.753074915345955
2015-03-26T16:16:39.100000,9.764938136561074
2015-03-26T16:16:39.200000,9.762851508580084
2015-03-26T16:16:39.300000,9.758112064619738
2015-03-26T16:16:39.400000,9.743882756549096
2015-03-26T16:16:39.500000,9.743103932919285
2015-03-26T16:16:39.600000,9.747308853503434
2015-03-26T16:16:39.700000,9.727897219756771
2015-03-26T16:16:39.800000,9.71328209817938
2015-03-26T16:16:39.900000,9.722010393851372
2015-03-26T16:16:40.000000,9.742041607440791
2015-03-26T16:16:40.100000,9.748365417487513
2015-03-26T16:16:40.200000,9.74467606505298
2015-03-26T16:16:40.300000,9.740463025989436
2015-03-26T16:16:40.400000,9.741726911739436
2015-03-26T16:16:40.500000,9.719393414900468
2015-03-26T16:16:40.600000,9.719391417960017
2015-03-26T16:16:40.700000,9.740258280770488
2015-03-26T16:16:40.800000,9.72217254872121
2015-03-26T16:16:40.900000,9.730783248385706
2015-03-26T16:16:41.000000,9.746191776900538
2015-03-26T16:16:41.100000,9.737386289198296
2015-03-26T16:16:41.200000,9.74902306075117
2015-03-26T16:16:41.300000,9.744403024847555
2015-03-26T16:16:41.400000,9.739413742122837
2015-03-26T16:16:41.500000,9.753439416675722
2015-03-26T16:16:41.600000,9.742815920101448
2015-03-26T16:16:41.700000,9.734271250745987
2015-03-26T16:16:41.800000,9.752552086574743
2015-03-26T16:16:41.900000,9.751646293366722
2015-03-26T16:16:42.000000,9.755938946588842
2015-03-26T16:16:42.100000,9.743561304764116
2015-03-26T16:16:42.200000,9.724853384769965
2015-03-26T16:16:42.300000,9.731744537541188
2015-03-26T16:16:42.400000,9.75589347861061
2015-03-26T16:16:42.500000,9.750212843743242
2015-03-26T16:16:42.600000,9.74820050767901
2015-03-26T16:16:42.700000,9.765984042648013
2015-03-26T16:16:42.800000,9.75913086066967
2015-03-26T16:16:42.900000,9.744136132831908
2015-03-26T16:16:43.000000,9.743051407951253
2015-03-26T16:16:43.100000,9.747205751788336
2015-03-26T16:16:43.200000,9.734278675495371
2015-03-26T16:16:43.300000,9.738619506692023
2015-03-26T16:16:43.400000,9.74811999177646
2015-03-26T16:16:43.500000,9.761664507036372
2015-03-26T16:16:43.600000,9.754989324900777
2015-03-26T16:16:43.700000,9.731035269724732
2015-03-26T16:16:43.800000,9.74005450841423
2015-03-26T16:16:43.900000,9.772397196471102
2015-03-26T16:16:44.000000,9.769968953164744
2015-03-26T16:16:44.100000,9.731094823771263
2015-03-26T16:16:44.200000,9.72877064421596
2015-03-26T16:16:44.300000,9.741812282240826
2015-03-26T16:16:44.400000,9.75707518947046
2015-03-26T16:16:44.500000,9.75730722713036
2015-03-26T16:16:44.600000,9.756082396088496
2015-03-26T16:16:44.700000,9.762925826365636
2015-03-26T16:16:44.800000,9.770501344118344
2015-03-26T16:16:44.900000,9.770987346571998
2015-03-26T16:16:45.000000,9.760272694648595
2015-03-26T16:16:45.100000,9.729694078939207
2015-03-26T16:16:45.200000,9.73500202406987
2015-03-26T16:16:45.300000,9.757808364804964
2015-03-26T16:16:45.400000,9.74034325188492
2015-03-26T16:16:45.500000,9.730223342883123
2015-03-26T16:16:45.600000,9.741919026281565
2015-03-26T16:16:45.700000,9.772650338424214
2015-03-26T16:16:45.800000,9.77439456395717
2015-03-26T16:16:45.900000,9.756450276299027
2015-03-26T16:16:46.000000,9.75575670069678
2015-03-26T16:16:46.100000,9.734209694310964
2015-03-26T16:16:46.200000,9.73878792433894
2015-03-26T16:16:46.300000,9.75529603485104
2015-03-26T16:16:46.400000,9.742038026115868
2015-03-26T16:16:46.500000,9.74188128521982
2015-03-26T16:16:46.600000,9.746804844986851
2015-03-26T16:16:46.700000,9.73288793952428
2015-03-26T16:16:46.800000,9.731791392202409
2015-03-26T16:16:46.900000,9.753416237251905
2015-03-26T16:16:47.000000,9.763662068696078
2015-03-26T16:16:47.100000,9.75579916842776
2015-03-26T16:16:47.200000,9.75054730136264
2015-03-26T16:16:47.300000,9.745609069202557
2015-03-26T16:16:47.400000,9.739591810054636
2015-03-26T16:16:47.500000,9.754429056766982
2015-03-26T16:16:47.600000,9.767536300036287
2015-03-26T16:16:47.700000,9.758744301604851
2015-03-26T16:16:47.800000,9.745621707770166
2015-03-26T16:16:47.900000,9.741923157091405
2015-03-26T16:16:48.000000,9.754223623310669
2015-03-26T16:16:48.100000,9.75757010533496
2015-03-26T16:16:48.200000,9.748911839358785
2015-03-26T16:16:48.300000,9.748362293988848
2015-03-26T16:16:48.400000,9.74173669811648
2015-03-26T16:16:48.500000,9.72943882250146
2015-03-26T16:16:48.600000,9.716647028187296
2015-03-26T16:16:48.700000,9.724350758019368
2015-03-26T16:16:48.800000,9.73060890819864
2015-03-26T16:16:48.900000,9.727847971946677
2015-03-26T16:16:49.000000,9.753357715004968
2015-03-26T16:16:49.100000,9.745652855060664
2015-03-26T16:16:49.200000,9.742690502106324
2015-03-26T16:16:49.300000,9.72878294491838
2015-03-26T16:16:49.400000,9.698284688080223
2015-03-26T16:16:49.500000,9.72101277075319
2015-03-26T16:16:49.600000,9.725971711037063
2015-03-26T16:16:49.700000,9.727670181342493
2015-03-26T16:16:49.800000,9.72475712857717
2015-03-26T16:16:49.900000,9.69924615280741
2015-03-26T16:16:50.000000,9.68903557405153
2015-03-26T16:16:50.100000,9.722752223744966
2015-03-26T16:16:50.200000,9.743115022638344
2015-03-26T16:16:50.300000,9.72643064698359
2015-03-26T16:16:50.400000,9.741074376128942
2015-03-26T16:16:50.500000,9.749443641657749
2015-03-26T16:16:50.600000,9.736452658910364
2015-03-26T16:16:50.700000,9.718754941356725
2015-03-26T16:16:50.800000,9.706457265691828
2015-03-26T16:16:50.900000,9.714769649636912
2015-03-26T16:16:51.000000,9.72970568429704
2015-03-26T16:16:51.100000,9.73512312971872
2015-03-26T16:16:51.200000,9.727588971602836
2015-03-26T16:16:51.300000,9.726991558910008
2015-03-26T16:16:51.400000,9.74743849926799
2015-03-26T16:16:51.500000,9.743787817988078
2015-03-26T16:16:51.600000,9.748122887608597
2015-03-26T16:16:51.700000,9.738729274993696
2015-03-26T16:16:51.800000,9.748907177608045
2015-03-26T16:16:51.900000,9.750998168758583
2015-03-26T16:16:52.000000,9.72556909721237
2015-03-26T16:16:52.100000,9.726061536267776
2015-03-26T16:16:52.200000,9.74326391147769
2015-03-26T16:16:52.300000,9.759124462459209
2015-03-26T16:16:52.400000,9.75160587639347
2015-03-26T16:16:52.500000,9.7516503203492
2015-03-26T16:16:52.600000,9.785785038589646
2015-03-26T16:16:52.700000,9.792360503388323
2015-03-26T16:16:52.800000,9.753200551405698
2015-03-26T16:16:52.900000,9.751834143033133
2015-03-26T16:16:53.000000,9.758618612998886
2015-03-26T16:16:53.100000,9.756068505303478
2015-03-26T16:16:53.200000,9.757015597820706
2015-03-26T16:16:53.300000,9.76481052696398
2015-03-26T16:16:53.400000,9.762308358418853
2015-03-26T16:16:53.500000,9.763284591897792
2015-03-26T16:16:53.600000,9.769281390489486
2015-03-26T16:16:53.700000,9.769316271563136
2015-03-26T16:16:53.800000,9.759642494005773
2015-03-26T16:16:53.900000,9.76334423725608
2015-03-26T16:16:54.000000,9.78161774071768
2015-03-26T16:16:54.100000,9.769368535217763
2015-03-26T16:16:54.200000,9.759986066869208
2015-03-26T16:16:54.300000,9.7687528843285
2015-03-26T16:16:54.400000,9.76689759201167
2015-03-26T16:16:54.500000,9.756447310210772
2015-03-26T16:16:54.600000,9.752020470506558
2015-03-26T16:16:54.700000,9.768348484041086
2015-03-26T16:16:54.800000,9.785631263807264
2015-03-26T16:16:54.900000,9.769751869579004
2015-03-26T16:16:55.000000,9.7559748250561
2015-03-26T16:16:55.100000,9.76619674285142
2015-03-26T16:16:55.200000,9.7597852489409
2015-03-26T16:16:55.300000,9.747379321222857
2015-03-26T16:16:55.400000,9.74694950953992
2015-03-26T16:16:55.500000,9.744988421396956
2015-03-26T16:16:55.600000,9.748976226440156
2015-03-26T16:16:55.700000,9.754088710151548
2015-03-26T16:16:55.800000,9.734716745037971
2015-03-26T16:16:55.900000,9.735946020799885
2015-03-26T16:16:56.000000,9.757601966117264
2015-03-26T16:16:56.100000,9.755200338172084
2015-03-26T16:16:56.200000,9.741462522639736
2015-03-26T16:16:56.300000,9.743293325995744
2015-03-26T16:16:56.400000,9.711587238952848
2015-03-26T16:16:56.500000,9.70438213750455
2015-03-26T16:16:56.600000,9.713106183122392
2015-03-26T16:16:56.700000,9.723912974888586
2015-03-26T16:16:56.800000,9.739991218831497
2015-03-26T16:16:56.900000,9.729506135834034
2015-03-26T16:16:57.000000,9.73206532592177
2015-03-26T16:16:57.100000,9.731924193731365
2015-03-26T16:16:57.200000,9.735089499300477
2015-03-26T16:16:57.300000,9.731482389810228
2015-03-26T16:16:57.400000,9.720858547617915
2015-03-26T16:16:57.500000,9.735474081717571
2015-03-26T16:16:57.600000,9.741113950253869
2015-03-26T16:16:57.700000,9.72832696530909
2015-03-26T16:16:57.800000,9.73095596231162
2015-03-26T16:16:57.900000,9.741093076024685
2015-03-26T16:16:58.000000,9.735600394089811
2015-03-26T16:16:58.100000,9.730281067665766
2015-03-26T16:16:58.200000,9.734301718642843
2015-03-26T16:16:58.300000,9.750168514353128
2015-03-26T16:16:58.400000,9.755543641518488
2015-03-26T16:16:58.500000,9.745433903424283
2015-03-26T16:16:58.600000,9.753191061785326
2015-03-26T16:16:58.700000,9.74523704921634
2015-03-26T16:16:58.800000,9.72441464680396
2015-03-26T16:16:58.900000,9.725699932272091
2015-03-26T16:16:59.000000,9.709891090371242
2015-03-26T16:16:59.100000,9.71604240605316
2015-03-26T16:16:59.200000,9.744328711732695
2015-03-26T16:16:59.300000,9.755301518404488
2015-03-26T16:16:59.400000,9.75528981401009
2015-03-26T16:16:59.500000,9.75909927985697
2015-03-26T16:16:59.600000,9.734195574864176
2015-03-26T16:16:59.700000,9.73921377008175
2015-03-26T16:16:59.800000,9.752122904923947
2015-03-26T16:16:59.900000,9.7607550258849
2015-03-26T16:17:00.000000,9.738787867781696
2015-03-26T16:17:00.100000,9.741773421495802
2015-03-26T16:17:00.200000,9.770964706491297
2015-03-26T16:17:00.300000,9.744815908867167
2015-03-26T16:17:00.400000,9.732417991299773
2015-03-26T16:17:00.500000,9.730229809424804
2015-03-26T16:17:00.600000,9.715810167556484
2015-03-26T16:17:00.700000,9.734779350882595
2015-03-26T16:17:00.800000,9.758412827362251
2015-03-26T16:17:00.900000,9.773595726482826
2015-03-26T16:17:01.000000,9.757715744366031
2015-03-26T16:17:01.100000,9.742371388330842
2015-03-26T16:17:01.200000,9.765101711650871
2015-03-26T16:17:01.300000,9.76813166550008
2015-03-26T16:17:01.400000,9.76267941085205
2015-03-26T16:17:01.500000,9.76768127864312
2015-03-26T16:17:01.600000,9.746494059031075
2015-03-26T16:17:01.700000,9.742805325037637
2015-03-26T16:17:01.800000,9.753851005571615
2015-03-26T16:17:01.900000,9.75411289363682
2015-03-26T16:17:02.000000,9.747503458772131
2015-03-26T16:17:02.100000,9.745740076368232
2015-03-26T16:17:02.200000,9.75189188801971
2015-03-26T16:17:02.300000,9.762405095740384
2015-03-26T16:17:02.400000,9.767606270178929
2015-03-26T16:17:02.500000,9.747624710096629
2015-03-26T16:17:02.600000,9.733222694903962
2015-03-26T16:17:02.700000,9.758606102952305
2015-03-26T16:17:02.800000,9.775358373641376
2015-03-26T16:17:02.900000,9.764611066964472
2015-03-26T16:17:03.000000,9.770251830245792
2015-03-26T16:17:03.100000,9.770982968436371
2015-03-26T16:17:03.200000,9.74414496182056
2015-03-26T16:17:03.300000,9.73904669071337
2015-03-26T16:17:03.400000,9.744146727618103
2015-03-26T16:17:03.500000,9.76350968100668
2015-03-26T16:17:03.600000,9.745185528553762
2015-03-26T16:17:03.700000,9.76034328680499
2015-03-26T16:17:03.800000,9.761093979768924
2015-03-26T16:17:03.900000,9.756653820074408
2015-03-26T16:17:04.000000,9.767834103320457
2015-03-26T16:17:04.100000,9.753801393119444
2015-03-26T16:17:04.200000,9.742362558006484
2015-03-26T16:17:04.300000,9.72261337028581
2015-03-26T16:17:04.400000,9.733588722938332
2015-03-26T16:17:04.500000,9.772491473890687
2015-03-26T16:17:04.600000,9.772629681861478
2015-03-26T16:17:04.700000,9.747722397799548
2015-03-26T16:17:04.800000,9.762512393010075
2015-03-26T16:17:04.900000,9.77775552868222
2015-03-26T16:17:05.000000,9.757883562957934
2015-03-26T16:17:05.100000,9.737207031266042
2015-03-26T16:17:05.200000,9.76061819360415
2015-03-26T16:17:05.300000,9.744473582583602
2015-03-26T16:17:05.400000,9.7243909547576
2015-03-26T16:17:05.500000,9.74172842710289
2015-03-26T16:17:05.600000,9.724339866123543
2015-03-26T16:17:05.700000,9.728809548536075
2015-03-26T16:17:05.800000,9.737301667612444
2015-03-26T16:17:05.900000,9.70775933011818
2015-03-26T16:17:06.000000,9.721789544000035
2015-03-26T16:17:06.100000,9.730952444977197
2015-03-26T16:17:06.200000,9.72987167011374
2015-03-26T16:17:06.300000,9.753705406758884
2015-03-26T16:17:06.400000,9.764014202932287
2015-03-26T16:17:06.500000,9.763699162589967
2015-03-26T16:17:06.600000,9.758026750319996
2015-03-26T16:17:06.700000,9.749315685631313
2015-03-26T16:17:06.800000,9.7466807733643
2015-03-26T16:17:06.900000,9.7533268001978
2015-03-26T16:17:07.000000,9.765057802027494
2015-03-26T16:17:07.100000,9.75444418779024
2015-03-26T16:17:07.200000,9.746074894168606
2015-03-26T16:17:07.300000,9.73342379993745
2015-03-26T16:17:07.400000,9.74247077649679
2015-03-26T16:17:07.500000,9.759252931783491
2015-03-26T16:17:07.600000,9.74174952623615
2015-03-26T16:17:07.700000,9.738775576661572
2015-03-26T16:17:07.800000,9.729577836054132
2015-03-26T16:17:07.900000,9.726750380261104
2015-03-26T16:17:08.000000,9.743205750171157
2015-03-26T16:17:08.100000,9.739975757585944
2015-03-26T16:17:08.200000,9.74978416499784
2015-03-26T16:17:08.300000,9.761790589446584
2015-03-26T16:17:08.400000,9.750796311066187
2015-03-26T16:17:08.500000,9.744932273504292
2015-03-26T16:17:08.600000,9.729022070680545
2015-03-26T16:17:08.700000,9.737596912091384
2015-03-26T16:17:08.800000,9.761708489130337
2015-03-26T16:17:08.900000,9.771620424072797
2015-03-26T16:17:09.000000,9.766259779107637
2015-03-26T16:17:09.100000,9.73488345956428
2015-03-26T16:17:09.200000,9.727325467055026
2015-03-26T16:17:09.300000,9.755036424346365
2015-03-26T16:17:09.400000,9.742832419533247
2015-03-26T16:17:09.500000,9.721486234309952
2015-03-26T16:17:09.600000,9.758029724573175
2015-03-26T16:17:09.700000,9.770688969819677
2015-03-26T16:17:09.800000,9.749343157689996
2015-03-26T16:17:09.900000,9.744412077449027
2015-03-26T16:17:10.000000,9.738665375346804
2015-03-26T16:17:10.100000,9.743995090830529
2015-03-26T16:17:10.200000,9.75971384780726
2015-03-26T16:17:10.300000,9.784965885353914
2015-03-26T16:17:10.400000,9.777498940080012
2015-03-26T16:17:10.500000,9.752628900265874
2015-03-26T16:17:10.600000,9.748333260060912
2015-03-26T16:17:10.700000,9.744223958789426
2015-03-26T16:17:10.800000,9.735241841837912
2015-03-26T16:17:10.900000,9.732213685858204
2015-03-26T16:17:11.000000,9.763816098196443
2015-03-26T16:17:11.100000,9.78863323794953
2015-03-26T16:17:11.200000,9.777643643953116
2015-03-26T16:17:11.300000,9.760279179247773
2015-03-26T16:17:11.400000,9.744175454604472
2015-03-26T16:17:11.500000,9.739764984360992
2015-03-26T16:17:11.600000,9.741776363389109
2015-03-26T16:17:11.700000,9.751058136871272
2015-03-26T16:17:11.800000,9.755682835822308
2015-03-26T16:17:11.900000,9.753923987658952
2015-03-26T16:17:12.000000,9.751840312715032
2015-03-26T16:17:12.100000,9.730784053422532
2015-03-26T16:17:12.200000,9.736639865518896
2015-03-26T16:17:12.300000,9.77539523378594
2015-03-26T16:17:12.400000,9.784031745629104
2015-03-26T16:17:12.500000,9.78749413655429
2015-03-26T16:17:12.600000,9.761202010159096
2015-03-26T16:17:12.700000,9.75312327455913
2015-03-26T16:17:12.800000,9.7457909454706
2015-03-26T16:17:12.900000,9.725138340150025
2015-03-26T16:17:13.000000,9.728232270931224
2015-03-26T16:17:13.100000,9.717363356834907
2015-03-26T16:17:13.200000,9.714908856735292
2015-03-26T16:17:13.300000,9.71479552645497
2015-03-26T16:17:13.400000,9.720551823274583
2015-03-26T16:17:13.500000,9.733268591586253
2015-03-26T16:17:13.600000,9.736639768676262
2015-03-26T16:17:13.700000,9.73612152878016
2015-03-26T16:17:13.800000,9.73398314001168
2015-03-26T16:17:13.900000,9.73512358150177
2015-03-26T16:17:14.000000,9.73600677108895
2015-03-26T16:17:14.100000,9.728013561315024
2015-03-26T16:17:14.200000,9.725701003586392
2015-03-26T16:17:14.300000,9.72481086199907
2015-03-26T16:17:14.400000,9.70523090753858
2015-03-26T16:17:14.500000,9.710161329348487
2015-03-26T16:17:14.600000,9.738805024507778
2015-03-26T16:17:14.700000,9.739610247242382
2015-03-26T16:17:14.800000,9.725464976646624
2015-03-26T16:17:14.900000,9.72602618161182
2015-03-26T16:17:15.000000,9.724766598081503
2015-03-26T16:17:15.100000,9.716425620803824
2015-03-26T16:17:15.200000,9.728317415455525
2015-03-26T16:17:15.300000,9.73147500633375
2015-03-26T16:17:15.400000,9.734304382851272
2015-03-26T16:17:15.500000,9.746332783719216
2015-03-26T16:17:15.600000,9.741173436552565
2015-03-26T16:17:15.700000,9.74213488418896
2015-03-26T16:17:15.800000,9.75445685364108
2015-03-26T16:17:15.900000,9.778158776370669
2015-03-26T16:17:16.000000,9.77895267010538
2015-03-26T16:17:16.100000,9.760373090649994
2015-03-26T16:17:16.200000,9.762652577718269
2015-03-26T16:17:16.300000,9.771565451241296
2015-03-26T16:17:16.400000,9.77437503399515
2015-03-26T16:17:16.500000,9.744147446157394
2015-03-26T16:17:16.600000,9.743713291398157
2015-03-26T16:17:16.700000,9.768263007353536
2015-03-26T16:17:16.800000,9.763702681455564
2015-03-26T16:17:16.900000,9.758520005274445
2015-03-26T16:17:17.000000,9.75655514408598
2015-03-26T16:17:17.100000,9.740632300158262
2015-03-26T16:17:17.200000,9.741007373453195
2015-03-26T16:17:17.300000,9.752932312645074
2015-03-26T16:17:17.400000,9.749839529115585
2015-03-26T16:17:17.500000,9.75062317182582
2015-03-26T16:17:17.600000,9.767524996275302
2015-03-26T16:17:17.700000,9.771030575211563
2015-03-26T16:17:17.800000,9.763095150072942
2015-03-26T16:17:17.900000,9.74709540112782
2015-03-26T16:17:18.000000,9.746246683777542
2015-03-26T16:17:18.100000,9.771284314513672
2015-03-26T16:17:18.200000,9.767967876178586
2015-03-26T16:17:18.300000,9.745698359532048
2015-03-26T16:17:18.400000,9.729900715090798
2015-03-26T16:17:18.500000,9.737843149996309
2015-03-26T16:17:18.600000,9.750502186442649
2015-03-26T16:17:18.700000,9.752546947879532
2015-03-26T16:17:18.800000,9.749832931246324
2015-03-26T16:17:18.900000,9.73136521718668
2015-03-26T16:17:19.000000,9.718016444726144
2015-03-26T16:17:19.100000,9.71178698000837
2015-03-26T16:17:19.200000,9.720037295966224
2015-03-26T16:17:19.300000,9.749547642310814
2015-03-26T16:17:19.400000,9.73674107008409
2015-03-26T16:17:19.500000,9.728294753441237
2015-03-26T16:17:19.600000,9.743567123848882
2015-03-26T16:17:19.700000,9.738365296037529
2015-03-26T16:17:19.800000,9.72463852369368
2015-03-26T16:17:19.900000,9.730482854328873
2015-03-26T16:17:20.000000,9.7426708726433
2015-03-26T16:17:20.100000,9.736790353528944
2015-03-26T16:17:20.200000,9.738804478335842
2015-03-26T16:17:20.300000,9.742221930537156
2015-03-26T16:17:20.400000,9.748564405390992
2015-03-26T16:17:20.500000,9.757729027140188
2015-03-26T16:17:20.600000,9.738115307645218
2015-03-26T16:17:20.700000,9.732201143507336
2015-03-26T16:17:20.800000,9.740039522229148
2015-03-26T16:17:20.900000,9.736237486703596
2015-03-26T16:17:21.000000,9.735464374124692
2015-03-26T16:17:21.100000,9.743385069815048
2015-03-26T16:17:21.200000,9.72778847482973
2015-03-26T16:17:21.300000,9.72505797008436
2015-03-26T16:17:21.400000,9.725792287886437
2015-03-26T16:17:21.500000,9.744761277045258
2015-03-26T16:17:21.600000,9.762125103808302
2015-03-26T16:17:21.700000,9.76654440685646
2015-03-26T16:17:21.800000,9.775955896586908
2015-03-26T16:17:21.900000,9.761364975347508
2015-03-26T16:17:22.000000,9.754525102051756
2015-03-26T16:17:22.100000,9.75993054562284
2015-03-26T16:17:22.200000,9.732318236056154
2015-03-26T16:17:22.300000,9.732534967689062
2015-03-26T16:17:22.400000,9.757457454464475
2015-03-26T16:17:22.500000,9.760758555327431
2015-03-26T16:17:22.600000,9.749293582747194
2015-03-26T16:17:22.700000,9.744597235599937
2015-03-26T16:17:22.800000,9.751260381913808
2015-03-26T16:17:22.900000,9.772484277516872
2015-03-26T16:17:23.000000,9.76047184527739
2015-03-26T16:17:23.100000,9.738551355022585
2015-03-26T16:17:23.200000,9.754570831041068
2015-03-26T16:17:23.300000,9.76453552687522
2015-03-26T16:17:23.400000,9.732274126294175
2015-03-26T16:17:23.500000,9.737028171403937
2015-03-26T16:17:23.600000,9.75499491857899
2015-03-26T16:17:23.700000,9.747068977690512
2015-03-26T16:17:23.800000,9.736196614506248
2015-03-26T16:17:23.900000,9.742227225911712
2015-03-26T16:17:24.000000,9.740520364803972
2015-03-26T16:17:24.100000,9.742101305852184
2015-03-26T16:17:24.200000,9.752349279794789
2015-03-26T16:17:24.300000,9.733235851601837
2015-03-26T16:17:24.400000,9.730211892069796
2015-03-26T16:17:24.500000,9.734735112614269
2015-03-26T16:17:24.600000,9.743773206758387
2015-03-26T16:17:24.700000,9.738266026646382
2015-03-26T16:17:24.800000,9.720232597066332
2015-03-26T16:17:24.900000,9.718320559474767
2015-03-26T16:17:25.000000,9.72385726163048
2015-03-26T16:17:25.100000,9.727529767851276
2015-03-26T16:17:25.200000,9.72042708173545
2015-03-26T16:17:25.300000,9.733960569032789
2015-03-26T16:17:25.400000,9.7512110536654
2015-03-26T16:17:25.500000,9.755505017082708
2015-03-26T16:17:25.600000,9.74866087096038
2015-03-26T16:17:25.700000,9.73219168814808
2015-03-26T16:17:25.800000,9.733694752106702
2015-03-26T16:17:25.900000,9.72539960116236
2015-03-26T16:17:26.000000,9.73839403942647
2015-03-26T16:17:26.100000,9.742325208471838
2015-03-26T16:17:26.200000,9.73159252538592
2015-03-26T16:17:26.300000,9.747464376886125
2015-03-26T16:17:26.400000,9.723540250813071
2015-03-26T16:17:26.500000,9.727342463235129
2015-03-26T16:17:26.600000,9.748425430713707
2015-03-26T16:17:26.700000,9.753768462088557
2015-03-26T16:17:26.800000,9.7628654904096
2015-03-26T16:17:26.900000,9.725606530741011
2015-03-26T16:17:27.000000,9.729960326881123
2015-03-26T16:17:27.100000,9.76879718859762
2015-03-26T16:17:27.200000,9.768538910090776
2015-03-26T16:17:27.300000,9.748812165376366
2015-03-26T16:17:27.400000,9.733763545607683
2015-03-26T16:17:27.500000,9.729991056827547
2015-03-26T16:17:27.600000,9.755232862912134
2015-03-26T16:17:27.700000,9.749641552180837
2015-03-26T16:17:27.800000,9.73550389715804
2015-03-26T16:17:27.900000,9.745194939513947
2015-03-26T16:17:28.000000,9.7309880485131
2015-03-26T16:17:28.100000,9.727290349288047
2015-03-26T16:17:28.200000,9.74757829281995
2015-03-26T16:17:28.300000,9.747398553977296
2015-03-26T16:17:28.400000,9.737821776293076
2015-03-26T16:17:28.500000,9.736556363198984
2015-03-26T16:17:28.600000,9.760958751356146
2015-03-26T16:17:28.700000,9.758977584849635
2015-03-26T16:17:28.800000,9.735561473896665
2015-03-26T16:17:28.900000,9.753463983111942
2015-03-26T16:17:29.000000,9.761571484214508
2015-03-26T16:17:29.100000,9.76703383656329
2015-03-26T16:17:29.200000,9.773387012495649
2015-03-26T16:17:29.300000,9.771033927461067
2015-03-26T16:17:29.400000,9.764868311345866
2015-03-26T16:17:29.500000,9.744647645962344
2015-03-26T16:17:29.600000,9.731473122186948
2015-03-26T16:17:29.700000,9.750168195592249
2015-03-26T16:17:29.800000,9.766903286998945
2015-03-26T16:17:29.900000,9.761536078946634
2015-03-26T16:17:30.000000,9.780216454592932
2015-03-26T16:17:30.100000,9.760328030195732
2015-03-26T16:17:30.200000,9.738498615497434
2015-03-26T16:17:30.300000,9.748160673987352
2015-03-26T16:17:30.400000,9.7606902657705
2015-03-26T16:17:30.500000,9.765475133218594
2015-03-26T16:17:30.600000,9.766466706767051
2015-03-26T16:17:30.700000,9.762431891240595
2015-03-26T16:17:30.800000,9.763189889734129
2015-03-26T16:17:30.900000,9.778897201214058
2015-03-26T16:17:31.000000,9.767193819416564
2015-03-26T16:17:31.100000,9.761055780872349
2015-03-26T16:17:31.200000,9.779699447373396
2015-03-26T16:17:31.300000,9.776138575332377
2015-03-26T16:17:31.400000,9.759146106854452
2015-03-26T16:17:31.500000,9.73315074883594
2015-03-26T16:17:31.600000,9.752198651794034
2015-03-26T16:17:31.700000,9.769819899909288
2015-03-26T16:17:31.800000,9.75294109848074
2015-03-26T16:17:31.900000,9.733962992391852
2015-03-26T16:17:32.000000,9.731652297879975
2015-03-26T16:17:32.100000,9.748757594500916
2015-03-26T16:17:32.200000,9.738668333532424
2015-03-26T16:17:32.300000,9.719593260318405
2015-03-26T16:17:32.400000,9.725428519936724
2015-03-26T16:17:32.500000,9.740904207267286
2015-03-26T16:17:32.600000,9.749701939698028
2015-03-26T16:17:32.700000,9.737528274795563
2015-03-26T16:17:32.800000,9.741009966317932
2015-03-26T16:17:32.900000,9.747573071827688
2015-03-26T16:17:33.000000,9.72331454777327
2015-03-26T16:17:33.100000,9.72084780080762
2015-03-26T16:17:33.200000,9.72898073370387
2015-03-26T16:17:33.300000,9.717644496478952
2015-03-26T16:17:33.400000,9.715192758165175
2015-03-26T16:17:33.500000,9.715350852285102
2015-03-26T16:17:33.600000,9.716738086742607
2015-03-26T16:17:33.700000,9.718813460243627
2015-03-26T16:17:33.800000,9.732654929752716
2015-03-26T16:17:33.900000,9.723085514342364
2015-03-26T16:17:34.000000,9.715578809097442
2015-03-26T16:17:34.100000,9.736995914799776
2015-03-26T16:17:34.200000,9.734053825537472
2015-03-26T16:17:34.300000,9.71739631697588
2015-03-26T16:17:34.400000,9.706467148068771
2015-03-26T16:17:34.500000,9.736433404001156
2015-03-26T16:17:34.600000,9.73773900932055
2015-03-26T16:17:34.700000,9.727440061228904
2015-03-26T16:17:34.800000,9.728125682155392
2015-03-26T16:17:34.900000,9.720294732711809
2015-03-26T16:17:35.000000,9.727933821648016
2015-03-26T16:17:35.100000,9.743098876994544
2015-03-26T16:17:35.200000,9.751085146130883
2015-03-26T16:17:35.300000,9.73810069634885
2015-03-26T16:17:35.400000,9.726116057539995
2015-03-26T16:17:35.500000,9.74574426303914
2015-03-26T16:17:35.600000,9.754876057414448
2015-03-26T16:17:35.700000,9.738578296145633
2015-03-26T16:17:35.800000,9.737643955619284
2015-03-26T16:17:35.900000,9.770509072585323
2015-03-26T16:17:36.000000,9.76723237017456
2015-03-26T16:17:36.100000,9.753770498365858
2015-03-26T16:17:36.200000,9.763379443610352
2015-03-26T16:17:36.300000,9.76960747246856
2015-03-26T16:17:36.400000,9.76436585385298
2015-03-26T16:17:36.500000,9.768007925240896
2015-03-26T16:17:36.600000,9.75169946081718
2015-03-26T16:17:36.700000,9.760023467093134
2015-03-26T16:17:36.800000,9.768260408200126
2015-03-26T16:17:36.900000,9.75836413567539
2015-03-26T16:17:37.000000,9.748709636009131
2015-03-26T16:17:37.100000,9.75620744165047
2015-03-26T16:17:37.200000,9.766947422702804
2015-03-26T16:17:37.300000,9.752519517316284
2015-03-26T16:17:37.400000,9.771232226291524
2015-03-26T16:17:37.500000,9.778746342007928
2015-03-26T16:17:37.600000,9.77135570827518
2015-03-26T16:17:37.700000,9.759093386337202
2015-03-26T16:17:37.800000,9.771263585376133
2015-03-26T16:17:37.900000,9.771408254738908
2015-03-26T16:17:38.000000,9.760834402921788
2015-03-26T16:17:38.100000,9.764825750052458
2015-03-26T16:17:38.200000,9.755379537669196
2015-03-26T16:17:38.300000,9.744609383862365
2015-03-26T16:17:38.400000,9.74610246913386
2015-03-26T16:17:38.500000,9.749663392183496
2015-03-26T16:17:38.600000,9.74622552215766
2015-03-26T16:17:38.700000,9.734872878456828
2015-03-26T16:17:38.800000,9.762148151556149
2015-03-26T16:17:38.900000,9.758286901231385
2015-03-26T16:17:39.000000,9.735799234316346
2015-03-26T16:17:39.100000,9.735479557191004
2015-03-26T16:17:39.200000,9.731928352069058
2015-03-26T16:17:39.300000,9.751533841360189
2015-03-26T16:17:39.400000,9.74381139302378
2015-03-26T16:17:39.500000,9.727136856207911
2015-03-26T16:17:39.600000,9.727498088111084
2015-03-26T16:17:39.700000,9.749264755523626
2015-03-26T16:17:39.800000,9.754254444944705
2015-03-26T16:17:39.900000,9.733512840478909
2015-03-26T16:17:40.000000,9.734247365962036
2015-03-26T16:17:40.100000,9.727536907702651
2015-03-26T16:17:40.200000,9.719931586345853
2015-03-26T16:17:40.300000,9.714169381595717
2015-03-26T16:17:40.400000,9.732293946607754
2015-03-26T16:17:40.500000,9.74297238772689
2015-03-26T16:17:40.600000,9.732991983026915
2015-03-26T16:17:40.700000,9.73604799300352
2015-03-26T16:17:40.800000,9.728184537012556
2015-03-26T16:17:40.900000,9.736757617437869
2015-03-26T16:17:41.000000,9.730275252065438
2015-03-26T16:17:41.100000,9.736077976572629
2015-03-26T16:17:41.200000,9.754257243648809
2015-03-26T16:17:41.300000,9.750481066949352
2015-03-26T16:17:41.400000,9.752443871660663
2015-03-26T16:17:41.500000,9.743646439012192
2015-03-26T16:17:41.600000,9.75574863804189
2015-03-26T16:17:41.700000,9.74858537136172
2015-03-26T16:17:41.800000,9.723323210521077
2015-03-26T16:17:41.900000,9.746148084467572
2015-03-26T16:17:42.000000,9.764817459995031
2015-03-26T16:17:42.100000,9.755979529780427
2015-03-26T16:17:42.200000,9.755353092771491
2015-03-26T16:17:42.300000,9.752933882688572
2015-03-26T16:17:42.400000,9.740490749285932
2015-03-26T16:17:42.500000,9.734738240720722
2015-03-26T16:17:42.600000,9.74620127525179
2015-03-26T16:17:42.700000,9.752974561139512
2015-03-26T16:17:42.800000,9.740783528982035
2015-03-26T16:17:42.900000,9.735864571005076
2015-03-26T16:17:43.000000,9.744283871216592
2015-03-26T16:17:43.100000,9.758178172603712
2015-03-26T16:17:43.200000,9.761720291152182
2015-03-26T16:17:43.300000,9.747116629953648
2015-03-26T16:17:43.400000,9.74081687145114
2015-03-26T16:17:43.500000,9.749679413006064
2015-03-26T16:17:43.600000,9.745832776587983
2015-03-26T16:17:43.700000,9.7325404613514
2015-03-26T16:17:43.800000,9.736952989074036
2015-03-26T16:17:43.900000,9.732689141091896
2015-03-26T16:17:44.000000,9.709778124365616
2015-03-26T16:17:44.100000,9.709613608692983
2015-03-26T16:17:44.200000,9.734271027858028
2015-03-26T16:17:44.300000,9.718334967215633
2015-03-26T16:17:44.400000,9.705642215182818
2015-03-26T16:17:44.500000,9.73398417504962
2015-03-26T16:17:44.600000,9.73900878066327
2015-03-26T16:17:44.700000,9.738027761903489
2015-03-26T16:17:44.800000,9.730913769499471
2015-03-26T16:17:44.900000,9.74305791835011
2015-03-26T16:17:45.000000,9.73771655926638
2015-03-26T16:17:45.100000,9.737759224336664
2015-03-26T16:17:45.200000,9.757075445832394
2015-03-26T16:17:45.300000,9.73605298368409
2015-03-26T16:17:45.400000,9.730304131075169
2015-03-26T16:17:45.500000,9.735651329433887
2015-03-26T16:17:45.600000,9.72641035613178
2015-03-26T16:17:45.700000,9.737619961046256
2015-03-26T16:17:45.800000,9.75756818419232
2015-03-26T16:17:45.900000,9.768151200629882
2015-03-26T16:17:46.000000,9.769421377912783
2015-03-26T16:17:46.100000,9.748354816967316
2015-03-26T16:17:46.200000,9.751344537896136
2015-03-26T16:17:46.300000,9.764454175537615
2015-03-26T16:17:46.400000,9.762116784896012
2015-03-26T16:17:46.500000,9.773148144387802
2015-03-26T16:17:46.600000,9.777486867422684
2015-03-26T16:17:46.700000,9.739649205985076
2015-03-26T16:17:46.800000,9.722756372119637
2015-03-26T16:17:46.900000,9.730984884782355
2015-03-26T16:17:47.000000,9.749158758643564
2015-03-26T16:17:47.100000,9.76753071011352
2015-03-26T16:17:47.200000,9.759890394718512
2015-03-26T16:17:47.300000,9.75581874162914
2015-03-26T16:17:47.400000,9.776816735601898
2015-03-26T16:17:47.500000,9.748322317436717
2015-03-26T16:17:47.600000,9.742569830511115
2015-03-26T16:17:47.700000,9.76704642691001
2015-03-26T16:17:47.800000,9.77357149635549
2015-03-26T16:17:47.900000,9.750588449894217
2015-03-26T16:17:48.000000,9.73691085603321
2015-03-26T16:17:48.100000,9.737658880168992
2015-03-26T16:17:48.200000,9.727349012941705
2015-03-26T16:17:48.300000,9.712014129379735
2015-03-26T16:17:48.400000,9.717461850709604
2015-03-26T16:17:48.500000,9.73471806718091
2015-03-26T16:17:48.600000,9.736931171302832
2015-03-26T16:17:48.700000,9.730455720018265
2015-03-26T16:17:48.800000,9.75179950848499
2015-03-26T16:17:48.900000,9.768797603728808
2015-03-26T16:17:49.000000,9.750262110544224
2015-03-26T16:17:49.100000,9.742512300257458
2015-03-26T16:17:49.200000,9.735303393512106
2015-03-26T16:17:49.300000,9.739085249340487
2015-03-26T16:17:49.400000,9.748281953273745
2015-03-26T16:17:49.500000,9.732848339368418
2015-03-26T16:17:49.600000,9.73851706339731
2015-03-26T16:17:49.700000,9.746706763730154
2015-03-26T16:17:49.800000,9.753035501336406
2015-03-26T16:17:49.900000,9.77925280848923
2015-03-26T16:17:50.000000,9.78665647898553
2015-03-26T16:17:50.100000,9.784505038809034
2015-03-26T16:17:50.200000,9.781032867002704
2015-03-26T16:17:50.300000,9.770148049086927
2015-03-26T16:17:50.400000,9.7634219930249
2015-03-26T16:17:50.500000,9.73334793859206
2015-03-26T16:17:50.600000,9.73567716080534
2015-03-26T16:17:50.700000,9.757256251468045
2015-03-26T16:17:50.800000,9.776418239989694
2015-03-26T16:17:50.900000,9.76740319391133
2015-03-26T16:17:51.000000,9.75281780206875
2015-03-26T16:17:51.100000,9.75092889786944
2015-03-26T16:17:51.200000,9.742550765232108
2015-03-26T16:17:51.300000,9.758727742965991
2015-03-26T16:17:51.400000,9.765444177072158
2015-03-26T16:17:51.500000,9.721671695852136
2015-03-26T16:17:51.600000,9.721646366973602
2015-03-26T16:17:51.700000,9.7590076160128
2015-03-26T16:17:51.800000,9.735544985255787
2015-03-26T16:17:51.900000,9.727281374754549
2015-03-26T16:17:52.000000,9.751476913903986
2015-03-26T16:17:52.100000,9.760574844963946
2015-03-26T16:17:52.200000,9.76948432732957
2015-03-26T16:17:52.300000,9.753335118577356
2015-03-26T16:17:52.400000,9.735517190399817
2015-03-26T16:17:52.500000,9.742376378838252
2015-03-26T16:17:52.600000,9.741052681669816
2015-03-26T16:17:52.700000,9.74667754320855
2015-03-26T16:17:52.800000,9.760274240040197
2015-03-26T16:17:52.900000,9.745485319944745
2015-03-26T16:17:53.000000,9.740046092308855
2015-03-26T16:17:53.100000,9.72659728243577
2015-03-26T16:17:53.200000,9.733815745004152
2015-03-26T16:17:53.300000,9.76558934768069
2015-03-26T16:17:53.400000,9.755077129873882
2015-03-26T16:17:53.500000,9.742636756833289
2015-03-26T16:17:53.600000,9.734911070514428
2015-03-26T16:17:53.700000,9.734473466630853
2015-03-26T16:17:53.800000,9.724925006755376
2015-03-26T16:17:53.900000,9.70046475280492
2015-03-26T16:17:54.000000,9.69883705889437
2015-03-26T16:17:54.100000,9.704562698913197
2015-03-26T16:17:54.200000,9.73016399735541
2015-03-26T16:17:54.300000,9.7408993144752
2015-03-26T16:17:54.400000,9.730592543161883
2015-03-26T16:17:54.500000,9.744283579469466
2015-03-26T16:17:54.600000,9.740114370307602
2015-03-26T16:17:54.700000,9.727398228744322
2015-03-26T16:17:54.800000,9.730430914183648
2015-03-26T16:17:54.900000,9.72810428922814
2015-03-26T16:17:55.000000,9.73687161257714
2015-03-26T16:17:55.100000,9.740107351955478
2015-03-26T16:17:55.200000,9.734382760073856
2015-03-26T16:17:55.300000,9.738662669526748
2015-03-26T16:17:55.400000,9.748631358090192
2015-03-26T16:17:55.500000,9.772721030896664
2015-03-26T16:17:55.600000,9.76456975767747
2015-03-26T16:17:55.700000,9.765439561115397
2015-03-26T16:17:55.800000,9.78339207020923
2015-03-26T16:17:55.900000,9.790985578209352
2015-03-26T16:17:56.000000,9.779110411927126
2015-03-26T16:17:56.100000,9.759811283988851
2015-03-26T16:17:56.200000,9.761613065148738
2015-03-26T16:17:56.300000,9.758292474622298
2015-03-26T16:17:56.400000,9.76638339339154
2015-03-26T16:17:56.500000,9.764767770210492
2015-03-26T16:17:56.600000,9.759836638966934
2015-03-26T16:17:56.700000,9.75980164790668
2015-03-26T16:17:56.800000,9.7480887869746
2015-03-26T16:17:56.900000,9.766419046860232
2015-03-26T16:17:57.000000,9.772214541825283
2015-03-26T16:17:57.100000,9.77841897874097
2015-03-26T16:17:57.200000,9.798131500458169
2015-03-26T16:17:57.300000,9.775983347281532
2015-03-26T16:17:57.400000,9.756469664193611
2015-03-26T16:17:57.500000,9.758947069988
2015-03-26T16:17:57.600000,9.747640588607696
2015-03-26T16:17:57.700000,9.738737893724108
2015-03-26T16:17:57.800000,9.7665471138438
2015-03-26T16:17:57.900000,9.768353339098187
2015-03-26T16:17:58.000000,9.756108089268396
2015-03-26T16:17:58.100000,9.74881199761428
2015-03-26T16:17:58.200000,9.761480390302529
2015-03-26T16:17:58.300000,9.77425484086026
2015-03-26T16:17:58.400000,9.761386442007398
2015-03-26T16:17:58.500000,9.75170148790783
2015-03-26T16:17:58.600000,9.738008963486212
2015-03-26T16:17:58.700000,9.74764744753203
2015-03-26T16:17:58.800000,9.756915001295262
2015-03-26T16:17:58.900000,9.760308452063123
2015-03-26T16:17:59.000000,9.757605545688277
2015-03-26T16:17:59.100000,9.736677204793828
2015-03-26T16:17:59.200000,9.711511001035277
2015-03-26T16:17:59.300000,9.711998783778563
2015-03-26T16:17:59.400000,9.74486568639747
2015-03-26T16:17:59.500000,9.740446255405232
2015-03-26T16:17:59.600000,9.721835639191529
2015-03-26T16:17:59.700000,9.713988238179422
2015-03-26T16:17:59.800000,9.715221851004603
2015-03-26T16:17:59.900000,9.715854779149344
2015-03-26T16:18:00.000000,9.729354287694855
2015-03-26T16:18:00.100000,9.747457194227596
2015-03-26T16:18:00.200000,9.71910700140216
2015-03-26T16:18:00.300000,9.705157930469758
2015-03-26T16:18:00.400000,9.71646650032954
2015-03-26T16:18:00.500000,9.716454267183552
2015-03-26T16:18:00.600000,9.710976887267153
2015-03-26T16:18:00.700000,9.723687965705215
2015-03-26T16:18:00.800000,9.752439552111833
2015-03-26T16:18:00.900000,9.745633928407662
2015-03-26T16:18:01.000000,9.72879059474023
2015-03-26T16:18:01.100000,9.731710619866172
2015-03-26T16:18:01.200000,9.72502959530556
2015-03-26T16:18:01.300000,9.734431428138963
2015-03-26T16:18:01.400000,9.747912094190117
2015-03-26T16:18:01.500000,9.743728171219322
2015-03-26T16:18:01.600000,9.736076919760434
2015-03-26T16:18:01.700000,9.754515136496718
2015-03-26T16:18:01.800000,9.752404177867756
2015-03-26T16:18:01.900000,9.733191564777815
2015-03-26T16:18:02.000000,9.727081136398663
2015-03-26T16:18:02.100000,9.733394856008625
2015-03-26T16:18:02.200000,9.75211209051075
2015-03-26T16:18:02.300000,9.765817404070775
2015-03-26T16:18:02.400000,9.759107400839945
2015-03-26T16:18:02.500000,9.767568735319935
2015-03-26T16:18:02.600000,9.776691948334204
2015-03-26T16:18:02.700000,9.778924672845974
2015-03-26T16:18:02.800000,9.779178683143773
2015-03-26T16:18:02.900000,9.76538957376158
2015-03-26T16:18:03.000000,9.737768776062891
2015-03-26T16:18:03.100000,9.740258263574011
2015-03-26T16:18:03.200000,9.76009132356225
2015-03-26T16:18:03.300000,9.771201432985794
2015-03-26T16:18:03.400000,9.770010847257463
2015-03-26T16:18:03.500000,9.745633779186877
2015-03-26T16:18:03.600000,9.749552198729916
2015-03-26T16:18:03.700000,9.767653095934453
2015-03-26T16:18:03.800000,9.75324856941618
2015-03-26T16:18:03.900000,9.755288593230024
2015-03-26T16:18:04.000000,9.77799612871588
2015-03-26T16:18:04.100000,9.772338656792682
2015-03-26T16:18:04.200000,9.756820913922924
2015-03-26T16:18:04.300000,9.761528372911826
2015-03-26T16:18:04.400000,9.743647773273734
2015-03-26T16:18:04.500000,9.742343856668588
2015-03-26T16:18:04.600000,9.75344188590844
2015-03-26T16:18:04.700000,9.752206109869809
2015-03-26T16:18:04.800000,9.749664163966663
2015-03-26T16:18:04.900000,9.7704252221721
2015-03-26T16:18:05.000000,9.781816410005543
2015-03-26T16:18:05.100000,9.748000442346678
2015-03-26T16:18:05.200000,9.741933371802055
2015-03-26T16:18:05.300000,9.737100886316531
2015-03-26T16:18:05.400000,9.717151300556694
2015-03-26T16:18:05.500000,9.719995122916734
2015-03-26T16:18:05.600000,9.728776658867416
2015-03-26T16:18:05.700000,9.733662949086362
2015-03-26T16:18:05.800000,9.732479727995235
2015-03-26T16:18:05.900000,9.732594799218507
2015-03-26T16:18:06.000000,9.711969354389066
2015-03-26T16:18:06.100000,9.716087284185631
2015-03-26T16:18:06.200000,9.738929111176198
2015-03-26T16:18:06.300000,9.717389521691816
2015-03-26T16:18:06.400000,9.709593808418637
2015-03-26T16:18:06.500000,9.721231810715151
2015-03-26T16:18:06.600000,9.717194425104394
2015-03-26T16:18:06.700000,9.712302935498435
2015-03-26T16:18:06.800000,9.743987390665453
2015-03-26T16:18:06.900000,9.729290165690378
2015-03-26T16:18:07.000000,9.71582346377801
2015-03-26T16:18:07.100000,9.755446852836284
2015-03-26T16:18:07.200000,9.746696264314524
2015-03-26T16:18:07.300000,9.727138912845858
2015-03-26T16:18:07.400000,9.742803016930132
2015-03-26T16:18:07.500000,9.752296484015528
2015-03-26T16:18:07.600000,9.75913106572147
2015-03-26T16:18:07.700000,9.74518885053402
2015-03-26T16:18:07.800000,9.726720889822078
2015-03-26T16:18:07.900000,9.72897028636683
2015-03-26T16:18:08.000000,9.725722276380072
2015-03-26T16:18:08.100000,9.729342891704544
2015-03-26T16:18:08.200000,9.750298211894137
2015-03-26T16:18:08.300000,9.752222043922306
2015-03-26T16:18:08.400000,9.746621205978364
2015-03-26T16:18:08.500000,9.752711580572852
2015-03-26T16:18:08.600000,9.7560274815059
2015-03-26T16:18:08.700000,9.742712124626166
2015-03-26T16:18:08.800000,9.745596360433764
2015-03-26T16:18:08.900000,9.736422838467297
2015-03-26T16:18:09.000000,9.727303261755154
2015-03-26T16:18:09.100000,9.739523174204896
2015-03-26T16:18:09.200000,9.764720192044996
2015-03-26T16:18:09.300000,9.777864433918742
2015-03-26T16:18:09.400000,9.759393678844814
2015-03-26T16:18:09.500000,9.74792387240724
2015-03-26T16:18:09.600000,9.75489045402399
2015-03-26T16:18:09.700000,9.746788748152502
2015-03-26T16:18:09.800000,9.745634301660823
2015-03-26T16:18:09.900000,9.742868494600485
2015-03-26T16:18:10.000000,9.742290354977255
2015-03-26T16:18:10.100000,9.746176403865002
2015-03-26T16:18:10.200000,9.747638790230775
2015-03-26T16:18:10.300000,9.757060267989983
2015-03-26T16:18:10.400000,9.746402879740758
2015-03-26T16:18:10.500000,9.737774061043533
2015-03-26T16:18:10.600000,9.761261410478587
2015-03-26T16:18:10.700000,9.750613424836269
2015-03-26T16:18:10.800000,9.72059538165012
2015-03-26T16:18:10.900000,9.717470396549416
2015-03-26T16:18:11.000000,9.730681458064913
2015-03-26T16:18:11.100000,9.748933988116756
2015-03-26T16:18:11.200000,9.7302660388798
2015-03-26T16:18:11.300000,9.717401397846286
2015-03-26T16:18:11.400000,9.7114837377428
2015-03-26T16:18:11.500000,9.710311643369886
2015-03-26T16:18:11.600000,9.725161923821704
2015-03-26T16:18:11.700000,9.732122258524624
2015-03-26T16:18:11.800000,9.750399682952953
2015-03-26T16:18:11.900000,9.74884248955631
2015-03-26T16:18:12.000000,9.753867113153904
2015-03-26T16:18:12.100000,9.752648585457168
2015-03-26T16:18:12.200000,9.73808142563564
2015-03-26T16:18:12.300000,9.7283629566037
2015-03-26T16:18:12.400000,9.738870307154231
2015-03-26T16:18:12.500000,9.75499759496834
2015-03-26T16:18:12.600000,9.746009621984411
2015-03-26T16:18:12.700000,9.714485716721358
2015-03-26T16:18:12.800000,9.71258839480719
2015-03-26T16:18:12.900000,9.728044153214336
2015-03-26T16:18:13.000000,9.735608230740958
2015-03-26T16:18:13.100000,9.748444300415647
2015-03-26T16:18:13.200000,9.764645398585426
2015-03-26T16:18:13.300000,9.747118297580988
2015-03-26T16:18:13.400000,9.723518038943023
2015-03-26T16:18:13.500000,9.755537975467842
2015-03-26T16:18:13.600000,9.768753639683853
2015-03-26T16:18:13.700000,9.736063965774996
2015-03-26T16:18:13.800000,9.744010421735792
2015-03-26T16:18:13.900000,9.76514988091454
2015-03-26T16:18:14.000000,9.758323813195108
2015-03-26T16:18:14.100000,9.759117932890003
2015-03-26T16:18:14.200000,9.746676541067904
2015-03-26T16:18:14.300000,9.746172321883272
2015-03-26T16:18:14.400000,9.765493756735928
2015-03-26T16:18:14.500000,9.749499799780496
2015-03-26T16:18:14.600000,9.73944231959118
2015-03-26T16:18:14.700000,9.76319535407606
2015-03-26T16:18:14.800000,9.755663571104328
2015-03-26T16:18:14.900000,9.74918488509265
2015-03-26T16:18:15.000000,9.748284487724074
2015-03-26T16:18:15.100000,9.73384409188775
2015-03-26T16:18:15.200000,9.721302353400777
2015-03-26T16:18:15.300000,9.741693166057852
2015-03-26T16:18:15.400000,9.75578469629153
2015-03-26T16:18:15.500000,9.755165003197776
2015-03-26T16:18:15.600000,9.76680998576427
2015-03-26T16:18:15.700000,9.74264562449496
2015-03-26T16:18:15.800000,9.734053901636328
2015-03-26T16:18:15.900000,9.72980793887874
2015-03-26T16:18:16.000000,9.727312819613177
2015-03-26T16:18:16.100000,9.732774534552904
2015-03-26T16:18:16.200000,9.713552971011683
2015-03-26T16:18:16.300000,9.734168588383056
2015-03-26T16:18:16.400000,9.73103513056578
2015-03-26T16:18:16.500000,9.721492196264654
2015-03-26T16:18:16.600000,9.730093240221729
2015-03-26T16:18:16.700000,9.741031621585076
2015-03-26T16:18:16.800000,9.77044663486729
2015-03-26T16:18:16.900000,9.753823955552868
2015-03-26T16:18:17.000000,9.742057217009387
2015-03-26T16:18:17.100000,9.74670279751024
2015-03-26T16:18:17.200000,9.720930149589185
2015-03-26T16:18:17.300000,9.700798608602364
2015-03-26T16:18:17.400000,9.714092342108184
2015-03-26T16:18:17.500000,9.73840902793718
2015-03-26T16:18:17.600000,9.735638706315571
2015-03-26T16:18:17.700000,9.721753276675615
2015-03-26T16:18:17.800000,9.740934672010503
2015-03-26T16:18:17.900000,9.764589004487506
2015-03-26T16:18:18.000000,9.75463220149132
2015-03-26T16:18:18.100000,9.73806433678503
2015-03-26T16:18:18.200000,9.746686669037825
2015-03-26T16:18:18.300000,9.749487006800166
2015-03-26T16:18:18.400000,9.746940442975012
2015-03-26T16:18:18.500000,9.741042791203812
2015-03-26T16:18:18.600000,9.726816317957525
2015-03-26T16:18:18.700000,9.720750976539922
2015-03-26T16:18:18.800000,9.733427811208138
2015-03-26T16:18:18.900000,9.728907149949814
2015-03-26T16:18:19.000000,9.73265104914813
2015-03-26T16:18:19.100000,9.745057917675636
2015-03-26T16:18:19.200000,9.741090644896198
2015-03-26T16:18:19.300000,9.735973861989372
2015-03-26T16:18:19.400000,9.752638396069948
2015-03-26T16:18:19.500000,9.780978554922028
2015-03-26T16:18:19.600000,9.758706363970711
2015-03-26T16:18:19.700000,9.742140221248086
2015-03-26T16:18:19.800000,9.762128787083808
2015-03-26T16:18:19.900000,9.753992147606944
2015-03-26T16:18:20.000000,9.745745970127684
2015-03-26T16:18:20.100000,9.715420473988564
2015-03-26T16:18:20.200000,9.722749490875575
2015-03-26T16:18:20.300000,9.747154561167529
2015-03-26T16:18:20.400000,9.74821159009715
2015-03-26T16:18:20.500000,9.750247489378552
2015-03-26T16:18:20.600000,9.725600739803497
2015-03-26T16:18:20.700000,9.73081722163489
2015-03-26T16:18:20.800000,9.761675017761052
2015-03-26T16:18:20.900000,9.766285999721108
2015-03-26T16:18:21.000000,9.75994602788237
2015-03-26T16:18:21.100000,9.740906463239014
2015-03-26T16:18:21.200000,9.727794658777446
2015-03-26T16:18:21.300000,9.740418147202488
2015-03-26T16:18:21.400000,9.770248578850609
2015-03-26T16:18:21.500000,9.756539149334882
2015-03-26T16:18:21.600000,9.750103678348578
2015-03-26T16:18:21.700000,9.755349654489692
2015-03-26T16:18:21.800000,9.768360776464249
2015-03-26T16:18:21.900000,9.769156100655051
2015-03-26T16:18:22.000000,9.743464418369513
2015-03-26T16:18:22.100000,9.73799299697562
2015-03-26T16:18:22.200000,9.742041133045522
2015-03-26T16:18:22.300000,9.744871303872026
2015-03-26T16:18:22.400000,9.75089258678232
2015-03-26T16:18:22.500000,9.748862521546984
2015-03-26T16:18:22.600000,9.759132510406127
2015-03-26T16:18:22.700000,9.75747429135181
2015-03-26T16:18:22.800000,9.748257267481652
2015-03-26T16:18:22.900000,9.755284313899494
2015-03-26T16:18:23.000000,9.743499254685275
2015-03-26T16:18:23.100000,9.74839184793904
2015-03-26T16:18:23.200000,9.75642596553908
2015-03-26T16:18:23.300000,9.757710106714166
2015-03-26T16:18:23.400000,9.758476121742596
2015-03-26T16:18:23.500000,9.75437168943524
2015-03-26T16:18:23.600000,9.74947171707653
2015-03-26T16:18:23.700000,9.749058759052003
2015-03-26T16:18:23.800000,9.754200326311938
2015-03-26T16:18:23.900000,9.763796998535886
2015-03-26T16:18:24.000000,9.741845414711976
2015-03-26T16:18:24.100000,9.739957247415678
2015-03-26T16:18:24.200000,9.736179593527767
2015-03-26T16:18:24.300000,9.740153722577013
2015-03-26T16:18:24.400000,9.748432019411757
2015-03-26T16:18:24.500000,9.74332904057498
2015-03-26T16:18:24.600000,9.73665440830837
2015-03-26T16:18:24.700000,9.705617258271989
2015-03-26T16:18:24.800000,9.733036786472642
2015-03-26T16:18:24.900000,9.743094187331677
2015-03-26T16:18:25.000000,9.742459034887084
2015-03-26T16:18:25.100000,9.758713909527753
2015-03-26T16:18:25.200000,9.77212593497254
2015-03-26T16:18:25.300000,9.750825236880692
2015-03-26T16:18:25.400000,9.756946043953745
2015-03-26T16:18:25.500000,9.767346031788232
2015-03-26T16:18:25.600000,9.737873949754247
2015-03-26T16:18:25.700000,9.730136520660086
2015-03-26T16:18:25.800000,9.740618267218904
2015-03-26T16:18:25.900000,9.757574884481484
2015-03-26T16:18:26.000000,9.727780160908544
2015-03-26T16:18:26.100000,9.724715880793408
2015-03-26T16:18:26.200000,9.732720093844923
2015-03-26T16:18:26.300000,9.742313032905404
2015-03-26T16:18:26.400000,9.760639792790824
2015-03-26T16:18:26.500000,9.73971193472801
2015-03-26T16:18:26.600000,9.728592272684605
2015-03-26T16:18:26.700000,9.74108638462746
2015-03-26T16:18:26.800000,9.743862273904451
2015-03-26T16:18:26.900000,9.754732570602126
2015-03-26T16:18:27.000000,9.749640706991023
2015-03-26T16:18:27.100000,9.742873036544312
2015-03-26T16:18:27.200000,9.75050334826147
2015-03-26T16:18:27.300000,9.770722260881238
2015-03-26T16:18:27.400000,9.766061752665172
2015-03-26T16:18:27.500000,9.761078694509449
2015-03-26T16:18:27.600000,9.76214230897736
2015-03-26T16:18:27.700000,9.760157272505282
2015-03-26T16:18:27.800000,9.759731839221272
2015-03-26T16:18:27.900000,9.754399934069836
2015-03-26T16:18:28.000000,9.754414980742222
2015-03-26T16:18:28.100000,9.756702861712304
2015-03-26T16:18:28.200000,9.767566971029511
2015-03-26T16:18:28.300000,9.763523691243858
2015-03-26T16:18:28.400000,9.735902443589849
2015-03-26T16:18:28.500000,9.724656317186218
2015-03-26T16:18:28.600000,9.730037210595944
2015-03-26T16:18:28.700000,9.734956762130537
2015-03-26T16:18:28.800000,9.75152945671956
2015-03-26T16:18:28.900000,9.72952919238697
2015-03-26T16:18:29.000000,9.72711551060108
2015-03-26T16:18:29.100000,9.735382405153633
2015-03-26T16:18:29.200000,9.743394657436973
2015-03-26T16:18:29.300000,9.760207852814444
2015-03-26T16:18:29.400000,9.75186448743358
2015-03-26T16:18:29.500000,9.738986286040095
2015-03-26T16:18:29.600000,9.743849307024792
2015-03-26T16:18:29.700000,9.76107995866329
2015-03-26T16:18:29.800000,9.756926980951848
2015-03-26T16:18:29.900000,9.749293839883228
2015-03-26T16:18:30.000000,9.73903546659215
2015-03-26T16:18:30.100000,9.731483170048993
2015-03-26T16:18:30.200000,9.725027827340876
2015-03-26T16:18:30.300000,9.741058960997394
2015-03-26T16:18:30.400000,9.76114185648546
2015-03-26T16:18:30.500000,9.760252322371178
2015-03-26T16:18:30.600000,9.75181956717338
2015-03-26T16:18:30.700000,9.761311879244989
2015-03-26T16:18:30.800000,9.746415925140267
2015-03-26T16:18:30.900000,9.735058897752069
2015-03-26T16:18:31.000000,9.744469802001298
2015-03-26T16:18:31.100000,9.765856316208176
2015-03-26T16:18:31.200000,9.760833123321724
2015-03-26T16:18:31.300000,9.751808812884075
2015-03-26T16:18:31.400000,9.77352158005586
2015-03-26T16:18:31.500000,9.76301653598792
2015-03-26T16:18:31.600000,9.750560506224693
2015-03-26T16:18:31.700000,9.733320397465157
2015-03-26T16:18:31.800000,9.715437406298516
2015-03-26T16:18:31.900000,9.740010448784362
2015-03-26T16:18:32.000000,9.748462174794753
2015-03-26T16:18:32.100000,9.724663578630365
2015-03-26T16:18:32.200000,9.735587045955272
2015-03-26T16:18:32.300000,9.74761543780412
2015-03-26T16:18:32.400000,9.73991694671088
2015-03-26T16:18:32.500000,9.734588255090507
2015-03-26T16:18:32.600000,9.739640582458131
2015-03-26T16:18:32.700000,9.76566530521278
2015-03-26T16:18:32.800000,9.75634119767623
2015-03-26T16:18:32.900000,9.72778076568851
2015-03-26T16:18:33.000000,9.726767458948816
2015-03-26T16:18:33.100000,9.74473047370113
2015-03-26T16:18:33.200000,9.745108515093564
2015-03-26T16:18:33.300000,9.739162722139351
2015-03-26T16:18:33.400000,9.739309845847895
2015-03-26T16:18:33.500000,9.720982827000247
2015-03-26T16:18:33.600000,9.721810198778677
2015-03-26T16:18:33.700000,9.74620214599721
2015-03-26T16:18:33.800000,9.740902556752038
2015-03-26T16:18:33.900000,9.736677934987307
2015-03-26T16:18:34.000000,9.727347728950145
2015-03-26T16:18:34.100000,9.704174634743532
2015-03-26T16:18:34.200000,9.716889832126164
2015-03-26T16:18:34.300000,9.719971665521886
2015-03-26T16:18:34.400000,9.716775921991552
2015-03-26T16:18:34.500000,9.744196106417814
2015-03-26T16:18:34.600000,9.741425135224077
2015-03-26T16:18:34.700000,9.73217348350564
2015-03-26T16:18:34.800000,9.735796174139065
2015-03-26T16:18:34.900000,9.746945228155948
2015-03-26T16:18:35.000000,9.753092694686556
2015-03-26T16:18:35.100000,9.751748114845856
2015-03-26T16:18:35.200000,9.750488680559618
2015-03-26T16:18:35.300000,9.749122870417697
2015-03-26T16:18:35.400000,9.74046975675449
2015-03-26T16:18:35.500000,9.7442547101796
2015-03-26T16:18:35.600000,9.763560148769184
2015-03-26T16:18:35.700000,9.750454796703844
2015-03-26T16:18:35.800000,9.733548395776465
2015-03-26T16:18:35.900000,9.733839586436948
2015-03-26T16:18:36.000000,9.747297998660269
2015-03-26T16:18:36.100000,9.75286885411709
2015-03-26T16:18:36.200000,9.754335014683296
2015-03-26T16:18:36.300000,9.754435367840337
2015-03-26T16:18:36.400000,9.73698069140734
2015-03-26T16:18:36.500000,9.730895442023282
2015-03-26T16:18:36.600000,9.739668574665991
2015-03-26T16:18:36.700000,9.751440562232228
2015-03-26T16:18:36.800000,9.751620594282972
2015-03-26T16:18:36.900000,9.759880181340392
2015-03-26T16:18:37.000000,9.76678549823088
2015-03-26T16:18:37.100000,9.751101852831203
2015-03-26T16:18:37.200000,9.757617518514373
2015-03-26T16:18:37.300000,9.761911200922194
2015-03-26T16:18:37.400000,9.756322164120354
2015-03-26T16:18:37.500000,9.75796014690204
2015-03-26T16:18:37.600000,9.74403619517858
2015-03-26T16:18:37.700000,9.741630337481714
2015-03-26T16:18:37.800000,9.743450092544276
2015-03-26T16:18:37.900000,9.756689011579468
2015-03-26T16:18:38.000000,9.75987072700789
2015-03-26T16:18:38.100000,9.751482044673612
2015-03-26T16:18:38.200000,9.741532005815133
2015-03-26T16:18:38.300000,9.743007874353854
2015-03-26T16:18:38.400000,9.77290162050449
2015-03-26T16:18:38.500000,9.749713732267114
2015-03-26T16:18:38.600000,9.739430198324794
2015-03-26T16:18:38.700000,9.743521374321622
2015-03-26T16:18:38.800000,9.75345523196355
2015-03-26T16:18:38.900000,9.756793670718729
2015-03-26T16:18:39.000000,9.758779557458205
2015-03-26T16:18:39.100000,9.766118683242723
2015-03-26T16:18:39.200000,9.74875270752275
2015-03-26T16:18:39.300000,9.748242309874628
2015-03-26T16:18:39.400000,9.753662852826542
2015-03-26T16:18:39.500000,9.74102382927627
2015-03-26T16:18:39.600000,9.742036917268369
2015-03-26T16:18:39.700000,9.744876518291637
2015-03-26T16:18:39.800000,9.736375045705216
2015-03-26T16:18:39.900000,9.73662822429146
2015-03-26T16:18:40.000000,9.745690854484993
2015-03-26T16:18:40.100000,9.75603557668421
2015-03-26T16:18:40.200000,9.73770914593366
2015-03-26T16:18:40.300000,9.732800295797224
2015-03-26T16:18:40.400000,9.742047405706437
2015-03-26T16:18:40.500000,9.764567277996193
2015-03-26T16:18:40.600000,9.749203638945724
2015-03-26T16:18:40.700000,9.743031181509805
2015-03-26T16:18:40.800000,9.756065922261376
2015-03-26T16:18:40.900000,9.727306528512894
2015-03-26T16:18:41.000000,9.735809899829356
2015-03-26T16:18:41.100000,9.740354148260511
2015-03-26T16:18:41.200000,9.742503719368877
2015-03-26T16:18:41.300000,9.748087306733009
2015-03-26T16:18:41.400000,9.728017125016478
2015-03-26T16:18:41.500000,9.72082560245714
2015-03-26T16:18:41.600000,9.724061506089784
2015-03-26T16:18:41.700000,9.721330581087894
2015-03-26T16:18:41.800000,9.724294232204464
2015-03-26T16:18:41.900000,9.734855045224844
2015-03-26T16:18:42.000000,9.735293690166856
2015-03-26T16:18:42.100000,9.731871488639095
2015-03-26T16:18:42.200000,9.728513979835808
2015-03-26T16:18:42.300000,9.741835910710623
2015-03-26T16:18:42.400000,9.73353673495063
2015-03-26T16:18:42.500000,9.725914793256637
2015-03-26T16:18:42.600000,9.746235146287251
2015-03-26T16:18:42.700000,9.767580857541851
2015-03-26T16:18:42.800000,9.770775396005412
2015-03-26T16:18:42.900000,9.747417034966055
2015-03-26T16:18:43.000000,9.760969411730782
2015-03-26T16:18:43.100000,9.771954449572451
2015-03-26T16:18:43.200000,9.74891740521804
2015-03-26T16:18:43.300000,9.751291798733966
2015-03-26T16:18:43.400000,9.751912506704794
2015-03-26T16:18:43.500000,9.744647835047694
2015-03-26T16:18:43.600000,9.739932064060708
2015-03-26T16:18:43.700000,9.759737251686907
2015-03-26T16:18:43.800000,9.7767917599699
2015-03-26T16:18:43.900000,9.760805522132554
2015-03-26T16:18:44.000000,9.766797342714064
2015-03-26T16:18:44.100000,9.76177415179942
2015-03-26T16:18:44.200000,9.753426638878526
2015-03-26T16:18:44.300000,9.743863865197095
2015-03-26T16:18:44.400000,9.752452963038875
2015-03-26T16:18:44.500000,9.784205515720046
2015-03-26T16:18:44.600000,9.796080243898349
2015-03-26T16:18:44.700000,9.77109409303398
2015-03-26T16:18:44.800000,9.748388381565
2015-03-26T16:18:44.900000,9.758458973511518
2015-03-26T16:18:45.000000,9.771781017018458
2015-03-26T16:18:45.100000,9.77543111909764
2015-03-26T16:18:45.200000,9.771998675317237
2015-03-26T16:18:45.300000,9.762086974630131
2015-03-26T16:18:45.400000,9.767863302465228
2015-03-26T16:18:45.500000,9.777309553468331
2015-03-26T16:18:45.600000,9.77210099653821
2015-03-26T16:18:45.700000,9.767745705008169
2015-03-26T16:18:45.800000,9.76326365926697
2015-03-26T16:18:45.900000,9.771073333107845
2015-03-26T16:18:46.000000,9.749221743620922
2015-03-26T16:18:46.100000,9.70938863119138
2015-03-26T16:18:46.200000,9.715016829125023
2015-03-26T16:18:46.300000,9.764783527058864
2015-03-26T16:18:46.400000,9.78111941448844
2015-03-26T16:18:46.500000,9.74620365498556
2015-03-26T16:18:46.600000,9.745614133114984
2015-03-26T16:18:46.700000,9.737002113188366
2015-03-26T16:18:46.800000,9.739051400304172
2015-03-26T16:18:46.900000,9.74965354848263
2015-03-26T16:18:47.000000,9.73278764525492
2015-03-26T16:18:47.100000,9.723856137686372
2015-03-26T16:18:47.200000,9.722437477221389
2015-03-26T16:18:47.300000,9.733046363155555
2015-03-26T16:18:47.400000,9.727267298150018
2015-03-26T16:18:47.500000,9.74322748446973
2015-03-26T16:18:47.600000,9.745073502157366
2015-03-26T16:18:47.700000,9.718478776274866
2015-03-26T16:18:47.800000,9.719454242148696
2015-03-26T16:18:47.900000,9.725803788783994
2015-03-26T16:18:48.000000,9.710253626929635
2015-03-26T16:18:48.100000,9.706544275710336
2015-03-26T16:18:48.200000,9.742594672939912
2015-03-26T16:18:48.300000,9.74708858222045
2015-03-26T16:18:48.400000,9.735405183594604
2015-03-26T16:18:48.500000,9.729215568592968
2015-03-26T16:18:48.600000,9.735535942519734
2015-03-26T16:18:48.700000,9.745731009983915
2015-03-26T16:18:48.800000,9.747234043877492
2015-03-26T16:18:48.900000,9.73923585202647
2015-03-26T16:18:49.000000,9.737699344149586
2015-03-26T16:18:49.100000,9.754043799828578
2015-03-26T16:18:49.200000,9.76022581350622
2015-03-26T16:18:49.300000,9.75723113544742
2015-03-26T16:18:49.400000,9.744786245521096
2015-03-26T16:18:49.500000,9.730128473259242
2015-03-26T16:18:49.600000,9.751742013565485
2015-03-26T16:18:49.700000,9.763373984792027
2015-03-26T16:18:49.800000,9.762897624895864
2015-03-26T16:18:49.900000,9.75241865709669
2015-03-26T16:18:50.000000,9.751800038526673
2015-03-26T16:18:50.100000,9.742082008223
2015-03-26T16:18:50.200000,9.733214295553791
2015-03-26T16:18:50.300000,9.7697544842273
2015-03-26T16:18:50.400000,9.773186403349872
2015-03-26T16:18:50.500000,9.763058246005237
2015-03-26T16:18:50.600000,9.765638288048295
2015-03-26T16:18:50.700000,9.77042732132055
2015-03-26T16:18:50.800000,9.771060064131063
2015-03-26T16:18:50.900000,9.772009757225042
2015-03-26T16:18:51.000000,9.74522863883251
2015-03-26T16:18:51.100000,9.74755560092334
2015-03-26T16:18:51.200000,9.776003375736916
2015-03-26T16:18:51.300000,9.765125239130096
2015-03-26T16:18:51.400000,9.752428557060837
2015-03-26T16:18:51.500000,9.738931038671751
2015-03-26T16:18:51.600000,9.721307061585396
2015-03-26T16:18:51.700000,9.71472035684438
2015-03-26T16:18:51.800000,9.725457663008358
2015-03-26T16:18:51.900000,9.750315172006546
2015-03-26T16:18:52.000000,9.74526000684554
2015-03-26T16:18:52.100000,9.73825899432623
2015-03-26T16:18:52.200000,9.73839699279602
2015-03-26T16:18:52.300000,9.7346919138839
2015-03-26T16:18:52.400000,9.73176688282087
2015-03-26T16:18:52.500000,9.739864368997283
2015-03-26T16:18:52.600000,9.724128682375424
2015-03-26T16:18:52.700000,9.733804346870611
2015-03-26T16:18:52.800000,9.741664839921894
2015-03-26T16:18:52.900000,9.748458682295473
2015-03-26T16:18:53.000000,9.748539513251696
2015-03-26T16:18:53.100000,9.737203659420654
2015-03-26T16:18:53.200000,9.74780813908176
2015-03-26T16:18:53.300000,9.73641870555922
2015-03-26T16:18:53.400000,9.718957580201067
2015-03-26T16:18:53.500000,9.726187648983815
2015-03-26T16:18:53.600000,9.752311126572025
2015-03-26T16:18:53.700000,9.746536331197222
2015-03-26T16:18:53.800000,9.71844981775286
2015-03-26T16:18:53.900000,9.75842084794678
2015-03-26T16:18:54.000000,9.745837973224392
2015-03-26T16:18:54.100000,9.729212390352185
2015-03-26T16:18:54.200000,9.756918119990686
2015-03-26T16:18:54.300000,9.748797118602802
2015-03-26T16:18:54.400000,9.73374971466321
2015-03-26T16:18:54.500000,9.74100108115014
2015-03-26T16:18:54.600000,9.756241368301906
2015-03-26T16:18:54.700000,9.729737113207335
2015-03-26T16:18:54.800000,9.720018910564738
2015-03-26T16:18:54.900000,9.746230774262507
2015-03-26T16:18:55.000000,9.777394413174864
2015-03-26T16:18:55.100000,9.789185406700144
2015-03-26T16:18:55.200000,9.774029486717067
2015-03-26T16:18:55.300000,9.755463641601912
2015-03-26T16:18:55.400000,9.756437961000987
2015-03-26T16:18:55.500000,9.751633523143662
2015-03-26T16:18:55.600000,9.76001245325658
2015-03-26T16:18:55.700000,9.772519470798152
2015-03-26T16:18:55.800000,9.773818419439182
2015-03-26T16:18:55.900000,9.77693650131496
2015-03-26T16:18:56.000000,9.75339755480379
2015-03-26T16:18:56.100000,9.739068031902388
2015-03-26T16:18:56.200000,9.758527986116654
2015-03-26T16:18:56.300000,9.769774276150214
2015-03-26T16:18:56.400000,9.753564605521056
2015-03-26T16:18:56.500000,9.749463174217054
2015-03-26T16:18:56.600000,9.759143848085138
2015-03-26T16:18:56.700000,9.7351975314932
2015-03-26T16:18:56.800000,9.754366690221111
2015-03-26T16:18:56.900000,9.773898643708446
2015-03-26T16:18:57.000000,9.748329590599797
2015-03-26T16:18:57.100000,9.752391072996575
2015-03-26T16:18:57.200000,9.760463815214903
2015-03-26T16:18:57.300000,9.755134350951309
2015-03-26T16:18:57.400000,9.754429593451288
2015-03-26T16:18:57.500000,9.74325344814334
2015-03-26T16:18:57.600000,9.733168904949
2015-03-26T16:18:57.700000,9.728416871814629
2015-03-26T16:18:57.800000,9.728788996518109
2015-03-26T16:18:57.900000,9.733143870906313
2015-03-26T16:18:58.000000,9.735564943565157
2015-03-26T16:18:58.100000,9.742303604727711
2015-03-26T16:18:58.200000,9.71665221766809
2015-03-26T16:18:58.300000,9.714361447296277
2015-03-26T16:18:58.400000,9.730619273113684
2015-03-26T16:18:58.500000,9.72858855875932
2015-03-26T16:18:58.600000,9.738048226252063
2015-03-26T16:18:58.700000,9.727265197356664
2015-03-26T16:18:58.800000,9.711649998275943
2015-03-26T16:18:58.900000,9.71416692111153
2015-03-26T16:18:59.000000,9.69963217091702
2015-03-26T16:18:59.100000,9.723015101564412
2015-03-26T16:18:59.200000,9.739386720298118
2015-03-26T16:18:59.300000,9.730027064165483
2015-03-26T16:18:59.400000,9.73223578119368
2015-03-26T16:18:59.500000,9.750895636819036
2015-03-26T16:18:59.600000,9.744116914186607
2015-03-26T16:18:59.700000,9.735762622960044
2015-03-26T16:18:59.800000,9.729288474193217
2015-03-26T16:18:59.900000,9.725751770208714
2015-03-26T16:19:00.000000,9.75128901316778
2015-03-26T16:19:00.100000,9.75850034570777
2015-03-26T16:19:00.200000,9.75586733006228
2015-03-26T16:19:00.300000,9.77825004793851
2015-03-26T16:19:00.400000,9.775577622011363
2015-03-26T16:19:00.500000,9.776246288717832
2015-03-26T16:19:00.600000,9.765835982593902
2015-03-26T16:19:00.700000,9.759058822452088
2015-03-26T16:19:00.800000,9.778226113174076
2015-03-26T16:19:00.900000,9.782296675093988
2015-03-26T16:19:01.000000,9.765744148294967
2015-03-26T16:19:01.100000,9.773281610237314
2015-03-26T16:19:01.200000,9.787894395005129
2015-03-26T16:19:01.300000,9.771069773400695
2015-03-26T16:19:01.400000,9.766990735906262
2015-03-26T16:19:01.500000,9.780317389563956
2015-03-26T16:19:01.600000,9.778862532692823
2015-03-26T16:19:01.700000,9.773290288261862
2015-03-26T16:19:01.800000,9.771977972478892
2015-03-26T16:19:01.900000,9.76227288430366
2015-03-26T16:19:02.000000,9.740872100347127
2015-03-26T16:19:02.100000,9.73563922772237
2015-03-26T16:19:02.200000,9.74462177566605
2015-03-26T16:19:02.300000,9.754061327876244
2015-03-26T16:19:02.400000,9.756816262315212
2015-03-26T16:19:02.500000,9.761909005174964
2015-03-26T16:19:02.600000,9.74588608376003
2015-03-26T16:19:02.700000,9.73981760548888
2015-03-26T16:19:02.800000,9.738884420086176
2015-03-26T16:19:02.900000,9.749062782662048
2015-03-26T16:19:03.000000,9.752323265651055
2015-03-26T16:19:03.100000,9.748188805017216
2015-03-26T16:19:03.200000,9.748629778174127
2015-03-26T16:19:03.300000,9.727800083509974
2015-03-26T16:19:03.400000,9.730669039034098
2015-03-26T16:19:03.500000,9.744142016007602
2015-03-26T16:19:03.600000,9.740912790878784
2015-03-26T16:19:03.700000,9.72957478890233
2015-03-26T16:19:03.800000,9.739366107566282
2015-03-26T16:19:03.900000,9.741231030522176
2015-03-26T16:19:04.000000,9.723069236681331
2015-03-26T16:19:04.100000,9.725843283516015
2015-03-26T16:19:04.200000,9.720479533827472
2015-03-26T16:19:04.300000,9.713385435897564
2015-03-26T16:19:04.400000,9.73708795599011
2015-03-26T16:19:04.500000,9.74355706230658
2015-03-26T16:19:04.600000,9.741546365916518
2015-03-26T16:19:04.700000,9.73832691523399
2015-03-26T16:19:04.800000,9.71884767477168
2015-03-26T16:19:04.900000,9.725044129285484
2015-03-26T16:19:05.000000,9.720239053607475
2015-03-26T16:19:05.100000,9.705432208293852
2015-03-26T16:19:05.200000,9.72777024730726
2015-03-26T16:19:05.300000,9.739597476868155
2015-03-26T16:19:05.400000,9.739595190271428
2015-03-26T16:19:05.500000,9.753560425171116
2015-03-26T16:19:05.600000,9.752641680386573
2015-03-26T16:19:05.700000,9.727249213695714
2015-03-26T16:19:05.800000,9.729308319236504
2015-03-26T16:19:05.900000,9.751875606339972
2015-03-26T16:19:06.000000,9.752294739481524
2015-03-26T16:19:06.100000,9.748393095369856
2015-03-26T16:19:06.200000,9.741442540688055
2015-03-26T16:19:06.300000,9.742191889044264
2015-03-26T16:19:06.400000,9.750032399378794
2015-03-26T16:19:06.500000,9.770681053537464
2015-03-26T16:19:06.600000,9.778997309336733
2015-03-26T16:19:06.700000,9.77734021094758
2015-03-26T16:19:06.800000,9.773831897554595
2015-03-26T16:19:06.900000,9.75471472266531
2015-03-26T16:19:07.000000,9.752757942326074
2015-03-26T16:19:07.100000,9.758039023180016
2015-03-26T16:19:07.200000,9.739605370935127
2015-03-26T16:19:07.300000,9.751950382645914
2015-03-26T16:19:07.400000,9.783428226493726
2015-03-26T16:19:07.500000,9.763193922873189
2015-03-26T16:19:07.600000,9.742012832203494
2015-03-26T16:19:07.700000,9.75634094778057
2015-03-26T16:19:07.800000,9.76362805968329
2015-03-26T16:19:07.900000,9.768873578011076
2015-03-26T16:19:08.000000,9.769363581031785
2015-03-26T16:19:08.100000,9.75322430985939
2015-03-26T16:19:08.200000,9.754058276132492
2015-03-26T16:19:08.300000,9.754304363915931
2015-03-26T16:19:08.400000,9.754638921757016
2015-03-26T16:19:08.500000,9.75657672715629
2015-03-26T16:19:08.600000,9.755375391949652
2015-03-26T16:19:08.700000,9.756597994366237
2015-03-26T16:19:08.800000,9.758259199305822
2015-03-26T16:19:08.900000,9.757820206216104
2015-03-26T16:19:09.000000,9.76462194065778
2015-03-26T16:19:09.100000,9.755744795226532
2015-03-26T16:19:09.200000,9.72857152678787
2015-03-26T16:19:09.300000,9.74286870719783
2015-03-26T16:19:09.400000,9.75952912162516
2015-03-26T16:19:09.500000,9.758189451928525
2015-03-26T16:19:09.600000,9.762093851235235
2015-03-26T16:19:09.700000,9.730776233709571
2015-03-26T16:19:09.800000,9.72602597401741
2015-03-26T16:19:09.900000,9.75096017437784
2015-03-26T16:19:10.000000,9.759110698480654
2015-03-26T16:19:10.100000,9.749898136328286
2015-03-26T16:19:10.200000,9.741764976084765
2015-03-26T16:19:10.300000,9.745664076121503
2015-03-26T16:19:10.400000,9.733496380849942
2015-03-26T16:19:10.500000,9.745257737675775
2015-03-26T16:19:10.600000,9.752172696849453
2015-03-26T16:19:10.700000,9.735406308509148
2015-03-26T16:19:10.800000,9.737999290316822
2015-03-26T16:19:10.900000,9.731355867945918
2015-03-26T16:19:11.000000,9.731378952800204
2015-03-26T16:19:11.100000,9.733240523155764
2015-03-26T16:19:11.200000,9.722581841256812
2015-03-26T16:19:11.300000,9.722052399970984
2015-03-26T16:19:11.400000,9.734245819378136
2015-03-26T16:19:11.500000,9.736533988322131
2015-03-26T16:19:11.600000,9.746945595950738
2015-03-26T16:19:11.700000,9.759307626154502
2015-03-26T16:19:11.800000,9.724569543498252
2015-03-26T16:19:11.900000,9.738298945895073
2015-03-26T16:19:12.000000,9.74558364048787
2015-03-26T16:19:12.100000,9.728096773565465
2015-03-26T16:19:12.200000,9.750943780396453
2015-03-26T16:19:12.300000,9.74751644834796
2015-03-26T16:19:12.400000,9.73519297354722
2015-03-26T16:19:12.500000,9.736496540890997
2015-03-26T16:19:12.600000,9.747691282347574
2015-03-26T16:19:12.700000,9.755327193307057
2015-03-26T16:19:12.800000,9.743846037702813
2015-03-26T16:19:12.900000,9.744193244077143
2015-03-26T16:19:13.000000,9.75761134013584
2015-03-26T16:19:13.100000,9.754642220852046
2015-03-26T16:19:13.200000,9.743779604901324
2015-03-26T16:19:13.300000,9.742298354426676
2015-03-26T16:19:13.400000,9.725381098474491
2015-03-26T16:19:13.500000,9.751302970702945
2015-03-26T16:19:13.600000,9.76826374652506
2015-03-26T16:19:13.700000,9.742414557106414
2015-03-26T16:19:13.800000,9.763730777559688
2015-03-26T16:19:13.900000,9.77335060322236
2015-03-26T16:19:14.000000,9.790465995337598
2015-03-26T16:19:14.100000,9.807548924976984
2015-03-26T16:19:14.200000,9.77007945899746
2015-03-26T16:19:14.300000,9.761047554799427
2015-03-26T16:19:14.400000,9.773844566605504
2015-03-26T16:19:14.500000,9.769440433989828
2015-03-26T16:19:14.600000,9.75614750674862
2015-03-26T16:19:14.700000,9.764094488559095
2015-03-26T16:19:14.800000,9.76673949960251
2015-03-26T16:19:14.900000,9.763929257408098
2015-03-26T16:19:15.000000,9.790761998097471
2015-03-26T16:19:15.100000,9.793910901786628
2015-03-26T16:19:15.200000,9.767491424873784
2015-03-26T16:19:15.300000,9.75866583116722
2015-03-26T16:19:15.400000,9.750964205833991
2015-03-26T16:19:15.500000,9.753786965243195
2015-03-26T16:19:15.600000,9.765663160646053
2015-03-26T16:19:15.700000,9.766633799331451
2015-03-26T16:19:15.800000,9.76591373309749
2015-03-26T16:19:15.900000,9.758750150373997
2015-03-26T16:19:16.000000,9.748433988344276
2015-03-26T16:19:16.100000,9.743296387895072
2015-03-26T16:19:16.200000,9.752163067258053
2015-03-26T16:19:16.300000,9.743094417045588
2015-03-26T16:19:16.400000,9.736548501963108
2015-03-26T16:19:16.500000,9.721986162474463
2015-03-26T16:19:16.600000,9.726053175198285
2015-03-26T16:19:16.700000,9.739986919414926
2015-03-26T16:19:16.800000,9.747009115322996
2015-03-26T16:19:16.900000,9.74109492879035
2015-03-26T16:19:17.000000,9.718714471362736
2015-03-26T16:19:17.100000,9.71306566927772
2015-03-26T16:19:17.200000,9.716473108839994
2015-03-26T16:19:17.300000,9.727813047929883
2015-03-26T16:19:17.400000,9.739663402185604
2015-03-26T16:19:17.500000,9.722661698387478
2015-03-26T16:19:17.600000,9.714820896614778
2015-03-26T16:19:17.700000,9.73535616499375
2015-03-26T16:19:17.800000,9.748549704085846
2015-03-26T16:19:17.900000,9.72981698199818
2015-03-26T16:19:18.000000,9.748593550011108
2015-03-26T16:19:18.100000,9.754575695435
2015-03-26T16:19:18.200000,9.710748507023174
2015-03-26T16:19:18.300000,9.71103476952654
2015-03-26T16:19:18.400000,9.737044464430184
2015-03-26T16:19:18.500000,9.744230711608962
2015-03-26T16:19:18.600000,9.742921838545374
2015-03-26T16:19:18.700000,9.739586304707492
2015-03-26T16:19:18.800000,9.752868885013877
2015-03-26T16:19:18.900000,9.76233593088585
2015-03-26T16:19:19.000000,9.77077588833009
2015-03-26T16:19:19.100000,9.761641224372752
2015-03-26T16:19:19.200000,9.748472634523369
2015-03-26T16:19:19.300000,9.74412491759178
2015-03-26T16:19:19.400000,9.742269323965688
2015-03-26T16:19:19.500000,9.760641144964795
2015-03-26T16:19:19.600000,9.7867229655051
2015-03-26T16:19:19.700000,9.76422053477376
2015-03-26T16:19:19.800000,9.751838245123457
2015-03-26T16:19:19.900000,9.752040189748328
2015-03-26T16:19:20.000000,9.72674306974264
2015-03-26T16:19:20.100000,9.726959931950391
2015-03-26T16:19:20.200000,9.747302759536176
2015-03-26T16:19:20.300000,9.738676210478618
2015-03-26T16:19:20.400000,9.735039338749004
2015-03-26T16:19:20.500000,9.736265876325737
2015-03-26T16:19:20.600000,9.754416227193904
2015-03-26T16:19:20.700000,9.769966576151264
2015-03-26T16:19:20.800000,9.764474290993077
2015-03-26T16:19:20.900000,9.756959176487
2015-03-26T16:19:21.000000,9.74550781324878
2015-03-26T16:19:21.100000,9.751671549717551
2015-03-26T16:19:21.200000,9.7680706114488
2015-03-26T16:19:21.300000,9.769194462526242
2015-03-26T16:19:21.400000,9.762412759430813
2015-03-26T16:19:21.500000,9.763602027779427
2015-03-26T16:19:21.600000,9.760390163913812
2015-03-26T16:19:21.700000,9.764829587581614
2015-03-26T16:19:21.800000,9.768715113115782
2015-03-26T16:19:21.900000,9.765328884358109
2015-03-26T16:19:22.000000,9.738240122076489
2015-03-26T16:19:22.100000,9.722714913541536
2015-03-26T16:19:22.200000,9.722610541296866
2015-03-26T16:19:22.300000,9.751449586586729
2015-03-26T16:19:22.400000,9.75390038293738
2015-03-26T16:19:22.500000,9.748738420775664
2015-03-26T16:19:22.600000,9.757012856301984
2015-03-26T16:19:22.700000,9.73997314400062
2015-03-26T16:19:22.800000,9.755784883161173
2015-03-26T16:19:22.900000,9.740515598569427
2015-03-26T16:19:23.000000,9.728186328084796
2015-03-26T16:19:23.100000,9.745069506243448
2015-03-26T16:19:23.200000,9.744425175129468
2015-03-26T16:19:23.300000,9.769632033577084
2015-03-26T16:19:23.400000,9.76173859185084
2015-03-26T16:19:23.500000,9.755650871371603
2015-03-26T16:19:23.600000,9.743823571180972
2015-03-26T16:19:23.700000,9.715954541623384
2015-03-26T16:19:23.800000,9.71552645035573
2015-03-26T16:19:23.900000,9.73925045677906
2015-03-26T16:19:24.000000,9.752371808100383
2015-03-26T16:19:24.100000,9.740811865908247
2015-03-26T16:19:24.200000,9.742563794739343
2015-03-26T16:19:24.300000,9.762647365129425
2015-03-26T16:19:24.400000,9.75022523629753
2015-03-26T16:19:24.500000,9.75235032136101
2015-03-26T16:19:24.600000,9.752108188737123
2015-03-26T16:19:24.700000,9.745839340567072
2015-03-26T16:19:24.800000,9.76166934744755
2015-03-26T16:19:24.900000,9.772997612127078
2015-03-26T16:19:25.000000,9.774129971171478
2015-03-26T16:19:25.100000,9.77624559317998
2015-03-26T16:19:25.200000,9.788597903400778
2015-03-26T16:19:25.300000,9.781225538064923
2015-03-26T16:19:25.400000,9.774882614482747
2015-03-26T16:19:25.500000,9.77063284989955
2015-03-26T16:19:25.600000,9.752150295211086
2015-03-26T16:19:25.700000,9.741547437145448
2015-03-26T16:19:25.800000,9.740749312661713
2015-03-26T16:19:25.900000,9.744845219033794
2015-03-26T16:19:26.000000,9.753094651065586
2015-03-26T16:19:26.100000,9.754106432340585
2015-03-26T16:19:26.200000,9.752790148489217
2015-03-26T16:19:26.300000,9.759394058707722
2015-03-26T16:19:26.400000,9.75717257430298
2015-03-26T16:19:26.500000,9.747365338673744
2015-03-26T16:19:26.600000,9.749822072501676
2015-03-26T16:19:26.700000,9.780417627440322
2015-03-26T16:19:26.800000,9.768294340941152
2015-03-26T16:19:26.900000,9.74738828387643
2015-03-26T16:19:27.000000,9.734020176780582
2015-03-26T16:19:27.100000,9.72403306759908
2015-03-26T16:19:27.200000,9.717730079932682
2015-03-26T16:19:27.300000,9.739643377442151
2015-03-26T16:19:27.400000,9.75303602798618
2015-03-26T16:19:27.500000,9.753800916633534
2015-03-26T16:19:27.600000,9.738652732179837
2015-03-26T16:19:27.700000,9.71726542387188
2015-03-26T16:19:27.800000,9.73092757356604
2015-03-26T16:19:27.900000,9.72917959259376
2015-03-26T16:19:28.000000,9.759675129119318
2015-03-26T16:19:28.100000,9.755043946100574
2015-03-26T16:19:28.200000,9.736867607818535
2015-03-26T16:19:28.300000,9.7288678958863
2015-03-26T16:19:28.400000,9.716006212640234
2015-03-26T16:19:28.500000,9.716275305633046
2015-03-26T16:19:28.600000,9.735517128610455
2015-03-26T16:19:28.700000,9.75133653153124
2015-03-26T16:19:28.800000,9.73654817010025
2015-03-26T16:19:28.900000,9.74301134913657
2015-03-26T16:19:29.000000,9.718891997383208
2015-03-26T16:19:29.100000,9.718997842252003
2015-03-26T16:19:29.200000,9.738931257411934
2015-03-26T16:19:29.300000,9.735482654552928
2015-03-26T16:19:29.400000,9.737744845937211
2015-03-26T16:19:29.500000,9.720672344101922
2015-03-26T16:19:29.600000,9.72326558832752
2015-03-26T16:19:29.700000,9.723920701755157
2015-03-26T16:19:29.800000,9.739485322387807
2015-03-26T16:19:29.900000,9.753842588064805
2015-03-26T16:19:30.000000,9.74198656413134
2015-03-26T16:19:30.100000,9.756986307855206
2015-03-26T16:19:30.200000,9.777220272360918
2015-03-26T16:19:30.300000,9.773282685291049
2015-03-26T16:19:30.400000,9.770279239328348
2015-03-26T16:19:30.500000,9.738920418919175
2015-03-26T16:19:30.600000,9.72209474473297
2015-03-26T16:19:30.700000,9.738899030217608
2015-03-26T16:19:30.800000,9.753359194855516
2015-03-26T16:19:30.900000,9.751426500563284
2015-03-26T16:19:31.000000,9.754593163751448
2015-03-26T16:19:31.100000,9.755522630992807
2015-03-26T16:19:31.200000,9.757025630637974
2015-03-26T16:19:31.300000,9.767956412578911
2015-03-26T16:19:31.400000,9.767018593249604
2015-03-26T16:19:31.500000,9.766774339549324
2015-03-26T16:19:31.600000,9.76103141925148
2015-03-26T16:19:31.700000,9.767324097404488
2015-03-26T16:19:31.800000,9.766233925546462
2015-03-26T16:19:31.900000,9.756781624251152
2015-03-26T16:19:32.000000,9.746568655629186
2015-03-26T16:19:32.100000,9.757307820006393
2015-03-26T16:19:32.200000,9.761320425862843
2015-03-26T16:19:32.300000,9.748862954241448
2015-03-26T16:19:32.400000,9.745030757243194
2015-03-26T16:19:32.500000,9.736740831435675
2015-03-26T16:19:32.600000,9.75186933923751
2015-03-26T16:19:32.700000,9.744347722991794
2015-03-26T16:19:32.800000,9.770266729352612
2015-03-26T16:19:32.900000,9.778974278535005
2015-03-26T16:19:33.000000,9.7424849056167
2015-03-26T16:19:33.100000,9.746110494776053
2015-03-26T16:19:33.200000,9.741792937628537
2015-03-26T16:19:33.300000,9.752953123127655
2015-03-26T16:19:33.400000,9.762411122022309
2015-03-26T16:19:33.500000,9.752668471053804
2015-03-26T16:19:33.600000,9.755782810016504
2015-03-26T16:19:33.700000,9.761697619749734
2015-03-26T16:19:33.800000,9.759810380974448
2015-03-26T16:19:33.900000,9.755146322057598
2015-03-26T16:19:34.000000,9.746343312120764
2015-03-26T16:19:34.100000,9.751650785350192
2015-03-26T16:19:34.200000,9.736208524527576
2015-03-26T16:19:34.300000,9.728618509508063
2015-03-26T16:19:34.400000,9.757424010167004
2015-03-26T16:19:34.500000,9.751269987145966
2015-03-26T16:19:34.600000,9.740178363291063
2015-03-26T16:19:34.700000,9.734863616883692
2015-03-26T16:19:34.800000,9.744423113823986
2015-03-26T16:19:34.900000,9.751057686266511
2015-03-26T16:19:35.000000,9.73809971537504
2015-03-26T16:19:35.100000,9.73288884208321
2015-03-26T16:19:35.200000,9.729478469953165
2015-03-26T16:19:35.300000,9.72776154183921
2015-03-26T16:19:35.400000,9.730895749761949
2015-03-26T16:19:35.500000,9.71969480703472
2015-03-26T16:19:35.600000,9.727325060858329
2015-03-26T16:19:35.700000,9.728374929276743
2015-03-26T16:19:35.800000,9.73071512924368
2015-03-26T16:19:35.900000,9.730657265803588
2015-03-26T16:19:36.000000,9.72923694628988
2015-03-26T16:19:36.100000,9.701497903587027
2015-03-26T16:19:36.200000,9.718549296804
2015-03-26T16:19:36.300000,9.743616530861855
2015-03-26T16:19:36.400000,9.703447129559288
2015-03-26T16:19:36.500000,9.709771215775078
2015-03-26T16:19:36.600000,9.71119539602394
2015-03-26T16:19:36.700000,9.698931230444948
2015-03-26T16:19:36.800000,9.703807078209604
2015-03-26T16:19:36.900000,9.71288622513934
2015-03-26T16:19:37.000000,9.734989349674594
2015-03-26T16:19:37.100000,9.74828209322894
2015-03-26T16:19:37.200000,9.753293620141848
2015-03-26T16:19:37.300000,9.752552340599642
2015-03-26T16:19:37.400000,9.754909298947249
2015-03-26T16:19:37.500000,9.758118972876922
2015-03-26T16:19:37.600000,9.753721338966008
2015-03-26T16:19:37.700000,9.737036380605993
2015-03-26T16:19:37.800000,9.73685047637581
2015-03-26T16:19:37.900000,9.76957056754486
2015-03-26T16:19:38.000000,9.767776903447714
2015-03-26T16:19:38.100000,9.750683546171867
2015-03-26T16:19:38.200000,9.756724952782031
2015-03-26T16:19:38.300000,9.767426156906447
2015-03-26T16:19:38.400000,9.761297357415952
2015-03-26T16:19:38.500000,9.751582423013888
2015-03-26T16:19:38.600000,9.74981949226908
2015-03-26T16:19:38.700000,9.768338716730533
2015-03-26T16:19:38.800000,9.783090494937944
2015-03-26T16:19:38.900000,9.77115175112086
2015-03-26T16:19:39.000000,9.742729859016542
2015-03-26T16:19:39.100000,9.755750830201768
2015-03-26T16:19:39.200000,9.773828770954578
2015-03-26T16:19:39.300000,9.790695572344356
2015-03-26T16:19:39.400000,9.781629654319486
2015-03-26T16:19:39.500000,9.751678598054353
2015-03-26T16:19:39.600000,9.75999335128104
2015-03-26T16:19:39.700000,9.75996331231644
2015-03-26T16:19:39.800000,9.754567424736823
2015-03-26T16:19:39.900000,9.749758753652724
2015-03-26T16:19:40.000000,9.750977186180403
2015-03-26T16:19:40.100000,9.7480603205919
2015-03-26T16:19:40.200000,9.758396609767344
2015-03-26T16:19:40.300000,9.764335146572526
2015-03-26T16:19:40.400000,9.748728408187466
2015-03-26T16:19:40.500000,9.739698017179467
2015-03-26T16:19:40.600000,9.754122865627584
2015-03-26T16:19:40.700000,9.780236966707992
2015-03-26T16:19:40.800000,9.769191686538766
2015-03-26T16:19:40.900000,9.736565385415355
2015-03-26T16:19:41.000000,9.734551967970836
2015-03-26T16:19:41.100000,9.764467103785158
2015-03-26T16:19:41.200000,9.747056033592822
2015-03-26T16:19:41.300000,9.714037438465748
2015-03-26T16:19:41.400000,9.718050744088895
2015-03-26T16:19:41.500000,9.73251509873938
2015-03-26T16:19:41.600000,9.727249709348255
2015-03-26T16:19:41.700000,9.729907670955315
2015-03-26T16:19:41.800000,9.722901382756731
2015-03-26T16:19:41.900000,9.691235114913225
2015-03-26T16:19:42.000000,9.711975021347865
2015-03-26T16:19:42.100000,9.712141969295606
2015-03-26T16:19:42.200000,9.700101749998652
2015-03-26T16:19:42.300000,9.712548415726646
2015-03-26T16:19:42.400000,9.719259724796167
2015-03-26T16:19:42.500000,9.70333619540863
2015-03-26T16:19:42.600000,9.704821214332792
2015-03-26T16:19:42.700000,9.704119696442111
2015-03-26T16:19:42.800000,9.6983560370416
2015-03-26T16:19:42.900000,9.71117183829636
2015-03-26T16:19:43.000000,9.724770949875063
2015-03-26T16:19:43.100000,9.715933921833605
2015-03-26T16:19:43.200000,9.698321787109156
2015-03-26T16:19:43.300000,9.711615741689789
2015-03-26T16:19:43.400000,9.735139849041742
2015-03-26T16:19:43.500000,9.745453307828845
2015-03-26T16:19:43.600000,9.732152938618412
2015-03-26T16:19:43.700000,9.717832551474462
2015-03-26T16:19:43.800000,9.747082328906052
2015-03-26T16:19:43.900000,9.75211210711615
2015-03-26T16:19:44.000000,9.739954751730508
2015-03-26T16:19:44.100000,9.737205291453238
2015-03-26T16:19:44.200000,9.761498251117748
2015-03-26T16:19:44.300000,9.787985734415296
2015-03-26T16:19:44.400000,9.773271009162354
2015-03-26T16:19:44.500000,9.769507760001478
2015-03-26T16:19:44.600000,9.769644510658608
2015-03-26T16:19:44.700000,9.779190364884546
2015-03-26T16:19:44.800000,9.775950462907876
2015-03-26T16:19:44.900000,9.752994785630603
2015-03-26T16:19:45.000000,9.743289388721344
2015-03-26T16:19:45.100000,9.764382721288282
2015-03-26T16:19:45.200000,9.77944033233901
2015-03-26T16:19:45.300000,9.749103627008258
2015-03-26T16:19:45.400000,9.74292935434388
2015-03-26T16:19:45.500000,9.748233181506476
2015-03-26T16:19:45.600000,9.74440796548588
2015-03-26T16:19:45.700000,9.756287796850447
2015-03-26T16:19:45.800000,9.754312983165836
2015-03-26T16:19:45.900000,9.75343777252352
2015-03-26T16:19:46.000000,9.762884758606452
2015-03-26T16:19:46.100000,9.775744708626158
2015-03-26T16:19:46.200000,9.767278974578758
2015-03-26T16:19:46.300000,9.756552576538152
2015-03-26T16:19:46.400000,9.770800332422594
2015-03-26T16:19:46.500000,9.763184011710951
2015-03-26T16:19:46.600000,9.75597035317984
2015-03-26T16:19:46.700000,9.740272829427964
2015-03-26T16:19:46.800000,9.72987893400084
2015-03-26T16:19:46.900000,9.74133444135239
2015-03-26T16:19:47.000000,9.737430979956743
2015-03-26T16:19:47.100000,9.751859211832574
2015-03-26T16:19:47.200000,9.741353449775469
2015-03-26T16:19:47.300000,9.716363860380426
2015-03-26T16:19:47.400000,9.716642085845624
2015-03-26T16:19:47.500000,9.73616697570452
2015-03-26T16:19:47.600000,9.759399519795789
2015-03-26T16:19:47.700000,9.7427195933206
2015-03-26T16:19:47.800000,9.742278884959587
2015-03-26T16:19:47.900000,9.754756231576929
2015-03-26T16:19:48.000000,9.750973331983696
2015-03-26T16:19:48.100000,9.751587473672677
2015-03-26T16:19:48.200000,9.75447143746933
2015-03-26T16:19:48.300000,9.748012959635648
2015-03-26T16:19:48.400000,9.718958527726986
2015-03-26T16:19:48.500000,9.723236932184124
2015-03-26T16:19:48.600000,9.73537585730676
2015-03-26T16:19:48.700000,9.734669429681846
2015-03-26T16:19:48.800000,9.734543330953707
2015-03-26T16:19:48.900000,9.732524676156752
2015-03-26T16:19:49.000000,9.735451950040783
2015-03-26T16:19:49.100000,9.732378646191584
2015-03-26T16:19:49.200000,9.736002003958772
2015-03-26T16:19:49.300000,9.745677810553154
2015-03-26T16:19:49.400000,9.744312170027404
2015-03-26T16:19:49.500000,9.746249669162724
2015-03-26T16:19:49.600000,9.75884090545568
2015-03-26T16:19:49.700000,9.746218340976723
2015-03-26T16:19:49.800000,9.74432708388963
2015-03-26T16:19:49.900000,9.752808224570597
2015-03-26T16:19:50.000000,9.750396556907102
2015-03-26T16:19:50.100000,9.752099079054007
2015-03-26T16:19:50.200000,9.768399481037418
2015-03-26T16:19:50.300000,9.77106094861807
2015-03-26T16:19:50.400000,9.759490368515117
2015-03-26T16:19:50.500000,9.742439891243306
2015-03-26T16:19:50.600000,9.764686310202794
2015-03-26T16:19:50.700000,9.767860440097351
2015-03-26T16:19:50.800000,9.733241264558515
2015-03-26T16:19:50.900000,9.741603544612344
2015-03-26T16:19:51.000000,9.738999197667804
2015-03-26T16:19:51.100000,9.725091758875395
2015-03-26T16:19:51.200000,9.743121867737155
2015-03-26T16:19:51.300000,9.7328331599337
2015-03-26T16:19:51.400000,9.71734159544904
2015-03-26T16:19:51.500000,9.70939685305736
2015-03-26T16:19:51.600000,9.702293561174786
2015-03-26T16:19:51.700000,9.7155743894014
2015-03-26T16:19:51.800000,9.713177239748935
2015-03-26T16:19:51.900000,9.726140012585391
2015-03-26T16:19:52.000000,9.732831745525957
2015-03-26T16:19:52.100000,9.71892227651085
2015-03-26T16:19:52.200000,9.71120369221492
2015-03-26T16:19:52.300000,9.720297440446156
2015-03-26T16:19:52.400000,9.742631024015688
2015-03-26T16:19:52.500000,9.727742944695995
2015-03-26T16:19:52.600000,9.730430657899117
2015-03-26T16:19:52.700000,9.729350478977665
2015-03-26T16:19:52.800000,9.71542068123753
2015-03-26T16:19:52.900000,9.729733250055958
2015-03-26T16:19:53.000000,9.754811835251918
2015-03-26T16:19:53.100000,9.724274787730648
2015-03-26T16:19:53.200000,9.71345681234741
2015-03-26T16:19:53.300000,9.741950743733762
2015-03-26T16:19:53.400000,9.753308806624732
2015-03-26T16:19:53.500000,9.747306300792358
2015-03-26T16:19:53.600000,9.733620178087564
2015-03-26T16:19:53.700000,9.756661791054098
2015-03-26T16:19:53.800000,9.783635863982624
2015-03-26T16:19:53.900000,9.767096950487804
2015-03-26T16:19:54.000000,9.766218058979875
2015-03-26T16:19:54.100000,9.76766928109662
2015-03-26T16:19:54.200000,9.770321635357288
2015-03-26T16:19:54.300000,9.77205434820323
2015-03-26T16:19:54.400000,9.76963764530808
2015-03-26T16:19:54.500000,9.7738583462037
2015-03-26T16:19:54.600000,9.778006961395873
2015-03-26T16:19:54.700000,9.770584993063537
2015-03-26T16:19:54.800000,9.763001813360225
2015-03-26T16:19:54.900000,9.748683254577474
2015-03-26T16:19:55.000000,9.75087674471678
2015-03-26T16:19:55.100000,9.767177799778713
2015-03-26T16:19:55.200000,9.774066995727868
2015-03-26T16:19:55.300000,9.775926128217204
2015-03-26T16:19:55.400000,9.778810674660768
2015-03-26T16:19:55.500000,9.7588307441233
2015-03-26T16:19:55.600000,9.746081416855676
2015-03-26T16:19:55.700000,9.765901137541332
2015-03-26T16:19:55.800000,9.783572479079602
2015-03-26T16:19:55.900000,9.757632521314818
2015-03-26T16:19:56.000000,9.723118668225467
2015-03-26T16:19:56.100000,9.73640759840576
2015-03-26T16:19:56.200000,9.739338054889236
2015-03-26T16:19:56.300000,9.736443674996648
2015-03-26T16:19:56.400000,9.726579610209855
2015-03-26T16:19:56.500000,9.722706501675193
2015-03-26T16:19:56.600000,9.72586053366591
2015-03-26T16:19:56.700000,9.717202756916931
2015-03-26T16:19:56.800000,9.70672361788334
2015-03-26T16:19:56.900000,9.724686508314816
2015-03-26T16:19:57.000000,9.732074864382271
2015-03-26T16:19:57.100000,9.722655509475588
2015-03-26T16:19:57.200000,9.730047694673653
2015-03-26T16:19:57.300000,9.752903313739688
2015-03-26T16:19:57.400000,9.740207489046638
2015-03-26T16:19:57.500000,9.732402308044096
2015-03-26T16:19:57.600000,9.739355240715508
2015-03-26T16:19:57.700000,9.724615397351956
2015-03-26T16:19:57.800000,9.727892643891744
2015-03-26T16:19:57.900000,9.748201186112828
2015-03-26T16:19:58.000000,9.7371757969851
2015-03-26T16:19:58.100000,9.735618123005173
2015-03-26T16:19:58.200000,9.749972709073717
2015-03-26T16:19:58.300000,9.74010357756632
2015-03-26T16:19:58.400000,9.73435419384227
2015-03-26T16:19:58.500000,9.763482315993716
2015-03-26T16:19:58.600000,9.756608157507216
2015-03-26T16:19:58.700000,9.731362826769836
2015-03-26T16:19:58.800000,9.737131773483643
2015-03-26T16:19:58.900000,9.744811304807554
2015-03-26T16:19:59.000000,9.73466332186735
2015-03-26T16:19:59.100000,9.735679007024752
2015-03-26T16:19:59.200000,9.758735910027346
2015-03-26T16:19:59.300000,9.774924247507652
2015-03-26T16:19:59.400000,9.75725434995077
2015-03-26T16:19:59.500000,9.754007828162829
2015-03-26T16:19:59.600000,9.76301615337428
2015-03-26T16:19:59.700000,9.773331373117356
2015-03-26T16:19:59.800000,9.765241018085993
2015-03-26T16:19:59.900000,9.759199850986828
2015-03-26T16:20:00.000000,9.758393279482512
2015-03-26T16:20:00.100000,9.761167901920288
2015-03-26T16:20:00.200000,9.76914872847348
2015-03-26T16:20:00.300000,9.77059643898887
2015-03-26T16:20:00.400000,9.745334755128043
2015-03-26T16:20:00.500000,9.733105389228582
2015-03-26T16:20:00.600000,9.727148217150813
2015-03-26T16:20:00.700000,9.71886473962386
2015-03-26T16:20:00.800000,9.74317011194998
2015-03-26T16:20:00.900000,9.739419167731755
2015-03-26T16:20:01.000000,9.72715626917925
2015-03-26T16:20:01.100000,9.728113650445382
2015-03-26T16:20:01.200000,9.718431918637291
2015-03-26T16:20:01.300000,9.719035914322712
2015-03-26T16:20:01.400000,9.71653048241944
2015-03-26T16:20:01.500000,9.695613115201054
2015-03-26T16:20:01.600000,9.718605289269895
2015-03-26T16:20:01.700000,9.727860524444786
2015-03-26T16:20:01.800000,9.71984689329368
2015-03-26T16:20:01.900000,9.704201462827152
2015-03-26T16:20:02.000000,9.707036876907308
2015-03-26T16:20:02.100000,9.706006436065644
2015-03-26T16:20:02.200000,9.717182009607471
2015-03-26T16:20:02.300000,9.729177550827762
2015-03-26T16:20:02.400000,9.731775810963804
2015-03-26T16:20:02.500000,9.731355845161726
2015-03-26T16:20:02.600000,9.73091808046954
2015-03-26T16:20:02.700000,9.72101507519308
2015-03-26T16:20:02.800000,9.705841567665006
2015-03-26T16:20:02.900000,9.722780555681965
2015-03-26T16:20:03.000000,9.730710732515217
2015-03-26T16:20:03.100000,9.757958081384755
2015-03-26T16:20:03.200000,9.765804551698618
2015-03-26T16:20:03.300000,9.751577199497024
2015-03-26T16:20:03.400000,9.769049226395328
2015-03-26T16:20:03.500000,9.759996772996825
2015-03-26T16:20:03.600000,9.770640098278568
2015-03-26T16:20:03.700000,9.782810939607684
2015-03-26T16:20:03.800000,9.775638419113394
2015-03-26T16:20:03.900000,9.757811987114952
2015-03-26T16:20:04.000000,9.749715659244666
2015-03-26T16:20:04.100000,9.773359667306991
2015-03-26T16:20:04.200000,9.7785974687512
2015-03-26T16:20:04.300000,9.776323812180872
2015-03-26T16:20:04.400000,9.76559577732005
2015-03-26T16:20:04.500000,9.780393084144263
2015-03-26T16:20:04.600000,9.784049327396298
2015-03-26T16:20:04.700000,9.762403193527376
2015-03-26T16:20:04.800000,9.780320073422793
2015-03-26T16:20:04.900000,9.79483349923101
2015-03-26T16:20:05.000000,9.802972099927048
2015-03-26T16:20:05.100000,9.797442981603252
2015-03-26T16:20:05.200000,9.78034728296344
2015-03-26T16:20:05.300000,9.774034748867432
2015-03-26T16:20:05.400000,9.7713053150616
2015-03-26T16:20:05.500000,9.762597873871329
2015-03-26T16:20:05.600000,9.758135529607918
2015-03-26T16:20:05.700000,9.764949355400068
2015-03-26T16:20:05.800000,9.750304772467278
2015-03-26T16:20:05.900000,9.753546630321743
2015-03-26T16:20:06.000000,9.732940790142864
2015-03-26T16:20:06.100000,9.7269629066774
2015-03-26T16:20:06.200000,9.754242026144054
2015-03-26T16:20:06.300000,9.73852278605358
2015-03-26T16:20:06.400000,9.73945511846671
2015-03-26T16:20:06.500000,9.732436163506303
2015-03-26T16:20:06.600000,9.726792936962385
2015-03-26T16:20:06.700000,9.751582598000278
2015-03-26T16:20:06.800000,9.741673162246748
2015-03-26T16:20:06.900000,9.726714532683491
2015-03-26T16:20:07.000000,9.713074972586815
2015-03-26T16:20:07.100000,9.70066304978091
2015-03-26T16:20:07.200000,9.7082958577678
2015-03-26T16:20:07.300000,9.71035742516151
2015-03-26T16:20:07.400000,9.699762971937457
2015-03-26T16:20:07.500000,9.70658390748569
2015-03-26T16:20:07.600000,9.713637985707882
2015-03-26T16:20:07.700000,9.708759079429024
2015-03-26T16:20:07.800000,9.730738995971397
2015-03-26T16:20:07.900000,9.70865223044944
2015-03-26T16:20:08.000000,9.685449921554296
2015-03-26T16:20:08.100000,9.699462394838832
2015-03-26T16:20:08.200000,9.725901757208293
2015-03-26T16:20:08.300000,9.735626108220544
2015-03-26T16:20:08.400000,9.743533867568136
2015-03-26T16:20:08.500000,9.74628927830379
2015-03-26T16:20:08.600000,9.739378213687456
2015-03-26T16:20:08.700000,9.739280779534752
2015-03-26T16:20:08.800000,9.738183828499984
2015-03-26T16:20:08.900000,9.74874661253232
2015-03-26T16:20:09.000000,9.75753135359183
2015-03-26T16:20:09.100000,9.76525868749296
2015-03-26T16:20:09.200000,9.768428803742443
2015-03-26T16:20:09.300000,9.764218391088509
2015-03-26T16:20:09.400000,9.759583684786303
2015-03-26T16:20:09.500000,9.755240416210391
2015-03-26T16:20:09.600000,9.77246340448479
2015-03-26T16:20:09.700000,9.77213521008204
2015-03-26T16:20:09.800000,9.776488432457269
2015-03-26T16:20:09.900000,9.781291016484474
2015-03-26T16:20:10.000000,9.77283766621964
2015-03-26T16:20:10.100000,9.775015725385645
2015-03-26T16:20:10.200000,9.788428970615088
2015-03-26T16:20:10.300000,9.783206152778412
2015-03-26T16:20:10.400000,9.778700184336447
2015-03-26T16:20:10.500000,9.792144764561607
2015-03-26T16:20:10.600000,9.796112626630649
2015-03-26T16:20:10.700000,9.784330767336971
2015-03-26T16:20:10.800000,9.781708516553175
2015-03-26T16:20:10.900000,9.786930272126543
2015-03-26T16:20:11.000000,9.773696158660556
2015-03-26T16:20:11.100000,9.75376919933132
2015-03-26T16:20:11.200000,9.735390739191375
2015-03-26T16:20:11.300000,9.742904980380716
2015-03-26T16:20:11.400000,9.743135008674912
2015-03-26T16:20:11.500000,9.739048886500107
2015-03-26T16:20:11.600000,9.7431963012598
2015-03-26T16:20:11.700000,9.725281084249865
2015-03-26T16:20:11.800000,9.74856388927482
2015-03-26T16:20:11.900000,9.771935786424008
2015-03-26T16:20:12.000000,9.752444279673144
2015-03-26T16:20:12.100000,9.737111252384045
2015-03-26T16:20:12.200000,9.715291659918796
2015-03-26T16:20:12.300000,9.717165241698524
2015-03-26T16:20:12.400000,9.72183015544724
2015-03-26T16:20:12.500000,9.712612849165025
2015-03-26T16:20:12.600000,9.701535655875098
2015-03-26T16:20:12.700000,9.694832341875005
2015-03-26T16:20:12.800000,9.700370022432518
2015-03-26T16:20:12.900000,9.694407406881416
2015-03-26T16:20:13.000000,9.717720385466771
2015-03-26T16:20:13.100000,9.720706723744772
2015-03-26T16:20:13.200000,9.713700457912632
2015-03-26T16:20:13.300000,9.714105886208207
2015-03-26T16:20:13.400000,9.72845377523923
2015-03-26T16:20:13.500000,9.732141345715933
2015-03-26T16:20:13.600000,9.742401733626878
2015-03-26T16:20:13.700000,9.733638353217737
2015-03-26T16:20:13.800000,9.7090297063647
2015-03-26T16:20:13.900000,9.719688133352909
2015-03-26T16:20:14.000000,9.74315239625644
2015-03-26T16:20:14.100000,9.743209578735382
2015-03-26T16:20:14.200000,9.747672727121731
2015-03-26T16:20:14.300000,9.756316398759454
2015-03-26T16:20:14.400000,9.752601450349864
2015-03-26T16:20:14.500000,9.741206651576816
2015-03-26T16:20:14.600000,9.758613145493676
2015-03-26T16:20:14.700000,9.773563793949585
2015-03-26T16:20:14.800000,9.765457751100667
2015-03-26T16:20:14.900000,9.768001829121426
2015-03-26T16:20:15.000000,9.776275177598796
2015-03-26T16:20:15.100000,9.772982287884906
2015-03-26T16:20:15.200000,9.7599131054438
2015-03-26T16:20:15.300000,9.763774007357172
2015-03-26T16:20:15.400000,9.777654649851897
2015-03-26T16:20:15.500000,9.778652335717831
2015-03-26T16:20:15.600000,9.782294651437187
2015-03-26T16:20:15.700000,9.782255904366586
2015-03-26T16:20:15.800000,9.766639157977105
2015-03-26T16:20:15.900000,9.763115519703138
2015-03-26T16:20:16.000000,9.780462413228213
2015-03-26T16:20:16.100000,9.777295031821325
2015-03-26T16:20:16.200000,9.77690741079551
2015-03-26T16:20:16.300000,9.75973988581034
2015-03-26T16:20:16.400000,9.740518205744618
2015-03-26T16:20:16.500000,9.753700121521032
2015-03-26T16:20:16.600000,9.772310544331464
2015-03-26T16:20:16.700000,9.784962897816293
2015-03-26T16:20:16.800000,9.772739666992754
2015-03-26T16:20:16.900000,9.730357834848604
2015-03-26T16:20:17.000000,9.7345216443167
2015-03-26T16:20:17.100000,9.770117015640514
2015-03-26T16:20:17.200000,9.761039057003162
2015-03-26T16:20:17.300000,9.741235184734723
2015-03-26T16:20:17.400000,9.741351338534288
2015-03-26T16:20:17.500000,9.738852596988949
2015-03-26T16:20:17.600000,9.750686353758836
2015-03-26T16:20:17.700000,9.74618377119849
2015-03-26T16:20:17.800000,9.748169203817127
2015-03-26T16:20:17.900000,9.759744495678603
2015-03-26T16:20:18.000000,9.7390546508956
2015-03-26T16:20:18.100000,9.712419182431868
2015-03-26T16:20:18.200000,9.727195707094506
2015-03-26T16:20:18.300000,9.712272873448825
2015-03-26T16:20:18.400000,9.712549151634349
2015-03-26T16:20:18.500000,9.723929560528568
2015-03-26T16:20:18.600000,9.72394573403602
2015-03-26T16:20:18.700000,9.72863011594036
2015-03-26T16:20:18.800000,9.70525253612
2015-03-26T16:20:18.900000,9.720878968478974
2015-03-26T16:20:19.000000,9.751973123233435
2015-03-26T16:20:19.100000,9.75020747798357
2015-03-26T16:20:19.200000,9.76179166968077
2015-03-26T16:20:19.300000,9.749829934025133
2015-03-26T16:20:19.400000,9.744538374212745
2015-03-26T16:20:19.500000,9.749456471195996
2015-03-26T16:20:19.600000,9.754018430027946
2015-03-26T16:20:19.700000,9.745542507339252
2015-03-26T16:20:19.800000,9.7243144735228
2015-03-26T16:20:19.900000,9.728368494734486
2015-03-26T16:20:20.000000,9.755818524155504
2015-03-26T16:20:20.100000,9.748700291747095
2015-03-26T16:20:20.200000,9.76003626515124
2015-03-26T16:20:20.300000,9.775361172549577
2015-03-26T16:20:20.400000,9.750681019488042
2015-03-26T16:20:20.500000,9.764680883622344
2015-03-26T16:20:20.600000,9.77747508549445
2015-03-26T16:20:20.700000,9.768599856455358
2015-03-26T16:20:20.800000,9.763302279160708
2015-03-26T16:20:20.900000,9.767653694021163
2015-03-26T16:20:21.000000,9.775241841842774
2015-03-26T16:20:21.100000,9.780097035818605
2015-03-26T16:20:21.200000,9.759158812268836
2015-03-26T16:20:21.300000,9.751111613331949
2015-03-26T16:20:21.400000,9.74777125041076
2015-03-26T16:20:21.500000,9.76291669630126
2015-03-26T16:20:21.600000,9.760634665823732
2015-03-26T16:20:21.700000,9.739655855973416
2015-03-26T16:20:21.800000,9.751012483410522
2015-03-26T16:20:21.900000,9.73447741930076
2015-03-26T16:20:22.000000,9.715830389789078
2015-03-26T16:20:22.100000,9.76129978845021
2015-03-26T16:20:22.200000,9.747342427679824
2015-03-26T16:20:22.300000,9.727341907999124
2015-03-26T16:20:22.400000,9.743493528866384
2015-03-26T16:20:22.500000,9.748259796860344
2015-03-26T16:20:22.600000,9.747569270241804
2015-03-26T16:20:22.700000,9.719472077475569
2015-03-26T16:20:22.800000,9.72460177833028
2015-03-26T16:20:22.900000,9.733402447796385
2015-03-26T16:20:23.000000,9.730231708820185
2015-03-26T16:20:23.100000,9.725859133124414
2015-03-26T16:20:23.200000,9.731018582114269
2015-03-26T16:20:23.300000,9.727991848886257
2015-03-26T16:20:23.400000,9.708933856082782
2015-03-26T16:20:23.500000,9.725414699086157
2015-03-26T16:20:23.600000,9.735150066369789
2015-03-26T16:20:23.700000,9.729002906754031
2015-03-26T16:20:23.800000,9.727950003061965
2015-03-26T16:20:23.900000,9.728042406027852
2015-03-26T16:20:24.000000,9.741744288376054
2015-03-26T16:20:24.100000,9.73270270332119
2015-03-26T16:20:24.200000,9.735349434914603
2015-03-26T16:20:24.300000,9.772772313942848
2015-03-26T16:20:24.400000,9.765532780135604
2015-03-26T16:20:24.500000,9.760889083767433
2015-03-26T16:20:24.600000,9.770236033283648
2015-03-26T16:20:24.700000,9.755622007689752
2015-03-26T16:20:24.800000,9.763454575975077
2015-03-26T16:20:24.900000,9.749945845420736
2015-03-26T16:20:25.000000,9.741612909331778
2015-03-26T16:20:25.100000,9.751832639701217
2015-03-26T16:20:25.200000,9.740541814842778
2015-03-26T16:20:25.300000,9.735454765088411
2015-03-26T16:20:25.400000,9.74611737720038
2015-03-26T16:20:25.500000,9.764055388811368
2015-03-26T16:20:25.600000,9.761341906828449
2015-03-26T16:20:25.700000,9.741098269944562
2015-03-26T16:20:25.800000,9.757155170309074
2015-03-26T16:20:25.900000,9.761680925355622
2015-03-26T16:20:26.000000,9.75361592349207
2015-03-26T16:20:26.100000,9.772614801238856
2015-03-26T16:20:26.200000,9.780037211299568
2015-03-26T16:20:26.300000,9.77336851415163
2015-03-26T16:20:26.400000,9.767980594971243
2015-03-26T16:20:26.500000,9.748600708821474
2015-03-26T16:20:26.600000,9.753688051173016
2015-03-26T16:20:26.700000,9.769004607532295
2015-03-26T16:20:26.800000,9.748812228475856
2015-03-26T16:20:26.900000,9.745427095217163
2015-03-26T16:20:27.000000,9.750120414471109
2015-03-26T16:20:27.100000,9.74573900235438
2015-03-26T16:20:27.200000,9.75609792796346
2015-03-26T16:20:27.300000,9.744683017891646
2015-03-26T16:20:27.400000,9.737344433954853
2015-03-26T16:20:27.500000,9.742581891858194
2015-03-26T16:20:27.600000,9.757853582240529
2015-03-26T16:20:27.700000,9.734924501507972
2015-03-26T16:20:27.800000,9.747172404625529
2015-03-26T16:20:27.900000,9.755855283932211
2015-03-26T16:20:28.000000,9.743801872914457
2015-03-26T16:20:28.100000,9.72577670310374
2015-03-26T16:20:28.200000,9.721705915403527
2015-03-26T16:20:28.300000,9.723121648905202
2015-03-26T16:20:28.400000,9.718554397980144
2015-03-26T16:20:28.500000,9.73253098128279
2015-03-26T16:20:28.600000,9.747670898488192
2015-03-26T16:20:28.700000,9.737934233494896
2015-03-26T16:20:28.800000,9.73382450324903
2015-03-26T16:20:28.900000,9.72485551073483
2015-03-26T16:20:29.000000,9.721189865889826
2015-03-26T16:20:29.100000,9.72425459088226
2015-03-26T16:20:29.200000,9.728115395347436
2015-03-26T16:20:29.300000,9.73452028171594
2015-03-26T16:20:29.400000,9.743435620083156
2015-03-26T16:20:29.500000,9.727388742355556
2015-03-26T16:20:29.600000,9.708136389389756
2015-03-26T16:20:29.700000,9.70183740008036
2015-03-26T16:20:29.800000,9.71336269446399
2015-03-26T16:20:29.900000,9.71422907401347
2015-03-26T16:20:30.000000,9.715277056462632
2015-03-26T16:20:30.100000,9.723585016982376
2015-03-26T16:20:30.200000,9.758264561696365
2015-03-26T16:20:30.300000,9.752245679378955
2015-03-26T16:20:30.400000,9.729960509190274
2015-03-26T16:20:30.500000,9.75183881803
2015-03-26T16:20:30.600000,9.76224650530316
2015-03-26T16:20:30.700000,9.751653475030055
2015-03-26T16:20:30.800000,9.75537212554263
2015-03-26T16:20:30.900000,9.754567686311193
2015-03-26T16:20:31.000000,9.76280381252892
2015-03-26T16:20:31.100000,9.756568981429911
2015-03-26T16:20:31.200000,9.72759636132929
2015-03-26T16:20:31.300000,9.74139975024462
2015-03-26T16:20:31.400000,9.731264703438692
2015-03-26T16:20:31.500000,9.744279466167011
2015-03-26T16:20:31.600000,9.782231539308462
2015-03-26T16:20:31.700000,9.776473631286244
2015-03-26T16:20:31.800000,9.746341617633792
2015-03-26T16:20:31.900000,9.722819950113855
2015-03-26T16:20:32.000000,9.73077774298362
2015-03-26T16:20:32.100000,9.743657005549952
2015-03-26T16:20:32.200000,9.74600126549172
2015-03-26T16:20:32.300000,9.752467690686952
2015-03-26T16:20:32.400000,9.743140335837708
2015-03-26T16:20:32.500000,9.74379647887247
2015-03-26T16:20:32.600000,9.735635303685076
2015-03-26T16:20:32.700000,9.757189058078891
2015-03-26T16:20:32.800000,9.771598508434836
2015-03-26T16:20:32.900000,9.744336205583204
2015-03-26T16:20:33.000000,9.742461661301816
2015-03-26T16:20:33.100000,9.747607096221646
2015-03-26T16:20:33.200000,9.748526438527572
2015-03-26T16:20:33.300000,9.731057186545437
2015-03-26T16:20:33.400000,9.742027503307275
2015-03-26T16:20:33.500000,9.732476865875434
2015-03-26T16:20:33.600000,9.733683974834817
2015-03-26T16:20:33.700000,9.75255061855986
2015-03-26T16:20:33.800000,9.753092297181084
2015-03-26T16:20:33.900000,9.747950580382042
2015-03-26T16:20:34.000000,9.746450293718215
2015-03-26T16:20:34.100000,9.733300464226224
2015-03-26T16:20:34.200000,9.722241886765987
2015-03-26T16:20:34.300000,9.724798058885929
2015-03-26T16:20:34.400000,9.760892535862716
2015-03-26T16:20:34.500000,9.757034938790191
2015-03-26T16:20:34.600000,9.732104892092028
2015-03-26T16:20:34.700000,9.722851953750483
2015-03-26T16:20:34.800000,9.720810860195655
2015-03-26T16:20:34.900000,9.765762691630494
2015-03-26T16:20:35.000000,9.755460173993129
2015-03-26T16:20:35.100000,9.748059262720346
2015-03-26T16:20:35.200000,9.748939561137767
2015-03-26T16:20:35.300000,9.729692360508077
2015-03-26T16:20:35.400000,9.726818142305534
2015-03-26T16:20:35.500000,9.74785269960392
2015-03-26T16:20:35.600000,9.758767717839566
2015-03-26T16:20:35.700000,9.743940508265458
2015-03-26T16:20:35.800000,9.75316924086608
2015-03-26T16:20:35.900000,9.737788797024464
2015-03-26T16:20:36.000000,9.74587218670518
2015-03-26T16:20:36.100000,9.75018958674432
2015-03-26T16:20:36.200000,9.762458079054596
2015-03-26T16:20:36.300000,9.771565330153829
2015-03-26T16:20:36.400000,9.76700412087769
2015-03-26T16:20:36.500000,9.759339382991948
2015-03-26T16:20:36.600000,9.76141462647556
2015-03-26T16:20:36.700000,9.784734489031434
2015-03-26T16:20:36.800000,9.784157011931171
2015-03-26T16:20:36.900000,9.755869183272935
2015-03-26T16:20:37.000000,9.771771159873076
2015-03-26T16:20:37.100000,9.765986225533386
2015-03-26T16:20:37.200000,9.763577096015636
2015-03-26T16:20:37.300000,9.770114610083484
2015-03-26T16:20:37.400000,9.768591992473024
2015-03-26T16:20:37.500000,9.757881401624772
2015-03-26T16:20:37.600000,9.747373179382208
2015-03-26T16:20:37.700000,9.777628938963806
2015-03-26T16:20:37.800000,9.747555296720854
2015-03-26T16:20:37.900000,9.739041340270274
2015-03-26T16:20:38.000000,9.750247336682888
2015-03-26T16:20:38.100000,9.731804162875942
2015-03-26T16:20:38.200000,9.73211842436106
2015-03-26T16:20:38.300000,9.733368185583242
2015-03-26T16:20:38.400000,9.732611799094212
2015-03-26T16:20:38.500000,9.74332986611327
2015-03-26T16:20:38.600000,9.745102003508634
2015-03-26T16:20:38.700000,9.749071591109209
2015-03-26T16:20:38.800000,9.753249721761067
2015-03-26T16:20:38.900000,9.730019020486878
2015-03-26T16:20:39.000000,9.704262771373896
2015-03-26T16:20:39.100000,9.70689987692527
2015-03-26T16:20:39.200000,9.71964835987413
2015-03-26T16:20:39.300000,9.724089807045688
2015-03-26T16:20:39.400000,9.719457632741292
2015-03-26T16:20:39.500000,9.729748436628912
2015-03-26T16:20:39.600000,9.720833690224254
2015-03-26T16:20:39.700000,9.742653343333355
2015-03-26T16:20:39.800000,9.735294183240995
2015-03-26T16:20:39.900000,9.726985919126616
2015-03-26T16:20:40.000000,9.73303098675664
2015-03-26T16:20:40.100000,9.744334520739027
2015-03-26T16:20:40.200000,9.72864792998234
2015-03-26T16:20:40.300000,9.712481027304708
2015-03-26T16:20:40.400000,9.750131192202058
2015-03-26T16:20:40.500000,9.77034954635949
2015-03-26T16:20:40.600000,9.751217797333208
2015-03-26T16:20:40.700000,9.742397821951268
2015-03-26T16:20:40.800000,9.755770960423185
2015-03-26T16:20:40.900000,9.742717958834351
2015-03-26T16:20:41.000000,9.753427329990949
2015-03-26T16:20:41.100000,9.780493783499448
2015-03-26T16:20:41.200000,9.759487006370744
2015-03-26T16:20:41.300000,9.75031271688472
2015-03-26T16:20:41.400000,9.775131799282988
2015-03-26T16:20:41.500000,9.784337213114206
2015-03-26T16:20:41.600000,9.786304636286689
2015-03-26T16:20:41.700000,9.774712558340845
2015-03-26T16:20:41.800000,9.76495059150574
2015-03-26T16:20:41.900000,9.775035912249702
2015-03-26T16:20:42.000000,9.781817423831216
2015-03-26T16:20:42.100000,9.789745850690064
2015-03-26T16:20:42.200000,9.7787890668429
2015-03-26T16:20:42.300000,9.763781168727256
2015-03-26T16:20:42.400000,9.773392743007625
2015-03-26T16:20:42.500000,9.780328407124651
2015-03-26T16:20:42.600000,9.764811902041554
2015-03-26T16:20:42.700000,9.748376565605156
2015-03-26T16:20:42.800000,9.737871817659196
2015-03-26T16:20:42.900000,9.732167960832056
2015-03-26T16:20:43.000000,9.74251896737192
2015-03-26T16:20:43.100000,9.743370048954166
2015-03-26T16:20:43.200000,9.742854453923892
2015-03-26T16:20:43.300000,9.742995283157873
2015-03-26T16:20:43.400000,9.759507253414109
2015-03-26T16:20:43.500000,9.761481897051071
2015-03-26T16:20:43.600000,9.73219568169659
2015-03-26T16:20:43.700000,9.730682079461763
2015-03-26T16:20:43.800000,9.726458561420856
2015-03-26T16:20:43.900000,9.719558947679609
2015-03-26T16:20:44.000000,9.7221255367015
2015-03-26T16:20:44.100000,9.70025133348013
2015-03-26T16:20:44.200000,9.711699138763889
2015-03-26T16:20:44.300000,9.7200709691376
2015-03-26T16:20:44.400000,9.715020787991843
2015-03-26T16:20:44.500000,9.72371603433715
2015-03-26T16:20:44.600000,9.709258642378202
2015-03-26T16:20:44.700000,9.705631703145734
2015-03-26T16:20:44.800000,9.699954576369985
2015-03-26T16:20:44.900000,9.6939293756537
2015-03-26T16:20:45.000000,9.695130449153345
2015-03-26T16:20:45.100000,9.720484355769942
2015-03-26T16:20:45.200000,9.719682349120673
2015-03-26T16:20:45.300000,9.70334232740186
2015-03-26T16:20:45.400000,9.732785326066065
2015-03-26T16:20:45.500000,9.751028895389318
2015-03-26T16:20:45.600000,9.764833009387363
2015-03-26T16:20:45.700000,9.761031154173535
2015-03-26T16:20:45.800000,9.74862644040444
2015-03-26T16:20:45.900000,9.743132805093769
2015-03-26T16:20:46.000000,9.748815031385414
2015-03-26T16:20:46.100000,9.75214125851145
2015-03-26T16:20:46.200000,9.739499230541425
2015-03-26T16:20:46.300000,9.738402581170266
2015-03-26T16:20:46.400000,9.753195010857434
2015-03-26T16:20:46.500000,9.761471370347415
2015-03-26T16:20:46.600000,9.762075413359236
2015-03-26T16:20:46.700000,9.749176151099212
2015-03-26T16:20:46.800000,9.74422589476208
2015-03-26T16:20:46.900000,9.75748653898437
2015-03-26T16:20:47.000000,9.763874410221463
2015-03-26T16:20:47.100000,9.758043994618482
2015-03-26T16:20:47.200000,9.752444560694418
2015-03-26T16:20:47.300000,9.764092172372289
2015-03-26T16:20:47.400000,9.771447350651124
2015-03-26T16:20:47.500000,9.77010857338941
2015-03-26T16:20:47.600000,9.799543735609848
2015-03-26T16:20:47.700000,9.791602406177262
2015-03-26T16:20:47.800000,9.754079814095968
2015-03-26T16:20:47.900000,9.748267648525305
2015-03-26T16:20:48.000000,9.781343629281489
2015-03-26T16:20:48.100000,9.764107645070055
2015-03-26T16:20:48.200000,9.73928712534232
2015-03-26T16:20:48.300000,9.752364008360614
2015-03-26T16:20:48.400000,9.75324941256218
2015-03-26T16:20:48.500000,9.750517101387594
2015-03-26T16:20:48.600000,9.738867675455229
2015-03-26T16:20:48.700000,9.74913265787308
2015-03-26T16:20:48.800000,9.756390196643682
2015-03-26T16:20:48.900000,9.737829238891493
2015-03-26T16:20:49.000000,9.763585470281091
2015-03-26T16:20:49.100000,9.753280529761122
2015-03-26T16:20:49.200000,9.71277956234723
2015-03-26T16:20:49.300000,9.702437703848291
2015-03-26T16:20:49.400000,9.719048972144977
2015-03-26T16:20:49.500000,9.713345883859272
2015-03-26T16:20:49.600000,9.716398964549722
2015-03-26T16:20:49.700000,9.7125460903395
2015-03-26T16:20:49.800000,9.718052110658055
2015-03-26T16:20:49.900000,9.719483007960452
2015-03-26T16:20:50.000000,9.713848304292746
2015-03-26T16:20:50.100000,9.700648574195588
2015-03-26T16:20:50.200000,9.711827138688571
2015-03-26T16:20:50.300000,9.739442515759109
2015-03-26T16:20:50.400000,9.744895694532463
2015-03-26T16:20:50.500000,9.746869990268529
2015-03-26T16:20:50.600000,9.738263304165464
2015-03-26T16:20:50.700000,9.71874996666224
2015-03-26T16:20:50.800000,9.692493457182078
2015-03-26T16:20:50.900000,9.716811158749168
2015-03-26T16:20:51.000000,9.741133284505096
2015-03-26T16:20:51.100000,9.737473102052714
2015-03-26T16:20:51.200000,9.729569536578934
2015-03-26T16:20:51.300000,9.73749236095797
2015-03-26T16:20:51.400000,9.735205514555638
2015-03-26T16:20:51.500000,9.7505279491887
2015-03-26T16:20:51.600000,9.765886415121884
2015-03-26T16:20:51.700000,9.754566513787616
2015-03-26T16:20:51.800000,9.743172591405628
2015-03-26T16:20:51.900000,9.750637672385684
2015-03-26T16:20:52.000000,9.765514837771963
2015-03-26T16:20:52.100000,9.76486390135994
2015-03-26T16:20:52.200000,9.778933242419376
2015-03-26T16:20:52.300000,9.766422988313202
2015-03-26T16:20:52.400000,9.756425736621887
2015-03-26T16:20:52.500000,9.778269084475095
2015-03-26T16:20:52.600000,9.759404691319418
2015-03-26T16:20:52.700000,9.754934527373436
2015-03-26T16:20:52.800000,9.756109138129329
2015-03-26T16:20:52.900000,9.747018378520126
2015-03-26T16:20:53.000000,9.751516955053146
2015-03-26T16:20:53.100000,9.762546424599192
2015-03-26T16:20:53.200000,9.773241124063608
2015-03-26T16:20:53.300000,9.768576074847504
2015-03-26T16:20:53.400000,9.778450538034033
2015-03-26T16:20:53.500000,9.765432525113209
2015-03-26T16:20:53.600000,9.740268248604362
2015-03-26T16:20:53.700000,9.772345188705536
2015-03-26T16:20:53.800000,9.768482853602867
2015-03-26T16:20:53.900000,9.764784059797115
2015-03-26T16:20:54.000000,9.758888492359372
2015-03-26T16:20:54.100000,9.741115057473756
2015-03-26T16:20:54.200000,9.751412215825283
2015-03-26T16:20:54.300000,9.752101814563265
2015-03-26T16:20:54.400000,9.746069051325255
2015-03-26T16:20:54.500000,9.76324467309219
2015-03-26T16:20:54.600000,9.75828130352966
2015-03-26T16:20:54.700000,9.746270320310702
2015-03-26T16:20:54.800000,9.732770623072533
2015-03-26T16:20:54.900000,9.71602609622454
2015-03-26T16:20:55.000000,9.713630736401528
2015-03-26T16:20:55.100000,9.72962079764751
2015-03-26T16:20:55.200000,9.718221439299434
2015-03-26T16:20:55.300000,9.71514647536295
2015-03-26T16:20:55.400000,9.70505684329579
2015-03-26T16:20:55.500000,9.69686422912226
2015-03-26T16:20:55.600000,9.721066013431676
2015-03-26T16:20:55.700000,9.725859280464627
2015-03-26T16:20:55.800000,9.72169338676022
2015-03-26T16:20:55.900000,9.73242641781386
2015-03-26T16:20:56.000000,9.739032754894112
2015-03-26T16:20:56.100000,9.730435166403913
2015-03-26T16:20:56.200000,9.730708293082882
2015-03-26T16:20:56.300000,9.719015212463622
2015-03-26T16:20:56.400000,9.727231038603987
2015-03-26T16:20:56.500000,9.746264630302866
2015-03-26T16:20:56.600000,9.733411197335757
2015-03-26T16:20:56.700000,9.736556458877144
2015-03-26T16:20:56.800000,9.72273440000178
2015-03-26T16:20:56.900000,9.722213551837571
2015-03-26T16:20:57.000000,9.719408437745155
2015-03-26T16:20:57.100000,9.737342806779209
2015-03-26T16:20:57.200000,9.76454842115188
2015-03-26T16:20:57.300000,9.739498705099464
2015-03-26T16:20:57.400000,9.74362290137069
2015-03-26T16:20:57.500000,9.767024719937274
2015-03-26T16:20:57.600000,9.75263443164985
2015-03-26T16:20:57.700000,9.741796122806775
2015-03-26T16:20:57.800000,9.747797074368227
2015-03-26T16:20:57.900000,9.752131118766208
2015-03-26T16:20:58.000000,9.753480310432256
2015-03-26T16:20:58.100000,9.7586847023134
2015-03-26T16:20:58.200000,9.765585900390828
2015-03-26T16:20:58.300000,9.757340114960364
2015-03-26T16:20:58.400000,9.735568258520049
2015-03-26T16:20:58.500000,9.745108084080956
2015-03-26T16:20:58.600000,9.75505188298711
2015-03-26T16:20:58.700000,9.759114520885872
2015-03-26T16:20:58.800000,9.764878040266188
2015-03-26T16:20:58.900000,9.74892909190164
2015-03-26T16:20:59.000000,9.765589639302686
2015-03-26T16:20:59.100000,9.791639891160427
2015-03-26T16:20:59.200000,9.782656014019013
2015-03-26T16:20:59.300000,9.7557881747869
2015-03-26T16:20:59.400000,9.770624514104671
2015-03-26T16:20:59.500000,9.762701822991664
2015-03-26T16:20:59.600000,9.750450856107244
2015-03-26T16:20:59.700000,9.761828261001046
2015-03-26T16:20:59.800000,9.748802903021524
2015-03-26T16:20:59.900000,9.736532776650773
2015-03-26T16:21:00.000000,9.768620312880644
2015-03-26T16:21:00.100000,9.76924377251916
2015-03-26T16:21:00.200000,9.749509482820663
2015-03-26T16:21:00.300000,9.745462945284316
2015-03-26T16:21:00.400000,9.756164317132496
2015-03-26T16:21:00.500000,9.749502477645931
2015-03-26T16:21:00.600000,9.738673644623
2015-03-26T16:21:00.700000,9.725267321099906
2015-03-26T16:21:00.800000,9.713836045648508
2015-03-26T16:21:00.900000,9.72151031206996
2015-03-26T16:21:01.000000,9.752374444578637
2015-03-26T16:21:01.100000,9.745863915034496
2015-03-26T16:21:01.200000,9.74152595174466
2015-03-26T16:21:01.300000,9.723505735011456
2015-03-26T16:21:01.400000,9.705241235714563
2015-03-26T16:21:01.500000,9.728809138611291
2015-03-26T16:21:01.600000,9.73689127501417
2015-03-26T16:21:01.700000,9.73079341687358
2015-03-26T16:21:01.800000,9.699245620271377
2015-03-26T16:21:01.900000,9.691026017523232
2015-03-26T16:21:02.000000,9.695642162577096
2015-03-26T16:21:02.100000,9.72181683119093
2015-03-26T16:21:02.200000,9.755413190909827
2015-03-26T16:21:02.300000,9.71780152837474
2015-03-26T16:21:02.400000,9.71059035586826
2015-03-26T16:21:02.500000,9.73314427382569
2015-03-26T16:21:02.600000,9.7352486049812
2015-03-26T16:21:02.700000,9.731119590378844
2015-03-26T16:21:02.800000,9.734770070563606
2015-03-26T16:21:02.900000,9.74313945470647
2015-03-26T16:21:03.000000,9.729649102499392
2015-03-26T16:21:03.100000,9.72054762652012
2015-03-26T16:21:03.200000,9.722994401050238
2015-03-26T16:21:03.300000,9.762690905657974
2015-03-26T16:21:03.400000,9.77787877894559
2015-03-26T16:21:03.500000,9.761308862063702
2015-03-26T16:21:03.600000,9.762231605165528
2015-03-26T16:21:03.700000,9.752264045811591
2015-03-26T16:21:03.800000,9.748518169098912
2015-03-26T16:21:03.900000,9.76626364419292
2015-03-26T16:21:04.000000,9.757983418714806
2015-03-26T16:21:04.100000,9.78024525247365
2015-03-26T16:21:04.200000,9.777929863825692
2015-03-26T16:21:04.300000,9.769182503187244
2015-03-26T16:21:04.400000,9.78705086481005
2015-03-26T16:21:04.500000,9.766213624687866
2015-03-26T16:21:04.600000,9.7699714899056
2015-03-26T16:21:04.700000,9.78013903679066
2015-03-26T16:21:04.800000,9.754904293091109
2015-03-26T16:21:04.900000,9.766900578601772
2015-03-26T16:21:05.000000,9.778872296729048
2015-03-26T16:21:05.100000,9.766453466961009
2015-03-26T16:21:05.200000,9.765665704881645
2015-03-26T16:21:05.300000,9.765657541850103
2015-03-26T16:21:05.400000,9.754939340218131
2015-03-26T16:21:05.500000,9.763838394764251
2015-03-26T16:21:05.600000,9.760486399232263
2015-03-26T16:21:05.700000,9.737053404117496
2015-03-26T16:21:05.800000,9.733670680607212
2015-03-26T16:21:05.900000,9.74583969024888
2015-03-26T16:21:06.000000,9.764683349076051
2015-03-26T16:21:06.100000,9.763917140107036
2015-03-26T16:21:06.200000,9.739935806727807
2015-03-26T16:21:06.300000,9.735591059121434
2015-03-26T16:21:06.400000,9.758377119959423
2015-03-26T16:21:06.500000,9.766544121005165
2015-03-26T16:21:06.600000,9.762938662754694
2015-03-26T16:21:06.700000,9.749607547713165
2015-03-26T16:21:06.800000,9.735537951023836
2015-03-26T16:21:06.900000,9.74464749873865
2015-03-26T16:21:07.000000,9.75141691712174
2015-03-26T16:21:07.100000,9.742070238122237
2015-03-26T16:21:07.200000,9.732743001655818
2015-03-26T16:21:07.300000,9.735248965037664
2015-03-26T16:21:07.400000,9.73254949978437
2015-03-26T16:21:07.500000,9.7258230501792
2015-03-26T16:21:07.600000,9.72704468275871
2015-03-26T16:21:07.700000,9.730208160043365
2015-03-26T16:21:07.800000,9.737579068609849
2015-03-26T16:21:07.900000,9.7349982337248
2015-03-26T16:21:08.000000,9.739285703523132
2015-03-26T16:21:08.100000,9.736568173079254
2015-03-26T16:21:08.200000,9.752520301042315
2015-03-26T16:21:08.300000,9.76296309965156
2015-03-26T16:21:08.400000,9.759804303405934
2015-03-26T16:21:08.500000,9.766227381307294
2015-03-26T16:21:08.600000,9.75492530329198
2015-03-26T16:21:08.700000,9.762289159788216
2015-03-26T16:21:08.800000,9.75628272016234
2015-03-26T16:21:08.900000,9.746156750234649
2015-03-26T16:21:09.000000,9.745132413303276
2015-03-26T16:21:09.100000,9.74060335261416
2015-03-26T16:21:09.200000,9.75391059417244
2015-03-26T16:21:09.300000,9.771400232641907
2015-03-26T16:21:09.400000,9.782941682919214
2015-03-26T16:21:09.500000,9.772821093072242
2015-03-26T16:21:09.600000,9.782131112120574
2015-03-26T16:21:09.700000,9.77189606909756
2015-03-26T16:21:09.800000,9.774374080648265
2015-03-26T16:21:09.900000,9.784000842135065
2015-03-26T16:21:10.000000,9.769747191469852
2015-03-26T16:21:10.100000,9.7485510847705
2015-03-26T16:21:10.200000,9.765246813701443
2015-03-26T16:21:10.300000,9.773568876691058
2015-03-26T16:21:10.400000,9.760520396690934
2015-03-26T16:21:10.500000,9.770557949839745
2015-03-26T16:21:10.600000,9.780656485371358
2015-03-26T16:21:10.700000,9.780244624811225
2015-03-26T16:21:10.800000,9.784284589449996
2015-03-26T16:21:10.900000,9.782979162361915
2015-03-26T16:21:11.000000,9.765414912518985
2015-03-26T16:21:11.100000,9.74696145288481
2015-03-26T16:21:11.200000,9.745845841432864
2015-03-26T16:21:11.300000,9.771059077511016
2015-03-26T16:21:11.400000,9.739215097556857
2015-03-26T16:21:11.500000,9.716744740823836
2015-03-26T16:21:11.600000,9.733166698676127
2015-03-26T16:21:11.700000,9.728280280351749
2015-03-26T16:21:11.800000,9.736425135857887
2015-03-26T16:21:11.900000,9.740156507881254
2015-03-26T16:21:12.000000,9.737169503618304
2015-03-26T16:21:12.100000,9.72897578063844
2015-03-26T16:21:12.200000,9.729128761516444
2015-03-26T16:21:12.300000,9.72696260294508
2015-03-26T16:21:12.400000,9.74078761601189
2015-03-26T16:21:12.500000,9.737834725199368
2015-03-26T16:21:12.600000,9.730015549079846
2015-03-26T16:21:12.700000,9.726973383657668
2015-03-26T16:21:12.800000,9.727275811786134
2015-03-26T16:21:12.900000,9.727247767495088
2015-03-26T16:21:13.000000,9.731118234234858
2015-03-26T16:21:13.100000,9.747756091002792
2015-03-26T16:21:13.200000,9.750183167852992
2015-03-26T16:21:13.300000,9.737233270474798
2015-03-26T16:21:13.400000,9.734797161431878
2015-03-26T16:21:13.500000,9.754037598976396
2015-03-26T16:21:13.600000,9.740597145731078
2015-03-26T16:21:13.700000,9.726647221040874
2015-03-26T16:21:13.800000,9.736299176041896
2015-03-26T16:21:13.900000,9.735304536613787
2015-03-26T16:21:14.000000,9.725819545414677
2015-03-26T16:21:14.100000,9.715491331906078
2015-03-26T16:21:14.200000,9.725478643741322
2015-03-26T16:21:14.300000,9.735613138285595
2015-03-26T16:21:14.400000,9.730320951046115
2015-03-26T16:21:14.500000,9.760210473789508
2015-03-26T16:21:14.600000,9.747733251671164
2015-03-26T16:21:14.700000,9.728448200954675
2015-03-26T16:21:14.800000,9.74026083634896
2015-03-26T16:21:14.900000,9.750533846943547
2015-03-26T16:21:15.000000,9.730731943794284
2015-03-26T16:21:15.100000,9.73532054102606
2015-03-26T16:21:15.200000,9.741975829890082
2015-03-26T16:21:15.300000,9.745693381183916
2015-03-26T16:21:15.400000,9.744191538503705
2015-03-26T16:21:15.500000,9.756965558559488
2015-03-26T16:21:15.600000,9.75642171800439
2015-03-26T16:21:15.700000,9.746433352131843
2015-03-26T16:21:15.800000,9.760133784196062
2015-03-26T16:21:15.900000,9.783163546996414
2015-03-26T16:21:16.000000,9.759268045154249
2015-03-26T16:21:16.100000,9.766221048315122
2015-03-26T16:21:16.200000,9.780222211846716
2015-03-26T16:21:16.300000,9.764887890786948
2015-03-26T16:21:16.400000,9.756923181882897
2015-03-26T16:21:16.500000,9.765737171374672
2015-03-26T16:21:16.600000,9.760707913181886
2015-03-26T16:21:16.700000,9.725840765103092
2015-03-26T16:21:16.800000,9.728148420378062
2015-03-26T16:21:16.900000,9.749319891671158
2015-03-26T16:21:17.000000,9.757464828346484
2015-03-26T16:21:17.100000,9.771590339092192
2015-03-26T16:21:17.200000,9.766944546440152
2015-03-26T16:21:17.300000,9.762226133103436
2015-03-26T16:21:17.400000,9.757026012725746
2015-03-26T16:21:17.500000,9.74023800352892
2015-03-26T16:21:17.600000,9.750803107467831
2015-03-26T16:21:17.700000,9.740977058256709
2015-03-26T16:21:17.800000,9.7552951036069
2015-03-26T16:21:17.900000,9.760701097760665
2015-03-26T16:21:18.000000,9.745274062071372
2015-03-26T16:21:18.100000,9.743361937397964
2015-03-26T16:21:18.200000,9.736953291046756
2015-03-26T16:21:18.300000,9.737625270202171
2015-03-26T16:21:18.400000,9.77146158625802
2015-03-26T16:21:18.500000,9.749566102893668
2015-03-26T16:21:18.600000,9.72197509387296
2015-03-26T16:21:18.700000,9.72032161366558
2015-03-26T16:21:18.800000,9.73705746782618
2015-03-26T16:21:18.900000,9.754298889122577
2015-03-26T16:21:19.000000,9.750352652288854
2015-03-26T16:21:19.100000,9.756003932633618
2015-03-26T16:21:19.200000,9.75229411085105
2015-03-26T16:21:19.300000,9.76526026128231
2015-03-26T16:21:19.400000,9.762932652245468
2015-03-26T16:21:19.500000,9.739928586267787
2015-03-26T16:21:19.600000,9.72731546734772
2015-03-26T16:21:19.700000,9.726551387592384
2015-03-26T16:21:19.800000,9.733330488318028
2015-03-26T16:21:19.900000,9.747587787130737
2015-03-26T16:21:20.000000,9.743394251680522
2015-03-26T16:21:20.100000,9.728850975901548
2015-03-26T16:21:20.200000,9.72399988005423
2015-03-26T16:21:20.300000,9.718908538021823
2015-03-26T16:21:20.400000,9.732950822216212
2015-03-26T16:21:20.500000,9.732860929382104
2015-03-26T16:21:20.600000,9.739995364736467
2015-03-26T16:21:20.700000,9.755825693241215
2015-03-26T16:21:20.800000,9.744563993143863
2015-03-26T16:21:20.900000,9.752023720431998
2015-03-26T16:21:21.000000,9.75795379558463
2015-03-26T16:21:21.100000,9.750851157293882
2015-03-26T16:21:21.200000,9.77397363929676
2015-03-26T16:21:21.300000,9.75368456161694
2015-03-26T16:21:21.400000,9.725473242635804
2015-03-26T16:21:21.500000,9.721655783225716
2015-03-26T16:21:21.600000,9.726278084763193
2015-03-26T16:21:21.700000,9.739660737863336
2015-03-26T16:21:21.800000,9.768472135779527
2015-03-26T16:21:21.900000,9.763018316050692
2015-03-26T16:21:22.000000,9.748788399130236
2015-03-26T16:21:22.100000,9.750897068260498
2015-03-26T16:21:22.200000,9.742514472615126
2015-03-26T16:21:22.300000,9.736542687258334
2015-03-26T16:21:22.400000,9.7307976314226
2015-03-26T16:21:22.500000,9.713289861932909
2015-03-26T16:21:22.600000,9.725286632521042
2015-03-26T16:21:22.700000,9.749905940452807
2015-03-26T16:21:22.800000,9.745180446634391
2015-03-26T16:21:22.900000,9.758107477020356
2015-03-26T16:21:23.000000,9.75719352704076
2015-03-26T16:21:23.100000,9.72860098159092
2015-03-26T16:21:23.200000,9.719823028624225
2015-03-26T16:21:23.300000,9.73384412425699
2015-03-26T16:21:23.400000,9.7326176442668
2015-03-26T16:21:23.500000,9.71868331421994
2015-03-26T16:21:23.600000,9.715850126477651
2015-03-26T16:21:23.700000,9.73541144737824
2015-03-26T16:21:23.800000,9.72544440788256
2015-03-26T16:21:23.900000,9.708710426789988
2015-03-26T16:21:24.000000,9.697885708276551
2015-03-26T16:21:24.100000,9.70127829159263
2015-03-26T16:21:24.200000,9.73063959499945
2015-03-26T16:21:24.300000,9.719024993579987
2015-03-26T16:21:24.400000,9.729109005434864
2015-03-26T16:21:24.500000,9.757185493450375
2015-03-26T16:21:24.600000,9.750001084061502
2015-03-26T16:21:24.700000,9.74304419550768
2015-03-26T16:21:24.800000,9.734803424158365
2015-03-26T16:21:24.900000,9.734261149323764
2015-03-26T16:21:25.000000,9.744440243046649
2015-03-26T16:21:25.100000,9.737472315605642
2015-03-26T16:21:25.200000,9.747896843849423
2015-03-26T16:21:25.300000,9.748054559513935
2015-03-26T16:21:25.400000,9.745203255718794
2015-03-26T16:21:25.500000,9.752466905206283
2015-03-26T16:21:25.600000,9.746625648143183
2015-03-26T16:21:25.700000,9.745821715425024
2015-03-26T16:21:25.800000,9.741661544895408
2015-03-26T16:21:25.900000,9.73425028867752
2015-03-26T16:21:26.000000,9.76106822518461
2015-03-26T16:21:26.100000,9.779589487666753
2015-03-26T16:21:26.200000,9.768694979089537
2015-03-26T16:21:26.300000,9.754725550326231
2015-03-26T16:21:26.400000,9.746044847556652
2015-03-26T16:21:26.500000,9.756113031192749
2015-03-26T16:21:26.600000,9.753549271971718
2015-03-26T16:21:26.700000,9.764045783941754
2015-03-26T16:21:26.800000,9.76420133430586
2015-03-26T16:21:26.900000,9.746646062502156
2015-03-26T16:21:27.000000,9.741234383030388
2015-03-26T16:21:27.100000,9.754627032746908
2015-03-26T16:21:27.200000,9.76059248579971
2015-03-26T16:21:27.300000,9.742999531673323
2015-03-26T16:21:27.400000,9.75270013109036
2015-03-26T16:21:27.500000,9.752279383767547
2015-03-26T16:21:27.600000,9.742144763063106
2015-03-26T16:21:27.700000,9.739800910274274
2015-03-26T16:21:27.800000,9.74811907156226
2015-03-26T16:21:27.900000,9.770309900314782
2015-03-26T16:21:28.000000,9.756467462775358
2015-03-26T16:21:28.100000,9.728429587807364
2015-03-26T16:21:28.200000,9.736759643804564
2015-03-26T16:21:28.300000,9.74154830671142
2015-03-26T16:21:28.400000,9.738657705863837
2015-03-26T16:21:28.500000,9.72748436369694
2015-03-26T16:21:28.600000,9.714430578763388
2015-03-26T16:21:28.700000,9.723380523642632
2015-03-26T16:21:28.800000,9.730573309103413
2015-03-26T16:21:28.900000,9.751153711366475
2015-03-26T16:21:29.000000,9.750057306698752
2015-03-26T16:21:29.100000,9.730332959906256
2015-03-26T16:21:29.200000,9.72373296103668
2015-03-26T16:21:29.300000,9.731468027811674
2015-03-26T16:21:29.400000,9.727173896490235
2015-03-26T16:21:29.500000,9.73047108554623
2015-03-26T16:21:29.600000,9.723118810690844
2015-03-26T16:21:29.700000,9.732000373155543
2015-03-26T16:21:29.800000,9.746947475782752
2015-03-26T16:21:29.900000,9.738950091534662
2015-03-26T16:21:30.000000,9.740388571991552
2015-03-26T16:21:30.100000,9.754904996804989
2015-03-26T16:21:30.200000,9.745964820849204
2015-03-26T16:21:30.300000,9.738088043050633
2015-03-26T16:21:30.400000,9.739116803350411
2015-03-26T16:21:30.500000,9.744202616238118
2015-03-26T16:21:30.600000,9.721393183334852
2015-03-26T16:21:30.700000,9.71885581177617
2015-03-26T16:21:30.800000,9.749336713107134
2015-03-26T16:21:30.900000,9.763882749565385
2015-03-26T16:21:31.000000,9.752984444601918
2015-03-26T16:21:31.100000,9.749706189552448
2015-03-26T16:21:31.200000,9.753982817624168
2015-03-26T16:21:31.300000,9.763577855556075
2015-03-26T16:21:31.400000,9.759228830869544
2015-03-26T16:21:31.500000,9.760064975737212
2015-03-26T16:21:31.600000,9.74628275803872
2015-03-26T16:21:31.700000,9.73678461754567
2015-03-26T16:21:31.800000,9.78327493008669
2015-03-26T16:21:31.900000,9.771950196275847
2015-03-26T16:21:32.000000,9.74411905225342
2015-03-26T16:21:32.100000,9.73892895754696
2015-03-26T16:21:32.200000,9.754518613623592
2015-03-26T16:21:32.300000,9.781244025097754
2015-03-26T16:21:32.400000,9.763861480800012
2015-03-26T16:21:32.500000,9.724744519357223
2015-03-26T16:21:32.600000,9.73758591672407
2015-03-26T16:21:32.700000,9.74968503907026
2015-03-26T16:21:32.800000,9.739126854930085
2015-03-26T16:21:32.900000,9.726358932245184
2015-03-26T16:21:33.000000,9.710271039140418
2015-03-26T16:21:33.100000,9.729969819009884
2015-03-26T16:21:33.200000,9.757833097123411
2015-03-26T16:21:33.300000,9.74408568217411
2015-03-26T16:21:33.400000,9.731239172340471
2015-03-26T16:21:33.500000,9.746606723876694
2015-03-26T16:21:33.600000,9.736338959836282
2015-03-26T16:21:33.700000,9.732838099314572
2015-03-26T16:21:33.800000,9.7415496081058
2015-03-26T16:21:33.900000,9.750686072316274
2015-03-26T16:21:34.000000,9.761236656137378
2015-03-26T16:21:34.100000,9.748966507281638
2015-03-26T16:21:34.200000,9.760413237419357
2015-03-26T16:21:34.300000,9.769718225112696
2015-03-26T16:21:34.400000,9.740137377522458
2015-03-26T16:21:34.500000,9.72575388831469
2015-03-26T16:21:34.600000,9.734676208495197
2015-03-26T16:21:34.700000,9.760384289254146
2015-03-26T16:21:34.800000,9.763512945692392
2015-03-26T16:21:34.900000,9.74594728746975
2015-03-26T16:21:35.000000,9.734516468487262
2015-03-26T16:21:35.100000,9.72947467446561
2015-03-26T16:21:35.200000,9.712611187638212
2015-03-26T16:21:35.300000,9.725521461840826
2015-03-26T16:21:35.400000,9.753256243484058
2015-03-26T16:21:35.500000,9.760885817023292
2015-03-26T16:21:35.600000,9.754696986593808
2015-03-26T16:21:35.700000,9.738582337700668
2015-03-26T16:21:35.800000,9.75350466819054
2015-03-26T16:21:35.900000,9.765413632707146
2015-03-26T16:21:36.000000,9.750164471438616
2015-03-26T16:21:36.100000,9.745782092375164
2015-03-26T16:21:36.200000,9.752312774029932
2015-03-26T16:21:36.300000,9.759584243371927
2015-03-26T16:21:36.400000,9.744480405268275
2015-03-26T16:21:36.500000,9.76268892444016
2015-03-26T16:21:36.600000,9.764091516581292
2015-03-26T16:21:36.700000,9.778171286803914
2015-03-26T16:21:36.800000,9.776522124218284
2015-03-26T16:21:36.900000,9.752821505668752
2015-03-26T16:21:37.000000,9.748773267181988
2015-03-26T16:21:37.100000,9.749362519992909
2015-03-26T16:21:37.200000,9.767111164924328
2015-03-26T16:21:37.300000,9.77925030185156
2015-03-26T16:21:37.400000,9.76752305528767
2015-03-26T16:21:37.500000,9.74813060261381
2015-03-26T16:21:37.600000,9.74095577563769
2015-03-26T16:21:37.700000,9.758168312566736
2015-03-26T16:21:37.800000,9.748456159941112
2015-03-26T16:21:37.900000,9.74807766149039
2015-03-26T16:21:38.000000,9.75008664657554
2015-03-26T16:21:38.100000,9.728134841530515
2015-03-26T16:21:38.200000,9.755831113209178
2015-03-26T16:21:38.300000,9.748781705820292
2015-03-26T16:21:38.400000,9.7374272029536
2015-03-26T16:21:38.500000,9.743012895274038
2015-03-26T16:21:38.600000,9.742034049746955
2015-03-26T16:21:38.700000,9.731624604243017
2015-03-26T16:21:38.800000,9.719132887695723
2015-03-26T16:21:38.900000,9.731420745423346
2015-03-26T16:21:39.000000,9.709885796697543
2015-03-26T16:21:39.100000,9.725786014473066
2015-03-26T16:21:39.200000,9.74004016259862
2015-03-26T16:21:39.300000,9.730080206852474
2015-03-26T16:21:39.400000,9.748082797608596
2015-03-26T16:21:39.500000,9.758913656773094
2015-03-26T16:21:39.600000,9.73049698299226
2015-03-26T16:21:39.700000,9.731762091997162
2015-03-26T16:21:39.800000,9.740693269090606
2015-03-26T16:21:39.900000,9.747861283598652
2015-03-26T16:21:40.000000,9.740289355087755
2015-03-26T16:21:40.100000,9.73375270581405
2015-03-26T16:21:40.200000,9.734467031559866
2015-03-26T16:21:40.300000,9.743520526254867
2015-03-26T16:21:40.400000,9.760435634384676
2015-03-26T16:21:40.500000,9.754855826475875
2015-03-26T16:21:40.600000,9.742218778084595
2015-03-26T16:21:40.700000,9.740767736232677
2015-03-26T16:21:40.800000,9.726392726134495
2015-03-26T16:21:40.900000,9.725420315509275
2015-03-26T16:21:41.000000,9.72882649998644
2015-03-26T16:21:41.100000,9.753963211246743
2015-03-26T16:21:41.200000,9.757712402178726
2015-03-26T16:21:41.300000,9.722737463831686
2015-03-26T16:21:41.400000,9.72793025006017
2015-03-26T16:21:41.500000,9.74816429153017
2015-03-26T16:21:41.600000,9.765200574664766
2015-03-26T16:21:41.700000,9.763360151207957
2015-03-26T16:21:41.800000,9.764059705496967
2015-03-26T16:21:41.900000,9.764440707581151
2015-03-26T16:21:42.000000,9.759125851947058
2015-03-26T16:21:42.100000,9.738401290574796
2015-03-26T16:21:42.200000,9.756444448101842
2015-03-26T16:21:42.300000,9.764193972006582
2015-03-26T16:21:42.400000,9.780624298046812
2015-03-26T16:21:42.500000,9.770816082801932
2015-03-26T16:21:42.600000,9.758679831695668
2015-03-26T16:21:42.700000,9.765894141155048
2015-03-26T16:21:42.800000,9.768324787863952
2015-03-26T16:21:42.900000,9.762234099570144
2015-03-26T16:21:43.000000,9.749662554824631
2015-03-26T16:21:43.100000,9.758950167303883
2015-03-26T16:21:43.200000,9.775066162261256
2015-03-26T16:21:43.300000,9.775814213226472
2015-03-26T16:21:43.400000,9.743295536508713
2015-03-26T16:21:43.500000,9.733702797509398
2015-03-26T16:21:43.600000,9.757311770464922
2015-03-26T16:21:43.700000,9.756811522273043
2015-03-26T16:21:43.800000,9.769802269430976
2015-03-26T16:21:43.900000,9.765916333864938
2015-03-26T16:21:44.000000,9.759482245874084
2015-03-26T16:21:44.100000,9.766693809344195
2015-03-26T16:21:44.200000,9.73582333906436
2015-03-26T16:21:44.300000,9.734689670779591
2015-03-26T16:21:44.400000,9.733589283855007
2015-03-26T16:21:44.500000,9.729946680526885
2015-03-26T16:21:44.600000,9.719011465052652
2015-03-26T16:21:44.700000,9.749416751260238
2015-03-26T16:21:44.800000,9.742500380081651
2015-03-26T16:21:44.900000,9.722875799630728
2015-03-26T16:21:45.000000,9.740863624117884
2015-03-26T16:21:45.100000,9.74072782085974
2015-03-26T16:21:45.200000,9.743986742723882
2015-03-26T16:21:45.300000,9.742484532324356
2015-03-26T16:21:45.400000,9.738358447443114
2015-03-26T16:21:45.500000,9.745130803040894
2015-03-26T16:21:45.600000,9.74779542220887
2015-03-26T16:21:45.700000,9.741432443329922
2015-03-26T16:21:45.800000,9.729227535434315
2015-03-26T16:21:45.900000,9.74044579401073
2015-03-26T16:21:46.000000,9.743083102783428
2015-03-26T16:21:46.100000,9.73637847587708
2015-03-26T16:21:46.200000,9.763636448674491
2015-03-26T16:21:46.300000,9.774680492205706
2015-03-26T16:21:46.400000,9.760380554439744
2015-03-26T16:21:46.500000,9.734216816600268
2015-03-26T16:21:46.600000,9.747663149250466
2015-03-26T16:21:46.700000,9.728438986242477
2015-03-26T16:21:46.800000,9.72392108175467
2015-03-26T16:21:46.900000,9.750623135497078
2015-03-26T16:21:47.000000,9.755487113221164
2015-03-26T16:21:47.100000,9.752450985116711
2015-03-26T16:21:47.200000,9.746577114049815
2015-03-26T16:21:47.300000,9.742759181092335
2015-03-26T16:21:47.400000,9.74287645769362
2015-03-26T16:21:47.500000,9.745505462331506
2015-03-26T16:21:47.600000,9.747405264617916
2015-03-26T16:21:47.700000,9.732307806965498
2015-03-26T16:21:47.800000,9.733204577607095
2015-03-26T16:21:47.900000,9.741104507345618
2015-03-26T16:21:48.000000,9.74420358988286
2015-03-26T16:21:48.100000,9.742521035631832
2015-03-26T16:21:48.200000,9.749120664646023
2015-03-26T16:21:48.300000,9.746416161798466
2015-03-26T16:21:48.400000,9.733027710434303
2015-03-26T16:21:48.500000,9.74470466108331
2015-03-26T16:21:48.600000,9.737891878207764
2015-03-26T16:21:48.700000,9.719054311366122
2015-03-26T16:21:48.800000,9.72624835531889
2015-03-26T16:21:48.900000,9.735476233751909
2015-03-26T16:21:49.000000,9.754147495936545
2015-03-26T16:21:49.100000,9.735095443517112
2015-03-26T16:21:49.200000,9.738946432937862
2015-03-26T16:21:49.300000,9.75463887565132
2015-03-26T16:21:49.400000,9.7290440840363
2015-03-26T16:21:49.500000,9.724700079832129
2015-03-26T16:21:49.600000,9.733177704539036
2015-03-26T16:21:49.700000,9.7373995980968
2015-03-26T16:21:49.800000,9.748863455517396
2015-03-26T16:21:49.900000,9.737537399304554
2015-03-26T16:21:50.000000,9.746340191245528
2015-03-26T16:21:50.100000,9.749398685039337
2015-03-26T16:21:50.200000,9.737313220192211
2015-03-26T16:21:50.300000,9.72143809686783
2015-03-26T16:21:50.400000,9.734181538060293
2015-03-26T16:21:50.500000,9.737622444986618
2015-03-26T16:21:50.600000,9.77254336557877
2015-03-26T16:21:50.700000,9.757661346298075
2015-03-26T16:21:50.800000,9.731304415976163
2015-03-26T16:21:50.900000,9.739292743383544
2015-03-26T16:21:51.000000,9.73432526769451
2015-03-26T16:21:51.100000,9.739729974596257
2015-03-26T16:21:51.200000,9.750885635958872
2015-03-26T16:21:51.300000,9.744304915367929
2015-03-26T16:21:51.400000,9.765373488919796
2015-03-26T16:21:51.500000,9.766619354236388
2015-03-26T16:21:51.600000,9.75842614520249
2015-03-26T16:21:51.700000,9.78090517682574
2015-03-26T16:21:51.800000,9.761503278471857
2015-03-26T16:21:51.900000,9.736095132649837
2015-03-26T16:21:52.000000,9.742393349071808
2015-03-26T16:21:52.100000,9.752905323239922
2015-03-26T16:21:52.200000,9.752255267320566
2015-03-26T16:21:52.300000,9.743501833933143
2015-03-26T16:21:52.400000,9.758657809079123
2015-03-26T16:21:52.500000,9.769560764579388
2015-03-26T16:21:52.600000,9.755856463603168
2015-03-26T16:21:52.700000,9.74796006303361
2015-03-26T16:21:52.800000,9.745287452780213
2015-03-26T16:21:52.900000,9.761475285644908
2015-03-26T16:21:53.000000,9.766463659603746
2015-03-26T16:21:53.100000,9.752648451168204
2015-03-26T16:21:53.200000,9.744474482650087
2015-03-26T16:21:53.300000,9.729831430180552
2015-03-26T16:21:53.400000,9.73673083464064
2015-03-26T16:21:53.500000,9.73749765236349
2015-03-26T16:21:53.600000,9.73571537979034
2015-03-26T16:21:53.700000,9.754526184833358
2015-03-26T16:21:53.800000,9.750758304941106
2015-03-26T16:21:53.900000,9.742223272542988
2015-03-26T16:21:54.000000,9.74020883453266
2015-03-26T16:21:54.100000,9.742892762338988
2015-03-26T16:21:54.200000,9.7490777264322
2015-03-26T16:21:54.300000,9.754106665469148
2015-03-26T16:21:54.400000,9.76291345553506
2015-03-26T16:21:54.500000,9.744989683233154
2015-03-26T16:21:54.600000,9.739161384948275
2015-03-26T16:21:54.700000,9.71645341257413
2015-03-26T16:21:54.800000,9.706518223949928
2015-03-26T16:21:54.900000,9.720065450515092
2015-03-26T16:21:55.000000,9.73562231237734
2015-03-26T16:21:55.100000,9.743792069236614
2015-03-26T16:21:55.200000,9.759006742116812
2015-03-26T16:21:55.300000,9.74323735423966
2015-03-26T16:21:55.400000,9.737943687517305
2015-03-26T16:21:55.500000,9.773409765177885
2015-03-26T16:21:55.600000,9.756061452440456
2015-03-26T16:21:55.700000,9.75884510548151
2015-03-26T16:21:55.800000,9.735393984111658
2015-03-26T16:21:55.900000,9.72399155390409
2015-03-26T16:21:56.000000,9.72999482609484
2015-03-26T16:21:56.100000,9.770955437274653
2015-03-26T16:21:56.200000,9.76287004235001
2015-03-26T16:21:56.300000,9.715850244831506
2015-03-26T16:21:56.400000,9.70730194947124
2015-03-26T16:21:56.500000,9.735193405600995
2015-03-26T16:21:56.600000,9.758348387230775
2015-03-26T16:21:56.700000,9.754553480905184
2015-03-26T16:21:56.800000,9.736955380783463
2015-03-26T16:21:56.900000,9.74129995562421
2015-03-26T16:21:57.000000,9.749205954524458
2015-03-26T16:21:57.100000,9.74191291511604
2015-03-26T16:21:57.200000,9.735468227396344
2015-03-26T16:21:57.300000,9.73122335950905
2015-03-26T16:21:57.400000,9.703856296952996
2015-03-26T16:21:57.500000,9.717496339891271
2015-03-26T16:21:57.600000,9.746173499432588
2015-03-26T16:21:57.700000,9.730266433298784
2015-03-26T16:21:57.800000,9.717722349036958
2015-03-26T16:21:57.900000,9.710833425920482
2015-03-26T16:21:58.000000,9.72819359057375
2015-03-26T16:21:58.100000,9.73648757925204
2015-03-26T16:21:58.200000,9.73106549108439
2015-03-26T16:21:58.300000,9.722277607678045
2015-03-26T16:21:58.400000,9.734467947710495
2015-03-26T16:21:58.500000,9.72471495178124
2015-03-26T16:21:58.600000,9.735177044936613
2015-03-26T16:21:58.700000,9.753081644927889
2015-03-26T16:21:58.800000,9.75945636864432
2015-03-26T16:21:58.900000,9.765170240730514
2015-03-26T16:21:59.000000,9.7531149318763
2015-03-26T16:21:59.100000,9.757461779727755
2015-03-26T16:21:59.200000,9.756357796982428
2015-03-26T16:21:59.300000,9.753112451161098
2015-03-26T16:21:59.400000,9.75535498697564
2015-03-26T16:21:59.500000,9.73830678368086
2015-03-26T16:21:59.600000,9.744704517265854
2015-03-26T16:21:59.700000,9.766775148717487
2015-03-26T16:21:59.800000,9.75989404143571
2015-03-26T16:21:59.900000,9.767033641030018
2015-03-26T16:22:00.000000,9.770192481174057
2015-03-26T16:22:00.100000,9.784885568769662
2015-03-26T16:22:00.200000,9.775647173497886
2015-03-26T16:22:00.300000,9.771230063811773
2015-03-26T16:22:00.400000,9.776113941040247
2015-03-26T16:22:00.500000,9.785845192558556
2015-03-26T16:22:00.600000,9.77969843287894
2015-03-26T16:22:00.700000,9.770287928314607
2015-03-26T16:22:00.800000,9.773693587467688
2015-03-26T16:22:00.900000,9.767991474072607
2015-03-26T16:22:01.000000,9.761138431197242
2015-03-26T16:22:01.100000,9.75656600760399
2015-03-26T16:22:01.200000,9.779299798275256
2015-03-26T16:22:01.300000,9.780936522332848
2015-03-26T16:22:01.400000,9.757424952140868
2015-03-26T16:22:01.500000,9.769066769691156
2015-03-26T16:22:01.600000,9.77673083017327
2015-03-26T16:22:01.700000,9.758915014460497
2015-03-26T16:22:01.800000,9.748163523451728
2015-03-26T16:22:01.900000,9.75577655224586
2015-03-26T16:22:02.000000,9.76933186130974
2015-03-26T16:22:02.100000,9.760352804738766
2015-03-26T16:22:02.200000,9.75744636867372
2015-03-26T16:22:02.300000,9.7518534050415
2015-03-26T16:22:02.400000,9.74781736232446
2015-03-26T16:22:02.500000,9.732364086730705
2015-03-26T16:22:02.600000,9.721062904828631
2015-03-26T16:22:02.700000,9.716283772879486
2015-03-26T16:22:02.800000,9.705797379184292
2015-03-26T16:22:02.900000,9.695375733662114
2015-03-26T16:22:03.000000,9.676371974641793
2015-03-26T16:22:03.100000,9.70446275847015
2015-03-26T16:22:03.200000,9.73274150988647
2015-03-26T16:22:03.300000,9.715268188088084
2015-03-26T16:22:03.400000,9.69546962109599
2015-03-26T16:22:03.500000,9.692233375433071
2015-03-26T16:22:03.600000,9.70659341468166
2015-03-26T16:22:03.700000,9.699864803714249
2015-03-26T16:22:03.800000,9.709296551635545
2015-03-26T16:22:03.900000,9.69901595281208
2015-03-26T16:22:04.000000,9.682793442065362
2015-03-26T16:22:04.100000,9.705616518185938
2015-03-26T16:22:04.200000,9.727983423501309
2015-03-26T16:22:04.300000,9.728514204972582
2015-03-26T16:22:04.400000,9.719564465401564
2015-03-26T16:22:04.500000,9.707221629386
2015-03-26T16:22:04.600000,9.70661739041923
2015-03-26T16:22:04.700000,9.729190710995326
2015-03-26T16:22:04.800000,9.732908098583469
2015-03-26T16:22:04.900000,9.714078327477711
2015-03-26T16:22:05.000000,9.710184584674176
2015-03-26T16:22:05.100000,9.75118437810935
2015-03-26T16:22:05.200000,9.747050404243318
2015-03-26T16:22:05.300000,9.7200742266467
2015-03-26T16:22:05.400000,9.752944258682406
2015-03-26T16:22:05.500000,9.774608664076444
2015-03-26T16:22:05.600000,9.772960389289397
2015-03-26T16:22:05.700000,9.764159603989867
2015-03-26T16:22:05.800000,9.75793311342238
2015-03-26T16:22:05.900000,9.753800851554567
2015-03-26T16:22:06.000000,9.754241285188874
2015-03-26T16:22:06.100000,9.760275971129188
2015-03-26T16:22:06.200000,9.746006450786686
2015-03-26T16:22:06.300000,9.762976924765296
2015-03-26T16:22:06.400000,9.765746850952262
2015-03-26T16:22:06.500000,9.755598253517965
2015-03-26T16:22:06.600000,9.76235481933316
2015-03-26T16:22:06.700000,9.77675415443266
2015-03-26T16:22:06.800000,9.772236820150846
2015-03-26T16:22:06.900000,9.782932732920749
2015-03-26T16:22:07.000000,9.77759958495746
2015-03-26T16:22:07.100000,9.771216077820824
2015-03-26T16:22:07.200000,9.76471095491348
2015-03-26T16:22:07.300000,9.775129323866723
2015-03-26T16:22:07.400000,9.79103409080652
2015-03-26T16:22:07.500000,9.778582549609537
2015-03-26T16:22:07.600000,9.743684173052904
2015-03-26T16:22:07.700000,9.724805831317507
2015-03-26T16:22:07.800000,9.756728453274436
2015-03-26T16:22:07.900000,9.769378255159294
2015-03-26T16:22:08.000000,9.776669438378766
2015-03-26T16:22:08.100000,9.805407636885874
2015-03-26T16:22:08.200000,9.794894482364208
2015-03-26T16:22:08.300000,9.766786995316476
2015-03-26T16:22:08.400000,9.756273792047104
2015-03-26T16:22:08.500000,9.751432443009453
2015-03-26T16:22:08.600000,9.758313517580309
2015-03-26T16:22:08.700000,9.764027149703768
2015-03-26T16:22:08.800000,9.76438698152764
2015-03-26T16:22:08.900000,9.73554411572602
2015-03-26T16:22:09.000000,9.741381821524335
2015-03-26T16:22:09.100000,9.750346545284213
2015-03-26T16:22:09.200000,9.73741050934168
2015-03-26T16:22:09.300000,9.737313578490092
2015-03-26T16:22:09.400000,9.739266259395588
2015-03-26T16:22:09.500000,9.740917279671011
2015-03-26T16:22:09.600000,9.739364668145036
2015-03-26T16:22:09.700000,9.734486060359762
2015-03-26T16:22:09.800000,9.702495208982684
2015-03-26T16:22:09.900000,9.72234029488216
2015-03-26T16:22:10.000000,9.723367845365171
2015-03-26T16:22:10.100000,9.731164318846666
2015-03-26T16:22:10.200000,9.74237752929866
2015-03-26T16:22:10.300000,9.73971718276839
2015-03-26T16:22:10.400000,9.72011691857212
2015-03-26T16:22:10.500000,9.721940772834254
2015-03-26T16:22:10.600000,9.737184040617308
2015-03-26T16:22:10.700000,9.724722848181504
2015-03-26T16:22:10.800000,9.716916154545924
2015-03-26T16:22:10.900000,9.73004761307815
2015-03-26T16:22:11.000000,9.728951844266229
2015-03-26T16:22:11.100000,9.740528291145354
2015-03-26T16:22:11.200000,9.757322333249034
2015-03-26T16:22:11.300000,9.76094233722278
2015-03-26T16:22:11.400000,9.768785697407118
2015-03-26T16:22:11.500000,9.781257368339483
2015-03-26T16:22:11.600000,9.763250317433153
2015-03-26T16:22:11.700000,9.753297996587674
2015-03-26T16:22:11.800000,9.749635778115092
2015-03-26T16:22:11.900000,9.744446475344382
2015-03-26T16:22:12.000000,9.749784461275231
2015-03-26T16:22:12.100000,9.752278396021412
2015-03-26T16:22:12.200000,9.745969844455706
2015-03-26T16:22:12.300000,9.730835347369489
2015-03-26T16:22:12.400000,9.720889826056863
2015-03-26T16:22:12.500000,9.735187388919147
2015-03-26T16:22:12.600000,9.761031630054704
2015-03-26T16:22:12.700000,9.7639773606431
2015-03-26T16:22:12.800000,9.737902072144864
2015-03-26T16:22:12.900000,9.723142414608288
2015-03-26T16:22:13.000000,9.713589572870328
2015-03-26T16:22:13.100000,9.7417306052762
2015-03-26T16:22:13.200000,9.75536930256604
2015-03-26T16:22:13.300000,9.716249359991355
2015-03-26T16:22:13.400000,9.742570588950937
2015-03-26T16:22:13.500000,9.76527662914732
2015-03-26T16:22:13.600000,9.747026123043296
2015-03-26T16:22:13.700000,9.746524510485653
2015-03-26T16:22:13.800000,9.77271184911794
2015-03-26T16:22:13.900000,9.7663498967898
2015-03-26T16:22:14.000000,9.736945555948717
2015-03-26T16:22:14.100000,9.745674732257626
2015-03-26T16:22:14.200000,9.771165225647596
2015-03-26T16:22:14.300000,9.75549229324297
2015-03-26T16:22:14.400000,9.740157576254225
2015-03-26T16:22:14.500000,9.75685982626622
2015-03-26T16:22:14.600000,9.754568190466188
2015-03-26T16:22:14.700000,9.74103891691377
2015-03-26T16:22:14.800000,9.722539117128262
2015-03-26T16:22:14.900000,9.72569685533366
2015-03-26T16:22:15.000000,9.73312654490648
2015-03-26T16:22:15.100000,9.749270816580449
2015-03-26T16:22:15.200000,9.76980385782714
2015-03-26T16:22:15.300000,9.75682839213359
2015-03-26T16:22:15.400000,9.747837463188562
2015-03-26T16:22:15.500000,9.75987285660218
2015-03-26T16:22:15.600000,9.73114092660924
2015-03-26T16:22:15.700000,9.722881435316353
2015-03-26T16:22:15.800000,9.72451793986774
2015-03-26T16:22:15.900000,9.732391123457797
2015-03-26T16:22:16.000000,9.734548184235228
2015-03-26T16:22:16.100000,9.734249376857516
2015-03-26T16:22:16.200000,9.74365611480365
2015-03-26T16:22:16.300000,9.752178639754282
2015-03-26T16:22:16.400000,9.775398702535249
2015-03-26T16:22:16.500000,9.749264575764975
2015-03-26T16:22:16.600000,9.726464331613135
2015-03-26T16:22:16.700000,9.748372717947216
2015-03-26T16:22:16.800000,9.768399469840892
2015-03-26T16:22:16.900000,9.76018881443669
2015-03-26T16:22:17.000000,9.762603518600772
2015-03-26T16:22:17.100000,9.773610170309304
2015-03-26T16:22:17.200000,9.76584465231952
2015-03-26T16:22:17.300000,9.737166537762509
2015-03-26T16:22:17.400000,9.734099233150388
2015-03-26T16:22:17.500000,9.731938951574326
2015-03-26T16:22:17.600000,9.722460575391118
2015-03-26T16:22:17.700000,9.734862366313306
2015-03-26T16:22:17.800000,9.741565540414042
2015-03-26T16:22:17.900000,9.741945088551484
2015-03-26T16:22:18.000000,9.739644277166924
2015-03-26T16:22:18.100000,9.735313990744205
2015-03-26T16:22:18.200000,9.715521053934282
2015-03-26T16:22:18.300000,9.753960082947676
2015-03-26T16:22:18.400000,9.76592160218124
2015-03-26T16:22:18.500000,9.746618827237103
2015-03-26T16:22:18.600000,9.748934029245012
2015-03-26T16:22:18.700000,9.738784850569902
2015-03-26T16:22:18.800000,9.726827577618256
2015-03-26T16:22:18.900000,9.728857556013406
2015-03-26T16:22:19.000000,9.721421563858152
2015-03-26T16:22:19.100000,9.734083934706762
2015-03-26T16:22:19.200000,9.732000070469947
2015-03-26T16:22:19.300000,9.727854871524444
2015-03-26T16:22:19.400000,9.743495092017124
2015-03-26T16:22:19.500000,9.763638289754905
2015-03-26T16:22:19.600000,9.779957995480098
2015-03-26T16:22:19.700000,9.754096572924526
2015-03-26T16:22:19.800000,9.73229690328834
2015-03-26T16:22:19.900000,9.759018072258534
2015-03-26T16:22:20.000000,9.736260068180004
2015-03-26T16:22:20.100000,9.748501081277588
2015-03-26T16:22:20.200000,9.75000438595122
2015-03-26T16:22:20.300000,9.748623301161812
2015-03-26T16:22:20.400000,9.756695257816498
2015-03-26T16:22:20.500000,9.740800621437838
2015-03-26T16:22:20.600000,9.738781488977672
2015-03-26T16:22:20.700000,9.74240708268234
2015-03-26T16:22:20.800000,9.74843682058608
2015-03-26T16:22:20.900000,9.76256154966925
2015-03-26T16:22:21.000000,9.759037041957528
2015-03-26T16:22:21.100000,9.768334384355304
2015-03-26T16:22:21.200000,9.76899126517196
2015-03-26T16:22:21.300000,9.760153690846463
2015-03-26T16:22:21.400000,9.772506261156156
2015-03-26T16:22:21.500000,9.793866622594685
2015-03-26T16:22:21.600000,9.775760518515794
2015-03-26T16:22:21.700000,9.765098937912049
2015-03-26T16:22:21.800000,9.754551337145513
2015-03-26T16:22:21.900000,9.75103267854083
2015-03-26T16:22:22.000000,9.75901441990528
2015-03-26T16:22:22.100000,9.760357570295904
2015-03-26T16:22:22.200000,9.769716200737763
2015-03-26T16:22:22.300000,9.764738353177476
2015-03-26T16:22:22.400000,9.7673317734453
2015-03-26T16:22:22.500000,9.766869878660552
2015-03-26T16:22:22.600000,9.745896078509771
2015-03-26T16:22:22.700000,9.74310267810412
2015-03-26T16:22:22.800000,9.761588317345524
2015-03-26T16:22:22.900000,9.752499494377426
2015-03-26T16:22:23.000000,9.761238714600635
2015-03-26T16:22:23.100000,9.75739940450842
2015-03-26T16:22:23.200000,9.72925487891663
2015-03-26T16:22:23.300000,9.7404540265943
2015-03-26T16:22:23.400000,9.77009469649063
2015-03-26T16:22:23.500000,9.743898367665782
2015-03-26T16:22:23.600000,9.72647827435968
2015-03-26T16:22:23.700000,9.74786106872027
2015-03-26T16:22:23.800000,9.757133663586094
2015-03-26T16:22:23.900000,9.74214888653542
2015-03-26T16:22:24.000000,9.725541400800449
2015-03-26T16:22:24.100000,9.71251217167034
2015-03-26T16:22:24.200000,9.728769905861771
2015-03-26T16:22:24.300000,9.7543712671387
2015-03-26T16:22:24.400000,9.73693572668418
2015-03-26T16:22:24.500000,9.7176491433281
2015-03-26T16:22:24.600000,9.72501832392414
2015-03-26T16:22:24.700000,9.734420483463538
2015-03-26T16:22:24.800000,9.739017316759794
2015-03-26T16:22:24.900000,9.737827435152628
2015-03-26T16:22:25.000000,9.706377269716834
2015-03-26T16:22:25.100000,9.731034077329486
2015-03-26T16:22:25.200000,9.748987817029526
2015-03-26T16:22:25.300000,9.735058553466992
2015-03-26T16:22:25.400000,9.73981898647518
2015-03-26T16:22:25.500000,9.740173757584571
2015-03-26T16:22:25.600000,9.741135841507154
2015-03-26T16:22:25.700000,9.749343344833962
2015-03-26T16:22:25.800000,9.746415419325814
2015-03-26T16:22:25.900000,9.750364584394807
2015-03-26T16:22:26.000000,9.762024256148012
2015-03-26T16:22:26.100000,9.755858105536106
2015-03-26T16:22:26.200000,9.7426262504541
2015-03-26T16:22:26.300000,9.738815265070224
2015-03-26T16:22:26.400000,9.748500133947047
2015-03-26T16:22:26.500000,9.746669866121186
2015-03-26T16:22:26.600000,9.7384132417759
2015-03-26T16:22:26.700000,9.745661205168714
2015-03-26T16:22:26.800000,9.760439315389826
2015-03-26T16:22:26.900000,9.77103311773032
2015-03-26T16:22:27.000000,9.767076672026697
2015-03-26T16:22:27.100000,9.75485210469592
2015-03-26T16:22:27.200000,9.765471450878486
2015-03-26T16:22:27.300000,9.766440127018138
2015-03-26T16:22:27.400000,9.7483054397943
2015-03-26T16:22:27.500000,9.721170066767394
2015-03-26T16:22:27.600000,9.759064118264268
2015-03-26T16:22:27.700000,9.775539371451345
2015-03-26T16:22:27.800000,9.78800919657684
2015-03-26T16:22:27.900000,9.775632093857848
2015-03-26T16:22:28.000000,9.769470887626918
2015-03-26T16:22:28.100000,9.764966750593024
2015-03-26T16:22:28.200000,9.750811014754731
2015-03-26T16:22:28.300000,9.758629777290892
2015-03-26T16:22:28.400000,9.746901858847362
2015-03-26T16:22:28.500000,9.752801741122315
2015-03-26T16:22:28.600000,9.76957473418209
2015-03-26T16:22:28.700000,9.782198508160976
2015-03-26T16:22:28.800000,9.780342378450394
2015-03-26T16:22:28.900000,9.751052538319614
2015-03-26T16:22:29.000000,9.754847900696973
2015-03-26T16:22:29.100000,9.754035799175982
2015-03-26T16:22:29.200000,9.743261627053212
2015-03-26T16:22:29.300000,9.758442334837827
2015-03-26T16:22:29.400000,9.744642852615916
2015-03-26T16:22:29.500000,9.744360060801736
2015-03-26T16:22:29.600000,9.780950309345192
2015-03-26T16:22:29.700000,9.754744927194732
2015-03-26T16:22:29.800000,9.725978424071013
2015-03-26T16:22:29.900000,9.725753164293575
2015-03-26T16:22:30.000000,9.732575856094824
2015-03-26T16:22:30.100000,9.751014346177188
2015-03-26T16:22:30.200000,9.740323892375592
2015-03-26T16:22:30.300000,9.75356695533774
2015-03-26T16:22:30.400000,9.750240816801105
2015-03-26T16:22:30.500000,9.724557128186303
2015-03-26T16:22:30.600000,9.717403657614604
2015-03-26T16:22:30.700000,9.728250996735955
2015-03-26T16:22:30.800000,9.739446635819505
2015-03-26T16:22:30.900000,9.727347473244476
2015-03-26T16:22:31.000000,9.755333538934831
2015-03-26T16:22:31.100000,9.747898429096445
2015-03-26T16:22:31.200000,9.740101225291202
2015-03-26T16:22:31.300000,9.754570450513375
2015-03-26T16:22:31.400000,9.756449173711577
2015-03-26T16:22:31.500000,9.74523670597934
2015-03-26T16:22:31.600000,9.745626834180602
2015-03-26T16:22:31.700000,9.75838434159193
2015-03-26T16:22:31.800000,9.739664467190648
2015-03-26T16:22:31.900000,9.707600197690454
2015-03-26T16:22:32.000000,9.718970731024482
2015-03-26T16:22:32.100000,9.73709445556362
2015-03-26T16:22:32.200000,9.70354220790008
2015-03-26T16:22:32.300000,9.711532878308368
2015-03-26T16:22:32.400000,9.724419287013218
2015-03-26T16:22:32.500000,9.745053346053728
2015-03-26T16:22:32.600000,9.7505995568817
2015-03-26T16:22:32.700000,9.722486010513878
2015-03-26T16:22:32.800000,9.727889390679508
2015-03-26T16:22:32.900000,9.720131689548158
2015-03-26T16:22:33.000000,9.702432225826012
2015-03-26T16:22:33.100000,9.723067124673376
2015-03-26T16:22:33.200000,9.734256756110318
2015-03-26T16:22:33.300000,9.730790290031075
2015-03-26T16:22:33.400000,9.74885481630814
2015-03-26T16:22:33.500000,9.747937276604416
2015-03-26T16:22:33.600000,9.745808770311694
2015-03-26T16:22:33.700000,9.756695582775423
2015-03-26T16:22:33.800000,9.749795752973707
2015-03-26T16:22:33.900000,9.742889620944046
2015-03-26T16:22:34.000000,9.760889247946524
2015-03-26T16:22:34.100000,9.762726468893453
2015-03-26T16:22:34.200000,9.755657293305145
2015-03-26T16:22:34.300000,9.74717223217262
2015-03-26T16:22:34.400000,9.766178948616362
2015-03-26T16:22:34.500000,9.773022416428244
2015-03-26T16:22:34.600000,9.776646109077232
2015-03-26T16:22:34.700000,9.798796990246888
2015-03-26T16:22:34.800000,9.784329029304876
2015-03-26T16:22:34.900000,9.750172223752328
2015-03-26T16:22:35.000000,9.746299317440275
2015-03-26T16:22:35.100000,9.751434706633727
2015-03-26T16:22:35.200000,9.768729237536224
2015-03-26T16:22:35.300000,9.785928936258586
2015-03-26T16:22:35.400000,9.770255075398136
2015-03-26T16:22:35.500000,9.763219974195426
2015-03-26T16:22:35.600000,9.75372961002707
2015-03-26T16:22:35.700000,9.773069442724465
2015-03-26T16:22:35.800000,9.781259940402068
2015-03-26T16:22:35.900000,9.775498706953693
2015-03-26T16:22:36.000000,9.763734757188704
2015-03-26T16:22:36.100000,9.76448620600461
2015-03-26T16:22:36.200000,9.778903970690846
2015-03-26T16:22:36.300000,9.766437472501714
2015-03-26T16:22:36.400000,9.765178218264923
2015-03-26T16:22:36.500000,9.769648669263333
2015-03-26T16:22:36.600000,9.747116945937996
2015-03-26T16:22:36.700000,9.753108330767567
2015-03-26T16:22:36.800000,9.751142772203949
2015-03-26T16:22:36.900000,9.735478658855406
2015-03-26T16:22:37.000000,9.747321268184916
2015-03-26T16:22:37.100000,9.755068085962009
2015-03-26T16:22:37.200000,9.76145677101163
2015-03-26T16:22:37.300000,9.75519684609387
2015-03-26T16:22:37.400000,9.749125364498372
2015-03-26T16:22:37.500000,9.744691500090166
2015-03-26T16:22:37.600000,9.738709530182424
2015-03-26T16:22:37.700000,9.753895865584514
2015-03-26T16:22:37.800000,9.7435250902535
2015-03-26T16:22:37.900000,9.73802754258446
2015-03-26T16:22:38.000000,9.735996448463435
2015-03-26T16:22:38.100000,9.731563867318236
2015-03-26T16:22:38.200000,9.701505360809682
2015-03-26T16:22:38.300000,9.699240058898418
2015-03-26T16:22:38.400000,9.699841735921073
2015-03-26T16:22:38.500000,9.721630317875814
2015-03-26T16:22:38.600000,9.730472835831671
2015-03-26T16:22:38.700000,9.728564757395375
2015-03-26T16:22:38.800000,9.700464953956052
2015-03-26T16:22:38.900000,9.680242938447714
2015-03-26T16:22:39.000000,9.720636022625047
2015-03-26T16:22:39.100000,9.737293736324478
2015-03-26T16:22:39.200000,9.71716746283225
2015-03-26T16:22:39.300000,9.706410844184648
2015-03-26T16:22:39.400000,9.738291004675766
2015-03-26T16:22:39.500000,9.742062826017172
2015-03-26T16:22:39.600000,9.71698801830673
2015-03-26T16:22:39.700000,9.72542587458596
2015-03-26T16:22:39.800000,9.743013040459344
2015-03-26T16:22:39.900000,9.734468028292458
2015-03-26T16:22:40.000000,9.737244484755456
2015-03-26T16:22:40.100000,9.733701009116238
2015-03-26T16:22:40.200000,9.743491157454756
2015-03-26T16:22:40.300000,9.71822953307418
2015-03-26T16:22:40.400000,9.734718979619384
2015-03-26T16:22:40.500000,9.759842373890422
2015-03-26T16:22:40.600000,9.746997988161477
2015-03-26T16:22:40.700000,9.729927651337348
2015-03-26T16:22:40.800000,9.725937090696672
2015-03-26T16:22:40.900000,9.746082198537728
2015-03-26T16:22:41.000000,9.75683222761112
2015-03-26T16:22:41.100000,9.756038630062514
2015-03-26T16:22:41.200000,9.761004709064592
2015-03-26T16:22:41.300000,9.74739506817033
2015-03-26T16:22:41.400000,9.754138603106142
2015-03-26T16:22:41.500000,9.769474823596935
2015-03-26T16:22:41.600000,9.747499561585997
2015-03-26T16:22:41.700000,9.732977681585576
2015-03-26T16:22:41.800000,9.732343060458197
2015-03-26T16:22:41.900000,9.790297084751996
2015-03-26T16:22:42.000000,9.770428717135283
2015-03-26T16:22:42.100000,9.752610942052756
2015-03-26T16:22:42.200000,9.765491357013325
2015-03-26T16:22:42.300000,9.761507683956976
2015-03-26T16:22:42.400000,9.761521361440126
2015-03-26T16:22:42.500000,9.752485752960828
2015-03-26T16:22:42.600000,9.75109127821204
2015-03-26T16:22:42.700000,9.759706845083414
2015-03-26T16:22:42.800000,9.762808675855904
2015-03-26T16:22:42.900000,9.763205499058396
2015-03-26T16:22:43.000000,9.763972460809578
2015-03-26T16:22:43.100000,9.769969621144948
2015-03-26T16:22:43.200000,9.77180692700909
2015-03-26T16:22:43.300000,9.77507576655843
2015-03-26T16:22:43.400000,9.75190867183546
2015-03-26T16:22:43.500000,9.753075992751327
2015-03-26T16:22:43.600000,9.75479874335055
2015-03-26T16:22:43.700000,9.75702250737632
2015-03-26T16:22:43.800000,9.767508708377283
2015-03-26T16:22:43.900000,9.75055698860955
2015-03-26T16:22:44.000000,9.750798859769
2015-03-26T16:22:44.100000,9.75052771366538
2015-03-26T16:22:44.200000,9.740406634085607
2015-03-26T16:22:44.300000,9.743885625371384
2015-03-26T16:22:44.400000,9.74214227166013
2015-03-26T16:22:44.500000,9.73741418799328
2015-03-26T16:22:44.600000,9.76168153774434
2015-03-26T16:22:44.700000,9.768782272707924
2015-03-26T16:22:44.800000,9.753692037416682
2015-03-26T16:22:44.900000,9.742355459867882
2015-03-26T16:22:45.000000,9.74076747031621
2015-03-26T16:22:45.100000,9.749449921467727
2015-03-26T16:22:45.200000,9.725408763602514
2015-03-26T16:22:45.300000,9.718230655869348
2015-03-26T16:22:45.400000,9.735192881573688
2015-03-26T16:22:45.500000,9.74549826537948
2015-03-26T16:22:45.600000,9.739110436261564
2015-03-26T16:22:45.700000,9.738908975901662
2015-03-26T16:22:45.800000,9.744601811404674
2015-03-26T16:22:45.900000,9.744308299628852
2015-03-26T16:22:46.000000,9.736581355249536
2015-03-26T16:22:46.100000,9.725674597204526
2015-03-26T16:22:46.200000,9.73021079509
2015-03-26T16:22:46.300000,9.742714906108358
2015-03-26T16:22:46.400000,9.72907550925697
2015-03-26T16:22:46.500000,9.728065695929349
2015-03-26T16:22:46.600000,9.723557638157995
2015-03-26T16:22:46.700000,9.731728606685571
2015-03-26T16:22:46.800000,9.739822738177594
2015-03-26T16:22:46.900000,9.74617441388511
2015-03-26T16:22:47.000000,9.75330822587935
2015-03-26T16:22:47.100000,9.745156492138465
2015-03-26T16:22:47.200000,9.740718702872686
2015-03-26T16:22:47.300000,9.74770880637123
2015-03-26T16:22:47.400000,9.759088174260832
2015-03-26T16:22:47.500000,9.761098719418284
2015-03-26T16:22:47.600000,9.748157361558055
2015-03-26T16:22:47.700000,9.746632377609828
2015-03-26T16:22:47.800000,9.728362403341697
2015-03-26T16:22:47.900000,9.723561728099174
2015-03-26T16:22:48.000000,9.745221062744244
2015-03-26T16:22:48.100000,9.759260159461949
2015-03-26T16:22:48.200000,9.758758097755816
2015-03-26T16:22:48.300000,9.758491754343432
2015-03-26T16:22:48.400000,9.728798669922073
2015-03-26T16:22:48.500000,9.766049046426392
2015-03-26T16:22:48.600000,9.779756968167078
2015-03-26T16:22:48.700000,9.75193784623227
2015-03-26T16:22:48.800000,9.753263847220392
2015-03-26T16:22:48.900000,9.757767136550234
2015-03-26T16:22:49.000000,9.741436745737364
2015-03-26T16:22:49.100000,9.73693838587294
2015-03-26T16:22:49.200000,9.772005522636375
2015-03-26T16:22:49.300000,9.77197443851998
2015-03-26T16:22:49.400000,9.742368686249192
2015-03-26T16:22:49.500000,9.75869778762332
2015-03-26T16:22:49.600000,9.769614390897916
2015-03-26T16:22:49.700000,9.760024588140578
2015-03-26T16:22:49.800000,9.77201747747478
2015-03-26T16:22:49.900000,9.764080947014545
2015-03-26T16:22:50.000000,9.758670171397528
2015-03-26T16:22:50.100000,9.74281259957424
2015-03-26T16:22:50.200000,9.753080600986882
2015-03-26T16:22:50.300000,9.75694783098294
2015-03-26T16:22:50.400000,9.766092043057377
2015-03-26T16:22:50.500000,9.79109835897126
2015-03-26T16:22:50.600000,9.772253355469852
2015-03-26T16:22:50.700000,9.75578528555783
2015-03-26T16:22:50.800000,9.751804640076804
2015-03-26T16:22:50.900000,9.749312784777596
2015-03-26T16:22:51.000000,9.752190173181427
2015-03-26T16:22:51.100000,9.759182033728848
2015-03-26T16:22:51.200000,9.775241847146315
2015-03-26T16:22:51.300000,9.755475327199456
2015-03-26T16:22:51.400000,9.744487277656845
2015-03-26T16:22:51.500000,9.7448785033881
2015-03-26T16:22:51.600000,9.731512958327478
2015-03-26T16:22:51.700000,9.733004400705182
2015-03-26T16:22:51.800000,9.74423371992795
2015-03-26T16:22:51.900000,9.73130979213681
2015-03-26T16:22:52.000000,9.72582083951453
2015-03-26T16:22:52.100000,9.720304587029204
2015-03-26T16:22:52.200000,9.708562063029827
2015-03-26T16:22:52.300000,9.706808052781962
2015-03-26T16:22:52.400000,9.72003312235515
2015-03-26T16:22:52.500000,9.732730456493064
2015-03-26T16:22:52.600000,9.735743695111092
2015-03-26T16:22:52.700000,9.711056325764186
2015-03-26T16:22:52.800000,9.69448815188359
2015-03-26T16:22:52.900000,9.711965933379474
2015-03-26T16:22:53.000000,9.726469699391696
2015-03-26T16:22:53.100000,9.735396976284308
2015-03-26T16:22:53.200000,9.75321379626734
2015-03-26T16:22:53.300000,9.74870648589882
2015-03-26T16:22:53.400000,9.721298557923877
2015-03-26T16:22:53.500000,9.727834142672036
2015-03-26T16:22:53.600000,9.73349540514923
2015-03-26T16:22:53.700000,9.730045528235973
2015-03-26T16:22:53.800000,9.731610210840142
2015-03-26T16:22:53.900000,9.748893650409492
2015-03-26T16:22:54.000000,9.76035423187588
2015-03-26T16:22:54.100000,9.775552136344707
2015-03-26T16:22:54.200000,9.766192984696502
2015-03-26T16:22:54.300000,9.77540789711346
2015-03-26T16:22:54.400000,9.7514543414959
2015-03-26T16:22:54.500000,9.75398155603118
2015-03-26T16:22:54.600000,9.77608921342926
2015-03-26T16:22:54.700000,9.766899051431595
2015-03-26T16:22:54.800000,9.740893364096724
2015-03-26T16:22:54.900000,9.752037372798798
2015-03-26T16:22:55.000000,9.747909367119094
2015-03-26T16:22:55.100000,9.75172948745695
2015-03-26T16:22:55.200000,9.769480348624151
2015-03-26T16:22:55.300000,9.75904653551333
2015-03-26T16:22:55.400000,9.77335151621748
2015-03-26T16:22:55.500000,9.74635610054734
2015-03-26T16:22:55.600000,9.74759330603731
2015-03-26T16:22:55.700000,9.778631546623837
2015-03-26T16:22:55.800000,9.759691816924168
2015-03-26T16:22:55.900000,9.741915064155554
2015-03-26T16:22:56.000000,9.780190722628229
2015-03-26T16:22:56.100000,9.77091787208937
2015-03-26T16:22:56.200000,9.751105126193872
2015-03-26T16:22:56.300000,9.73886309583127
2015-03-26T16:22:56.400000,9.730927899097038
2015-03-26T16:22:56.500000,9.757807718393453
2015-03-26T16:22:56.600000,9.752155971381278
2015-03-26T16:22:56.700000,9.734194562103765
2015-03-26T16:22:56.800000,9.73362260248736
2015-03-26T16:22:56.900000,9.75082856695698
2015-03-26T16:22:57.000000,9.766013845398708
2015-03-26T16:22:57.100000,9.76111410274441
2015-03-26T16:22:57.200000,9.738908619254468
2015-03-26T16:22:57.300000,9.728839241208895
2015-03-26T16:22:57.400000,9.726453223092545
2015-03-26T16:22:57.500000,9.726831667772036
2015-03-26T16:22:57.600000,9.752835073793632
2015-03-26T16:22:57.700000,9.77757374651393
2015-03-26T16:22:57.800000,9.753475196497376
2015-03-26T16:22:57.900000,9.74301590307411
2015-03-26T16:22:58.000000,9.729063355783229
2015-03-26T16:22:58.100000,9.726909940610712
2015-03-26T16:22:58.200000,9.722505010011972
2015-03-26T16:22:58.300000,9.735550438539764
2015-03-26T16:22:58.400000,9.7575236321048
2015-03-26T16:22:58.500000,9.756836999661326
2015-03-26T16:22:58.600000,9.749138386651518
2015-03-26T16:22:58.700000,9.750499966061708
2015-03-26T16:22:58.800000,9.725253392541113
2015-03-26T16:22:58.900000,9.71246086379722
2015-03-26T16:22:59.000000,9.754100774123271
2015-03-26T16:22:59.100000,9.773620565903313
2015-03-26T16:22:59.200000,9.761542361028358
2015-03-26T16:22:59.300000,9.751398628478553
2015-03-26T16:22:59.400000,9.755165764185705
2015-03-26T16:22:59.500000,9.750855998680915
2015-03-26T16:22:59.600000,9.74139771058944
2015-03-26T16:22:59.700000,9.759669750186408
2015-03-26T16:22:59.800000,9.781914619330744
2015-03-26T16:22:59.900000,9.767343484218168
2015-03-26T16:23:00.000000,9.750543825115102
2015-03-26T16:23:00.100000,9.752539898306866
2015-03-26T16:23:00.200000,9.77006262796756
2015-03-26T16:23:00.300000,9.76657118770238
2015-03-26T16:23:00.400000,9.769012346141103
2015-03-26T16:23:00.500000,9.778042999938071
2015-03-26T16:23:00.600000,9.778609682592624
2015-03-26T16:23:00.700000,9.739725904285894
2015-03-26T16:23:00.800000,9.740673385217953
2015-03-26T16:23:00.900000,9.764225196150184
2015-03-26T16:23:01.000000,9.760722424492126
2015-03-26T16:23:01.100000,9.760178537868384
2015-03-26T16:23:01.200000,9.748690172783078
2015-03-26T16:23:01.300000,9.739361809363595
2015-03-26T16:23:01.400000,9.732443527910611
2015-03-26T16:23:01.500000,9.734523091615593
2015-03-26T16:23:01.600000,9.750600231813507
2015-03-26T16:23:01.700000,9.7528298201752
2015-03-26T16:23:01.800000,9.747037546880572
2015-03-26T16:23:01.900000,9.73594129056532
2015-03-26T16:23:02.000000,9.732701265805328
2015-03-26T16:23:02.100000,9.739045835661743
2015-03-26T16:23:02.200000,9.753098933129989
2015-03-26T16:23:02.300000,9.749540379467769
2015-03-26T16:23:02.400000,9.727787624025078
2015-03-26T16:23:02.500000,9.711782309708054
2015-03-26T16:23:02.600000,9.717397460706117
2015-03-26T16:23:02.700000,9.719087811447492
2015-03-26T16:23:02.800000,9.73321977324527
2015-03-26T16:23:02.900000,9.746535409152749
2015-03-26T16:23:03.000000,9.727789540713488
2015-03-26T16:23:03.100000,9.738829215608485
2015-03-26T16:23:03.200000,9.72586103937327
2015-03-26T16:23:03.300000,9.70497379516783
2015-03-26T16:23:03.400000,9.73523341088363
2015-03-26T16:23:03.500000,9.732535494415483
2015-03-26T16:23:03.600000,9.7340135826125
2015-03-26T16:23:03.700000,9.738888552004822
2015-03-26T16:23:03.800000,9.752990771915693
2015-03-26T16:23:03.900000,9.76582973294058
2015-03-26T16:23:04.000000,9.762222056964852
2015-03-26T16:23:04.100000,9.72458716305073
2015-03-26T16:23:04.200000,9.73085069744577
2015-03-26T16:23:04.300000,9.748358322947084
2015-03-26T16:23:04.400000,9.745416198732263
2015-03-26T16:23:04.500000,9.746663699197574
2015-03-26T16:23:04.600000,9.728898564110343
2015-03-26T16:23:04.700000,9.73831211823364
2015-03-26T16:23:04.800000,9.76275140160498
2015-03-26T16:23:04.900000,9.772306028527398
2015-03-26T16:23:05.000000,9.765387761609071
2015-03-26T16:23:05.100000,9.778665058183831
2015-03-26T16:23:05.200000,9.776720807308177
2015-03-26T16:23:05.300000,9.773720809816064
2015-03-26T16:23:05.400000,9.774567372328184
2015-03-26T16:23:05.500000,9.795144227364672
2015-03-26T16:23:05.600000,9.791754849078275
2015-03-26T16:23:05.700000,9.765711302043206
2015-03-26T16:23:05.800000,9.74430253087238
2015-03-26T16:23:05.900000,9.754491137194968
2015-03-26T16:23:06.000000,9.75723650692119
2015-03-26T16:23:06.100000,9.76268615033602
2015-03-26T16:23:06.200000,9.762913749540868
2015-03-26T16:23:06.300000,9.744868963304606
2015-03-26T16:23:06.400000,9.750630655999442
2015-03-26T16:23:06.500000,9.76412966265446
2015-03-26T16:23:06.600000,9.757850808715611
2015-03-26T16:23:06.700000,9.756289275741176
2015-03-26T16:23:06.800000,9.74794714686984
2015-03-26T16:23:06.900000,9.733093832596614
2015-03-26T16:23:07.000000,9.727763154746242
2015-03-26T16:23:07.100000,9.7214439253645
2015-03-26T16:23:07.200000,9.741479136964973
2015-03-26T16:23:07.300000,9.735471031905794
2015-03-26T16:23:07.400000,9.735924514068548
2015-03-26T16:23:07.500000,9.735741809595975
2015-03-26T16:23:07.600000,9.7206689383116
2015-03-26T16:23:07.700000,9.715535738130187
2015-03-26T16:23:07.800000,9.716410005295174
2015-03-26T16:23:07.900000,9.737158074710422
2015-03-26T16:23:08.000000,9.746954864582262
2015-03-26T16:23:08.100000,9.734107018034488
2015-03-26T16:23:08.200000,9.753934804594415
2015-03-26T16:23:08.300000,9.751637653434418
2015-03-26T16:23:08.400000,9.727835238831158
2015-03-26T16:23:08.500000,9.74791350501384
2015-03-26T16:23:08.600000,9.74158748682224
2015-03-26T16:23:08.700000,9.728814072744616
2015-03-26T16:23:08.800000,9.736963367432612
2015-03-26T16:23:08.900000,9.706493176846209
2015-03-26T16:23:09.000000,9.702500095106892
2015-03-26T16:23:09.100000,9.729517046039229
2015-03-26T16:23:09.200000,9.737608556577312
2015-03-26T16:23:09.300000,9.762964927327417
2015-03-26T16:23:09.400000,9.771730546531783
2015-03-26T16:23:09.500000,9.754955173667952
2015-03-26T16:23:09.600000,9.75748779965979
2015-03-26T16:23:09.700000,9.754622929066745
2015-03-26T16:23:09.800000,9.758664511446636
2015-03-26T16:23:09.900000,9.758724147897148
2015-03-26T16:23:10.000000,9.752959666914885
2015-03-26T16:23:10.100000,9.761948139782351
2015-03-26T16:23:10.200000,9.774905478989524
2015-03-26T16:23:10.300000,9.773594035056544
2015-03-26T16:23:10.400000,9.7739508432062
2015-03-26T16:23:10.500000,9.7617712170913
2015-03-26T16:23:10.600000,9.746507074000617
2015-03-26T16:23:10.700000,9.758989516049471
2015-03-26T16:23:10.800000,9.75107471362672
2015-03-26T16:23:10.900000,9.743393845545535
2015-03-26T16:23:11.000000,9.75688185977546
2015-03-26T16:23:11.100000,9.735555708795674
2015-03-26T16:23:11.200000,9.759756204802082
2015-03-26T16:23:11.300000,9.763016813392952
2015-03-26T16:23:11.400000,9.735386485697903
2015-03-26T16:23:11.500000,9.70882641124658
2015-03-26T16:23:11.600000,9.720467182987369
2015-03-26T16:23:11.700000,9.726859517492167
2015-03-26T16:23:11.800000,9.72058713119951
2015-03-26T16:23:11.900000,9.75980043481615
2015-03-26T16:23:12.000000,9.764910548080165
2015-03-26T16:23:12.100000,9.750306756952776
2015-03-26T16:23:12.200000,9.724992507385574
2015-03-26T16:23:12.300000,9.720069509589486
2015-03-26T16:23:12.400000,9.731939458064964
2015-03-26T16:23:12.500000,9.740574515164628
2015-03-26T16:23:12.600000,9.73673850104943
2015-03-26T16:23:12.700000,9.747263161040316
2015-03-26T16:23:12.800000,9.76193815814606
2015-03-26T16:23:12.900000,9.73864306515679
2015-03-26T16:23:13.000000,9.723590052554531
2015-03-26T16:23:13.100000,9.73277152434054
2015-03-26T16:23:13.200000,9.731806531128322
2015-03-26T16:23:13.300000,9.730609593112844
2015-03-26T16:23:13.400000,9.745258207200871
2015-03-26T16:23:13.500000,9.753556877856344
2015-03-26T16:23:13.600000,9.749113987390936
2015-03-26T16:23:13.700000,9.765911664925916
2015-03-26T16:23:13.800000,9.766867510630137
2015-03-26T16:23:13.900000,9.754496412436314
2015-03-26T16:23:14.000000,9.757954539171758
2015-03-26T16:23:14.100000,9.778267212841646
2015-03-26T16:23:14.200000,9.804213407990584
2015-03-26T16:23:14.300000,9.78953687562986
2015-03-26T16:23:14.400000,9.768394319845456
2015-03-26T16:23:14.500000,9.771926968027424
2015-03-26T16:23:14.600000,9.75698655815444
2015-03-26T16:23:14.700000,9.754954102406272
2015-03-26T16:23:14.800000,9.770193942292751
2015-03-26T16:23:14.900000,9.750269818843831
2015-03-26T16:23:15.000000,9.762449593014848
2015-03-26T16:23:15.100000,9.774718633948131
2015-03-26T16:23:15.200000,9.764846500925604
2015-03-26T16:23:15.300000,9.772946741758505
2015-03-26T16:23:15.400000,9.766941181565649
2015-03-26T16:23:15.500000,9.730595757079492
2015-03-26T16:23:15.600000,9.735513681305516
2015-03-26T16:23:15.700000,9.746010193442013
2015-03-26T16:23:15.800000,9.739516362458698
2015-03-26T16:23:15.900000,9.73564423630265
2015-03-26T16:23:16.000000,9.719598098424116
2015-03-26T16:23:16.100000,9.71575321999524
2015-03-26T16:23:16.200000,9.73954970513006
2015-03-26T16:23:16.300000,9.737213612397138
2015-03-26T16:23:16.400000,9.723052430510965
2015-03-26T16:23:16.500000,9.721614440482917
2015-03-26T16:23:16.600000,9.722164151045332
2015-03-26T16:23:16.700000,9.731575137907935
2015-03-26T16:23:16.800000,9.724161617369626
2015-03-26T16:23:16.900000,9.73530424502434
2015-03-26T16:23:17.000000,9.73024951615285
2015-03-26T16:23:17.100000,9.741849304710462
2015-03-26T16:23:17.200000,9.74165163764656
2015-03-26T16:23:17.300000,9.733816833686214
2015-03-26T16:23:17.400000,9.77323300849812
2015-03-26T16:23:17.500000,9.782267673765649
2015-03-26T16:23:17.600000,9.762212597654916
2015-03-26T16:23:17.700000,9.756064509232983
2015-03-26T16:23:17.800000,9.746801897734318
2015-03-26T16:23:17.900000,9.730536365578764
2015-03-26T16:23:18.000000,9.72464504110151
2015-03-26T16:23:18.100000,9.731544254457672
2015-03-26T16:23:18.200000,9.750498140336934
2015-03-26T16:23:18.300000,9.752279916356397
2015-03-26T16:23:18.400000,9.74474827406168
2015-03-26T16:23:18.500000,9.765707450834707
2015-03-26T16:23:18.600000,9.76417632289076
2015-03-26T16:23:18.700000,9.765713254803934
2015-03-26T16:23:18.800000,9.770403489433344
2015-03-26T16:23:18.900000,9.770872675434692
2015-03-26T16:23:19.000000,9.770978652387862
2015-03-26T16:23:19.100000,9.74615073447644
2015-03-26T16:23:19.200000,9.766116572257488
2015-03-26T16:23:19.300000,9.788653043419083
2015-03-26T16:23:19.400000,9.767541193107244
2015-03-26T16:23:19.500000,9.759576472977482
2015-03-26T16:23:19.600000,9.757118379573791
2015-03-26T16:23:19.700000,9.77990319002842
2015-03-26T16:23:19.800000,9.766059379319987
2015-03-26T16:23:19.900000,9.752860087470992
2015-03-26T16:23:20.000000,9.765428707518875
2015-03-26T16:23:20.100000,9.771451232266324
2015-03-26T16:23:20.200000,9.761371206094443
2015-03-26T16:23:20.300000,9.74545004311743
2015-03-26T16:23:20.400000,9.727280248826093
2015-03-26T16:23:20.500000,9.747064787431064
2015-03-26T16:23:20.600000,9.743337859994398
2015-03-26T16:23:20.700000,9.739737147977015
2015-03-26T16:23:20.800000,9.74594421249584
2015-03-26T16:23:20.900000,9.744931552660368
2015-03-26T16:23:21.000000,9.757526537415211
2015-03-26T16:23:21.100000,9.745522657757412
2015-03-26T16:23:21.200000,9.720773807092796
2015-03-26T16:23:21.300000,9.753223650407604
2015-03-26T16:23:21.400000,9.758233196637269
2015-03-26T16:23:21.500000,9.733503988431067
2015-03-26T16:23:21.600000,9.735190107903971
2015-03-26T16:23:21.700000,9.750129542326333
2015-03-26T16:23:21.800000,9.7463392750076
2015-03-26T16:23:21.900000,9.736058417827008
2015-03-26T16:23:22.000000,9.738778098015954
2015-03-26T16:23:22.100000,9.743302007235885
2015-03-26T16:23:22.200000,9.752306208879526
2015-03-26T16:23:22.300000,9.746013250395205
2015-03-26T16:23:22.400000,9.75114839260962
2015-03-26T16:23:22.500000,9.746253266282622
2015-03-26T16:23:22.600000,9.748600453225665
2015-03-26T16:23:22.700000,9.758477603640571
2015-03-26T16:23:22.800000,9.779202602309732
2015-03-26T16:23:22.900000,9.778136357269537
2015-03-26T16:23:23.000000,9.76106042949758
2015-03-26T16:23:23.100000,9.761166744242464
2015-03-26T16:23:23.200000,9.764526700495226
2015-03-26T16:23:23.300000,9.776712717090527
2015-03-26T16:23:23.400000,9.789709416019464
2015-03-26T16:23:23.500000,9.765603940438297
2015-03-26T16:23:23.600000,9.755950847938042
2015-03-26T16:23:23.700000,9.752399077314475
2015-03-26T16:23:23.800000,9.76639037697157
2015-03-26T16:23:23.900000,9.77621285755236
2015-03-26T16:23:24.000000,9.766439000047823
2015-03-26T16:23:24.100000,9.769623362419084
2015-03-26T16:23:24.200000,9.78609264457558
2015-03-26T16:23:24.300000,9.773784265578009
2015-03-26T16:23:24.400000,9.77977905211991
2015-03-26T16:23:24.500000,9.76999568804974
2015-03-26T16:23:24.600000,9.766088848775563
2015-03-26T16:23:24.700000,9.755349035854632
2015-03-26T16:23:24.800000,9.758830210574288
2015-03-26T16:23:24.900000,9.78534146455
2015-03-26T16:23:25.000000,9.782393863289949
2015-03-26T16:23:25.100000,9.761429430829454
2015-03-26T16:23:25.200000,9.75436614103622
2015-03-26T16:23:25.300000,9.739346763631469
2015-03-26T16:23:25.400000,9.748462146672036
2015-03-26T16:23:25.500000,9.754503140890252
2015-03-26T16:23:25.600000,9.741227984721984
2015-03-26T16:23:25.700000,9.731377875880304
2015-03-26T16:23:25.800000,9.72448596431207
2015-03-26T16:23:25.900000,9.729734091836722
2015-03-26T16:23:26.000000,9.740858220585237
2015-03-26T16:23:26.100000,9.75208925780418
2015-03-26T16:23:26.200000,9.729495860973804
2015-03-26T16:23:26.300000,9.71775354358772
2015-03-26T16:23:26.400000,9.71556499060454
2015-03-26T16:23:26.500000,9.708390245861697
2015-03-26T16:23:26.600000,9.726346148149172
2015-03-26T16:23:26.700000,9.75534185943873
2015-03-26T16:23:26.800000,9.745104102838
2015-03-26T16:23:26.900000,9.709953182146034
2015-03-26T16:23:27.000000,9.712946039490705
2015-03-26T16:23:27.100000,9.726279046294067
2015-03-26T16:23:27.200000,9.708061369636404
2015-03-26T16:23:27.300000,9.702534822458786
2015-03-26T16:23:27.400000,9.72565459331662
2015-03-26T16:23:27.500000,9.723993959787828
2015-03-26T16:23:27.600000,9.702634627477211
2015-03-26T16:23:27.700000,9.743174634502004
2015-03-26T16:23:27.800000,9.74623683378194
2015-03-26T16:23:27.900000,9.73163354851852
2015-03-26T16:23:28.000000,9.73720310741909
2015-03-26T16:23:28.100000,9.7638665699091
2015-03-26T16:23:28.200000,9.755559804353863
2015-03-26T16:23:28.300000,9.75398114851646
2015-03-26T16:23:28.400000,9.759918758897264
2015-03-26T16:23:28.500000,9.7572486617138
2015-03-26T16:23:28.600000,9.76084781072869
2015-03-26T16:23:28.700000,9.754916240503167
2015-03-26T16:23:28.800000,9.76509592377834
2015-03-26T16:23:28.900000,9.762922307275932
2015-03-26T16:23:29.000000,9.76648900192888
2015-03-26T16:23:29.100000,9.769019567904072
2015-03-26T16:23:29.200000,9.767009018861163
2015-03-26T16:23:29.300000,9.77813200521154
2015-03-26T16:23:29.400000,9.78275256040009
2015-03-26T16:23:29.500000,9.789299293123191
2015-03-26T16:23:29.600000,9.780993438721122
2015-03-26T16:23:29.700000,9.781717463853369
2015-03-26T16:23:29.800000,9.753788029460951
2015-03-26T16:23:29.900000,9.750220826080442
2015-03-26T16:23:30.000000,9.747363130478185
2015-03-26T16:23:30.100000,9.77385744545805
2015-03-26T16:23:30.200000,9.7669458330466
2015-03-26T16:23:30.300000,9.753914699060063
2015-03-26T16:23:30.400000,9.753004566813456
2015-03-26T16:23:30.500000,9.7702612420106
2015-03-26T16:23:30.600000,9.752447518853794
2015-03-26T16:23:30.700000,9.738242013574634
2015-03-26T16:23:30.800000,9.740395707087716
2015-03-26T16:23:30.900000,9.754468899650654
2015-03-26T16:23:31.000000,9.77659608389469
2015-03-26T16:23:31.100000,9.760285967401634
2015-03-26T16:23:31.200000,9.73926726236946
2015-03-26T16:23:31.300000,9.733568300018668
2015-03-26T16:23:31.400000,9.743737176876255
2015-03-26T16:23:31.500000,9.747309763695966
2015-03-26T16:23:31.600000,9.735026949738508
2015-03-26T16:23:31.700000,9.72964550822822
2015-03-26T16:23:31.800000,9.737392084670567
2015-03-26T16:23:31.900000,9.740898393370513
2015-03-26T16:23:32.000000,9.743678828073165
2015-03-26T16:23:32.100000,9.724461803809769
2015-03-26T16:23:32.200000,9.704933625621884
2015-03-26T16:23:32.300000,9.710442584668751
2015-03-26T16:23:32.400000,9.71727054425523
2015-03-26T16:23:32.500000,9.71834925563109
2015-03-26T16:23:32.600000,9.72611739843702
2015-03-26T16:23:32.700000,9.736752869240894
2015-03-26T16:23:32.800000,9.731664106941713
2015-03-26T16:23:32.900000,9.732617980303765
2015-03-26T16:23:33.000000,9.733883441525304
2015-03-26T16:23:33.100000,9.730175394616564
2015-03-26T16:23:33.200000,9.747967256874364
2015-03-26T16:23:33.300000,9.737899265224645
2015-03-26T16:23:33.400000,9.727977032671632
2015-03-26T16:23:33.500000,9.743875111306942
2015-03-26T16:23:33.600000,9.743271739841584
2015-03-26T16:23:33.700000,9.739470519113706
2015-03-26T16:23:33.800000,9.73007925725527
2015-03-26T16:23:33.900000,9.723495087706286
2015-03-26T16:23:34.000000,9.734700202724657
2015-03-26T16:23:34.100000,9.754847653837178
2015-03-26T16:23:34.200000,9.761328159182444
2015-03-26T16:23:34.300000,9.760106788388658
2015-03-26T16:23:34.400000,9.753460899950356
2015-03-26T16:23:34.500000,9.74549103165969
2015-03-26T16:23:34.600000,9.756754399254524
2015-03-26T16:23:34.700000,9.782661109200625
2015-03-26T16:23:34.800000,9.76980359626946
2015-03-26T16:23:34.900000,9.745572021557331
2015-03-26T16:23:35.000000,9.750140398065598
2015-03-26T16:23:35.100000,9.762756713605643
2015-03-26T16:23:35.200000,9.77548310573906
2015-03-26T16:23:35.300000,9.770661947735984
2015-03-26T16:23:35.400000,9.758390609964772
2015-03-26T16:23:35.500000,9.772636842099033
2015-03-26T16:23:35.600000,9.76891906746373
2015-03-26T16:23:35.700000,9.765647585663
2015-03-26T16:23:35.800000,9.762926359355186
2015-03-26T16:23:35.900000,9.74368687208636
2015-03-26T16:23:36.000000,9.755601916746324
2015-03-26T16:23:36.100000,9.76465513866518
2015-03-26T16:23:36.200000,9.781608378481458
2015-03-26T16:23:36.300000,9.78293831379794
2015-03-26T16:23:36.400000,9.751320805817668
2015-03-26T16:23:36.500000,9.752217237088924
2015-03-26T16:23:36.600000,9.758515719336376
2015-03-26T16:23:36.700000,9.7732334352487
2015-03-26T16:23:36.800000,9.788523862540584
2015-03-26T16:23:36.900000,9.767241282384976
2015-03-26T16:23:37.000000,9.744765897662225
2015-03-26T16:23:37.100000,9.727657832716174
2015-03-26T16:23:37.200000,9.727740603523502
2015-03-26T16:23:37.300000,9.752852526321874
2015-03-26T16:23:37.400000,9.751080562410849
2015-03-26T16:23:37.500000,9.7307248598904
2015-03-26T16:23:37.600000,9.728508498388514
2015-03-26T16:23:37.700000,9.726550428558363
2015-03-26T16:23:37.800000,9.724079919634756
2015-03-26T16:23:37.900000,9.73753454752969
2015-03-26T16:23:38.000000,9.741622252977868
2015-03-26T16:23:38.100000,9.754349537499005
2015-03-26T16:23:38.200000,9.748413602884844
2015-03-26T16:23:38.300000,9.74145174545258
2015-03-26T16:23:38.400000,9.72002898888426
2015-03-26T16:23:38.500000,9.72409742479827
2015-03-26T16:23:38.600000,9.75086879876514
2015-03-26T16:23:38.700000,9.758687076591892
2015-03-26T16:23:38.800000,9.737491173857268
2015-03-26T16:23:38.900000,9.73998482413478
2015-03-26T16:23:39.000000,9.740024746344876
2015-03-26T16:23:39.100000,9.750848577755074
2015-03-26T16:23:39.200000,9.739300914169531
2015-03-26T16:23:39.300000,9.718594026777836
2015-03-26T16:23:39.400000,9.743619415962204
2015-03-26T16:23:39.500000,9.741944208103035
2015-03-26T16:23:39.600000,9.73237423324079
2015-03-26T16:23:39.700000,9.740480216159003
2015-03-26T16:23:39.800000,9.783806920347589
2015-03-26T16:23:39.900000,9.79533545371818
2015-03-26T16:23:40.000000,9.784082118762058
2015-03-26T16:23:40.100000,9.7603621695934
2015-03-26T16:23:40.200000,9.74610032221317
2015-03-26T16:23:40.300000,9.75199005444576
2015-03-26T16:23:40.400000,9.7485484406393
2015-03-26T16:23:40.500000,9.756780753574114
2015-03-26T16:23:40.600000,9.774470974422009
2015-03-26T16:23:40.700000,9.773675956041862
2015-03-26T16:23:40.800000,9.7461811337091
2015-03-26T16:23:40.900000,9.760338479020984
2015-03-26T16:23:41.000000,9.77044498920887
2015-03-26T16:23:41.100000,9.774120958632748
2015-03-26T16:23:41.200000,9.77029528540154
2015-03-26T16:23:41.300000,9.7454512623402
2015-03-26T16:23:41.400000,9.740562043039333
2015-03-26T16:23:41.500000,9.744113084082542
2015-03-26T16:23:41.600000,9.75037233475871
2015-03-26T16:23:41.700000,9.756513227262156
2015-03-26T16:23:41.800000,9.764449011670706
2015-03-26T16:23:41.900000,9.752391632194376
2015-03-26T16:23:42.000000,9.750028149028171
2015-03-26T16:23:42.100000,9.757848398395623
2015-03-26T16:23:42.200000,9.74338901529137
2015-03-26T16:23:42.300000,9.749333793608525
2015-03-26T16:23:42.400000,9.760034855549891
2015-03-26T16:23:42.500000,9.749844008578297
2015-03-26T16:23:42.600000,9.744198295229111
2015-03-26T16:23:42.700000,9.75057838797704
2015-03-26T16:23:42.800000,9.75411716691671
2015-03-26T16:23:42.900000,9.757658587634095
2015-03-26T16:23:43.000000,9.737754180814832
2015-03-26T16:23:43.100000,9.72265504235607
2015-03-26T16:23:43.200000,9.731124135618224
2015-03-26T16:23:43.300000,9.730486555199834
2015-03-26T16:23:43.400000,9.723839061745403
2015-03-26T16:23:43.500000,9.742176359200723
2015-03-26T16:23:43.600000,9.720731974627972
2015-03-26T16:23:43.700000,9.70606194988457
2015-03-26T16:23:43.800000,9.735842531953804
2015-03-26T16:23:43.900000,9.743388871503072
2015-03-26T16:23:44.000000,9.739538937118292
2015-03-26T16:23:44.100000,9.72993191309124
2015-03-26T16:23:44.200000,9.728802757097082
2015-03-26T16:23:44.300000,9.734201571527043
2015-03-26T16:23:44.400000,9.731864859565048
2015-03-26T16:23:44.500000,9.732012237111682
2015-03-26T16:23:44.600000,9.740473019062344
2015-03-26T16:23:44.700000,9.74288863113318
2015-03-26T16:23:44.800000,9.733432594059844
2015-03-26T16:23:44.900000,9.736950339372658
2015-03-26T16:23:45.000000,9.741833920081206
2015-03-26T16:23:45.100000,9.728162245291006
2015-03-26T16:23:45.200000,9.749238216494218
2015-03-26T16:23:45.300000,9.762935416330093
2015-03-26T16:23:45.400000,9.7654299375807
2015-03-26T16:23:45.500000,9.755305125185751
2015-03-26T16:23:45.600000,9.768797203128596
2015-03-26T16:23:45.700000,9.765257840047992
2015-03-26T16:23:45.800000,9.77589361004986
2015-03-26T16:23:45.900000,9.764685639059376
2015-03-26T16:23:46.000000,9.748980061460395
2015-03-26T16:23:46.100000,9.746400418003148
2015-03-26T16:23:46.200000,9.757919035159158
2015-03-26T16:23:46.300000,9.747660628711182
2015-03-26T16:23:46.400000,9.74743846336144
2015-03-26T16:23:46.500000,9.74779137289049
2015-03-26T16:23:46.600000,9.766987991586587
2015-03-26T16:23:46.700000,9.781126081456309
2015-03-26T16:23:46.800000,9.78009230513789
2015-03-26T16:23:46.900000,9.747183268100768
2015-03-26T16:23:47.000000,9.727861952609969
2015-03-26T16:23:47.100000,9.739452646640322
2015-03-26T16:23:47.200000,9.75184828223602
2015-03-26T16:23:47.300000,9.769614510144434
2015-03-26T16:23:47.400000,9.758256953815726
2015-03-26T16:23:47.500000,9.75338043709003
2015-03-26T16:23:47.600000,9.766011969366042
2015-03-26T16:23:47.700000,9.771110223223015
2015-03-26T16:23:47.800000,9.753637400486095
2015-03-26T16:23:47.900000,9.733674270087516
2015-03-26T16:23:48.000000,9.741845064472376
2015-03-26T16:23:48.100000,9.74039053336356
2015-03-26T16:23:48.200000,9.74699891196235
2015-03-26T16:23:48.300000,9.752329410624831
2015-03-26T16:23:48.400000,9.74061490785344
2015-03-26T16:23:48.500000,9.763884574432153
2015-03-26T16:23:48.600000,9.739146940558964
2015-03-26T16:23:48.700000,9.709854551090666
2015-03-26T16:23:48.800000,9.728423138552474
2015-03-26T16:23:48.900000,9.730167344971896
2015-03-26T16:23:49.000000,9.733465749020803
2015-03-26T16:23:49.100000,9.752926947458882
2015-03-26T16:23:49.200000,9.73832084669266
2015-03-26T16:23:49.300000,9.74155756124962
2015-03-26T16:23:49.400000,9.75519117736626
2015-03-26T16:23:49.500000,9.746387997567624
2015-03-26T16:23:49.600000,9.747314133971363
2015-03-26T16:23:49.700000,9.738310251365997
2015-03-26T16:23:49.800000,9.73566799365734
2015-03-26T16:23:49.900000,9.74106670025974
2015-03-26T16:23:50.000000,9.721523881641602
2015-03-26T16:23:50.100000,9.71336573350018
2015-03-26T16:23:50.200000,9.72399162549874
2015-03-26T16:23:50.300000,9.748531377870984
2015-03-26T16:23:50.400000,9.755790228168308
2015-03-26T16:23:50.500000,9.751366655461522
2015-03-26T16:23:50.600000,9.761732548008206
2015-03-26T16:23:50.700000,9.766528762586336
2015-03-26T16:23:50.800000,9.751510094686438
2015-03-26T16:23:50.900000,9.749903564934456
2015-03-26T16:23:51.000000,9.738748292243246
2015-03-26T16:23:51.100000,9.761491308490085
2015-03-26T16:23:51.200000,9.779502318621878
2015-03-26T16:23:51.300000,9.748228207191543
2015-03-26T16:23:51.400000,9.744350367604063
2015-03-26T16:23:51.500000,9.73433834141038
2015-03-26T16:23:51.600000,9.743858943967046
2015-03-26T16:23:51.700000,9.743884147305058
2015-03-26T16:23:51.800000,9.751515407216392
2015-03-26T16:23:51.900000,9.746347300745123
2015-03-26T16:23:52.000000,9.73690312072544
2015-03-26T16:23:52.100000,9.751646756666426
2015-03-26T16:23:52.200000,9.759807326669742
2015-03-26T16:23:52.300000,9.73805222784724
2015-03-26T16:23:52.400000,9.72972283550129
2015-03-26T16:23:52.500000,9.756082597754832
2015-03-26T16:23:52.600000,9.758460304967286
2015-03-26T16:23:52.700000,9.769793177811248
2015-03-26T16:23:52.800000,9.771684115801436
2015-03-26T16:23:52.900000,9.747459519429816
2015-03-26T16:23:53.000000,9.731189070538296
2015-03-26T16:23:53.100000,9.76280377527492
2015-03-26T16:23:53.200000,9.75604870824272
2015-03-26T16:23:53.300000,9.742055709353506
2015-03-26T16:23:53.400000,9.735900072365558
2015-03-26T16:23:53.500000,9.733790393011578
2015-03-26T16:23:53.600000,9.752281369849664
2015-03-26T16:23:53.700000,9.74980442091463
2015-03-26T16:23:53.800000,9.729392250243135
2015-03-26T16:23:53.900000,9.754538162483083
2015-03-26T16:23:54.000000,9.73712226808782
2015-03-26T16:23:54.100000,9.741662620986547
2015-03-26T16:23:54.200000,9.763058101627864
2015-03-26T16:23:54.300000,9.745815959498838
2015-03-26T16:23:54.400000,9.74007274512282
2015-03-26T16:23:54.500000,9.72311822123678
2015-03-26T16:23:54.600000,9.754474509115784
2015-03-26T16:23:54.700000,9.752545231474556
2015-03-26T16:23:54.800000,9.740172818955871
2015-03-26T16:23:54.900000,9.768801951747085
2015-03-26T16:23:55.000000,9.72905210077945
2015-03-26T16:23:55.100000,9.716519423853056
2015-03-26T16:23:55.200000,9.737409087309809
2015-03-26T16:23:55.300000,9.73894189036876
2015-03-26T16:23:55.400000,9.740126456456046
2015-03-26T16:23:55.500000,9.75844351030094
2015-03-26T16:23:55.600000,9.744310989863498
2015-03-26T16:23:55.700000,9.739661808564636
2015-03-26T16:23:55.800000,9.740200099097017
2015-03-26T16:23:55.900000,9.739910639386292
2015-03-26T16:23:56.000000,9.747074285791436
2015-03-26T16:23:56.100000,9.728155523486672
2015-03-26T16:23:56.200000,9.73630513654972
2015-03-26T16:23:56.300000,9.746172334684411
2015-03-26T16:23:56.400000,9.748035297285377
2015-03-26T16:23:56.500000,9.776223286891309
2015-03-26T16:23:56.600000,9.766339803599918
2015-03-26T16:23:56.700000,9.754417241222669
2015-03-26T16:23:56.800000,9.754203387641327
2015-03-26T16:23:56.900000,9.75435558221
2015-03-26T16:23:57.000000,9.762987095912951
2015-03-26T16:23:57.100000,9.74206848657022
2015-03-26T16:23:57.200000,9.75092929577501
2015-03-26T16:23:57.300000,9.762393336316244
2015-03-26T16:23:57.400000,9.744476952167634
2015-03-26T16:23:57.500000,9.734182174641743
2015-03-26T16:23:57.600000,9.723769775370236
2015-03-26T16:23:57.700000,9.72319325914454
2015-03-26T16:23:57.800000,9.747048158594843
2015-03-26T16:23:57.900000,9.75590492377685
2015-03-26T16:23:58.000000,9.745177729758922
2015-03-26T16:23:58.100000,9.741393754063632
2015-03-26T16:23:58.200000,9.750755452319655
2015-03-26T16:23:58.300000,9.73777142769366
2015-03-26T16:23:58.400000,9.729937254679848
2015-03-26T16:23:58.500000,9.747848380300034
2015-03-26T16:23:58.600000,9.745336988955527
2015-03-26T16:23:58.700000,9.755820247343758
2015-03-26T16:23:58.800000,9.745800891672072
2015-03-26T16:23:58.900000,9.722984508204684
2015-03-26T16:23:59.000000,9.71312524668428
2015-03-26T16:23:59.100000,9.739113612097595
2015-03-26T16:23:59.200000,9.736876034937367
2015-03-26T16:23:59.300000,9.738068298007082
2015-03-26T16:23:59.400000,9.759334535711805
2015-03-26T16:23:59.500000,9.772962492033408
2015-03-26T16:23:59.600000,9.767360113091105
2015-03-26T16:23:59.700000,9.744929340736444
2015-03-26T16:23:59.800000,9.756925577260157
2015-03-26T16:23:59.900000,9.75460473395222
2015-03-26T16:24:00.000000,9.721438407934151
2015-03-26T16:24:00.100000,9.735917645859304
2015-03-26T16:24:00.200000,9.74997351986334
2015-03-26T16:24:00.300000,9.742021651145707
2015-03-26T16:24:00.400000,9.731202339751585
2015-03-26T16:24:00.500000,9.731902524406888
2015-03-26T16:24:00.600000,9.745070570670467
2015-03-26T16:24:00.700000,9.752603973715212
2015-03-26T16:24:00.800000,9.755293761058274
2015-03-26T16:24:00.900000,9.74009425844702
2015-03-26T16:24:01.000000,9.735669874739765
2015-03-26T16:24:01.100000,9.76048679585747
2015-03-26T16:24:01.200000,9.776968586680027
2015-03-26T16:24:01.300000,9.763275713934336
2015-03-26T16:24:01.400000,9.761620395792324
2015-03-26T16:24:01.500000,9.764547641027242
2015-03-26T16:24:01.600000,9.73685830537378
2015-03-26T16:24:01.700000,9.729480652299737
2015-03-26T16:24:01.800000,9.742218272826271
2015-03-26T16:24:01.900000,9.743556533767393
2015-03-26T16:24:02.000000,9.744184716236765
2015-03-26T16:24:02.100000,9.765641277577505
2015-03-26T16:24:02.200000,9.765647629301784
2015-03-26T16:24:02.300000,9.745422331295268
2015-03-26T16:24:02.400000,9.766132610351717
2015-03-26T16:24:02.500000,9.753584116724117
2015-03-26T16:24:02.600000,9.72748383801757
2015-03-26T16:24:02.700000,9.724171264824422
2015-03-26T16:24:02.800000,9.710452298831092
2015-03-26T16:24:02.900000,9.687481135602663
2015-03-26T16:24:03.000000,9.722692011254622
2015-03-26T16:24:03.100000,9.748534119529928
2015-03-26T16:24:03.200000,9.723110543295482
2015-03-26T16:24:03.300000,9.731027921126676
2015-03-26T16:24:03.400000,9.7449695998191
2015-03-26T16:24:03.500000,9.720842228571076
2015-03-26T16:24:03.600000,9.744959670357751
2015-03-26T16:24:03.700000,9.768539640445615
2015-03-26T16:24:03.800000,9.751000085760287
2015-03-26T16:24:03.900000,9.74398112852557
2015-03-26T16:24:04.000000,9.719317991098526
2015-03-26T16:24:04.100000,9.699233430171548
2015-03-26T16:24:04.200000,9.718538649169394
2015-03-26T16:24:04.300000,9.744175010779768
2015-03-26T16:24:04.400000,9.741613038823218
2015-03-26T16:24:04.500000,9.72737495831425
2015-03-26T16:24:04.600000,9.734611143318284
2015-03-26T16:24:04.700000,9.718630952944403
2015-03-26T16:24:04.800000,9.721730792918578
2015-03-26T16:24:04.900000,9.725753026452054
2015-03-26T16:24:05.000000,9.742959755552606
2015-03-26T16:24:05.100000,9.768628833504556
2015-03-26T16:24:05.200000,9.762417030894351
2015-03-26T16:24:05.300000,9.743256148889516
2015-03-26T16:24:05.400000,9.745018979010428
2015-03-26T16:24:05.500000,9.740447499540496
2015-03-26T16:24:05.600000,9.760082966466614
2015-03-26T16:24:05.700000,9.7664230946497
2015-03-26T16:24:05.800000,9.740315725410133
2015-03-26T16:24:05.900000,9.728553025000611
2015-03-26T16:24:06.000000,9.747492433466665
2015-03-26T16:24:06.100000,9.725746205925535
2015-03-26T16:24:06.200000,9.726658663349555
2015-03-26T16:24:06.300000,9.74168218563565
2015-03-26T16:24:06.400000,9.7543060728554
2015-03-26T16:24:06.500000,9.747919096670875
2015-03-26T16:24:06.600000,9.748820550292317
2015-03-26T16:24:06.700000,9.766741691833616
2015-03-26T16:24:06.800000,9.749310612440889
2015-03-26T16:24:06.900000,9.739662613624088
2015-03-26T16:24:07.000000,9.729137074718038
2015-03-26T16:24:07.100000,9.716618434092606
2015-03-26T16:24:07.200000,9.710309696830365
2015-03-26T16:24:07.300000,9.731658444790847
2015-03-26T16:24:07.400000,9.759343311446056
2015-03-26T16:24:07.500000,9.748002060068112
2015-03-26T16:24:07.600000,9.744501463972808
2015-03-26T16:24:07.700000,9.73749271780328
2015-03-26T16:24:07.800000,9.726728103573109
2015-03-26T16:24:07.900000,9.73985635103185
2015-03-26T16:24:08.000000,9.74709004215023
2015-03-26T16:24:08.100000,9.73959178712534
2015-03-26T16:24:08.200000,9.71942056239739
2015-03-26T16:24:08.300000,9.718197355104095
2015-03-26T16:24:08.400000,9.722272082184912
2015-03-26T16:24:08.500000,9.72457139856787
2015-03-26T16:24:08.600000,9.717493462272758
2015-03-26T16:24:08.700000,9.727608272038488
2015-03-26T16:24:08.800000,9.748689364694208
2015-03-26T16:24:08.900000,9.748975197602086
2015-03-26T16:24:09.000000,9.726649149895003
2015-03-26T16:24:09.100000,9.733171494699908
2015-03-26T16:24:09.200000,9.763289515202803
2015-03-26T16:24:09.300000,9.746475167664927
2015-03-26T16:24:09.400000,9.73976927143418
2015-03-26T16:24:09.500000,9.765178563412867
2015-03-26T16:24:09.600000,9.763305647714096
2015-03-26T16:24:09.700000,9.766960346689205
2015-03-26T16:24:09.800000,9.750609640794227
2015-03-26T16:24:09.900000,9.7510178837948
2015-03-26T16:24:10.000000,9.759019378336603
2015-03-26T16:24:10.100000,9.779974210761452
2015-03-26T16:24:10.200000,9.7705038956844
2015-03-26T16:24:10.300000,9.751921871617274
2015-03-26T16:24:10.400000,9.749973795397986
2015-03-26T16:24:10.500000,9.745445256521029
2015-03-26T16:24:10.600000,9.739149603696736
2015-03-26T16:24:10.700000,9.741579371760182
2015-03-26T16:24:10.800000,9.737730734670288
2015-03-26T16:24:10.900000,9.749127921915598
2015-03-26T16:24:11.000000,9.772997222553975
2015-03-26T16:24:11.100000,9.77516316379832
2015-03-26T16:24:11.200000,9.765811748238244
2015-03-26T16:24:11.300000,9.739591834389898
2015-03-26T16:24:11.400000,9.75315193981119
2015-03-26T16:24:11.500000,9.753893744277075
2015-03-26T16:24:11.600000,9.748264121376511
2015-03-26T16:24:11.700000,9.763180625797132
2015-03-26T16:24:11.800000,9.769339101982291
2015-03-26T16:24:11.900000,9.761006155070843
2015-03-26T16:24:12.000000,9.739481474436465
2015-03-26T16:24:12.100000,9.73450782342094
2015-03-26T16:24:12.200000,9.735719505416752
2015-03-26T16:24:12.300000,9.741686716097808
2015-03-26T16:24:12.400000,9.7379363646083
2015-03-26T16:24:12.500000,9.746799024320136
2015-03-26T16:24:12.600000,9.743854717276086
2015-03-26T16:24:12.700000,9.73158994370279
2015-03-26T16:24:12.800000,9.718907374574394
2015-03-26T16:24:12.900000,9.71898407460228
2015-03-26T16:24:13.000000,9.725505088500013
2015-03-26T16:24:13.100000,9.737488074748237
2015-03-26T16:24:13.200000,9.73898646135705
2015-03-26T16:24:13.300000,9.744270866330451
2015-03-26T16:24:13.400000,9.749962097389815
2015-03-26T16:24:13.500000,9.74983307722948
2015-03-26T16:24:13.600000,9.730366758971066
2015-03-26T16:24:13.700000,9.731573921028907
2015-03-26T16:24:13.800000,9.728755531195285
2015-03-26T16:24:13.900000,9.728759349231172
2015-03-26T16:24:14.000000,9.744833655871096
2015-03-26T16:24:14.100000,9.740611279897884
2015-03-26T16:24:14.200000,9.729091736043983
2015-03-26T16:24:14.300000,9.7246942798863
2015-03-26T16:24:14.400000,9.74391351411994
2015-03-26T16:24:14.500000,9.754081578091595
2015-03-26T16:24:14.600000,9.73579805634637
2015-03-26T16:24:14.700000,9.70284812897048
2015-03-26T16:24:14.800000,9.719464588857855
2015-03-26T16:24:14.900000,9.764605980987184
2015-03-26T16:24:15.000000,9.751804695405678
2015-03-26T16:24:15.100000,9.723791245829782
2015-03-26T16:24:15.200000,9.731591022230573
2015-03-26T16:24:15.300000,9.76662576035195
2015-03-26T16:24:15.400000,9.788102808196726
2015-03-26T16:24:15.500000,9.766518306377556
2015-03-26T16:24:15.600000,9.753511206521424
2015-03-26T16:24:15.700000,9.770684165120002
2015-03-26T16:24:15.800000,9.7658968301305
2015-03-26T16:24:15.900000,9.753840566671576
2015-03-26T16:24:16.000000,9.743910657940509
2015-03-26T16:24:16.100000,9.755143502136557
2015-03-26T16:24:16.200000,9.749347558409568
2015-03-26T16:24:16.300000,9.74118900649022
2015-03-26T16:24:16.400000,9.746761333819014
2015-03-26T16:24:16.500000,9.76308522056721
2015-03-26T16:24:16.600000,9.769916461341008
2015-03-26T16:24:16.700000,9.759148092708111
2015-03-26T16:24:16.800000,9.75870740867869
2015-03-26T16:24:16.900000,9.769343094349612
2015-03-26T16:24:17.000000,9.752338283673891
2015-03-26T16:24:17.100000,9.746710760254174
2015-03-26T16:24:17.200000,9.755829547780428
2015-03-26T16:24:17.300000,9.756608207531658
2015-03-26T16:24:17.400000,9.768226800803903
2015-03-26T16:24:17.500000,9.761272002206653
2015-03-26T16:24:17.600000,9.75312164824838
2015-03-26T16:24:17.700000,9.750655821365362
2015-03-26T16:24:17.800000,9.750651053125155
2015-03-26T16:24:17.900000,9.74716375187174
2015-03-26T16:24:18.000000,9.744771064310022
2015-03-26T16:24:18.100000,9.74502662769296
2015-03-26T16:24:18.200000,9.749344347467185
2015-03-26T16:24:18.300000,9.748009062793516
2015-03-26T16:24:18.400000,9.745474482963404
2015-03-26T16:24:18.500000,9.74843915528395
2015-03-26T16:24:18.600000,9.760559735880568
2015-03-26T16:24:18.700000,9.75222859921954
2015-03-26T16:24:18.800000,9.756707054315324
2015-03-26T16:24:18.900000,9.744653304462698
2015-03-26T16:24:19.000000,9.7378338905981
2015-03-26T16:24:19.100000,9.765957007323331
2015-03-26T16:24:19.200000,9.754065433415525
2015-03-26T16:24:19.300000,9.728405903346376
2015-03-26T16:24:19.400000,9.72976595918202
2015-03-26T16:24:19.500000,9.73980718063325
2015-03-26T16:24:19.600000,9.74055536872562
2015-03-26T16:24:19.700000,9.724693797663654
2015-03-26T16:24:19.800000,9.762899419800355
2015-03-26T16:24:19.900000,9.761006507960346
2015-03-26T16:24:20.000000,9.744169993320387
2015-03-26T16:24:20.100000,9.75446517072894
2015-03-26T16:24:20.200000,9.759898702613889
2015-03-26T16:24:20.300000,9.75142929316362
2015-03-26T16:24:20.400000,9.7301664998444
2015-03-26T16:24:20.500000,9.723275488036387
2015-03-26T16:24:20.600000,9.730354219456542
2015-03-26T16:24:20.700000,9.739650847193976
2015-03-26T16:24:20.800000,9.749903020622607
2015-03-26T16:24:20.900000,9.753835961576064
2015-03-26T16:24:21.000000,9.745655152112098
2015-03-26T16:24:21.100000,9.749854722543322
2015-03-26T16:24:21.200000,9.761730581651223
2015-03-26T16:24:21.300000,9.74362080268797
2015-03-26T16:24:21.400000,9.711712984818304
2015-03-26T16:24:21.500000,9.719827537208426
2015-03-26T16:24:21.600000,9.729502867156834
2015-03-26T16:24:21.700000,9.73707847642542
2015-03-26T16:24:21.800000,9.729549776988389
2015-03-26T16:24:21.900000,9.7277639058857
2015-03-26T16:24:22.000000,9.71932940853475
2015-03-26T16:24:22.100000,9.726174645791811
2015-03-26T16:24:22.200000,9.733702478098476
2015-03-26T16:24:22.300000,9.724548439964368
2015-03-26T16:24:22.400000,9.730633068626034
2015-03-26T16:24:22.500000,9.72647756027632
2015-03-26T16:24:22.600000,9.723173022699608
2015-03-26T16:24:22.700000,9.734926804100931
2015-03-26T16:24:22.800000,9.744773824622964
2015-03-26T16:24:22.900000,9.719194435164445
2015-03-26T16:24:23.000000,9.722241209995088
2015-03-26T16:24:23.100000,9.727404810463137
2015-03-26T16:24:23.200000,9.749541919857393
2015-03-26T16:24:23.300000,9.753371575423614
2015-03-26T16:24:23.400000,9.728909004628402
2015-03-26T16:24:23.500000,9.755776769653703
2015-03-26T16:24:23.600000,9.758314167057636
2015-03-26T16:24:23.700000,9.74442388187364
2015-03-26T16:24:23.800000,9.745044140355365
2015-03-26T16:24:23.900000,9.761447622676489
2015-03-26T16:24:24.000000,9.755302668952584
2015-03-26T16:24:24.100000,9.75308257627221
2015-03-26T16:24:24.200000,9.758633948952005
2015-03-26T16:24:24.300000,9.77751278418641
2015-03-26T16:24:24.400000,9.769066631532116
2015-03-26T16:24:24.500000,9.76935455876098
2015-03-26T16:24:24.600000,9.768314568563866
2015-03-26T16:24:24.700000,9.764333338160863
2015-03-26T16:24:24.800000,9.77419743997053
2015-03-26T16:24:24.900000,9.783634191787872
2015-03-26T16:24:25.000000,9.74047392444574
2015-03-26T16:24:25.100000,9.740777605386883
2015-03-26T16:24:25.200000,9.789672453971226
2015-03-26T16:24:25.300000,9.774822034698214
2015-03-26T16:24:25.400000,9.765352981381636
2015-03-26T16:24:25.500000,9.781715986895968
2015-03-26T16:24:25.600000,9.7833714768386
2015-03-26T16:24:25.700000,9.766393911921575
2015-03-26T16:24:25.800000,9.750082424257124
2015-03-26T16:24:25.900000,9.747844193451146
2015-03-26T16:24:26.000000,9.73851155294516
2015-03-26T16:24:26.100000,9.773406437636115
2015-03-26T16:24:26.200000,9.772843654205197
2015-03-26T16:24:26.300000,9.757091767554575
2015-03-26T16:24:26.400000,9.74701145804624
2015-03-26T16:24:26.500000,9.754823661149477
2015-03-26T16:24:26.600000,9.771913306797476
2015-03-26T16:24:26.700000,9.75268278908082
2015-03-26T16:24:26.800000,9.74066216372156
2015-03-26T16:24:26.900000,9.75397409168384
2015-03-26T16:24:27.000000,9.755880929033072
2015-03-26T16:24:27.100000,9.76203311737376
2015-03-26T16:24:27.200000,9.7427946849586
2015-03-26T16:24:27.300000,9.71545779889247
2015-03-26T16:24:27.400000,9.71429804760582
2015-03-26T16:24:27.500000,9.703062752913985
2015-03-26T16:24:27.600000,9.70278635070858
2015-03-26T16:24:27.700000,9.711155924302536
2015-03-26T16:24:27.800000,9.706359478853765
2015-03-26T16:24:27.900000,9.71253925765282
2015-03-26T16:24:28.000000,9.735659740552638
2015-03-26T16:24:28.100000,9.715051730169442
2015-03-26T16:24:28.200000,9.704109529005228
2015-03-26T16:24:28.300000,9.708272753751626
2015-03-26T16:24:28.400000,9.724038374061806
2015-03-26T16:24:28.500000,9.728613927760136
2015-03-26T16:24:28.600000,9.693872835378722
2015-03-26T16:24:28.700000,9.716833738651566
2015-03-26T16:24:28.800000,9.733743024838834
2015-03-26T16:24:28.900000,9.719388673221482
2015-03-26T16:24:29.000000,9.73158522922491
2015-03-26T16:24:29.100000,9.711878210918552
2015-03-26T16:24:29.200000,9.708090109973304
2015-03-26T16:24:29.300000,9.73698082425924
2015-03-26T16:24:29.400000,9.727999296031976
2015-03-26T16:24:29.500000,9.70541582891864
2015-03-26T16:24:29.600000,9.71774761351396
2015-03-26T16:24:29.700000,9.72416877471438
2015-03-26T16:24:29.800000,9.742714979232334
2015-03-26T16:24:29.900000,9.742873906519252
2015-03-26T16:24:30.000000,9.77434792060093
2015-03-26T16:24:30.100000,9.761853697257456
2015-03-26T16:24:30.200000,9.743332543388462
2015-03-26T16:24:30.300000,9.765570061185212
2015-03-26T16:24:30.400000,9.75568430081072
2015-03-26T16:24:30.500000,9.742940374125332
2015-03-26T16:24:30.600000,9.760860326226696
2015-03-26T16:24:30.700000,9.765591785954754
2015-03-26T16:24:30.800000,9.781513223547948
2015-03-26T16:24:30.900000,9.77884725265982
2015-03-26T16:24:31.000000,9.78233041413233
2015-03-26T16:24:31.100000,9.779285249936748
2015-03-26T16:24:31.200000,9.753044820574514
2015-03-26T16:24:31.300000,9.764565101672304
2015-03-26T16:24:31.400000,9.76854829172534
2015-03-26T16:24:31.500000,9.764571211618998
2015-03-26T16:24:31.600000,9.771212739637296
2015-03-26T16:24:31.700000,9.7634761214986
2015-03-26T16:24:31.800000,9.781513197396675
2015-03-26T16:24:31.900000,9.767327273698047
2015-03-26T16:24:32.000000,9.779468201374804
2015-03-26T16:24:32.100000,9.79332918908541
2015-03-26T16:24:32.200000,9.770237565912064
2015-03-26T16:24:32.300000,9.753811014855229
2015-03-26T16:24:32.400000,9.743574734025762
2015-03-26T16:24:32.500000,9.736101059435104
2015-03-26T16:24:32.600000,9.744777018313584
2015-03-26T16:24:32.700000,9.73138868125958
2015-03-26T16:24:32.800000,9.71509307615867
2015-03-26T16:24:32.900000,9.749636476053649
2015-03-26T16:24:33.000000,9.739647028959816
2015-03-26T16:24:33.100000,9.731557122210486
2015-03-26T16:24:33.200000,9.736783680911694
2015-03-26T16:24:33.300000,9.70426635445224
2015-03-26T16:24:33.400000,9.696710319508272
2015-03-26T16:24:33.500000,9.719765030359454
2015-03-26T16:24:33.600000,9.73234267309862
2015-03-26T16:24:33.700000,9.72547078855349
2015-03-26T16:24:33.800000,9.74515387967112
2015-03-26T16:24:33.900000,9.728270136676478
2015-03-26T16:24:34.000000,9.70896567614196
2015-03-26T16:24:34.100000,9.720055559442455
2015-03-26T16:24:34.200000,9.70797189085164
2015-03-26T16:24:34.300000,9.72016402321755
2015-03-26T16:24:34.400000,9.727173827802089
2015-03-26T16:24:34.500000,9.729346836408103
2015-03-26T16:24:34.600000,9.721662028496072
2015-03-26T16:24:34.700000,9.730555589093074
2015-03-26T16:24:34.800000,9.735569998944966
2015-03-26T16:24:34.900000,9.746203734391608
2015-03-26T16:24:35.000000,9.746444103074143
2015-03-26T16:24:35.100000,9.746160071865496
2015-03-26T16:24:35.200000,9.764056635592
2015-03-26T16:24:35.300000,9.772985504060967
2015-03-26T16:24:35.400000,9.764944769719753
2015-03-26T16:24:35.500000,9.764135480568171
2015-03-26T16:24:35.600000,9.739602792742277
2015-03-26T16:24:35.700000,9.759999820611853
2015-03-26T16:24:35.800000,9.756383086567691
2015-03-26T16:24:35.900000,9.76309875347958
2015-03-26T16:24:36.000000,9.782603850546607
2015-03-26T16:24:36.100000,9.768866401099098
2015-03-26T16:24:36.200000,9.770851763524885
2015-03-26T16:24:36.300000,9.76759776855815
2015-03-26T16:24:36.400000,9.774655130818685
2015-03-26T16:24:36.500000,9.787258221517922
2015-03-26T16:24:36.600000,9.774990786128546
2015-03-26T16:24:36.700000,9.731597508935469
2015-03-26T16:24:36.800000,9.733131914174296
2015-03-26T16:24:36.900000,9.738047985301174
2015-03-26T16:24:37.000000,9.73467728232374
2015-03-26T16:24:37.100000,9.7425081268662
2015-03-26T16:24:37.200000,9.7766546682429
2015-03-26T16:24:37.300000,9.771290210481572
2015-03-26T16:24:37.400000,9.75340316105423
2015-03-26T16:24:37.500000,9.736697617202305
2015-03-26T16:24:37.600000,9.75267554015735
2015-03-26T16:24:37.700000,9.757106772159982
2015-03-26T16:24:37.800000,9.74931514802778
2015-03-26T16:24:37.900000,9.738414089311348
2015-03-26T16:24:38.000000,9.754458615232863
2015-03-26T16:24:38.100000,9.743336751125662
2015-03-26T16:24:38.200000,9.727728604146192
2015-03-26T16:24:38.300000,9.741582457953864
2015-03-26T16:24:38.400000,9.723433283467218
2015-03-26T16:24:38.500000,9.723697181945392
2015-03-26T16:24:38.600000,9.711208483899098
2015-03-26T16:24:38.700000,9.722783691697906
2015-03-26T16:24:38.800000,9.727246695029446
2015-03-26T16:24:38.900000,9.705839220924004
2015-03-26T16:24:39.000000,9.7167563141569
2015-03-26T16:24:39.100000,9.71509179108157
2015-03-26T16:24:39.200000,9.7202340577495
2015-03-26T16:24:39.300000,9.73703399526037
2015-03-26T16:24:39.400000,9.750937317421078
2015-03-26T16:24:39.500000,9.7252563698522
2015-03-26T16:24:39.600000,9.722827680771104
2015-03-26T16:24:39.700000,9.72714013351499
2015-03-26T16:24:39.800000,9.725545933937749
2015-03-26T16:24:39.900000,9.728988213386645
2015-03-26T16:24:40.000000,9.743231457705267
2015-03-26T16:24:40.100000,9.727024180872007
2015-03-26T16:24:40.200000,9.749881889358674
2015-03-26T16:24:40.300000,9.768186105116245
2015-03-26T16:24:40.400000,9.774845873582638
2015-03-26T16:24:40.500000,9.788924413586448
2015-03-26T16:24:40.600000,9.77178422210821
2015-03-26T16:24:40.700000,9.738071308745551
2015-03-26T16:24:40.800000,9.747530094872811
2015-03-26T16:24:40.900000,9.77331554051619
2015-03-26T16:24:41.000000,9.766197809313123
2015-03-26T16:24:41.100000,9.75490660220566
2015-03-26T16:24:41.200000,9.778303335231891
2015-03-26T16:24:41.300000,9.76555106228236
2015-03-26T16:24:41.400000,9.760621403796684
2015-03-26T16:24:41.500000,9.76136343377894
2015-03-26T16:24:41.600000,9.789935106126288
2015-03-26T16:24:41.700000,9.797471797058488
2015-03-26T16:24:41.800000,9.776632572157336
2015-03-26T16:24:41.900000,9.761298336746863
2015-03-26T16:24:42.000000,9.764892852328588
2015-03-26T16:24:42.100000,9.769966697410004
2015-03-26T16:24:42.200000,9.77621197841938
2015-03-26T16:24:42.300000,9.76932027141794
2015-03-26T16:24:42.400000,9.772490301151825
2015-03-26T16:24:42.500000,9.784240748549363
2015-03-26T16:24:42.600000,9.76327810449662
2015-03-26T16:24:42.700000,9.7619608469308
2015-03-26T16:24:42.800000,9.767872813893558
2015-03-26T16:24:42.900000,9.764783997859888
2015-03-26T16:24:43.000000,9.774252332284078
2015-03-26T16:24:43.100000,9.75312210773855
2015-03-26T16:24:43.200000,9.741174610867263
2015-03-26T16:24:43.300000,9.75019346619987
2015-03-26T16:24:43.400000,9.753763149019075
2015-03-26T16:24:43.500000,9.751732643382674
2015-03-26T16:24:43.600000,9.755101190916626
2015-03-26T16:24:43.700000,9.733497079125902
2015-03-26T16:24:43.800000,9.728814352160338
2015-03-26T16:24:43.900000,9.732169009950788
2015-03-26T16:24:44.000000,9.72846970591984
2015-03-26T16:24:44.100000,9.772178254552111
2015-03-26T16:24:44.200000,9.766288021460843
2015-03-26T16:24:44.300000,9.718590120132864
2015-03-26T16:24:44.400000,9.71065988821873
2015-03-26T16:24:44.500000,9.73604366656302
2015-03-26T16:24:44.600000,9.735608989024678
2015-03-26T16:24:44.700000,9.7357593970859
2015-03-26T16:24:44.800000,9.732932296039
2015-03-26T16:24:44.900000,9.706297493020193
2015-03-26T16:24:45.000000,9.693684755429777
2015-03-26T16:24:45.100000,9.698670050811542
2015-03-26T16:24:45.200000,9.746921335309736
2015-03-26T16:24:45.300000,9.728126459605024
2015-03-26T16:24:45.400000,9.705045801972084
2015-03-26T16:24:45.500000,9.738859235934688
2015-03-26T16:24:45.600000,9.744227724647638
2015-03-26T16:24:45.700000,9.73378399869588
2015-03-26T16:24:45.800000,9.713612866738918
2015-03-26T16:24:45.900000,9.717197862276
2015-03-26T16:24:46.000000,9.72087103616393
2015-03-26T16:24:46.100000,9.745898896444444
2015-03-26T16:24:46.200000,9.752122923180892
2015-03-26T16:24:46.300000,9.756182213769202
2015-03-26T16:24:46.400000,9.752229142051943
2015-03-26T16:24:46.500000,9.746027244220178
2015-03-26T16:24:46.600000,9.7403127585299
2015-03-26T16:24:46.700000,9.73540073209819
2015-03-26T16:24:46.800000,9.75908584112135
2015-03-26T16:24:46.900000,9.758711922616548
2015-03-26T16:24:47.000000,9.750302364541277
2015-03-26T16:24:47.100000,9.763496372365545
2015-03-26T16:24:47.200000,9.771127186623549
2015-03-26T16:24:47.300000,9.76499113061358
2015-03-26T16:24:47.400000,9.751961123209048
2015-03-26T16:24:47.500000,9.78031440835806
2015-03-26T16:24:47.600000,9.807516873652563
2015-03-26T16:24:47.700000,9.792329226335614
2015-03-26T16:24:47.800000,9.781626387272206
2015-03-26T16:24:47.900000,9.774767701395616
2015-03-26T16:24:48.000000,9.762768238840296
2015-03-26T16:24:48.100000,9.768135940616284
2015-03-26T16:24:48.200000,9.764151354080209
2015-03-26T16:24:48.300000,9.770902572864127
2015-03-26T16:24:48.400000,9.74333800670352
2015-03-26T16:24:48.500000,9.763089158111882
2015-03-26T16:24:48.600000,9.77538052735888
2015-03-26T16:24:48.700000,9.75597134875018
2015-03-26T16:24:48.800000,9.744029007774303
2015-03-26T16:24:48.900000,9.751267295585109
2015-03-26T16:24:49.000000,9.75135266893128
2015-03-26T16:24:49.100000,9.740128076931704
2015-03-26T16:24:49.200000,9.720247573984093
2015-03-26T16:24:49.300000,9.72675455308016
2015-03-26T16:24:49.400000,9.760576386081503
2015-03-26T16:24:49.500000,9.771128132145408
2015-03-26T16:24:49.600000,9.752378742884783
2015-03-26T16:24:49.700000,9.744590362803072
2015-03-26T16:24:49.800000,9.75328030338853
2015-03-26T16:24:49.900000,9.738225899758174
2015-03-26T16:24:50.000000,9.74190121372882
2015-03-26T16:24:50.100000,9.757559118996406
2015-03-26T16:24:50.200000,9.748989094170094
2015-03-26T16:24:50.300000,9.734172948538212
2015-03-26T16:24:50.400000,9.731032724995226
2015-03-26T16:24:50.500000,9.734489478041263
2015-03-26T16:24:50.600000,9.73135263689006
2015-03-26T16:24:50.700000,9.729630070830517
2015-03-26T16:24:50.800000,9.744961147633916
2015-03-26T16:24:50.900000,9.742039668087864
2015-03-26T16:24:51.000000,9.717013397694982
2015-03-26T16:24:51.100000,9.72403488661528
2015-03-26T16:24:51.200000,9.751409497565083
2015-03-26T16:24:51.300000,9.74305001076569
2015-03-26T16:24:51.400000,9.731163283616269
2015-03-26T16:24:51.500000,9.718500857523471
2015-03-26T16:24:51.600000,9.74696241110155
2015-03-26T16:24:51.700000,9.7356736859147
2015-03-26T16:24:51.800000,9.71982778450502
2015-03-26T16:24:51.900000,9.735200232498109
2015-03-26T16:24:52.000000,9.75053490994123
2015-03-26T16:24:52.100000,9.748860276448733
2015-03-26T16:24:52.200000,9.751499291207884
2015-03-26T16:24:52.300000,9.757131203472648
2015-03-26T16:24:52.400000,9.76359615123314
2015-03-26T16:24:52.500000,9.765588895004162
2015-03-26T16:24:52.600000,9.775106993262836
2015-03-26T16:24:52.700000,9.777296173067256
2015-03-26T16:24:52.800000,9.762281918852477
2015-03-26T16:24:52.900000,9.779902666005912
2015-03-26T16:24:53.000000,9.757358097883053
2015-03-26T16:24:53.100000,9.756422459852546
2015-03-26T16:24:53.200000,9.772198000875054
2015-03-26T16:24:53.300000,9.755165317738058
2015-03-26T16:24:53.400000,9.7637531838151
2015-03-26T16:24:53.500000,9.773681002542489
2015-03-26T16:24:53.600000,9.747461647498524
2015-03-26T16:24:53.700000,9.757357367702657
2015-03-26T16:24:53.800000,9.752588404379845
2015-03-26T16:24:53.900000,9.75793788555247
2015-03-26T16:24:54.000000,9.769237536717911
2015-03-26T16:24:54.100000,9.751360321264684
2015-03-26T16:24:54.200000,9.756708463800187
2015-03-26T16:24:54.300000,9.7630575820843
2015-03-26T16:24:54.400000,9.739084054716995
2015-03-26T16:24:54.500000,9.762120838984496
2015-03-26T16:24:54.600000,9.75806586712917
2015-03-26T16:24:54.700000,9.7300949015739
2015-03-26T16:24:54.800000,9.72237703080031
2015-03-26T16:24:54.900000,9.733215132586738
2015-03-26T16:24:55.000000,9.728332296308569
2015-03-26T16:24:55.100000,9.73106018065917
2015-03-26T16:24:55.200000,9.735606958873513
2015-03-26T16:24:55.300000,9.731888018415956
2015-03-26T16:24:55.400000,9.734569851062307
2015-03-26T16:24:55.500000,9.753124250645277
2015-03-26T16:24:55.600000,9.77136620797564
2015-03-26T16:24:55.700000,9.740611587199162
2015-03-26T16:24:55.800000,9.732930312099157
2015-03-26T16:24:55.900000,9.7515274481055
2015-03-26T16:24:56.000000,9.735786478688023
2015-03-26T16:24:56.100000,9.728106586447508
2015-03-26T16:24:56.200000,9.74947245643171
2015-03-26T16:24:56.300000,9.744066137919306
2015-03-26T16:24:56.400000,9.734186494784602
2015-03-26T16:24:56.500000,9.739916147004374
2015-03-26T16:24:56.600000,9.741860118657254
2015-03-26T16:24:56.700000,9.73097593582679
2015-03-26T16:24:56.800000,9.74827227383425
2015-03-26T16:24:56.900000,9.774761782090604
2015-03-26T16:24:57.000000,9.747191861072778
2015-03-26T16:24:57.100000,9.746535198346518
2015-03-26T16:24:57.200000,9.757512651948176
2015-03-26T16:24:57.300000,9.781297493315048
2015-03-26T16:24:57.400000,9.774752363170512
2015-03-26T16:24:57.500000,9.768579042625571
2015-03-26T16:24:57.600000,9.77319804712806
2015-03-26T16:24:57.700000,9.758836348669508
2015-03-26T16:24:57.800000,9.770254143690048
2015-03-26T16:24:57.900000,9.767702635172332
2015-03-26T16:24:58.000000,9.75972027893703
2015-03-26T16:24:58.100000,9.792134747601676
2015-03-26T16:24:58.200000,9.771248095726092
2015-03-26T16:24:58.300000,9.756044021175226
2015-03-26T16:24:58.400000,9.769257657973863
2015-03-26T16:24:58.500000,9.765758979755784
2015-03-26T16:24:58.600000,9.757333527791207
2015-03-26T16:24:58.700000,9.768735250325088
2015-03-26T16:24:58.800000,9.7579637568207
2015-03-26T16:24:58.900000,9.753947888939036
2015-03-26T16:24:59.000000,9.766478341872352
2015-03-26T16:24:59.100000,9.76950511401856
2015-03-26T16:24:59.200000,9.76955123149553
2015-03-26T16:24:59.300000,9.766849129279995
2015-03-26T16:24:59.400000,9.77220765603263
2015-03-26T16:24:59.500000,9.756130006966652
2015-03-26T16:24:59.600000,9.743384447869303
2015-03-26T16:24:59.700000,9.74850716342183
2015-03-26T16:24:59.800000,9.735859684525831
2015-03-26T16:24:59.900000,9.741753655794884
2015-03-26T16:25:00.000000,9.73877147824876
2015-03-26T16:25:00.100000,9.72771775468224
2015-03-26T16:25:00.200000,9.73765271526038
2015-03-26T16:25:00.300000,9.748155677987214
2015-03-26T16:25:00.400000,9.726964563716324
2015-03-26T16:25:00.500000,9.72661723607946
2015-03-26T16:25:00.600000,9.72455090574947
2015-03-26T16:25:00.700000,9.744564681608177
2015-03-26T16:25:00.800000,9.75217967035242
2015-03-26T16:25:00.900000,9.749712806843409
2015-03-26T16:25:01.000000,9.735108195170763
2015-03-26T16:25:01.100000,9.747328765497643
2015-03-26T16:25:01.200000,9.742694777784546
2015-03-26T16:25:01.300000,9.734595822640358
2015-03-26T16:25:01.400000,9.757382524730106
2015-03-26T16:25:01.500000,9.749902021396355
2015-03-26T16:25:01.600000,9.740703936558774
2015-03-26T16:25:01.700000,9.743900918181588
2015-03-26T16:25:01.800000,9.734945486309728
2015-03-26T16:25:01.900000,9.72283303983146
2015-03-26T16:25:02.000000,9.74066323883976
2015-03-26T16:25:02.100000,9.75006603068998
2015-03-26T16:25:02.200000,9.745986071394231
2015-03-26T16:25:02.300000,9.73187126544871
2015-03-26T16:25:02.400000,9.714097870202837
2015-03-26T16:25:02.500000,9.731293105047074
2015-03-26T16:25:02.600000,9.76325765206954
2015-03-26T16:25:02.700000,9.761061109029722
2015-03-26T16:25:02.800000,9.73843589442101
2015-03-26T16:25:02.900000,9.7535120202074
2015-03-26T16:25:03.000000,9.757217297270818
2015-03-26T16:25:03.100000,9.759107661791909
2015-03-26T16:25:03.200000,9.75271063862076
2015-03-26T16:25:03.300000,9.736066716827477
2015-03-26T16:25:03.400000,9.74518104908016
2015-03-26T16:25:03.500000,9.769208373424789
2015-03-26T16:25:03.600000,9.7808138356341
2015-03-26T16:25:03.700000,9.741771970822212
2015-03-26T16:25:03.800000,9.732575797695944
2015-03-26T16:25:03.900000,9.747799193652924
2015-03-26T16:25:04.000000,9.759828503244416
2015-03-26T16:25:04.100000,9.751142992942327
2015-03-26T16:25:04.200000,9.739860772211305
2015-03-26T16:25:04.300000,9.744665117962644
2015-03-26T16:25:04.400000,9.763704078440918
2015-03-26T16:25:04.500000,9.77010018896884
2015-03-26T16:25:04.600000,9.742998891346454
2015-03-26T16:25:04.700000,9.724963130854304
2015-03-26T16:25:04.800000,9.771916197510947
2015-03-26T16:25:04.900000,9.774346236128665
2015-03-26T16:25:05.000000,9.749960741918672
2015-03-26T16:25:05.100000,9.755568702033653
2015-03-26T16:25:05.200000,9.7691902914016
2015-03-26T16:25:05.300000,9.767469185588274
2015-03-26T16:25:05.400000,9.74990880462374
2015-03-26T16:25:05.500000,9.75656848664435
2015-03-26T16:25:05.600000,9.770316395732126
2015-03-26T16:25:05.700000,9.76519776698366
2015-03-26T16:25:05.800000,9.765348502991907
2015-03-26T16:25:05.900000,9.763935008210854
2015-03-26T16:25:06.000000,9.761168213772738
2015-03-26T16:25:06.100000,9.739132980896985
2015-03-26T16:25:06.200000,9.728516224327317
2015-03-26T16:25:06.300000,9.769122230570092
2015-03-26T16:25:06.400000,9.781616043297063
2015-03-26T16:25:06.500000,9.754515203226552
2015-03-26T16:25:06.600000,9.740532261506296
2015-03-26T16:25:06.700000,9.748569758834352
2015-03-26T16:25:06.800000,9.773654435615416
2015-03-26T16:25:06.900000,9.76077645735105
2015-03-26T16:25:07.000000,9.75846860974377
2015-03-26T16:25:07.100000,9.748231739683094
2015-03-26T16:25:07.200000,9.749415766223686
2015-03-26T16:25:07.300000,9.755680448125824
2015-03-26T16:25:07.400000,9.750949503868096
2015-03-26T16:25:07.500000,9.763050735615003
2015-03-26T16:25:07.600000,9.759391751019953
2015-03-26T16:25:07.700000,9.763216401143229
2015-03-26T16:25:07.800000,9.756299847351103
2015-03-26T16:25:07.900000,9.780264745378345
2015-03-26T16:25:08.000000,9.771975429831356
2015-03-26T16:25:08.100000,9.737416309823946
2015-03-26T16:25:08.200000,9.755300200515112
2015-03-26T16:25:08.300000,9.76012971416318
2015-03-26T16:25:08.400000,9.749068240877444
2015-03-26T16:25:08.500000,9.747406658194128
2015-03-26T16:25:08.600000,9.70449485953938
2015-03-26T16:25:08.700000,9.70802939856475
2015-03-26T16:25:08.800000,9.73507530668187
2015-03-26T16:25:08.900000,9.717069482527256
2015-03-26T16:25:09.000000,9.736972750837824
2015-03-26T16:25:09.100000,9.750562884883813
2015-03-26T16:25:09.200000,9.72646003774952
2015-03-26T16:25:09.300000,9.720156225331674
2015-03-26T16:25:09.400000,9.742665530727324
2015-03-26T16:25:09.500000,9.752031113375429
2015-03-26T16:25:09.600000,9.738735104194124
2015-03-26T16:25:09.700000,9.716756833035882
2015-03-26T16:25:09.800000,9.732584277962054
2015-03-26T16:25:09.900000,9.72641674053094
2015-03-26T16:25:10.000000,9.72553245109872
2015-03-26T16:25:10.100000,9.743348180023728
2015-03-26T16:25:10.200000,9.756611119868248
2015-03-26T16:25:10.300000,9.754837180280092
2015-03-26T16:25:10.400000,9.750610280092689
2015-03-26T16:25:10.500000,9.742034900967589
2015-03-26T16:25:10.600000,9.699669376860305
2015-03-26T16:25:10.700000,9.723361647809917
2015-03-26T16:25:10.800000,9.737369916648555
2015-03-26T16:25:10.900000,9.732105346048424
2015-03-26T16:25:11.000000,9.737695344766855
2015-03-26T16:25:11.100000,9.74230371272794
2015-03-26T16:25:11.200000,9.750899636183734
2015-03-26T16:25:11.300000,9.751613939536345
2015-03-26T16:25:11.400000,9.743920343411936
2015-03-26T16:25:11.500000,9.757277685791076
2015-03-26T16:25:11.600000,9.745049832564453
2015-03-26T16:25:11.700000,9.74270659485238
2015-03-26T16:25:11.800000,9.759237813509769
2015-03-26T16:25:11.900000,9.77013179663086
2015-03-26T16:25:12.000000,9.769132055179048
2015-03-26T16:25:12.100000,9.760618508330351
2015-03-26T16:25:12.200000,9.76667677171042
2015-03-26T16:25:12.300000,9.763344332062818
2015-03-26T16:25:12.400000,9.746210159080858
2015-03-26T16:25:12.500000,9.739041978894774
2015-03-26T16:25:12.600000,9.746489279885935
2015-03-26T16:25:12.700000,9.756989086373403
2015-03-26T16:25:12.800000,9.751854275805975
2015-03-26T16:25:12.900000,9.761149318776663
2015-03-26T16:25:13.000000,9.746920076832277
2015-03-26T16:25:13.100000,9.74469645823872
2015-03-26T16:25:13.200000,9.751242802270587
2015-03-26T16:25:13.300000,9.739425828556495
2015-03-26T16:25:13.400000,9.760663859420944
2015-03-26T16:25:13.500000,9.766709850233172
2015-03-26T16:25:13.600000,9.770785001502654
2015-03-26T16:25:13.700000,9.765463305000512
2015-03-26T16:25:13.800000,9.756436211756975
2015-03-26T16:25:13.900000,9.766236243730328
2015-03-26T16:25:14.000000,9.759402182337729
2015-03-26T16:25:14.100000,9.76650639114118
2015-03-26T16:25:14.200000,9.750657055805824
2015-03-26T16:25:14.300000,9.741077969947431
2015-03-26T16:25:14.400000,9.748838981992431
2015-03-26T16:25:14.500000,9.745838263886997
2015-03-26T16:25:14.600000,9.744718584042737
2015-03-26T16:25:14.700000,9.748678284555467
2015-03-26T16:25:14.800000,9.758416195656451
2015-03-26T16:25:14.900000,9.749123497960326
2015-03-26T16:25:15.000000,9.758044880742354
2015-03-26T16:25:15.100000,9.77229529296616
2015-03-26T16:25:15.200000,9.787805775831618
2015-03-26T16:25:15.300000,9.755558707676842
2015-03-26T16:25:15.400000,9.72267684898804
2015-03-26T16:25:15.500000,9.740415520396104
2015-03-26T16:25:15.600000,9.759705340000831
2015-03-26T16:25:15.700000,9.764348160021902
2015-03-26T16:25:15.800000,9.762948605269884
2015-03-26T16:25:15.900000,9.76953099168968
2015-03-26T16:25:16.000000,9.760519075730024
2015-03-26T16:25:16.100000,9.753264015794135
2015-03-26T16:25:16.200000,9.738980839253877
2015-03-26T16:25:16.300000,9.74832207794478
2015-03-26T16:25:16.400000,9.75350411740023
2015-03-26T16:25:16.500000,9.741078101821897
2015-03-26T16:25:16.600000,9.752838047204117
2015-03-26T16:25:16.700000,9.744252938638162
2015-03-26T16:25:16.800000,9.749246613298592
2015-03-26T16:25:16.900000,9.764928668215996
2015-03-26T16:25:17.000000,9.75065685852831
2015-03-26T16:25:17.100000,9.7474606099438
2015-03-26T16:25:17.200000,9.745326529086402
2015-03-26T16:25:17.300000,9.741500194558782
2015-03-26T16:25:17.400000,9.736186183597114
2015-03-26T16:25:17.500000,9.74691417857188
2015-03-26T16:25:17.600000,9.733488982548945
2015-03-26T16:25:17.700000,9.734402886436705
2015-03-26T16:25:17.800000,9.732334602951244
2015-03-26T16:25:17.900000,9.738753917881418
2015-03-26T16:25:18.000000,9.750009224850729
2015-03-26T16:25:18.100000,9.75354173464226
2015-03-26T16:25:18.200000,9.755465928029938
2015-03-26T16:25:18.300000,9.738209149981277
2015-03-26T16:25:18.400000,9.725367631620012
2015-03-26T16:25:18.500000,9.734925493634083
2015-03-26T16:25:18.600000,9.737956266591809
2015-03-26T16:25:18.700000,9.719610715160451
2015-03-26T16:25:18.800000,9.727259652434308
2015-03-26T16:25:18.900000,9.733893867945904
2015-03-26T16:25:19.000000,9.73118270296842
2015-03-26T16:25:19.100000,9.720025718888117
2015-03-26T16:25:19.200000,9.736465219561712
2015-03-26T16:25:19.300000,9.73028567765441
2015-03-26T16:25:19.400000,9.724747169323042
2015-03-26T16:25:19.500000,9.719287612543877
2015-03-26T16:25:19.600000,9.720690886550722
2015-03-26T16:25:19.700000,9.73897165510265
2015-03-26T16:25:19.800000,9.749898295915372
2015-03-26T16:25:19.900000,9.759011493074588
2015-03-26T16:25:20.000000,9.758314280859985
2015-03-26T16:25:20.100000,9.748698504813635
2015-03-26T16:25:20.200000,9.741990313405529
2015-03-26T16:25:20.300000,9.75036956503456
2015-03-26T16:25:20.400000,9.7684258958087
2015-03-26T16:25:20.500000,9.765058122801468
2015-03-26T16:25:20.600000,9.725439362960977
2015-03-26T16:25:20.700000,9.737713046370782
2015-03-26T16:25:20.800000,9.77248131768356
2015-03-26T16:25:20.900000,9.759531952119646
2015-03-26T16:25:21.000000,9.76551184265998
2015-03-26T16:25:21.100000,9.776253980910653
2015-03-26T16:25:21.200000,9.769378403737411
2015-03-26T16:25:21.300000,9.753994356265258
2015-03-26T16:25:21.400000,9.77078601991096
2015-03-26T16:25:21.500000,9.756951232485962
2015-03-26T16:25:21.600000,9.755371862663988
2015-03-26T16:25:21.700000,9.773507887741564
2015-03-26T16:25:21.800000,9.75316161444522
2015-03-26T16:25:21.900000,9.76752199684087
2015-03-26T16:25:22.000000,9.776316629552486
2015-03-26T16:25:22.100000,9.768351770717416
2015-03-26T16:25:22.200000,9.774283608562964
2015-03-26T16:25:22.300000,9.767439669105183
2015-03-26T16:25:22.400000,9.765978160896584
2015-03-26T16:25:22.500000,9.783463666133686
2015-03-26T16:25:22.600000,9.783172405068369
2015-03-26T16:25:22.700000,9.768764546092388
2015-03-26T16:25:22.800000,9.747665054217828
2015-03-26T16:25:22.900000,9.779559881631862
2015-03-26T16:25:23.000000,9.777338332012812
2015-03-26T16:25:23.100000,9.74168678436832
2015-03-26T16:25:23.200000,9.7612976244465
2015-03-26T16:25:23.300000,9.746952559844066
2015-03-26T16:25:23.400000,9.727617107143477
2015-03-26T16:25:23.500000,9.718862701762946
2015-03-26T16:25:23.600000,9.721363601312277
2015-03-26T16:25:23.700000,9.750081172611608
2015-03-26T16:25:23.800000,9.734597085422603
2015-03-26T16:25:23.900000,9.71846498068589
2015-03-26T16:25:24.000000,9.727830180898026
2015-03-26T16:25:24.100000,9.710163332224168
2015-03-26T16:25:24.200000,9.72571287061618
2015-03-26T16:25:24.300000,9.728236696719666
2015-03-26T16:25:24.400000,9.744663249365557
2015-03-26T16:25:24.500000,9.730563214263778
2015-03-26T16:25:24.600000,9.719755367714914
2015-03-26T16:25:24.700000,9.714153765434371
2015-03-26T16:25:24.800000,9.728703753111606
2015-03-26T16:25:24.900000,9.738604317254351
2015-03-26T16:25:25.000000,9.726033992450477
2015-03-26T16:25:25.100000,9.732329741471144
2015-03-26T16:25:25.200000,9.751294093594014
2015-03-26T16:25:25.300000,9.734883237932577
2015-03-26T16:25:25.400000,9.725579303610145
2015-03-26T16:25:25.500000,9.71634374262188
2015-03-26T16:25:25.600000,9.70396233359862
2015-03-26T16:25:25.700000,9.717305512796042
2015-03-26T16:25:25.800000,9.740984124605207
2015-03-26T16:25:25.900000,9.71945773459486
2015-03-26T16:25:26.000000,9.731236424303123
2015-03-26T16:25:26.100000,9.731935209608183
2015-03-26T16:25:26.200000,9.717415953499248
2015-03-26T16:25:26.300000,9.745478344910694
2015-03-26T16:25:26.400000,9.768109859125785
2015-03-26T16:25:26.500000,9.762124974364829
2015-03-26T16:25:26.600000,9.74861728389116
2015-03-26T16:25:26.700000,9.747302602244012
2015-03-26T16:25:26.800000,9.766191439859126
2015-03-26T16:25:26.900000,9.78263829369137
2015-03-26T16:25:27.000000,9.760701445326514
2015-03-26T16:25:27.100000,9.72718291302676
2015-03-26T16:25:27.200000,9.74438454008013
2015-03-26T16:25:27.300000,9.768443865657389
2015-03-26T16:25:27.400000,9.739814861232931
2015-03-26T16:25:27.500000,9.756046971144848
2015-03-26T16:25:27.600000,9.765152997053436
2015-03-26T16:25:27.700000,9.74532486404522
2015-03-26T16:25:27.800000,9.76461394187706
2015-03-26T16:25:27.900000,9.756711942048003
2015-03-26T16:25:28.000000,9.746667876198469
2015-03-26T16:25:28.100000,9.758514063392118
2015-03-26T16:25:28.200000,9.76378831326687
2015-03-26T16:25:28.300000,9.755855180727467
2015-03-26T16:25:28.400000,9.75913958465927
2015-03-26T16:25:28.500000,9.777205626893306
2015-03-26T16:25:28.600000,9.767809881803023
2015-03-26T16:25:28.700000,9.762880209951367
2015-03-26T16:25:28.800000,9.741271852817768
2015-03-26T16:25:28.900000,9.752237416391411
2015-03-26T16:25:29.000000,9.764614327325246
2015-03-26T16:25:29.100000,9.777370278984188
2015-03-26T16:25:29.200000,9.76531745234495
2015-03-26T16:25:29.300000,9.74278494583294
2015-03-26T16:25:29.400000,9.75195796429452
2015-03-26T16:25:29.500000,9.760713122681745
2015-03-26T16:25:29.600000,9.743496827464442
2015-03-26T16:25:29.700000,9.75389179304691
2015-03-26T16:25:29.800000,9.76857514808817
2015-03-26T16:25:29.900000,9.762055675610984
2015-03-26T16:25:30.000000,9.754181284391883
2015-03-26T16:25:30.100000,9.732552263283246
2015-03-26T16:25:30.200000,9.719043947592038
2015-03-26T16:25:30.300000,9.708927527240732
2015-03-26T16:25:30.400000,9.725338269493257
2015-03-26T16:25:30.500000,9.738240045630036
2015-03-26T16:25:30.600000,9.718762315836171
2015-03-26T16:25:30.700000,9.710061701000336
2015-03-26T16:25:30.800000,9.71732016622478
2015-03-26T16:25:30.900000,9.72844505400828
2015-03-26T16:25:31.000000,9.721134074323324
2015-03-26T16:25:31.100000,9.725464231768632
2015-03-26T16:25:31.200000,9.743879127743677
2015-03-26T16:25:31.300000,9.755345380467409
2015-03-26T16:25:31.400000,9.756621891587452
2015-03-26T16:25:31.500000,9.75109591986562
2015-03-26T16:25:31.600000,9.74250218179658
2015-03-26T16:25:31.700000,9.742985048214818
2015-03-26T16:25:31.800000,9.765978836316885
2015-03-26T16:25:31.900000,9.761480812414757
2015-03-26T16:25:32.000000,9.741093359850527
2015-03-26T16:25:32.100000,9.752962004097576
2015-03-26T16:25:32.200000,9.792203867482138
2015-03-26T16:25:32.300000,9.775453281856226
2015-03-26T16:25:32.400000,9.77215086245388
2015-03-26T16:25:32.500000,9.77738009126246
2015-03-26T16:25:32.600000,9.770137923827216
2015-03-26T16:25:32.700000,9.776231607868874
2015-03-26T16:25:32.800000,9.777248544956764
2015-03-26T16:25:32.900000,9.767444036586534
2015-03-26T16:25:33.000000,9.776202025187056
2015-03-26T16:25:33.100000,9.796618770700896
2015-03-26T16:25:33.200000,9.794063200813634
2015-03-26T16:25:33.300000,9.776080472781064
2015-03-26T16:25:33.400000,9.789670995605322
2015-03-26T16:25:33.500000,9.767803432521935
2015-03-26T16:25:33.600000,9.754129559357986
2015-03-26T16:25:33.700000,9.754577777115449
2015-03-26T16:25:33.800000,9.741228918770023
2015-03-26T16:25:33.900000,9.724917539140122
2015-03-26T16:25:34.000000,9.752136595733193
2015-03-26T16:25:34.100000,9.741620675373577
2015-03-26T16:25:34.200000,9.742285075593546
2015-03-26T16:25:34.300000,9.751019010572977
2015-03-26T16:25:34.400000,9.747737263232215
2015-03-26T16:25:34.500000,9.744247497762032
2015-03-26T16:25:34.600000,9.734562909186817
2015-03-26T16:25:34.700000,9.754784100009047
2015-03-26T16:25:34.800000,9.760920110710224
2015-03-26T16:25:34.900000,9.740357833973396
2015-03-26T16:25:35.000000,9.759575388504016
2015-03-26T16:25:35.100000,9.741181943737455
2015-03-26T16:25:35.200000,9.732947347784766
2015-03-26T16:25:35.300000,9.7431671727173
2015-03-26T16:25:35.400000,9.74156341216065
2015-03-26T16:25:35.500000,9.745350499966944
2015-03-26T16:25:35.600000,9.752418491858023
2015-03-26T16:25:35.700000,9.716035594834144
2015-03-26T16:25:35.800000,9.703844574006354
2015-03-26T16:25:35.900000,9.715164167398896
2015-03-26T16:25:36.000000,9.709483701292765
2015-03-26T16:25:36.100000,9.725513765612554
2015-03-26T16:25:36.200000,9.711037315110646
2015-03-26T16:25:36.300000,9.719014457076728
2015-03-26T16:25:36.400000,9.711782368237056
2015-03-26T16:25:36.500000,9.723928064086849
2015-03-26T16:25:36.600000,9.725764303028706
2015-03-26T16:25:36.700000,9.709458186529432
2015-03-26T16:25:36.800000,9.748113704303847
2015-03-26T16:25:36.900000,9.762027866210136
2015-03-26T16:25:37.000000,9.739695533610991
2015-03-26T16:25:37.100000,9.734597822952686
2015-03-26T16:25:37.200000,9.730132364220063
2015-03-26T16:25:37.300000,9.730840459983352
2015-03-26T16:25:37.400000,9.739692113849236
2015-03-26T16:25:37.500000,9.7458558633616
2015-03-26T16:25:37.600000,9.757442501786583
2015-03-26T16:25:37.700000,9.774596241937388
2015-03-26T16:25:37.800000,9.77320257783693
2015-03-26T16:25:37.900000,9.764502460919116
2015-03-26T16:25:38.000000,9.75670298485714
2015-03-26T16:25:38.100000,9.736376075237084
2015-03-26T16:25:38.200000,9.75918507010885
2015-03-26T16:25:38.300000,9.78205702774932
2015-03-26T16:25:38.400000,9.77345993130577
2015-03-26T16:25:38.500000,9.764675253550696
2015-03-26T16:25:38.600000,9.760583608201728
2015-03-26T16:25:38.700000,9.78385700785401
2015-03-26T16:25:38.800000,9.794683382866175
2015-03-26T16:25:38.900000,9.75780277802537
2015-03-26T16:25:39.000000,9.763534675534173
2015-03-26T16:25:39.100000,9.772455406935023
2015-03-26T16:25:39.200000,9.777938924338716
2015-03-26T16:25:39.300000,9.76341763141781
2015-03-26T16:25:39.400000,9.779186831629564
2015-03-26T16:25:39.500000,9.759015495691948
2015-03-26T16:25:39.600000,9.76496458330665
2015-03-26T16:25:39.700000,9.7527586723955
2015-03-26T16:25:39.800000,9.75149704784338
2015-03-26T16:25:39.900000,9.75602311625948
2015-03-26T16:25:40.000000,9.744629238886912
2015-03-26T16:25:40.100000,9.728076075121216
2015-03-26T16:25:40.200000,9.730057207398076
2015-03-26T16:25:40.300000,9.722946202594592
2015-03-26T16:25:40.400000,9.733208444529222
2015-03-26T16:25:40.500000,9.747891819488943
2015-03-26T16:25:40.600000,9.7561064783751
2015-03-26T16:25:40.700000,9.740755442259877
2015-03-26T16:25:40.800000,9.735733092505386
2015-03-26T16:25:40.900000,9.719373720064253
2015-03-26T16:25:41.000000,9.70652528351951
2015-03-26T16:25:41.100000,9.700136788180998
2015-03-26T16:25:41.200000,9.70172826338568
2015-03-26T16:25:41.300000,9.714228746955406
2015-03-26T16:25:41.400000,9.710525780701506
2015-03-26T16:25:41.500000,9.71192268523872
2015-03-26T16:25:41.600000,9.716203137871396
2015-03-26T16:25:41.700000,9.70597683169443
2015-03-26T16:25:41.800000,9.693531910323818
2015-03-26T16:25:41.900000,9.725720911298302
2015-03-26T16:25:42.000000,9.733103780489468
2015-03-26T16:25:42.100000,9.727213410623582
2015-03-26T16:25:42.200000,9.717580737695732
2015-03-26T16:25:42.300000,9.735657415817666
2015-03-26T16:25:42.400000,9.731879074261297
2015-03-26T16:25:42.500000,9.731610657200624
2015-03-26T16:25:42.600000,9.73790609065753
2015-03-26T16:25:42.700000,9.736339881298033
2015-03-26T16:25:42.800000,9.761782195040931
2015-03-26T16:25:42.900000,9.744918000296146
2015-03-26T16:25:43.000000,9.732644314262458
2015-03-26T16:25:43.100000,9.745821608580163
2015-03-26T16:25:43.200000,9.750520580881329
2015-03-26T16:25:43.300000,9.75272031474445
2015-03-26T16:25:43.400000,9.76044732689452
2015-03-26T16:25:43.500000,9.743034384533752
2015-03-26T16:25:43.600000,9.77685398789944
2015-03-26T16:25:43.700000,9.790309113968524
2015-03-26T16:25:43.800000,9.774559556581345
2015-03-26T16:25:43.900000,9.770042367809635
2015-03-26T16:25:44.000000,9.767362229235252
2015-03-26T16:25:44.100000,9.761521098697816
2015-03-26T16:25:44.200000,9.763417615662291
2015-03-26T16:25:44.300000,9.741916382058548
2015-03-26T16:25:44.400000,9.740315999934834
2015-03-26T16:25:44.500000,9.774269437530078
2015-03-26T16:25:44.600000,9.790701233034026
2015-03-26T16:25:44.700000,9.761761060759572
2015-03-26T16:25:44.800000,9.742325089867125
2015-03-26T16:25:44.900000,9.75788535954732
2015-03-26T16:25:45.000000,9.752159614337124
2015-03-26T16:25:45.100000,9.769304268698122
2015-03-26T16:25:45.200000,9.781403123635387
2015-03-26T16:25:45.300000,9.756739553092508
2015-03-26T16:25:45.400000,9.76196598457472
2015-03-26T16:25:45.500000,9.759863871250852
2015-03-26T16:25:45.600000,9.760156914692006
2015-03-26T16:25:45.700000,9.772295123252086
2015-03-26T16:25:45.800000,9.75790722506
2015-03-26T16:25:45.900000,9.748300729652533
2015-03-26T16:25:46.000000,9.748787645520986
2015-03-26T16:25:46.100000,9.734833215193248
2015-03-26T16:25:46.200000,9.751751326922216
2015-03-26T16:25:46.300000,9.758081011692171
2015-03-26T16:25:46.400000,9.738180171490296
2015-03-26T16:25:46.500000,9.725506847302478
2015-03-26T16:25:46.600000,9.727890425567528
2015-03-26T16:25:46.700000,9.750796346831727
2015-03-26T16:25:46.800000,9.745620692661532
2015-03-26T16:25:46.900000,9.718593735911211
2015-03-26T16:25:47.000000,9.725038054977292
2015-03-26T16:25:47.100000,9.758595773957946
2015-03-26T16:25:47.200000,9.743551315097978
2015-03-26T16:25:47.300000,9.715558152674388
2015-03-26T16:25:47.400000,9.732387288950244
2015-03-26T16:25:47.500000,9.739633515154626
2015-03-26T16:25:47.600000,9.743443972608803
2015-03-26T16:25:47.700000,9.745521764478072
2015-03-26T16:25:47.800000,9.752970272022653
2015-03-26T16:25:47.900000,9.774519948411646
2015-03-26T16:25:48.000000,9.737231374426834
2015-03-26T16:25:48.100000,9.737305230824616
2015-03-26T16:25:48.200000,9.74810552337216
2015-03-26T16:25:48.300000,9.727179075500375
2015-03-26T16:25:48.400000,9.720690166372572
2015-03-26T16:25:48.500000,9.74120461195584
2015-03-26T16:25:48.600000,9.7317641345487
2015-03-26T16:25:48.700000,9.735951377181866
2015-03-26T16:25:48.800000,9.737952756090367
2015-03-26T16:25:48.900000,9.743142402354485
2015-03-26T16:25:49.000000,9.747126371253692
2015-03-26T16:25:49.100000,9.743386674766294
2015-03-26T16:25:49.200000,9.740329823282927
2015-03-26T16:25:49.300000,9.734094233840848
2015-03-26T16:25:49.400000,9.73656743144564
2015-03-26T16:25:49.500000,9.741226566556447
2015-03-26T16:25:49.600000,9.72358434883827
2015-03-26T16:25:49.700000,9.720341300789912
2015-03-26T16:25:49.800000,9.74090210468312
2015-03-26T16:25:49.900000,9.767255976411764
2015-03-26T16:25:50.000000,9.737115401285024
2015-03-26T16:25:50.100000,9.757432993490216
2015-03-26T16:25:50.200000,9.777522212948584
2015-03-26T16:25:50.300000,9.737568863569486
2015-03-26T16:25:50.400000,9.71757734845394
2015-03-26T16:25:50.500000,9.736576980878471
2015-03-26T16:25:50.600000,9.7530703645766
2015-03-26T16:25:50.700000,9.759898596761523
2015-03-26T16:25:50.800000,9.753223914429991
2015-03-26T16:25:50.900000,9.753939251067038
2015-03-26T16:25:51.000000,9.743716842783034
2015-03-26T16:25:51.100000,9.750868100625668
2015-03-26T16:25:51.200000,9.759992536619784
2015-03-26T16:25:51.300000,9.759495766541924
2015-03-26T16:25:51.400000,9.735705310523237
2015-03-26T16:25:51.500000,9.738194442303213
2015-03-26T16:25:51.600000,9.74962799974124
2015-03-26T16:25:51.700000,9.753885391908712
2015-03-26T16:25:51.800000,9.74669660921331
2015-03-26T16:25:51.900000,9.747928328967832
2015-03-26T16:25:52.000000,9.725527083382444
2015-03-26T16:25:52.100000,9.759375056561266
2015-03-26T16:25:52.200000,9.781632827098443
2015-03-26T16:25:52.300000,9.75118972169721
2015-03-26T16:25:52.400000,9.748484725362813
2015-03-26T16:25:52.500000,9.738887036059438
2015-03-26T16:25:52.600000,9.759783612195488
2015-03-26T16:25:52.700000,9.754247104304753
2015-03-26T16:25:52.800000,9.74526723292879
2015-03-26T16:25:52.900000,9.759908573489833
2015-03-26T16:25:53.000000,9.766264295645817
2015-03-26T16:25:53.100000,9.762964943852284
2015-03-26T16:25:53.200000,9.765733372382112
2015-03-26T16:25:53.300000,9.74670960522548
2015-03-26T16:25:53.400000,9.763371950609883
2015-03-26T16:25:53.500000,9.75651791753304
2015-03-26T16:25:53.600000,9.756008566709154
2015-03-26T16:25:53.700000,9.765040425515114
2015-03-26T16:25:53.800000,9.760630736144844
2015-03-26T16:25:53.900000,9.743557703482248
2015-03-26T16:25:54.000000,9.74271236171895
2015-03-26T16:25:54.100000,9.738449733849668
2015-03-26T16:25:54.200000,9.741318313650062
2015-03-26T16:25:54.300000,9.745058198514265
2015-03-26T16:25:54.400000,9.74995687495008
2015-03-26T16:25:54.500000,9.746491539092114
2015-03-26T16:25:54.600000,9.753339768690006
2015-03-26T16:25:54.700000,9.769916442692349
2015-03-26T16:25:54.800000,9.75215302719622
2015-03-26T16:25:54.900000,9.755105082444912
2015-03-26T16:25:55.000000,9.755650132179404
2015-03-26T16:25:55.100000,9.754388504050414
2015-03-26T16:25:55.200000,9.749432052442977
2015-03-26T16:25:55.300000,9.74223037423441
2015-03-26T16:25:55.400000,9.735685038453877
2015-03-26T16:25:55.500000,9.747034998409104
2015-03-26T16:25:55.600000,9.75498949234498
2015-03-26T16:25:55.700000,9.780423128817404
2015-03-26T16:25:55.800000,9.783420283822093
2015-03-26T16:25:55.900000,9.760582372972827
2015-03-26T16:25:56.000000,9.75047708288048
2015-03-26T16:25:56.100000,9.726329111314447
2015-03-26T16:25:56.200000,9.741346380669588
2015-03-26T16:25:56.300000,9.730462392189295
2015-03-26T16:25:56.400000,9.706502725642393
2015-03-26T16:25:56.500000,9.710383123914044
2015-03-26T16:25:56.600000,9.725100917683148
2015-03-26T16:25:56.700000,9.737146461872287
2015-03-26T16:25:56.800000,9.72118160556083
2015-03-26T16:25:56.900000,9.7412507810701
2015-03-26T16:25:57.000000,9.748020942862825
2015-03-26T16:25:57.100000,9.73805216049598
2015-03-26T16:25:57.200000,9.727115086508084
2015-03-26T16:25:57.300000,9.7173403433071
2015-03-26T16:25:57.400000,9.718134605376171
2015-03-26T16:25:57.500000,9.727830622669789
2015-03-26T16:25:57.600000,9.731855333715972
2015-03-26T16:25:57.700000,9.731139092846307
2015-03-26T16:25:57.800000,9.71253920628004
2015-03-26T16:25:57.900000,9.714576435244954
2015-03-26T16:25:58.000000,9.699846952377955
2015-03-26T16:25:58.100000,9.7296479765199
2015-03-26T16:25:58.200000,9.754813630580257
2015-03-26T16:25:58.300000,9.723570536023944
2015-03-26T16:25:58.400000,9.702579746551306
2015-03-26T16:25:58.500000,9.72644059925274
2015-03-26T16:25:58.600000,9.734524500854452
2015-03-26T16:25:58.700000,9.73961724891408
2015-03-26T16:25:58.800000,9.730835395770756
2015-03-26T16:25:58.900000,9.751129643375508
2015-03-26T16:25:59.000000,9.76788755032404
2015-03-26T16:25:59.100000,9.748293876597227
2015-03-26T16:25:59.200000,9.740802185858314
2015-03-26T16:25:59.300000,9.749824483102543
2015-03-26T16:25:59.400000,9.751733412012117
2015-03-26T16:25:59.500000,9.747178920510562
2015-03-26T16:25:59.600000,9.731250120978578
2015-03-26T16:25:59.700000,9.745055712938829
2015-03-26T16:25:59.800000,9.755002932793856
2015-03-26T16:25:59.900000,9.747355244851324
2015-03-26T16:26:00.000000,9.770751628141536
2015-03-26T16:26:00.100000,9.76548706635604
2015-03-26T16:26:00.200000,9.748092209869569
2015-03-26T16:26:00.300000,9.75830616743328
2015-03-26T16:26:00.400000,9.776839548269054
2015-03-26T16:26:00.500000,9.769293823725503
2015-03-26T16:26:00.600000,9.774361690737448
2015-03-26T16:26:00.700000,9.794442262224374
2015-03-26T16:26:00.800000,9.802607774607942
2015-03-26T16:26:00.900000,9.777806536685771
2015-03-26T16:26:01.000000,9.766581812078988
2015-03-26T16:26:01.100000,9.788289994172857
2015-03-26T16:26:01.200000,9.796693293835151
2015-03-26T16:26:01.300000,9.766739505655265
2015-03-26T16:26:01.400000,9.747355738939524
2015-03-26T16:26:01.500000,9.75352184337705
2015-03-26T16:26:01.600000,9.745853203982456
2015-03-26T16:26:01.700000,9.749321945918648
2015-03-26T16:26:01.800000,9.776479377977028
2015-03-26T16:26:01.900000,9.761927698657384
2015-03-26T16:26:02.000000,9.772160287502825
2015-03-26T16:26:02.100000,9.78631592220291
2015-03-26T16:26:02.200000,9.754976930022622
2015-03-26T16:26:02.300000,9.729592435344395
2015-03-26T16:26:02.400000,9.752957472130612
2015-03-26T16:26:02.500000,9.732701513967015
2015-03-26T16:26:02.600000,9.724656675287598
2015-03-26T16:26:02.700000,9.71525832867296
2015-03-26T16:26:02.800000,9.72100277354651
2015-03-26T16:26:02.900000,9.7388597547282
2015-03-26T16:26:03.000000,9.744705709734149
2015-03-26T16:26:03.100000,9.718240127503671
2015-03-26T16:26:03.200000,9.709429058431688
2015-03-26T16:26:03.300000,9.747366968186192
2015-03-26T16:26:03.400000,9.765227811285897
2015-03-26T16:26:03.500000,9.735234076778315
2015-03-26T16:26:03.600000,9.715019898786949
2015-03-26T16:26:03.700000,9.738694801503172
2015-03-26T16:26:03.800000,9.74643315194601
2015-03-26T16:26:03.900000,9.71972928021565
2015-03-26T16:26:04.000000,9.720971950666645
2015-03-26T16:26:04.100000,9.721810321932448
2015-03-26T16:26:04.200000,9.74617782594358
2015-03-26T16:26:04.300000,9.758830060978102
2015-03-26T16:26:04.400000,9.735201149277067
2015-03-26T16:26:04.500000,9.723768534284854
2015-03-26T16:26:04.600000,9.729043989689709
2015-03-26T16:26:04.700000,9.711533748819
2015-03-26T16:26:04.800000,9.761898842263587
2015-03-26T16:26:04.900000,9.762639067071126
2015-03-26T16:26:05.000000,9.767956787202806
2015-03-26T16:26:05.100000,9.76175648194107
2015-03-26T16:26:05.200000,9.767273867074127
2015-03-26T16:26:05.300000,9.775630518471909
2015-03-26T16:26:05.400000,9.777496027718977
2015-03-26T16:26:05.500000,9.747855129838127
2015-03-26T16:26:05.600000,9.737078554076897
2015-03-26T16:26:05.700000,9.75785368977525
2015-03-26T16:26:05.800000,9.755671532373157
2015-03-26T16:26:05.900000,9.768932225986656
2015-03-26T16:26:06.000000,9.774960496487749
2015-03-26T16:26:06.100000,9.758557743669776
2015-03-26T16:26:06.200000,9.766675640400086
2015-03-26T16:26:06.300000,9.770221004177683
2015-03-26T16:26:06.400000,9.793406249094312
2015-03-26T16:26:06.500000,9.79143494395212
2015-03-26T16:26:06.600000,9.762968344716189
2015-03-26T16:26:06.700000,9.730101603149748
2015-03-26T16:26:06.800000,9.734362087096867
2015-03-26T16:26:06.900000,9.74741512428261
2015-03-26T16:26:07.000000,9.76037501800261
2015-03-26T16:26:07.100000,9.758195783805393
2015-03-26T16:26:07.200000,9.7432096531485
2015-03-26T16:26:07.300000,9.745210804210885
2015-03-26T16:26:07.400000,9.776569340875431
2015-03-26T16:26:07.500000,9.764641167885436
2015-03-26T16:26:07.600000,9.762464984868137
2015-03-26T16:26:07.700000,9.746071863398573
2015-03-26T16:26:07.800000,9.730001234927258
2015-03-26T16:26:07.900000,9.741747879039792
2015-03-26T16:26:08.000000,9.73775373100574
2015-03-26T16:26:08.100000,9.74327529645885
2015-03-26T16:26:08.200000,9.744941151318669
2015-03-26T16:26:08.300000,9.716600599905572
2015-03-26T16:26:08.400000,9.721855565786472
2015-03-26T16:26:08.500000,9.741642837078366
2015-03-26T16:26:08.600000,9.759919314489991
2015-03-26T16:26:08.700000,9.743625310847762
2015-03-26T16:26:08.800000,9.716719512449938
2015-03-26T16:26:08.900000,9.716650708554512
2015-03-26T16:26:09.000000,9.727271354177518
2015-03-26T16:26:09.100000,9.715850864048576
2015-03-26T16:26:09.200000,9.71061084091198
2015-03-26T16:26:09.300000,9.729273299817452
2015-03-26T16:26:09.400000,9.743480135390907
2015-03-26T16:26:09.500000,9.751880804478642
2015-03-26T16:26:09.600000,9.737619179021385
2015-03-26T16:26:09.700000,9.71867590988221
2015-03-26T16:26:09.800000,9.72044946784408
2015-03-26T16:26:09.900000,9.738311217664403
2015-03-26T16:26:10.000000,9.744802689172722
2015-03-26T16:26:10.100000,9.727202786740753
2015-03-26T16:26:10.200000,9.748750561411883
2015-03-26T16:26:10.300000,9.751713351626634
2015-03-26T16:26:10.400000,9.740067967105386
2015-03-26T16:26:10.500000,9.731822746490217
2015-03-26T16:26:10.600000,9.742905227350604
2015-03-26T16:26:10.700000,9.746344321708197
2015-03-26T16:26:10.800000,9.751702972395297
2015-03-26T16:26:10.900000,9.787889775705631
2015-03-26T16:26:11.000000,9.78383490871026
2015-03-26T16:26:11.100000,9.762763202024228
2015-03-26T16:26:11.200000,9.759750689985504
2015-03-26T16:26:11.300000,9.780548807063298
2015-03-26T16:26:11.400000,9.786232258365857
2015-03-26T16:26:11.500000,9.790083339066593
2015-03-26T16:26:11.600000,9.7671947345171
2015-03-26T16:26:11.700000,9.789065606768196
2015-03-26T16:26:11.800000,9.782374335719648
2015-03-26T16:26:11.900000,9.775596079757046
2015-03-26T16:26:12.000000,9.775708085728684
2015-03-26T16:26:12.100000,9.78618675438594
2015-03-26T16:26:12.200000,9.756316190014562
2015-03-26T16:26:12.300000,9.757012469773992
2015-03-26T16:26:12.400000,9.77222614635648
2015-03-26T16:26:12.500000,9.759115507042624
2015-03-26T16:26:12.600000,9.755507846729955
2015-03-26T16:26:12.700000,9.764064270516414
2015-03-26T16:26:12.800000,9.760056306334228
2015-03-26T16:26:12.900000,9.734596059260143
2015-03-26T16:26:13.000000,9.751198834446944
2015-03-26T16:26:13.100000,9.750621927622582
2015-03-26T16:26:13.200000,9.744378270822056
2015-03-26T16:26:13.300000,9.72813779288806
2015-03-26T16:26:13.400000,9.738486776642816
2015-03-26T16:26:13.500000,9.717364292030044
2015-03-26T16:26:13.600000,9.737446591960406
2015-03-26T16:26:13.700000,9.762766344571755
2015-03-26T16:26:13.800000,9.762240854905324
2015-03-26T16:26:13.900000,9.740325231805755
2015-03-26T16:26:14.000000,9.740791037353214
2015-03-26T16:26:14.100000,9.736686917604064
2015-03-26T16:26:14.200000,9.729444979783704
2015-03-26T16:26:14.300000,9.725052514599788
2015-03-26T16:26:14.400000,9.729647610727255
2015-03-26T16:26:14.500000,9.73328675071128
2015-03-26T16:26:14.600000,9.743116437802962
2015-03-26T16:26:14.700000,9.74370862905968
2015-03-26T16:26:14.800000,9.721752961907049
2015-03-26T16:26:14.900000,9.745977439297905
2015-03-26T16:26:15.000000,9.745658248483611
2015-03-26T16:26:15.100000,9.747661200077712
2015-03-26T16:26:15.200000,9.721235231888112
2015-03-26T16:26:15.300000,9.736336868052096
2015-03-26T16:26:15.400000,9.73916134755401
2015-03-26T16:26:15.500000,9.713729136018934
2015-03-26T16:26:15.600000,9.729050384242017
2015-03-26T16:26:15.700000,9.734815574317505
2015-03-26T16:26:15.800000,9.732368884655422
2015-03-26T16:26:15.900000,9.74296329654532
2015-03-26T16:26:16.000000,9.760482163997963
2015-03-26T16:26:16.100000,9.75128132571268
2015-03-26T16:26:16.200000,9.750697758561476
2015-03-26T16:26:16.300000,9.741155493759884
2015-03-26T16:26:16.400000,9.728391224484124
2015-03-26T16:26:16.500000,9.752592570426524
2015-03-26T16:26:16.600000,9.75381620393327
2015-03-26T16:26:16.700000,9.74696981975942
2015-03-26T16:26:16.800000,9.755466559296217
2015-03-26T16:26:16.900000,9.7817571134767
2015-03-26T16:26:17.000000,9.770177443668167
2015-03-26T16:26:17.100000,9.738624085762648
2015-03-26T16:26:17.200000,9.751317902222988
2015-03-26T16:26:17.300000,9.752616795051242
2015-03-26T16:26:17.400000,9.73561724763517
2015-03-26T16:26:17.500000,9.757415776336476
2015-03-26T16:26:17.600000,9.76180555277732
2015-03-26T16:26:17.700000,9.753820916209616
2015-03-26T16:26:17.800000,9.75744401941254
2015-03-26T16:26:17.900000,9.75550456137354
2015-03-26T16:26:18.000000,9.75748975061818
2015-03-26T16:26:18.100000,9.745211937342846
2015-03-26T16:26:18.200000,9.758779484851235
2015-03-26T16:26:18.300000,9.740456830136132
2015-03-26T16:26:18.400000,9.7235661275663
2015-03-26T16:26:18.500000,9.753671370810926
2015-03-26T16:26:18.600000,9.776037109060072
2015-03-26T16:26:18.700000,9.75959049044634
2015-03-26T16:26:18.800000,9.739743359128395
2015-03-26T16:26:18.900000,9.763531830203297
2015-03-26T16:26:19.000000,9.755073894446005
2015-03-26T16:26:19.100000,9.735076148269776
2015-03-26T16:26:19.200000,9.738962110258957
2015-03-26T16:26:19.300000,9.738146636869075
2015-03-26T16:26:19.400000,9.736535730012616
2015-03-26T16:26:19.500000,9.727443169956768
2015-03-26T16:26:19.600000,9.735332815055378
2015-03-26T16:26:19.700000,9.7492106610916
2015-03-26T16:26:19.800000,9.744708634504478
2015-03-26T16:26:19.900000,9.763018895587434
2015-03-26T16:26:20.000000,9.75976770439842
2015-03-26T16:26:20.100000,9.767434182031325
2015-03-26T16:26:20.200000,9.757453094763951
2015-03-26T16:26:20.300000,9.728241351561785
2015-03-26T16:26:20.400000,9.733300471842682
2015-03-26T16:26:20.500000,9.747500622828207
2015-03-26T16:26:20.600000,9.751728640177644
2015-03-26T16:26:20.700000,9.7330507922036
2015-03-26T16:26:20.800000,9.73010361950549
2015-03-26T16:26:20.900000,9.751072455556098
2015-03-26T16:26:21.000000,9.751551238029576
2015-03-26T16:26:21.100000,9.73119673250678
2015-03-26T16:26:21.200000,9.74423263831988
2015-03-26T16:26:21.300000,9.755044515474813
2015-03-26T16:26:21.400000,9.740023448243797
2015-03-26T16:26:21.500000,9.746613720459187
2015-03-26T16:26:21.600000,9.760960276003557
2015-03-26T16:26:21.700000,9.75600335184285
2015-03-26T16:26:21.800000,9.765300242364734
2015-03-26T16:26:21.900000,9.75998260096043
2015-03-26T16:26:22.000000,9.76935012029346
2015-03-26T16:26:22.100000,9.77175726544648
2015-03-26T16:26:22.200000,9.76017994930906
2015-03-26T16:26:22.300000,9.755932574555178
2015-03-26T16:26:22.400000,9.746511606762825
2015-03-26T16:26:22.500000,9.74942873674268
2015-03-26T16:26:22.600000,9.740332369143156
2015-03-26T16:26:22.700000,9.759262689496348
2015-03-26T16:26:22.800000,9.763167406520427
2015-03-26T16:26:22.900000,9.745593114843366
2015-03-26T16:26:23.000000,9.729349569125286
2015-03-26T16:26:23.100000,9.734273878018795
2015-03-26T16:26:23.200000,9.755999309098376
2015-03-26T16:26:23.300000,9.736349277524427
2015-03-26T16:26:23.400000,9.726275006218165
2015-03-26T16:26:23.500000,9.75262929822762
2015-03-26T16:26:23.600000,9.758941109596629
2015-03-26T16:26:23.700000,9.74723035089144
2015-03-26T16:26:23.800000,9.722673703936312
2015-03-26T16:26:23.900000,9.728393497942964
2015-03-26T16:26:24.000000,9.738254036879711
2015-03-26T16:26:24.100000,9.753386312018629
2015-03-26T16:26:24.200000,9.739885498532672
2015-03-26T16:26:24.300000,9.703649994826076
2015-03-26T16:26:24.400000,9.722081665990332
2015-03-26T16:26:24.500000,9.719390417822211
2015-03-26T16:26:24.600000,9.717374666285853
2015-03-26T16:26:24.700000,9.733031687238462
2015-03-26T16:26:24.800000,9.757042387665155
2015-03-26T16:26:24.900000,9.74356505928804
2015-03-26T16:26:25.000000,9.70308838970888
2015-03-26T16:26:25.100000,9.692478424414404
2015-03-26T16:26:25.200000,9.714428684412937
2015-03-26T16:26:25.300000,9.75087847030689
2015-03-26T16:26:25.400000,9.72709593461869
2015-03-26T16:26:25.500000,9.72349521368888
2015-03-26T16:26:25.600000,9.739626278095498
2015-03-26T16:26:25.700000,9.778479404658771
2015-03-26T16:26:25.800000,9.764911923564652
2015-03-26T16:26:25.900000,9.747858658846456
2015-03-26T16:26:26.000000,9.76789119301108
2015-03-26T16:26:26.100000,9.758305059704387
2015-03-26T16:26:26.200000,9.757885299739051
2015-03-26T16:26:26.300000,9.739152664078608
2015-03-26T16:26:26.400000,9.744196654841115
2015-03-26T16:26:26.500000,9.781597829994007
2015-03-26T16:26:26.600000,9.794657602914544
2015-03-26T16:26:26.700000,9.774807658389689
2015-03-26T16:26:26.800000,9.773233453983178
2015-03-26T16:26:26.900000,9.77534581778367
2015-03-26T16:26:27.000000,9.763676145461371
2015-03-26T16:26:27.100000,9.76928903084516
2015-03-26T16:26:27.200000,9.784996349492651
2015-03-26T16:26:27.300000,9.772087765603432
2015-03-26T16:26:27.400000,9.771460349236442
2015-03-26T16:26:27.500000,9.785551538934785
2015-03-26T16:26:27.600000,9.776748590772383
2015-03-26T16:26:27.700000,9.751248083330973
2015-03-26T16:26:27.800000,9.756235318178833
2015-03-26T16:26:27.900000,9.757898146179375
2015-03-26T16:26:28.000000,9.749065642255696
2015-03-26T16:26:28.100000,9.752089628273191
2015-03-26T16:26:28.200000,9.775032950838794
2015-03-26T16:26:28.300000,9.778198363937284
2015-03-26T16:26:28.400000,9.753042224857154
2015-03-26T16:26:28.500000,9.760926964652246
2015-03-26T16:26:28.600000,9.737901027554544
2015-03-26T16:26:28.700000,9.736420915537725
2015-03-26T16:26:28.800000,9.73309066311325
2015-03-26T16:26:28.900000,9.74368842639004
2015-03-26T16:26:29.000000,9.701483636162973
2015-03-26T16:26:29.100000,9.708119216176105
2015-03-26T16:26:29.200000,9.733248153827232
2015-03-26T16:26:29.300000,9.714731941964123
2015-03-26T16:26:29.400000,9.724080927043786
2015-03-26T16:26:29.500000,9.73634880206497
2015-03-26T16:26:29.600000,9.721395684125218
2015-03-26T16:26:29.700000,9.729326021789488
2015-03-26T16:26:29.800000,9.727021059776137
2015-03-26T16:26:29.900000,9.714115454919517
2015-03-26T16:26:30.000000,9.7256308053439
2015-03-26T16:26:30.100000,9.720025667393369
2015-03-26T16:26:30.200000,9.726127906617744
2015-03-26T16:26:30.300000,9.740920623884415
2015-03-26T16:26:30.400000,9.729222678103302
2015-03-26T16:26:30.500000,9.726509789024492
2015-03-26T16:26:30.600000,9.723059511658578
2015-03-26T16:26:30.700000,9.734740229025476
2015-03-26T16:26:30.800000,9.756036165564542
2015-03-26T16:26:30.900000,9.747164500683906
2015-03-26T16:26:31.000000,9.759760800304058
2015-03-26T16:26:31.100000,9.771811958439942
2015-03-26T16:26:31.200000,9.773157502543745
2015-03-26T16:26:31.300000,9.779692428446266
2015-03-26T16:26:31.400000,9.746895695839164
2015-03-26T16:26:31.500000,9.74655553473672
2015-03-26T16:26:31.600000,9.773129945702536
2015-03-26T16:26:31.700000,9.769569406963454
2015-03-26T16:26:31.800000,9.75811904902861
2015-03-26T16:26:31.900000,9.770202368414685
2015-03-26T16:26:32.000000,9.792269610376296
2015-03-26T16:26:32.100000,9.78158485002088
2015-03-26T16:26:32.200000,9.77822192918154
2015-03-26T16:26:32.300000,9.779706390883604
2015-03-26T16:26:32.400000,9.758221688319631
2015-03-26T16:26:32.500000,9.759518643440776
2015-03-26T16:26:32.600000,9.761369148304178
2015-03-26T16:26:32.700000,9.782859820281336
2015-03-26T16:26:32.800000,9.76975393341403
2015-03-26T16:26:32.900000,9.778429414523272
2015-03-26T16:26:33.000000,9.758857236437802
2015-03-26T16:26:33.100000,9.748630408659062
2015-03-26T16:26:33.200000,9.77302267476568
2015-03-26T16:26:33.300000,9.770947339189462
2015-03-26T16:26:33.400000,9.759202523249584
2015-03-26T16:26:33.500000,9.772856820056118
2015-03-26T16:26:33.600000,9.768301441418371
2015-03-26T16:26:33.700000,9.754052054318937
2015-03-26T16:26:33.800000,9.76978063388139
2015-03-26T16:26:33.900000,9.761968954952335
2015-03-26T16:26:34.000000,9.76699830828416
2015-03-26T16:26:34.100000,9.760758029365167
2015-03-26T16:26:34.200000,9.740529275407072
2015-03-26T16:26:34.300000,9.724413225318935
2015-03-26T16:26:34.400000,9.734164335138388
2015-03-26T16:26:34.500000,9.730977804013884
2015-03-26T16:26:34.600000,9.706179826904036
2015-03-26T16:26:34.700000,9.716478296002617
2015-03-26T16:26:34.800000,9.711824751708978
2015-03-26T16:26:34.900000,9.72721015010869
2015-03-26T16:26:35.000000,9.719516937420368
2015-03-26T16:26:35.100000,9.720903201383868
2015-03-26T16:26:35.200000,9.699466546909868
2015-03-26T16:26:35.300000,9.702267592332804
2015-03-26T16:26:35.400000,9.728105700289234
2015-03-26T16:26:35.500000,9.727993182344893
2015-03-26T16:26:35.600000,9.71427491393368
2015-03-26T16:26:35.700000,9.71073007246391
2015-03-26T16:26:35.800000,9.703818707086878
2015-03-26T16:26:35.900000,9.709165583338038
2015-03-26T16:26:36.000000,9.72022988808168
2015-03-26T16:26:36.100000,9.737076157924433
2015-03-26T16:26:36.200000,9.748679793341845
2015-03-26T16:26:36.300000,9.751662375672325
2015-03-26T16:26:36.400000,9.736814128590106
2015-03-26T16:26:36.500000,9.730816640537162
2015-03-26T16:26:36.600000,9.703331194248904
2015-03-26T16:26:36.700000,9.712776407228354
2015-03-26T16:26:36.800000,9.748964868755268
2015-03-26T16:26:36.900000,9.765954550281894
2015-03-26T16:26:37.000000,9.74649291976692
2015-03-26T16:26:37.100000,9.741129299978002
2015-03-26T16:26:37.200000,9.758506744187436
2015-03-26T16:26:37.300000,9.752943951031734
2015-03-26T16:26:37.400000,9.74911312267154
2015-03-26T16:26:37.500000,9.784797882138465
2015-03-26T16:26:37.600000,9.76539370100526
2015-03-26T16:26:37.700000,9.78128776662472
2015-03-26T16:26:37.800000,9.772294629550714
2015-03-26T16:26:37.900000,9.74963658102601
2015-03-26T16:26:38.000000,9.759037441290092
2015-03-26T16:26:38.100000,9.76833128652917
2015-03-26T16:26:38.200000,9.766041485874942
2015-03-26T16:26:38.300000,9.770062561227926
2015-03-26T16:26:38.400000,9.787643341969444
2015-03-26T16:26:38.500000,9.802296808871484
2015-03-26T16:26:38.600000,9.789578349704104
2015-03-26T16:26:38.700000,9.76849023626182
2015-03-26T16:26:38.800000,9.780000475819389
2015-03-26T16:26:38.900000,9.79125053487528
2015-03-26T16:26:39.000000,9.756660788581687
2015-03-26T16:26:39.100000,9.745848942302317
2015-03-26T16:26:39.200000,9.751515013407175
2015-03-26T16:26:39.300000,9.74739438984873
2015-03-26T16:26:39.400000,9.757000771754686
2015-03-26T16:26:39.500000,9.752197163135074
2015-03-26T16:26:39.600000,9.757471817202996
2015-03-26T16:26:39.700000,9.748222941129097
2015-03-26T16:26:39.800000,9.759132850670824
2015-03-26T16:26:39.900000,9.75172623897173
2015-03-26T16:26:40.000000,9.724268304534684
2015-03-26T16:26:40.100000,9.740187749763816
2015-03-26T16:26:40.200000,9.737881570520292
2015-03-26T16:26:40.300000,9.716417610068042
2015-03-26T16:26:40.400000,9.729546348976909
2015-03-26T16:26:40.500000,9.735888854211256
2015-03-26T16:26:40.600000,9.739467398188108
2015-03-26T16:26:40.700000,9.736582757153249
2015-03-26T16:26:40.800000,9.749738264347386
2015-03-26T16:26:40.900000,9.730263422461771
2015-03-26T16:26:41.000000,9.731965110161443
2015-03-26T16:26:41.100000,9.742293175483674
2015-03-26T16:26:41.200000,9.724440307862771
2015-03-26T16:26:41.300000,9.717989370921137
2015-03-26T16:26:41.400000,9.711127007840622
2015-03-26T16:26:41.500000,9.735081199526974
2015-03-26T16:26:41.600000,9.736697519937316
2015-03-26T16:26:41.700000,9.718191829951786
2015-03-26T16:26:41.800000,9.706967379711925
2015-03-26T16:26:41.900000,9.74271425661817
2015-03-26T16:26:42.000000,9.75020361475712
2015-03-26T16:26:42.100000,9.75587130146218
2015-03-26T16:26:42.200000,9.748087306321006
2015-03-26T16:26:42.300000,9.729651889439824
2015-03-26T16:26:42.400000,9.711633667614445
2015-03-26T16:26:42.500000,9.712522205385238
2015-03-26T16:26:42.600000,9.726953476329564
2015-03-26T16:26:42.700000,9.733524471147192
2015-03-26T16:26:42.800000,9.722996450145564
2015-03-26T16:26:42.900000,9.73310173360898
2015-03-26T16:26:43.000000,9.744939222865517
2015-03-26T16:26:43.100000,9.738223396653718
2015-03-26T16:26:43.200000,9.745548983253984
2015-03-26T16:26:43.300000,9.736801941320358
2015-03-26T16:26:43.400000,9.754794414868156
2015-03-26T16:26:43.500000,9.767815053939067
2015-03-26T16:26:43.600000,9.73521818692364
2015-03-26T16:26:43.700000,9.74033557043107
2015-03-26T16:26:43.800000,9.74380606808842
2015-03-26T16:26:43.900000,9.748360891097336
2015-03-26T16:26:44.000000,9.739923129256772
2015-03-26T16:26:44.100000,9.74256028938909
2015-03-26T16:26:44.200000,9.744320589606971
2015-03-26T16:26:44.300000,9.727297424439012
2015-03-26T16:26:44.400000,9.744850488460498
2015-03-26T16:26:44.500000,9.747563913158348
2015-03-26T16:26:44.600000,9.760164015696462
2015-03-26T16:26:44.700000,9.761151087191744
2015-03-26T16:26:44.800000,9.75012520088751
2015-03-26T16:26:44.900000,9.738192182663242
2015-03-26T16:26:45.000000,9.736971471532666
2015-03-26T16:26:45.100000,9.76440509451574
2015-03-26T16:26:45.200000,9.785702247233113
2015-03-26T16:26:45.300000,9.74185733077585
2015-03-26T16:26:45.400000,9.735868724428206
2015-03-26T16:26:45.500000,9.732193597976549
2015-03-26T16:26:45.600000,9.73587619493997
2015-03-26T16:26:45.700000,9.75121225158094
2015-03-26T16:26:45.800000,9.744187828477632
2015-03-26T16:26:45.900000,9.76695823115452
2015-03-26T16:26:46.000000,9.751787048866424
2015-03-26T16:26:46.100000,9.755365814657395
2015-03-26T16:26:46.200000,9.787667319592948
2015-03-26T16:26:46.300000,9.787000391658772
2015-03-26T16:26:46.400000,9.783243277611572
2015-03-26T16:26:46.500000,9.784330059219124
2015-03-26T16:26:46.600000,9.758933159518833
2015-03-26T16:26:46.700000,9.773951076059754
2015-03-26T16:26:46.800000,9.76949237764725
2015-03-26T16:26:46.900000,9.754804879278696
2015-03-26T16:26:47.000000,9.774285712734578
2015-03-26T16:26:47.100000,9.779022340318734
2015-03-26T16:26:47.200000,9.765925763808742
2015-03-26T16:26:47.300000,9.756158170854391
2015-03-26T16:26:47.400000,9.744859566353506
2015-03-26T16:26:47.500000,9.770665686255494
2015-03-26T16:26:47.600000,9.786092285039668
2015-03-26T16:26:47.700000,9.790663356099744
2015-03-26T16:26:47.800000,9.77729572787052
2015-03-26T16:26:47.900000,9.754857234102667
2015-03-26T16:26:48.000000,9.740069198397308
2015-03-26T16:26:48.100000,9.762977839615182
2015-03-26T16:26:48.200000,9.757937324863953
2015-03-26T16:26:48.300000,9.759898352592398
2015-03-26T16:26:48.400000,9.758319584053073
2015-03-26T16:26:48.500000,9.77380677610518
2015-03-26T16:26:48.600000,9.77095401862382
2015-03-26T16:26:48.700000,9.745979611146325
2015-03-26T16:26:48.800000,9.77294390272974
2015-03-26T16:26:48.900000,9.768438223816707
2015-03-26T16:26:49.000000,9.729525011601469
2015-03-26T16:26:49.100000,9.754830443895209
2015-03-26T16:26:49.200000,9.758343609812965
2015-03-26T16:26:49.300000,9.731544997566644
2015-03-26T16:26:49.400000,9.733542126510653
2015-03-26T16:26:49.500000,9.735070897070866
2015-03-26T16:26:49.600000,9.720641372387094
2015-03-26T16:26:49.700000,9.698639316470963
2015-03-26T16:26:49.800000,9.714442271756804
2015-03-26T16:26:49.900000,9.710486285948596
2015-03-26T16:26:50.000000,9.726345852932672
2015-03-26T16:26:50.100000,9.702937667018686
2015-03-26T16:26:50.200000,9.70535083757193
2015-03-26T16:26:50.300000,9.732960097098944
2015-03-26T16:26:50.400000,9.718501146348745
2015-03-26T16:26:50.500000,9.712006538064712
2015-03-26T16:26:50.600000,9.687035358518544
2015-03-26T16:26:50.700000,9.671056427690663
2015-03-26T16:26:50.800000,9.705293763353945
2015-03-26T16:26:50.900000,9.72801675876828
2015-03-26T16:26:51.000000,9.725166317030098
2015-03-26T16:26:51.100000,9.709303159957924
2015-03-26T16:26:51.200000,9.724609274464376
2015-03-26T16:26:51.300000,9.713634646484074
2015-03-26T16:26:51.400000,9.707457467737978
2015-03-26T16:26:51.500000,9.740779840362425
2015-03-26T16:26:51.600000,9.739742040022067
2015-03-26T16:26:51.700000,9.715758385981305
2015-03-26T16:26:51.800000,9.73559421870564
2015-03-26T16:26:51.900000,9.744164267258077
2015-03-26T16:26:52.000000,9.725717175029708
2015-03-26T16:26:52.100000,9.729688533319582
2015-03-26T16:26:52.200000,9.764004155644445
2015-03-26T16:26:52.300000,9.774688238151642
2015-03-26T16:26:52.400000,9.766213066465236
2015-03-26T16:26:52.500000,9.764057250547106
2015-03-26T16:26:52.600000,9.726871659727788
2015-03-26T16:26:52.700000,9.727363231159128
2015-03-26T16:26:52.800000,9.74391126210868
2015-03-26T16:26:52.900000,9.76527276996216
2015-03-26T16:26:53.000000,9.766357348524451
2015-03-26T16:26:53.100000,9.756372398510724
2015-03-26T16:26:53.200000,9.750286592812568
2015-03-26T16:26:53.300000,9.770371558148932
2015-03-26T16:26:53.400000,9.771578610321844
2015-03-26T16:26:53.500000,9.759744318457766
2015-03-26T16:26:53.600000,9.756229317752814
2015-03-26T16:26:53.700000,9.772538986436174
2015-03-26T16:26:53.800000,9.758201159996691
2015-03-26T16:26:53.900000,9.756580499337408
2015-03-26T16:26:54.000000,9.7568624572124
2015-03-26T16:26:54.100000,9.735250612396726
2015-03-26T16:26:54.200000,9.742206377781974
2015-03-26T16:26:54.300000,9.759389214352744
2015-03-26T16:26:54.400000,9.776292558075262
2015-03-26T16:26:54.500000,9.7724202032593
2015-03-26T16:26:54.600000,9.777192477578849
2015-03-26T16:26:54.700000,9.765909703710134
2015-03-26T16:26:54.800000,9.729572171355487
2015-03-26T16:26:54.900000,9.75589869384929
2015-03-26T16:26:55.000000,9.766774069601745
2015-03-26T16:26:55.100000,9.750252522486615
2015-03-26T16:26:55.200000,9.753023055630097
2015-03-26T16:26:55.300000,9.748805108489297
2015-03-26T16:26:55.400000,9.745478213648926
2015-03-26T16:26:55.500000,9.754168931433943
2015-03-26T16:26:55.600000,9.743018584898318
2015-03-26T16:26:55.700000,9.743061543103565
2015-03-26T16:26:55.800000,9.74657411660854
2015-03-26T16:26:55.900000,9.741725241128853
2015-03-26T16:26:56.000000,9.73988621964903
2015-03-26T16:26:56.100000,9.753089418933891
2015-03-26T16:26:56.200000,9.76372661615346
2015-03-26T16:26:56.300000,9.752380357398634
2015-03-26T16:26:56.400000,9.749964717814915
2015-03-26T16:26:56.500000,9.739078609052124
2015-03-26T16:26:56.600000,9.75205279692815
2015-03-26T16:26:56.700000,9.72998163541966
2015-03-26T16:26:56.800000,9.733060127039217
2015-03-26T16:26:56.900000,9.745665866838316
2015-03-26T16:26:57.000000,9.73969025563564
2015-03-26T16:26:57.100000,9.749700078186054
2015-03-26T16:26:57.200000,9.732450131085578
2015-03-26T16:26:57.300000,9.740997767583618
2015-03-26T16:26:57.400000,9.747040969382798
2015-03-26T16:26:57.500000,9.738689488612511
2015-03-26T16:26:57.600000,9.733456193782562
2015-03-26T16:26:57.700000,9.731494144003785
2015-03-26T16:26:57.800000,9.761035906238131
2015-03-26T16:26:57.900000,9.772093111499068
2015-03-26T16:26:58.000000,9.772715933959518
2015-03-26T16:26:58.100000,9.75264131449294
2015-03-26T16:26:58.200000,9.773244843462257
2015-03-26T16:26:58.300000,9.76841078167984
2015-03-26T16:26:58.400000,9.756654608506487
2015-03-26T16:26:58.500000,9.760081206504664
2015-03-26T16:26:58.600000,9.754488799564736
2015-03-26T16:26:58.700000,9.753286706237024
2015-03-26T16:26:58.800000,9.751762646094438
2015-03-26T16:26:58.900000,9.744667321213882
2015-03-26T16:26:59.000000,9.749097058634732
2015-03-26T16:26:59.100000,9.783834669860182
2015-03-26T16:26:59.200000,9.772333435556629
2015-03-26T16:26:59.300000,9.736001029569664
2015-03-26T16:26:59.400000,9.75751563869768
2015-03-26T16:26:59.500000,9.753432997865044
2015-03-26T16:26:59.600000,9.745321265777246
2015-03-26T16:26:59.700000,9.735088948511448
2015-03-26T16:26:59.800000,9.752174224765833
2015-03-26T16:26:59.900000,9.776953822451611
2015-03-26T16:27:00.000000,9.770151535212111
2015-03-26T16:27:00.100000,9.75694246190166
2015-03-26T16:27:00.200000,9.750663706519031
2015-03-26T16:27:00.300000,9.727412314492838
2015-03-26T16:27:00.400000,9.72648276418322
2015-03-26T16:27:00.500000,9.722659204627972
2015-03-26T16:27:00.600000,9.71187000835118
2015-03-26T16:27:00.700000,9.717667809056714
2015-03-26T16:27:00.800000,9.720250529452066
2015-03-26T16:27:00.900000,9.718605692832943
2015-03-26T16:27:01.000000,9.728388179528206
2015-03-26T16:27:01.100000,9.741422544283251
2015-03-26T16:27:01.200000,9.73815338744306
2015-03-26T16:27:01.300000,9.73635078155243
2015-03-26T16:27:01.400000,9.73564520984998
2015-03-26T16:27:01.500000,9.755544882963203
2015-03-26T16:27:01.600000,9.753082456284556
2015-03-26T16:27:01.700000,9.775977488368593
2015-03-26T16:27:01.800000,9.746669693267702
2015-03-26T16:27:01.900000,9.735554230245494
2015-03-26T16:27:02.000000,9.73062335380978
2015-03-26T16:27:02.100000,9.729864704264369
2015-03-26T16:27:02.200000,9.726753302596784
2015-03-26T16:27:02.300000,9.734168596717378
2015-03-26T16:27:02.400000,9.757405945413232
2015-03-26T16:27:02.500000,9.753018932436126
2015-03-26T16:27:02.600000,9.73560799103527
2015-03-26T16:27:02.700000,9.739461396421476
2015-03-26T16:27:02.800000,9.744635852635644
2015-03-26T16:27:02.900000,9.752818113533246
2015-03-26T16:27:03.000000,9.73438271749832
2015-03-26T16:27:03.100000,9.760973647316236
2015-03-26T16:27:03.200000,9.76992884175496
2015-03-26T16:27:03.300000,9.77027392060009
2015-03-26T16:27:03.400000,9.76643054042387
2015-03-26T16:27:03.500000,9.77091033062903
2015-03-26T16:27:03.600000,9.773809477787912
2015-03-26T16:27:03.700000,9.751328168836372
2015-03-26T16:27:03.800000,9.75890838990816
2015-03-26T16:27:03.900000,9.753044515584666
2015-03-26T16:27:04.000000,9.750623144585855
2015-03-26T16:27:04.100000,9.758003277572852
2015-03-26T16:27:04.200000,9.767306585877575
2015-03-26T16:27:04.300000,9.766807777477892
2015-03-26T16:27:04.400000,9.76367495335175
2015-03-26T16:27:04.500000,9.753088732436028
2015-03-26T16:27:04.600000,9.755046682039248
2015-03-26T16:27:04.700000,9.748558247812309
2015-03-26T16:27:04.800000,9.73044083097652
2015-03-26T16:27:04.900000,9.737778782429906
2015-03-26T16:27:05.000000,9.727357296361069
2015-03-26T16:27:05.100000,9.729071531540551
2015-03-26T16:27:05.200000,9.74897056960586
2015-03-26T16:27:05.300000,9.754319079355144
2015-03-26T16:27:05.400000,9.72440712654632
2015-03-26T16:27:05.500000,9.743687476967269
2015-03-26T16:27:05.600000,9.743429377620632
2015-03-26T16:27:05.700000,9.744262030345386
2015-03-26T16:27:05.800000,9.747438118340607
2015-03-26T16:27:05.900000,9.73811556844238
2015-03-26T16:27:06.000000,9.744395605311173
2015-03-26T16:27:06.100000,9.733093647628392
2015-03-26T16:27:06.200000,9.71666289240296
2015-03-26T16:27:06.300000,9.747955038881466
2015-03-26T16:27:06.400000,9.744586659695203
2015-03-26T16:27:06.500000,9.72745332937461
2015-03-26T16:27:06.600000,9.716496902685169
2015-03-26T16:27:06.700000,9.725062919645875
2015-03-26T16:27:06.800000,9.734145293255828
2015-03-26T16:27:06.900000,9.696079599114483
2015-03-26T16:27:07.000000,9.724533624858088
2015-03-26T16:27:07.100000,9.733152902536585
2015-03-26T16:27:07.200000,9.725044888017324
2015-03-26T16:27:07.300000,9.727340502979873
2015-03-26T16:27:07.400000,9.72027247381576
2015-03-26T16:27:07.500000,9.72820535349655
2015-03-26T16:27:07.600000,9.713783271905962
2015-03-26T16:27:07.700000,9.715773419664464
2015-03-26T16:27:07.800000,9.735733355185726
2015-03-26T16:27:07.900000,9.727028947614382
2015-03-26T16:27:08.000000,9.729434540815
2015-03-26T16:27:08.100000,9.744422841767491
2015-03-26T16:27:08.200000,9.736752494798832
2015-03-26T16:27:08.300000,9.728892202345952
2015-03-26T16:27:08.400000,9.749565206461003
2015-03-26T16:27:08.500000,9.73229529958876
2015-03-26T16:27:08.600000,9.728809071539777
2015-03-26T16:27:08.700000,9.760470131337822
2015-03-26T16:27:08.800000,9.751085260158046
2015-03-26T16:27:08.900000,9.759628360411282
2015-03-26T16:27:09.000000,9.746075655887568
2015-03-26T16:27:09.100000,9.7345880787454
2015-03-26T16:27:09.200000,9.747017898273947
2015-03-26T16:27:09.300000,9.760017938351996
2015-03-26T16:27:09.400000,9.7351800761339
2015-03-26T16:27:09.500000,9.720232139841762
2015-03-26T16:27:09.600000,9.762546438697902
2015-03-26T16:27:09.700000,9.781672938950903
2015-03-26T16:27:09.800000,9.771470873730223
2015-03-26T16:27:09.900000,9.756726334165087
2015-03-26T16:27:10.000000,9.757856059692816
2015-03-26T16:27:10.100000,9.739644360093346
2015-03-26T16:27:10.200000,9.751791736340946
2015-03-26T16:27:10.300000,9.770608623237022
2015-03-26T16:27:10.400000,9.745311096866349
2015-03-26T16:27:10.500000,9.7422148128032
2015-03-26T16:27:10.600000,9.773192703425195
2015-03-26T16:27:10.700000,9.76733600076911
2015-03-26T16:27:10.800000,9.742526490341382
2015-03-26T16:27:10.900000,9.759112894935472
2015-03-26T16:27:11.000000,9.75076209311088
2015-03-26T16:27:11.100000,9.751181179262431
2015-03-26T16:27:11.200000,9.779277014804064
2015-03-26T16:27:11.300000,9.766001163330392
2015-03-26T16:27:11.400000,9.764635560339798
2015-03-26T16:27:11.500000,9.762331947236772
2015-03-26T16:27:11.600000,9.74650436737546
2015-03-26T16:27:11.700000,9.747688751987928
2015-03-26T16:27:11.800000,9.736544179244769
2015-03-26T16:27:11.900000,9.715084130527146
2015-03-26T16:27:12.000000,9.7244213844651
2015-03-26T16:27:12.100000,9.737635755510972
2015-03-26T16:27:12.200000,9.739806604252582
2015-03-26T16:27:12.300000,9.740367270110216
2015-03-26T16:27:12.400000,9.7500434221577
2015-03-26T16:27:12.500000,9.729249237509771
2015-03-26T16:27:12.600000,9.727989605553429
2015-03-26T16:27:12.700000,9.749471176635522
2015-03-26T16:27:12.800000,9.74671274495151
2015-03-26T16:27:12.900000,9.74303421693356
2015-03-26T16:27:13.000000,9.747968024284985
2015-03-26T16:27:13.100000,9.779877394566803
2015-03-26T16:27:13.200000,9.753284148136856
2015-03-26T16:27:13.300000,9.73131870357976
2015-03-26T16:27:13.400000,9.727104690617132
2015-03-26T16:27:13.500000,9.734221266531142
2015-03-26T16:27:13.600000,9.73283084728633
2015-03-26T16:27:13.700000,9.724798363173326
2015-03-26T16:27:13.800000,9.747531347458692
2015-03-26T16:27:13.900000,9.75768863728192
2015-03-26T16:27:14.000000,9.73805767473675
2015-03-26T16:27:14.100000,9.739073152347276
2015-03-26T16:27:14.200000,9.747015453678502
2015-03-26T16:27:14.300000,9.741387274445511
2015-03-26T16:27:14.400000,9.75593967983567
2015-03-26T16:27:14.500000,9.75161645504904
2015-03-26T16:27:14.600000,9.725979939495083
2015-03-26T16:27:14.700000,9.713485425904944
2015-03-26T16:27:14.800000,9.753157086255792
2015-03-26T16:27:14.900000,9.732424904319023
2015-03-26T16:27:15.000000,9.73295636730964
2015-03-26T16:27:15.100000,9.739328587496086
2015-03-26T16:27:15.200000,9.743002336265304
2015-03-26T16:27:15.300000,9.751815589609963
2015-03-26T16:27:15.400000,9.769807673995777
2015-03-26T16:27:15.500000,9.76567218756475
2015-03-26T16:27:15.600000,9.749413111570284
2015-03-26T16:27:15.700000,9.768421099282014
2015-03-26T16:27:15.800000,9.776689525451834
2015-03-26T16:27:15.900000,9.748433803704389
2015-03-26T16:27:16.000000,9.762423605649458
2015-03-26T16:27:16.100000,9.768979489788563
2015-03-26T16:27:16.200000,9.774462233162357
2015-03-26T16:27:16.300000,9.755541886034717
2015-03-26T16:27:16.400000,9.77547455737708
2015-03-26T16:27:16.500000,9.777366839918065
2015-03-26T16:27:16.600000,9.763810240962648
2015-03-26T16:27:16.700000,9.725393381803665
2015-03-26T16:27:16.800000,9.738768837261745
2015-03-26T16:27:16.900000,9.756342591440996
2015-03-26T16:27:17.000000,9.752991521170348
2015-03-26T16:27:17.100000,9.76048856735313
2015-03-26T16:27:17.200000,9.741089764242654
2015-03-26T16:27:17.300000,9.745962469473476
2015-03-26T16:27:17.400000,9.762486952210086
2015-03-26T16:27:17.500000,9.77119927604347
2015-03-26T16:27:17.600000,9.753804730920834
2015-03-26T16:27:17.700000,9.761193408397006
2015-03-26T16:27:17.800000,9.76941327196482
2015-03-26T16:27:17.900000,9.761125966859067
2015-03-26T16:27:18.000000,9.759798909397306
2015-03-26T16:27:18.100000,9.755870940804927
2015-03-26T16:27:18.200000,9.749958096938409
2015-03-26T16:27:18.300000,9.75544654893458
